PurposeOfUseAircraft,registrations
"เพื่อการเล่นเป็นงานอดิเรก ความบันเทิง หรือ เพื่อการกีฬา,เพื่อการถ่ายภาพ ถ่ายทำหรือการแสดงในภาพยนตร์หรือรายการโทรทัศน์",67229
เพื่อการเล่นเป็นงานอดิเรก ความบันเทิง หรือ เพื่อการกีฬา,62875
เพื่อการเกษตรกรรม,26717
"เพื่อการเล่นเป็นงานอดิเรก ความบันเทิง หรือ เพื่อการกีฬา,",12133
"เพื่อการเล่นเป็นงานอดิเรก ความบันเทิง หรือ เพื่อการกีฬา,เพื่อการถ่ายภาพ ถ่ายทำหรือการแสดงในภาพยนตร์หรือรายการโทรทัศน์,",7748
,6087
เพื่อการถ่ายภาพ ถ่ายทำหรือการแสดงในภาพยนตร์หรือรายการโทรทัศน์,3225
เพื่อการเกษตร,1375
เพื่อใช้ในกิจกรรมของบริษัท,1332
เพื่อใช้ในกิจกรรมของหน่วยงาน,818
"เพื่อการเล่นเป็นงานอดิเรก ความบันเทิง หรือ เพื่อการกีฬา,เพื่อการรายงานเหตุการณ์หรือรายงานจราจร (สื่อมวลชน),เพื่อการถ่ายภาพ ถ่ายทำหรือการแสดงในภาพยนตร์หรือรายการโทรทัศน์",708
เพื่อการเกษตรในพื้นที่เฉพาะซึ่งตนเองมีสิทธิ์ในการใช้ประโยชน์,612
"เพื่อการถ่ายภาพ ถ่ายทำหรือการแสดงในภาพยนตร์หรือรายการโทรทัศน์,",528
ใช้ในภาคเกษตรเท่านั้น,417
"เพื่อการเล่นเป็นงานอดิเรก ความบันเทิง หรือ เพื่อการกีฬา,เพื่อการถ่ายภาพ ถ่ายทำหรือการแสดงในภาพยนตร์หรือรายการโทรทัศน์,เพื่อถ่ายภาพ ถ่ายวีดีโอ ลงสื่อโซเชียล",389
"เพื่อการเล่นเป็นงานอดิเรก ความบันเทิง หรือ เพื่อการกีฬา,เพื่อการถ่ายภาพ ถ่ายทำหรือการแสดงในภาพยนตร์หรือรายการโทรทัศน์,เพื่อการเกษตรกรรม",296
"เพื่อการเล่นเป็นงานอดิเรก ความบันเทิง หรือ เพื่อการกีฬา,เพื่อการรายงานเหตุการณ์หรือรายงานจราจร (สื่อมวลชน),เพื่อการถ่ายภาพ ถ่ายทำหรือการแสดงในภาพยนตร์หรือรายการโทรทัศน์,เพื่อการวิจัยและพัฒนาอากาศยาน เพื่อการพาณิชย์,เพื่อการเกษตรกรรม,เพื่อการวิจัย ทดลอง ทดสอบ ตามประกาศ กสทช.",271
"เพื่อการรายงานเหตุการณ์หรือรายงานจราจร (สื่อมวลชน),เพื่อการวิจัย ทดลอง ทดสอบ ตามประกาศ กสทช.,เพื่อเพิ่มประสิทธิภาพการคุ้มครองพื้นที่อุทยานแห่งชาติด้วยอากาศยานไร้คนขับ",263
"เพื่อการเล่นเป็นงานอดิเรก ความบันเทิง หรือ เพื่อการกีฬา,เพื่อการรายงานเหตุการณ์หรือรายงานจราจร (สื่อมวลชน),เพื่อการถ่ายภาพ ถ่ายทำหรือการแสดงในภาพยนตร์หรือรายการโทรทัศน์,เพื่อการวิจัยและพัฒนาอากาศยาน เพื่อการพาณิชย์",253
เพื่อใช้ในกิจกรรมของบริษัทฯ,247
"เพื่อการเล่นเป็นงานอดิเรก ความบันเทิง หรือ เพื่อการกีฬา,เพื่อการรายงานเหตุการณ์หรือรายงานจราจร (สื่อมวลชน)",210
เพื่อใช้ในภารกิจของหน่วยงาน,208
เพื่อการวิจัยและพัฒนาอากาศยาน เพื่อการพาณิชย์,207
"เพื่อการเล่นเป็นงานอดิเรก ความบันเทิง หรือ เพื่อการกีฬา,เพื่อการเกษตรกรรม",169
เพื่อใช้ในงานในหน้าที่ราชการ,149
"เพื่อการเล่นเป็นงานอดิเรก ความบันเทิง หรือ เพื่อการกีฬา,เพื่อการวิจัยและพัฒนาอากาศยาน เพื่อการพาณิชย์",141
ใช้ในภารกิจถ่ายภาพในหน่วยงานความมั่นคง,128
เพื่อการรายงานเหตุการณ์หรือรายงานจราจร (สื่อมวลชน),117
"เพื่อการเกษตรกรรม,ฉีดพ่นสารเหลวทางการเกษตรทุกชนิด",116
"เพื่อการเล่นเป็นงานอดิเรก ความบันเทิง หรือ เพื่อการกีฬา,เพื่อการถ่ายภาพ ถ่ายทำหรือการแสดงในภาพยนตร์หรือรายการโทรทัศน์,เพื่อถ่ายภาพ ถ่ายวิดีโอ ลงสื่อโซเชียล",113
"เพื่อการรายงานเหตุการณ์หรือรายงานจราจร (สื่อมวลชน),เพื่อการถ่ายภาพ ถ่ายทำหรือการแสดงในภาพยนตร์หรือรายการโทรทัศน์",104
"เพื่อการเล่นเป็นงานอดิเรก ความบันเทิง หรือ เพื่อการกีฬา,เพื่อการถ่ายภาพ ถ่ายทำหรือการแสดงในภาพยนตร์หรือรายการโทรทัศน์,เพื่อการวิจัยและพัฒนาอากาศยาน เพื่อการพาณิชย์",104
"เพื่อการเล่นเป็นงานอดิเรก ความบันเทิง หรือ เพื่อการกีฬา,เพื่อการวิจัยและพัฒนาอากาศยาน เพื่อการพาณิชย์,เพื่อการวิจัย ทดลอง ทดสอบ ตามประกาศ กสทช.",101
เพื่อใช้สำรวจพื้นที่,88
"เพื่อการวิจัยและพัฒนาอากาศยาน เพื่อการพาณิชย์,",79
"เพื่อการเล่นเป็นงานอดิเรก ความบันเทิง หรือ เพื่อการกีฬา,เพื่อการวิจัยและพัฒนาอากาศยาน เพื่อการพาณิชย์,",74
"เพื่อการเล่นเป็นงานอดิเรก ความบันเทิง หรือ เพื่อการกีฬา,เพื่อการรายงานเหตุการณ์หรือรายงานจราจร (สื่อมวลชน),เพื่อการถ่ายภาพ ถ่ายทำหรือการแสดงในภาพยนตร์หรือรายการโทรทัศน์,",74
"เพื่อการเกษตรกรรม,ฉีดพ่นสารเหลวทุกชนิด",74
เพื่อการเกษตรที่ใช้ในพื้นที่เฉพาะที่ตนเองมีสิทธิ์ในการใช้ประโยชน์เท่านั้น,73
การเกษตร,69
เพื่อการเกษตร ในพื้นที่เฉพาะซึ่งตนเองมีสิทธิ์ในการใช้ประโยชน์เท่านั้น,65
เพื่อการวิจัย ทดลอง ทดสอบ ตามประกาศ กสทช.,65
เพื่อใช้ในการปฎิบัติงานในภารกิจเคลื่อนที่เร็วผลักดันช้างป่าและสัตว์ป่าที่สร้างผลกระทบต่อราษฎร,65
"เพื่อการเล่นเป็นงานอดิเรก ความบันเทิง หรือ เพื่อการกีฬา,เพื่อการถ่ายภาพ ถ่ายทำหรือการแสดงในภาพยนตร์หรือรายการโทรทัศน์,เพื่อถ่ายภาพ ถ่ายวีดีโอ ลงสื่อโซเซียล",63
เพื่อการสาธิตผลิตภัณฑ์,62
"เพื่อการถ่ายภาพ ถ่ายทำหรือการแสดงในภาพยนตร์หรือรายการโทรทัศน์,เพื่อการวิจัยและพัฒนาอากาศยาน เพื่อการพาณิชย์",59
ใช้ในภาคการเกษตรเท่านั้น,59
เพื่อใช้ในการเกษตร,55
"เพื่อการรายงานเหตุการณ์หรือรายงานจราจร (สื่อมวลชน),เพื่อการถ่ายภาพ ถ่ายทำหรือการแสดงในภาพยนตร์หรือรายการโทรทัศน์,",50
เพื่อใช้ฉีดพ่นของเหลวทางการเกษตรทุกชนิด,50
เพื่อติดตามตรวจสอบการเปลี่ยนแปลงพื้นที่ป่า,49
"เพื่อการเล่นเป็นงานอดิเรก ความบันเทิง หรือ เพื่อการกีฬา,เพื่อการรายงานเหตุการณ์หรือรายงานจราจร (สื่อมวลชน),เพื่อการถ่ายภาพ ถ่ายทำหรือการแสดงในภาพยนตร์หรือรายการโทรทัศน์,เพื่อการเกษตรกรรม",48
"เพื่อการวิจัยและพัฒนาอากาศยาน เพื่อการพาณิชย์,เพื่อการเกษตรกรรม",47
"เพื่อการเกษตรกรรม,เพื่อใช้ฉีดพ่นของเหลวทางการเกษตรทุกชนิด",47
"เพื่อการรายงานเหตุการณ์หรือรายงานจราจร (สื่อมวลชน),",46
ใช้เพื่อในงานราชการ,46
ฉีดพ่นสารเหลวทุกชนิด,46
เพื่อใช้ประกอบการแสดงแปรอักษร - สื่อผสม - มัลติมีเดีย,45
เพื่อใช้ถ่ายภาพ สื่อวิดีโอในการประชาสัมพันธ์ เกี่ยวกับกิจการงานของตน,45
เพื่อการศึกษา,43
เพื่อการถ่ายภาพในภารกิจของกรมโยธาธิการและผังเมือง,42
เพื่อใช้ในกิจการบริษัท,41
เพื่อใช้ในการเกษตรในพื้นที่ ที่มีสิทธิ์,40
เพื่อการเกษตรในพื้นที่เฉพาะที่ตนเองมีสิทธิ์ในการใช้ประโยชน์เท่านั้น,40
เพื่อใช้ในภารกิจของกรมป่าไม้,40
"เพื่อการถ่ายภาพ ถ่ายทำหรือการแสดงในภาพยนตร์หรือรายการโทรทัศน์,เพื่อการบินสำรวจทำแผนที่ภาพถ่ายทางอากาศ",39
เพื่อการฝึกอบรม,39
"เพื่อการเล่นเป็นงานอดิเรก ความบันเทิง หรือ เพื่อการกีฬา,เพื่อการถ่ายภาพ ถ่ายทำหรือการแสดงในภาพยนตร์หรือรายการโทรทัศน์,เพื่อการวิจัย ทดลอง ทดสอบ ตามประกาศ กสทช.",36
"เพื่อการเล่นเป็นงานอดิเรก ความบันเทิง หรือ เพื่อการกีฬา,เพื่อการวิจัย ทดลอง ทดสอบ ตามประกาศ กสทช.",35
เพื่อวัตถุประสงค์เพื่อการเกษตรในพื้นที่การเกษตรในพื้นที่เฉพาะที่ตนเองมีสิทธิ์ในการใช้ประโยชน์เท่านั้น,35
"เพื่อการเล่นเป็นงานอดิเรก ความบันเทิง หรือ เพื่อการกีฬา,เพื่อการรายงานเหตุการณ์หรือรายงานจราจร (สื่อมวลชน),",33
"เพื่อการถ่ายภาพ ถ่ายทำหรือการแสดงในภาพยนตร์หรือรายการโทรทัศน์,เพื่อการเกษตรกรรม",33
ใช้งานในภารกิจภ่ายภาพในหน่วยงานความมั่นคง,30
เพื่อใช้ในงานก่อสร้าง,29
"เพื่อการถ่ายภาพ ถ่ายทำหรือการแสดงในภาพยนตร์หรือรายการโทรทัศน์,ใช้ในกิจการของบริษัท",29
"เพื่อการเล่นเป็นงานอดิเรก ความบันเทิง หรือ เพื่อการกีฬา,เพื่อการถ่ายภาพ ถ่ายทำหรือการแสดงในภาพยนตร์หรือรายการโทรทัศน์,เพื่อการวิจัยและพัฒนาอากาศยาน เพื่อการพาณิชย์,",27
"เพื่อการเล่นเป็นงานอดิเรก ความบันเทิง หรือ เพื่อการกีฬา,เพื่อการรายงานเหตุการณ์หรือรายงานจราจร (สื่อมวลชน),เพื่อการถ่ายภาพ ถ่ายทำหรือการแสดงในภาพยนตร์หรือรายการโทรทัศน์,เพื่อการวิจัยและพัฒนาอากาศยาน เพื่อการพาณิชย์,",26
"เพื่อการวิจัยและพัฒนาอากาศยาน เพื่อการพาณิชย์,เพื่อการวิจัย ทดลอง ทดสอบ ตามประกาศ กสทช.",26
เพื่อใช้สำหรับปฏิบัติภารกิจหลักของการไฟฟ้าส่วนภูมิภาค เขต 1 (ภาคเหนือ),26
ใช้งานในภารกิจถ่ายภาพในหน่วยงานความมั่นคง,26
"เพื่อการเกษตรกรรม,ฉีดพ่นสารเคมีทางการเกษตร",26
ใช้ในงานราชการตำรวจ,25
"เพื่อการเล่นเป็นงานอดิเรก ความบันเทิง หรือ เพื่อการกีฬา,เพื่อการรายงานเหตุการณ์หรือรายงานจราจร (สื่อมวลชน),เพื่อการถ่ายภาพ ถ่ายทำหรือการแสดงในภาพยนตร์หรือรายการโทรทัศน์,เพื่อการวิจัยและพัฒนาอากาศยาน เพื่อการพาณิชย์,เพื่อการเกษตรกรรม,เพื่อการวิจัย ทดลอง ทดสอบ ตามประกาศ กสทช.,อบรมการบิน",24
เพื่อใช้ปฏิบัติงานของบริษัท,24
"เพื่อการเล่นเป็นงานอดิเรก ความบันเทิง หรือ เพื่อการกีฬา,เพื่อการถ่ายภาพ ถ่ายทำหรือการแสดงในภาพยนตร์หรือรายการโทรทัศน์,เพื่อถ่ายภาพ ถ่ายวิดีโอ ลงสื่อโซเซียล",23
ฉีดพ่นสารเคมีทางการเกษตร,23
เพื่อการสำรวจ,22
ใช้ในการปฏิบัติงานของ บมจ. โทรคมนาคมแห่งชาติ,22
"เพื่อการเล่นเป็นงานอดิเรก ความบันเทิง หรือ เพื่อการกีฬา,เพื่อการถ่ายภาพ ถ่ายทำหรือการแสดงในภาพยนตร์หรือรายการโทรทัศน์,เพื่อถ่ายภาพ ถ่ายวีดีโอ ลงสื่อโซเชี่ยล",22
"เพื่อการถ่ายภาพ ถ่ายทำหรือการแสดงในภาพยนตร์หรือรายการโทรทัศน์,เพื่อการวิจัยและพัฒนาอากาศยาน เพื่อการพาณิชย์,",21
"เพื่อการเล่นเป็นงานอดิเรก ความบันเทิง หรือ เพื่อการกีฬา,เพื่อการถ่ายภาพ ถ่ายทำหรือการแสดงในภาพยนตร์หรือรายการโทรทัศน์,เพื่อใช้ในกิจงานของตน",21
ภารกิจป้องกันสัตว์ป่า ไฟป่า และพื้นที่ป่าเพื่อการอนุรักษ์ ของกรมอุทยานแห่งชาติ สัตว์ป่า และพันธุ์พืช,21
เพื่อใช้ในภารกิจด้านป้องกันรักษาป่า การควบคุมไฟฟ้า และการปราบปรามการกระทำผิดกฎหมายว่าด้วยป่าไม้,21
เพื่อใช้สำหรับปฎิบัติภารกิจหลักการไฟฟ้าส่วนภูมิภาคเขต 1 ภาคเหนือ เชียงใหม่,20
ใช้กำจัดศัตรูพืชทางน้ำ ตามวัตถุประสงค์และนโยบายของกรมชลประทาน,20
ใช้ประกอบการแสดงแปรอักษร-สื่อผสม-มัลติมีเดีย,19
เพื่อการเกษตร สำหรับฉีดพ่นของเหลว,19
เพื่อการทำงาน งานอดิเรก,19
"เพื่อการเล่นเป็นงานอดิเรก ความบันเทิง หรือ เพื่อการกีฬา,เพื่อการถ่ายภาพ ถ่ายทำหรือการแสดงในภาพยนตร์หรือรายการโทรทัศน์,ถ่ายภาพ ถ่ายวีดีโอ ลงสื่อโซเชียล",19
"เพื่อการเล่นเป็นงานอดิเรก ความบันเทิง หรือ เพื่อการกีฬา,เพื่อถ่ายภาพ ถ่ายวีดีโอ ลงสื่อโซเชียล",19
เพื่อใช้ในกิจการ กฟผ.,19
"เพื่อการเล่นเป็นงานอดิเรก ความบันเทิง หรือ เพื่อการกีฬา,เพื่อการรายงานเหตุการณ์หรือรายงานจราจร (สื่อมวลชน),เพื่อการถ่ายภาพ ถ่ายทำหรือการแสดงในภาพยนตร์หรือรายการโทรทัศน์,เพื่อการวิจัยและพัฒนาอากาศยาน เพื่อการพาณิชย์,เพื่อการวิจัย ทดลอง ทดสอบ ตามประกาศ กสทช.",18
"เพื่อการเล่นเป็นงานอดิเรก ความบันเทิง หรือ เพื่อการกีฬา,เพื่อการรายงานเหตุการณ์หรือรายงานจราจร (สื่อมวลชน),เพื่อการถ่ายภาพ ถ่ายทำหรือการแสดงในภาพยนตร์หรือรายการโทรทัศน์,เพื่อการวิจัยและพัฒนาอากาศยาน เพื่อการพาณิชย์,เพื่อการเกษตรกรรม",18
"เพื่อการเล่นเป็นงานอดิเรก ความบันเทิง หรือ เพื่อการกีฬา,เพื่อการถ่ายภาพ ถ่ายทำหรือการแสดงในภาพยนตร์หรือรายการโทรทัศน์,เพื่อถ่ายภาพ ถ่ายวีดิโอ ลงสื่อโซเชียล",18
"เพื่อการเล่นเป็นงานอดิเรก ความบันเทิง หรือ เพื่อการกีฬา,เพื่อการถ่ายภาพ ถ่ายทำหรือการแสดงในภาพยนตร์หรือรายการโทรทัศน์,เพื่อถ่ายภาพ ถ่ายวีดีโอ ลงโซเชียล",18
"เพื่อการเล่นเป็นงานอดิเรก ความบันเทิง หรือ เพื่อการกีฬา,เพื่อการถ่ายภาพ ถ่ายทำหรือการแสดงในภาพยนตร์หรือรายการโทรทัศน์,เพื่อถ่ายภาพ ถ่ายวิดิโอ ลงสื่อโซเชียล",18
สำรวจพื้นที่เพาะปลูก,17
เพื่อใช้ในกิจการของบริษัท,17
"เพื่อการถ่ายภาพ ถ่ายทำหรือการแสดงในภาพยนตร์หรือรายการโทรทัศน์,ใช้สำหรับการบินตรวจสอบเพื่อบำรุงรักษาเสาส่ง/สายส่งไฟฟ้าแรงสูง ของ กฟผ.",17
ใช้ในภารกิจของศูนย์อำนวยการรักษาผลประโยชน์ของชาติทางทะเล,16
เพื่อการสำรวจ ทำแผนที่,16
สำรวจพื้นที่,15
การถ่ายภาพในงานตรวจสอบทางวิศวกรรม,15
เพื่อการทำงาน,15
"เพื่อการรายงานเหตุการณ์หรือรายงานจราจร (สื่อมวลชน),เพื่อการถ่ายภาพ ถ่ายทำหรือการแสดงในภาพยนตร์หรือรายการโทรทัศน์,เพื่อการวิจัยและพัฒนาอากาศยาน เพื่อการพาณิชย์",15
ใช้ปฏิบัติงานในภารกิจขององค์กร,15
เพื่อการติดตามตรวจสอบการเปลี่ยนแปลงพื้นที่ป่า,15
"เพื่อการรายงานเหตุการณ์หรือรายงานจราจร (สื่อมวลชน),เพื่อการวิจัยและพัฒนาอากาศยาน เพื่อการพาณิชย์",15
"เพื่อการเกษตรกรรม,เพื่อการเกษตรที่ใช้ในพื้นที่เฉพาะที่ตนเองมีสิทธิ์ในการใช้ประโยชน์เท่านั้น",15
"เพื่อการเล่นเป็นงานอดิเรก ความบันเทิง หรือ เพื่อการกีฬา,เพื่อการถ่ายภาพ ถ่ายทำหรือการแสดงในภาพยนตร์หรือรายการโทรทัศน์,เพื่อการวิจัยและพัฒนาอากาศยาน เพื่อการพาณิชย์,เพื่อการเกษตรกรรม",14
ถ่ายภาพและวิดีโอในโรงงานอุตสาหกรรม,14
สาธิตและจัดกิจกรรมทางการตลาดเพื่อส่งเสริมการขาย,14
สาธิตและจัดกิจกรรมทางการตลาดเพื่อส่งสริมการขาย,14
เพื่อใช้ในภารกิจของกรมอุทยานแห่งชาติ สัตว์ป่า และพันธ์พืช,14
เพื่อใช้ในภารกิจของการไฟฟ้าส่วนภูมิภาค,13
ใช้ในการเกษตร,13
ใช้ในกิจการของบริษัท,13
"เพื่อการเกษตรกรรม,เพื่อการวิจัย ทดลอง ทดสอบ ตามประกาศ กสทช.",13
"เพื่อการเล่นเป็นงานอดิเรก ความบันเทิง หรือ เพื่อการกีฬา,เพื่อการถ่ายภาพ ถ่ายทำหรือการแสดงในภาพยนตร์หรือรายการโทรทัศน์,สำหรับฝึกอบรม",13
"เพื่อการถ่ายภาพ ถ่ายทำหรือการแสดงในภาพยนตร์หรือรายการโทรทัศน์,เพื่อการถ่ายภาพและสำรวจ",13
ฝึกอบรมผู้ปฏิบัติงานกับระบบอากาศยำนไร้คนขับของกองทัพอากาศ และหน่วยงานภายนอกกองทัพอากาศ,13
"เพื่อการเล่นเป็นงานอดิเรก ความบันเทิง หรือ เพื่อการกีฬา,ใช้ถ่ายภาพหน้างานและอื่นๆ",13
"เพื่อการถ่ายภาพ ถ่ายทำหรือการแสดงในภาพยนตร์หรือรายการโทรทัศน์,ฝึกอบรม",13
"เพื่อการถ่ายภาพ ถ่ายทำหรือการแสดงในภาพยนตร์หรือรายการโทรทัศน์,เพื่อใช้ในการสาธิตผลิตภัณฑ์",12
สำหรับฉีดพ่นของเหลวเพื่อการเกษตร,12
ใช้ในกิจการของหน่วยงาน,12
ใช้เพื่อในการฝึกสอน-อบรม ระบบอากาศยานไร้คนขับ ของศูนย์ฝึกอากาศยานไร้คนขับ,12
เพื่อดำเนินโครงการการใช้เทคโนโลยีสำรวจติดตามและประเมินจำนวนสัตว์ทะเลเลี้ยงลูกด้วยนม กลุ่มประชากรไกลฝั่ง,12
เพื่อเป็นสื่อการเรียนการสอนของมหาวิทยาลัย,12
เพื่อการตรวจสอบแผงโซล่าเซลล์,12
"เพื่อการเล่นเป็นงานอดิเรก ความบันเทิง หรือ เพื่อการกีฬา,เพื่อการถ่ายภาพ ถ่ายทำหรือการแสดงในภาพยนตร์หรือรายการโทรทัศน์,เพื่อใช้ในกิจการ งานของตน",12
"เพื่อการวิจัยและพัฒนาอากาศยาน เพื่อการพาณิชย์,เพื่อบินในโครงการเฝ้าระวังและป้องปรามการลักลอบเผาอ้อย",12
"เพื่อการเล่นเป็นงานอดิเรก ความบันเทิง หรือ เพื่อการกีฬา,เพื่อการเกษตร",11
"เพื่อการถ่ายภาพ ถ่ายทำหรือการแสดงในภาพยนตร์หรือรายการโทรทัศน์,เพื่อการสำรวจ",11
"เพื่อการเล่นเป็นงานอดิเรก ความบันเทิง หรือ เพื่อการกีฬา,เพื่อการถ่ายภาพ ถ่ายทำหรือการแสดงในภาพยนตร์หรือรายการโทรทัศน์,การเรียนการสอน การอบรม การวิจัย และกิจกรรมของหน่วยงาน",11
เพื่อใช้ในธุรกิจของบริษัท,11
"เพื่อการเล่นเป็นงานอดิเรก ความบันเทิง หรือ เพื่อการกีฬา,เพื่อการรายงานเหตุการณ์หรือรายงานจราจร (สื่อมวลชน),เพื่อการถ่ายภาพ ถ่ายทำหรือการแสดงในภาพยนตร์หรือรายการโทรทัศน์,เพื่อการวิจัยและพัฒนาอากาศยาน เพื่อการพาณิชย์,เพื่อการเกษตรกรรม,เพื่อการวิจัย ทดลอง ทดสอบ ตามประกาศ กสทช.,",11
"เพื่อการเล่นเป็นงานอดิเรก ความบันเทิง หรือ เพื่อการกีฬา,เพื่อการรายงานเหตุการณ์หรือรายงานจราจร (สื่อมวลชน),เพื่อการถ่ายภาพ ถ่ายทำหรือการแสดงในภาพยนตร์หรือรายการโทรทัศน์,เพื่อการวิจัย ทดลอง ทดสอบ ตามประกาศ กสทช.",11
ถ่ายภาพในหน่วยงานความมั่นคง,11
สำหรับใช้ตรวจสอบและบำรุงรักษาระบบไฟฟ้า ภายในพื้นที่ที่อยู่ภายใต้การดูแลของการไฟฟ้าส่วนภูมิภาค เพื่อเพิ่มประสิทธิภาพการตรวจสอบและบำรุงรักษาระบบไฟฟ้า และเพิ่มความมั่นคงให้แก่ระบบไฟฟ้าของการไฟฟ้าส่วนภูมิภาค,11
เพื่อใช้ในภารกิจของแขวงทางหลวง,11
ปฏิบัติราชการ,11
เพื่อใช้ในงานการเรียน การสอน การวิจัย และบริการวิชาการชุมชน,11
"เพื่อการเล่นเป็นงานอดิเรก ความบันเทิง หรือ เพื่อการกีฬา,เพื่อถ่ายภาพเเละวีดีโอลงสื่อโซเซียล",11
"เพื่อการเล่นเป็นงานอดิเรก ความบันเทิง หรือ เพื่อการกีฬา,เพื่อการถ่ายภาพ ถ่ายทำหรือการแสดงในภาพยนตร์หรือรายการโทรทัศน์,เพื่อการบินสำรวจดูแลความปลอดภัย",11
เพื่อใช้ในราชการ,10
ใช้ในราชการของกรมป่าไม้,10
ใช้ในงานราชการ,10
ป้องกันและปราบปรามอาชญากรรม ควบคุมฝูงชน รักษาความปลอดภัย อำนวยความสะดวกการจราจร,10
"เพื่อการเล่นเป็นงานอดิเรก ความบันเทิง หรือ เพื่อการกีฬา,เพื่อการถ่ายภาพ ถ่ายทำหรือการแสดงในภาพยนตร์หรือรายการโทรทัศน์,เพื่อการวิจัยและพัฒนาอากาศยาน เพื่อการพาณิชย์,เพื่อการวิจัย ทดลอง ทดสอบ ตามประกาศ กสทช.",10
เพื่อถ่ายภาพใน site งาน,10
ส่วนราชการ กรมป่าไม้ สำนักบริหารกลาง,10
เพื่อการสำรวจพื้นที่,10
"เพื่อการเล่นเป็นงานอดิเรก ความบันเทิง หรือ เพื่อการกีฬา,เพื่อการถ่ายภาพ ถ่ายทำหรือการแสดงในภาพยนตร์หรือรายการโทรทัศน์,เพื่อถ่ายภาพ ถ่ายวีดีโอลงสื่อโซเชียล",10
"เพื่อการถ่ายภาพ ถ่ายทำหรือการแสดงในภาพยนตร์หรือรายการโทรทัศน์,เพื่อใช้ในกิจการบริษัท",10
"เพื่อการถ่ายภาพ ถ่ายทำหรือการแสดงในภาพยนตร์หรือรายการโทรทัศน์,เพื่อใช้ในการฝึกอบรม",10
เพื่อการบินสำรวจพื้นที่ป่าอนุรักษ์ และป้องกันการบุกรุก รวมถึงการป้องกันสัตว์ป่าในพื้นที่ป่า,10
เพื่อถ่ายภาพและวีดีโอทางอากาศ สำหรับโครงการก่อสร้างของบริษัท ยูนิคฯ,10
"เพื่อการเล่นเป็นงานอดิเรก ความบันเทิง หรือ เพื่อการกีฬา,เพื่อการรายงานเหตุการณ์หรือรายงานจราจร (สื่อมวลชน),เพื่อการถ่ายภาพ ถ่ายทำหรือการแสดงในภาพยนตร์หรือรายการโทรทัศน์,เพื่อการวิจัยและพัฒนาอากาศยาน เพื่อการพาณิชย์,เพื่อใช้ในการจัดการเรียนการสอน",10
บินตรวจการณ์ในพื้นที่รับผิดชอบและสนับสนุนภารกิจของกองบังคับการตำรวจน้ำ,10
เพื่อใช้ในภารกิจสำคัญเร่งด่วนในการติดตามคดีสำคัญ ของสำนักงานตำรวจแห่งชาติ,10
เพื่อเพิ่มขีดสมรรถนะขององค์กรให้มีมาตรฐานด้วยเทคโนโลยีและนวัตกรรมสมัยใหม่,10
ใช้ในภารกิจของกรมสอบสวนคดีพิเศษ,9
"เพื่อการเล่นเป็นงานอดิเรก ความบันเทิง หรือ เพื่อการกีฬา,ท่องเที่ยว",9
เพื่อใช้ประโยชน์ทำการเกษตรในพื้นที่ ที่มีสิทธิ์,9
ใช้สำรวจ บ้าน อาคารในกิจการงานติดตั้ง งานซ่อมแซมหลังคา และระบบ Solar Cell,9
เพื่อใช้งานเป็นการชั่วคราวไม่เกิน 3 เดือน ระหว่างวันที่ 13 เมษายน 2565 ถึงวันที่ 12 กรกฎาคม 2565  ถ่ายทำภาพยนตร์เรื่อง MEG2,9
"เพื่อการเกษตรกรรม,เพื่อใช้ในภารกิจของหน่วยงาน",9
"เพื่อการเล่นเป็นงานอดิเรก ความบันเทิง หรือ เพื่อการกีฬา,เพื่อการถ่ายภาพ ถ่ายทำหรือการแสดงในภาพยนตร์หรือรายการโทรทัศน์,เพื่อการเกษตรกรรม,เพื่อถ่ายภาพ ถ่ายวีดีโอ ลงสื่อโซเชียล",9
"เพื่อการเล่นเป็นงานอดิเรก ความบันเทิง หรือ เพื่อการกีฬา,เพื่อการถ่ายภาพ ถ่ายทำหรือการแสดงในภาพยนตร์หรือรายการโทรทัศน์,เพื่อถ่ายภาพ ถ่ายวีดีโอ ลงสื่อโชเชียล",9
"เพื่อการเล่นเป็นงานอดิเรก ความบันเทิง หรือ เพื่อการกีฬา,เพื่อการถ่ายภาพ ถ่ายทำหรือการแสดงในภาพยนตร์หรือรายการโทรทัศน์,เพื่อถ่ายภาพ วีดีโอ ลงสื่อโซเชียล",9
"เพื่อการเล่นเป็นงานอดิเรก ความบันเทิง หรือ เพื่อการกีฬา,เพื่อการถ่ายภาพ ถ่ายทำหรือการแสดงในภาพยนตร์หรือรายการโทรทัศน์,เพื่อถ่ายภาพ ถ่ายวีดีโอ ลงโซเซียล",9
เพื่อการตรวจสอบแผงโซล่าเซลล์และเสาสื่อสาร,9
เพื่อการสำรวจความสมบูรณ์ของพืช วัชพืช แมลง รวมถึงสภาพที่ดินในไร่,9
สำรองใช้ในกิจการ สำรองสำหรับลูกค้า,9
เพื่อการตรวจสภาพเขื่อนและเก็บข้อมูลด้วยเทคโนโลยี LiDAR และกล้องความร้อน,9
การเรียนการสอน,8
"เพื่อการเล่นเป็นงานอดิเรก ความบันเทิง หรือ เพื่อการกีฬา,เพื่อการรายงานเหตุการณ์หรือรายงานจราจร (สื่อมวลชน),เพื่อการถ่ายภาพ ถ่ายทำหรือการแสดงในภาพยนตร์หรือรายการโทรทัศน์,เพื่องานสกุ๊ปรายการ, สกุ๊ปข่าว, งานท่องเที่ยว รายงานท่องเที่ยวหรือบรรยากาศต่างๆ",8
"เพื่อการรายงานเหตุการณ์หรือรายงานจราจร (สื่อมวลชน),เพื่อการวิจัยและพัฒนาอากาศยาน เพื่อการพาณิชย์,",8
เพื่อใช้งานในการถ่ายภาพ ถ่ายทำและผลิตสื่อมัลติมีเดียทางการทหาร,8
"เพื่อการเล่นเป็นงานอดิเรก ความบันเทิง หรือ เพื่อการกีฬา,เพื่อการถ่ายภาพ ถ่ายทำหรือการแสดงในภาพยนตร์หรือรายการโทรทัศน์,เพื่อการเกษตรกรรม,เพื่อการวิจัย ทดลอง ทดสอบ ตามประกาศ กสทช.",8
ถ่ายภาพและวีดีโอในงานของบริษัท เอสซี ผลิตภัณฑ์ก่อสร้าง จำกัด,8
"เพื่อการเล่นเป็นงานอดิเรก ความบันเทิง หรือ เพื่อการกีฬา,เพื่อการถ่ายภาพ ถ่ายทำหรือการแสดงในภาพยนตร์หรือรายการโทรทัศน์,เพื่อการศึกษา",8
"เพื่อการถ่ายภาพ ถ่ายทำหรือการแสดงในภาพยนตร์หรือรายการโทรทัศน์,ใช้ในกิจกรรมของมหาวิทยาลัย",8
เพื่อถ่ายภาพอุปกรณ์บนเสาส่งสัญญาณโทรศัพท์,8
เพื่อสำรวจ,8
เพื่อการอบรม,8
เพื่อการใช้ในงานสำรวจ,8
"เพื่อการถ่ายภาพ ถ่ายทำหรือการแสดงในภาพยนตร์หรือรายการโทรทัศน์,เพื่อการวิจัยและพัฒนาอากาศยาน เพื่อการพาณิชย์,ตรวจสอบอุปกรณ์หรือโครงสร้างในกระบวนการผลิตบนที่สูง, ตรวจสอบอุปกรณ์พลังงาน",8
ถ่ายภาพทำข้อมูลโครงการเก็บ Progress Work,8
"เพื่อการเล่นเป็นงานอดิเรก ความบันเทิง หรือ เพื่อการกีฬา,Aerial video and photo for comercial purpose",8
เพื่อการบินตรวจสอบพื่นที่ป่า ตรวจสอบไฟป่า และภารกิจอื่นๆ,8
"เพื่อการเล่นเป็นงานอดิเรก ความบันเทิง หรือ เพื่อการกีฬา,เพื่อการถ่ายภาพ ถ่ายทำหรือการแสดงในภาพยนตร์หรือรายการโทรทัศน์,เพื่อถ่ายภาพ ถ่ายวิดีโอ ลงสื่อโซเชี่ยล",8
ถ่ายภาพ และวีดีโอในงานของบริษัทฯ,8
เพื่อใช้ในภารกิจของกรมอุทยานแห่งชาติ สัตว์ป่า และพันธุ์พืช เช่น การบินสำรวจพื้นที่ป่าอนุรักษ์เพื่อการศึกษา วิเคราะห์ กำหนดแผนปฏิบัติ และกำกับติดตามประเมินผลการดำเนินงานป้องกันและแก้ปัญหาไฟป่า,8
"เพื่อการเล่นเป็นงานอดิเรก ความบันเทิง หรือ เพื่อการกีฬา,เพื่อการถ่ายภาพ ถ่ายทำหรือการแสดงในภาพยนตร์หรือรายการโทรทัศน์,เพื่อถ่ายภาพและวีดีโอลงสื่อโซเชียล",8
เพื่อถ่ายภาพทำข้อมูลโครงการเก็บ Progress Work,8
เพื่อใช้ในกิจกรรมงานของบริษัทเท่านั้น,8
เพื่อใช้ในงานกู้ภัย,7
จัดทำข้อมูลแผนที่ภูมิประเทศตามภารกิจสนับสนุนการกำกับดูแลสถานประกอบการอุตสาหกรรมเหมืองแร่,7
ใช้ถ่ายภาพทางอากาศในภารกิจของสำนักป้องกัน ปราบปราม และควบคุมไฟป่า กรมอุทยานแห่งชาติ สัตว์ป่า และพันธุ์พืช,7
เพื่อการใช้ในงานรักษาความปลอดภัยในพื้นที่โรงงาน,7
เพื่อใช้ในการปฏิบัติงานของบริษัท,7
"เพื่อการเล่นเป็นงานอดิเรก ความบันเทิง หรือ เพื่อการกีฬา,เพื่อใช้ในกิจกรรมของบริษัท",7
"เพื่อการตรวจจับความร้อนระบบโซล่าร์เซลล์ ,ถ่ายภาพโซล่าเซลล์",7
"เพื่อการเล่นเป็นงานอดิเรก ความบันเทิง หรือ เพื่อการกีฬา,เพื่อการถ่ายภาพ ถ่ายทำหรือการแสดงในภาพยนตร์หรือรายการโทรทัศน์,เพื่อถ่ายภาพ ถ่ายวิดีโอ ลงโซเชียล",7
"เพื่อการเล่นเป็นงานอดิเรก ความบันเทิง หรือ เพื่อการกีฬา,เพื่อถ่ายภาพ ถ่ายวิดีโอ ลงสื่อโซเชียล",7
"เพื่อการเล่นเป็นงานอดิเรก ความบันเทิง หรือ เพื่อการกีฬา,เพื่อการถ่ายภาพ ถ่ายทำหรือการแสดงในภาพยนตร์หรือรายการโทรทัศน์,เพื่อการถ่ายภาพ ถ่ายวีดีโอ ลงสื่อโซเชียล",7
เพื่อใช้เป็นสื่อการเรียนการสอนของมหาวิทยาลัย,7
เพื่อปฏิบัติภารกิจค้นหาคนหาย ภารกิจดับไฟป่า และเพื่อปฏิบัติภารกิจด้านสังคมอื่นที่เกี่ยวข้องและจำเป็น,7
เพื่อสำรวจและถ่ายภาพสถานที่เกิดเหตุ,7
เพื่อถ่ายภาพ,7
อื่นๆ เพื่อใช้สำรวจพื้นที่,6
"บินสำรวจ, ถ่ายภาพ",6
เพื่อการ จัดการเรียน การสอน,6
ใช้เพื่อการเกษตร,6
"เพื่อการวิจัยและพัฒนาอากาศยาน เพื่อการพาณิชย์,เพื่อการศึกษา, สอนการใช้งาน",6
เพื่อการฝึกอบรม การทดสอบ การบินสาธิต เพื่อการเกษตรและการศึกษาวิจัย และพัฒนาอากาศยาน,6
เพื่อตรวจติดตามคุณภาพสิ่งแวดล้อมและมลพิษ และรายงานเหตุการณ์,6
เพื่อเพิ่มประสิทธิภาพและศักยาภาพของหน่วยงานและเจ้าหน้าที่ผู้ปฎิบัติงานของกองบังคับการตำรวจน้ำตามแนวแม่น้ำโขง,6
"เพื่อการเล่นเป็นงานอดิเรก ความบันเทิง หรือ เพื่อการกีฬา,เพื่อการรายงานเหตุการณ์หรือรายงานจราจร (สื่อมวลชน),เพื่อการวิจัยและพัฒนาอากาศยาน เพื่อการพาณิชย์",6
"เพื่อการถ่ายภาพ ถ่ายทำหรือการแสดงในภาพยนตร์หรือรายการโทรทัศน์,เพื่อการวิจัย ทดลอง ทดสอบ ตามประกาศ กสทช.",6
ถ่ายภาพและวีดีโอในโรงงานอุตสาหกรรม,6
"เพื่อการเกษตรกรรม,ใช้ในการจัดฝึกอบรมโครงการโดรนเพื่อการเกษตร",6
"เพื่อการเล่นเป็นงานอดิเรก ความบันเทิง หรือ เพื่อการกีฬา,เพื่อการรายงานเหตุการณ์หรือรายงานจราจร (สื่อมวลชน),เพื่อการถ่ายภาพ ถ่ายทำหรือการแสดงในภาพยนตร์หรือรายการโทรทัศน์,เพื่อการเกษตรกรรม,เพื่อการวิจัย ทดลอง ทดสอบ ตามประกาศ กสทช.",6
"เพื่อการเล่นเป็นงานอดิเรก ความบันเทิง หรือ เพื่อการกีฬา,เพื่อการถ่ายภาพ ถ่ายทำหรือการแสดงในภาพยนตร์หรือรายการโทรทัศน์,เพื่อถ่ายภาพ ถ่ายวิดิโอ ลงสื่อโซเซียล",6
เพื่อใช้ถ่ายทำสื่อวิดีโอในการประชาสัมพันธ์ เกี่ยวกับการดำเนินงานของโครงการในสถาบัน,6
"เพื่อการเล่นเป็นงานอดิเรก ความบันเทิง หรือ เพื่อการกีฬา,เพื่อการถ่ายภาพ ถ่ายทำหรือการแสดงในภาพยนตร์หรือรายการโทรทัศน์,เพื่อใช้ในกิจการของบริษัท / Company",6
"เพื่อการเล่นเป็นงานอดิเรก ความบันเทิง หรือ เพื่อการกีฬา,เพื่อการถ่ายภาพ ถ่ายทำหรือการแสดงในภาพยนตร์หรือรายการโทรทัศน์,เพื่อถ่ายภาพ ถ่ายวีดีโอ ลงซื่อโซเชียล",6
"เพื่อการเล่นเป็นงานอดิเรก ความบันเทิง หรือ เพื่อการกีฬา,เพื่อการถ่ายภาพ ถ่ายทำหรือการแสดงในภาพยนตร์หรือรายการโทรทัศน์,เพื่อการศึกษาอากาศยานบินโดรน",6
เพื่อใช้ในการศึกษา,6
"เพื่อการเล่นเป็นงานอดิเรก ความบันเทิง หรือ เพื่อการกีฬา,เพื่อการถ่ายภาพ ถ่ายทำหรือการแสดงในภาพยนตร์หรือรายการโทรทัศน์,เพื่อใช้ในกิจกรรมของบริษัท",6
สำรวจที่ดิน,6
เพื่อใช้ปฎิบัติงานด้านการสำรวจอุปกรณ์ทางไฟฟ้าในพื้นที่ที่เข้าถึงยาก,6
เพื่อใช้ในการเรียนการสอนของภาควิชาวิศวกรรมสำรวจ,6
เพื่อการจัดการช้างป่าที่สร้างผลกระทบต่อราษฎรนอกพื้นที่ และในพื้นที่อนุรักษ์สัตว์ป่า,6
เพื่อใช้ในภารกิจของ กรมสอบสวนคดีพิเศษ,6
เพื่อใช้ปฏิบัติงานด้านการเฝ้าระวังและผลักดันข้างป่าในพื้นที่อุทยานแห่งชาติภูกระดึง และภารกิจอื่นๆ,6
"เพื่อการรายงานเหตุการณ์หรือรายงานจราจร (สื่อมวลชน),เพื่อการถ่ายภาพ ถ่ายทำหรือการแสดงในภาพยนตร์หรือรายการโทรทัศน์,บินตรวจสอบ กู้ภัย และอื่น ๆ",6
ใช้ในภารกิจ กฟผ.,6
"เพื่อการถ่ายภาพ ถ่ายทำหรือการแสดงในภาพยนตร์หรือรายการโทรทัศน์,เพื่อถ่ายภาพทำแผนที่",6
เพื่อถ่ายภาพประกอบเอกสารทำรายงานสรุปความคืบหน้าของโครงการทุกเดือน ส่งสำนักงานใหญ่และเจ้าของโครงการ,5
เพื่อการสืบสวน ถ่ายภาพมุมสูง หรือวัตถุพยานขนาดใหญ่,5
"เพื่อการเล่นเป็นงานอดิเรก ความบันเทิง หรือ เพื่อการกีฬา,เพื่อการท่องเที่ยว",5
"เพื่อการเล่นเป็นงานอดิเรก ความบันเทิง หรือ เพื่อการกีฬา,เพื่อการถ่ายภาพและถ่ายทำวิดีโอกิจกรรมของมูลนิธิ",5
สำรวจพื้นที่ทางภูมิศาสตร์(พื้นที่ไร่อ้อย),5
"เพื่อการเล่นเป็นงานอดิเรก ความบันเทิง หรือ เพื่อการกีฬา,เพื่อการถ่ายภาพ ถ่ายทำหรือการแสดงในภาพยนตร์หรือรายการโทรทัศน์,ถ่ายภาพท่องเที่ยว",5
"เพื่อการเล่นเป็นงานอดิเรก ความบันเทิง หรือ เพื่อการกีฬา,เพื่อการถ่ายภาพ ถ่ายทำหรือการแสดงในภาพยนตร์หรือรายการโทรทัศน์,เพื่อใช้ในกิจการของบริษัท",5
ถ่ายภาพทางอากาศด้านงานวิจัยข้าวของสถาบันฯ,5
"เพื่อการเล่นเป็นงานอดิเรก ความบันเทิง หรือ เพื่อการกีฬา,เพื่อการถ่ายภาพ ถ่ายทำหรือการแสดงในภาพยนตร์หรือรายการโทรทัศน์,เพื่อการวิจัยและพัฒนาอากาศยาน เพื่อการพาณิชย์,เพื่อการเกษตรกรรม,เพื่อการวิจัย ทดลอง ทดสอบ ตามประกาศ กสทช.",5
การจัดกิจกรรมการเรียนการสอน,5
สำรวจทำแผนที่ภาพถ่ายทางอากาศ,5
"เพื่อการเล่นเป็นงานอดิเรก ความบันเทิง หรือ เพื่อการกีฬา,เพื่อการถ่ายภาพ ถ่ายทำหรือการแสดงในภาพยนตร์หรือรายการโทรทัศน์,ท่องเที่ยว",5
เพื่อการถ่ายภาพ ใช้ในการทำงาน,5
"เพื่อการเล่นเป็นงานอดิเรก ความบันเทิง หรือ เพื่อการกีฬา,For work",5
"เพื่อการวิจัยและพัฒนาอากาศยาน เพื่อการพาณิชย์,เพื่อการเกษตรกรรม,ทดสอบ/สาธิต ฉีดพ่นปุ๋ยตามพื้นที่การเกษตร",5
สำหรับงานสำรวจรังวัดและแผนที่ (RTK GNSS Network) เพื่อการสนับสนุนการแก้ไขปัญหาข้อพิพาทข้อขัดแย้ง เกี่ยวกับที่ดินของรัฐ และปฏิบัติงานร่วมกับหรือสนับสนุนการปฏิบัติงานของหน่วยงานอื่นที่เกี่ยวข้อง,5
Aerial video and photo for comercial purpose,5
"เพื่อการถ่ายภาพ ถ่ายทำหรือการแสดงในภาพยนตร์หรือรายการโทรทัศน์,ปฏิบัติงานด้านการจัดการเรียนการสอนตามภารกิจ",5
"เพื่อการเล่นเป็นงานอดิเรก ความบันเทิง หรือ เพื่อการกีฬา,เพื่อการถ่ายภาพ ถ่ายทำหรือการแสดงในภาพยนตร์หรือรายการโทรทัศน์,ใช้ในการทำงาน",5
"เพื่อการเล่นเป็นงานอดิเรก ความบันเทิง หรือ เพื่อการกีฬา,เพื่อการถ่ายภาพ ถ่ายทำหรือการแสดงในภาพยนตร์หรือรายการโทรทัศน์,เพื่อถ่ายภาพ ถ่ายวีดีโอลงโซเชียล",5
"เพื่อการเล่นเป็นงานอดิเรก ความบันเทิง หรือ เพื่อการกีฬา,เพื่อการรายงานเหตุการณ์หรือรายงานจราจร (สื่อมวลชน),เพื่อการถ่ายภาพ ถ่ายทำหรือการแสดงในภาพยนตร์หรือรายการโทรทัศน์,เพื่อถ่ายภาพ ถ่ายวีดีโอ ลงสื่อโซเชียล",5
เพื่อใช้ในภารกิจบำรุงรักษาโรงไฟฟ้าของการไฟฟ้าฝ่ายผลิตแห่งประเทศไทย,5
"เพื่อการเล่นเป็นงานอดิเรก ความบันเทิง หรือ เพื่อการกีฬา,เพื่อการถ่ายภาพ ถ่ายทำหรือการแสดงในภาพยนตร์หรือรายการโทรทัศน์,เพื่อถ่ายภาพถ่ายวีดีโอลงสื่อโซเชียล",5
"เพื่อการเล่นเป็นงานอดิเรก ความบันเทิง หรือ เพื่อการกีฬา,เพื่อการถ่ายภาพ ถ่ายทำหรือการแสดงในภาพยนตร์หรือรายการโทรทัศน์,เพื่อถ่ายภาพ ถ่ายวีดีโอ ลงสื่อโซเชียว",5
เพื่อใช้ในการถวายความปลอดภัย การป้องกันประเทศ การรักษาความสงบเรียบร้อยภายในประเทศ การป้องกันและบรรเทาสาธารณภัย และการสนับสนุนในการแก้ไขปัญหาของรัฐ,5
"เพื่อการเล่นเป็นงานอดิเรก ความบันเทิง หรือ เพื่อการกีฬา,เพื่อการรายงานเหตุการณ์หรือรายงานจราจร (สื่อมวลชน),เพื่อการถ่ายภาพ ถ่ายทำหรือการแสดงในภาพยนตร์หรือรายการโทรทัศน์,เพื่อการวิจัยและพัฒนาอากาศยาน เพื่อการพาณิชย์,เพื่อการเกษตรกรรม,เพื่อการวิจัย ทดลอง ทดสอบ ตามประกาศ กสทช.,เพื่อใช้ในกิจการของบริษัท",5
"เพื่อการเล่นเป็นงานอดิเรก ความบันเทิง หรือ เพื่อการกีฬา,เพื่อการรายงานเหตุการณ์หรือรายงานจราจร (สื่อมวลชน),เพื่อการเกษตรกรรม",5
เพื่อใช้ในการเรียนการสอนและงานวิจัย,5
"เพื่อการเล่นเป็นงานอดิเรก ความบันเทิง หรือ เพื่อการกีฬา,เพื่อการถ่ายภาพ ถ่ายทำหรือการแสดงในภาพยนตร์หรือรายการโทรทัศน์,เพื่อถ่ายภาพ ถ่ายวิดีโอ ลงซื่อโซเชียล",5
เพื่อใช้ในการเรียนการสอนและฝึกอบรม,5
"เพื่อการเล่นเป็นงานอดิเรก ความบันเทิง หรือ เพื่อการกีฬา,เพื่อการถ่ายภาพ ถ่ายทำหรือการแสดงในภาพยนตร์หรือรายการโทรทัศน์,เพื่อใช้ในกิจกรรมของหน่วยงาน",5
"เพื่อการถ่ายภาพ ถ่ายทำหรือการแสดงในภาพยนตร์หรือรายการโทรทัศน์,เพื่อการถ่ายภาพสำรวจ ทำแผนที่ และอื่นๆที่เกี่ยวเนื่อง",5
For export,5
ถ่าย แปลงข้าว ข้าวโพด สถานีวิจัย,5
สนับสนุนภารกิจสนองงานที่เกี่ยวเนื่องตามโครงการพระราชดำริของกรมอุทยานแห่งชาติ สัตว์ป่า และพันธุ์พืช,5
เพื่อจำหน่ายต่อ,5
สำหรับใช้ในภารกิจสืบสวน,5
เพื่อตรวจสอบแนวท่อส่งก๊าซธรรมชาติของบริษัท ปตท.จำกัด (มหาชน),5
เพื่อการถ่ายภาพและถ่ายทำวิดีโอกิจกรรมของมูลนิธิ,4
เพื่อการสำรวจและทำแผนที่,4
เพื่อตรวจสอบระบบสาธารณูปโภค,4
"เพื่อการถ่ายภาพ ถ่ายทำหรือการแสดงในภาพยนตร์หรือรายการโทรทัศน์,เพื่อการสาธิตผลิตภัณฑ์",4
"เพื่อการวิจัยและพัฒนาอากาศยาน เพื่อการพาณิชย์,สำรวจพื้นที่ทางภูมิศาสตร์(พื้นที่ไร่อ้อย)",4
ใช้ในภารกิจของหน่วยงานกรมโยธาธิการและผังเมือง,4
"เพื่อการเล่นเป็นงานอดิเรก ความบันเทิง หรือ เพื่อการกีฬา,เพื่อการถ่ายภาพ ถ่ายทำหรือการแสดงในภาพยนตร์หรือรายการโทรทัศน์,ถ่ายภาพทางอากาศในกิจการของบริษัท",4
เพื่อใช้ในงานก่อสร้าง งานเดินเครื่องและบำรุงรักษา โครงการโรงไฟฟ้าพลังงานแสงอาทิตย์ทุ่นลอยน้ำร่วมกับโรงไฟฟ้าพลังน้ำเขื่อนสิรินธร (โครงการฯ),4
"เพื่อการเล่นเป็นงานอดิเรก ความบันเทิง หรือ เพื่อการกีฬา,เพื่อการถ่ายภาพ ถ่ายทำหรือการแสดงในภาพยนตร์หรือรายการโทรทัศน์,เพื่อการสาธิตผลิตภัณฑ์",4
เพื่อใช้ในงานของบริษัท,4
เพื่อใช้ประโยชน์ในการทำการเกษตรในพื้นที่ ที่มีสิทธิ์,4
"เพื่อการเล่นเป็นงานอดิเรก ความบันเทิง หรือ เพื่อการกีฬา,เพื่อการศึกษา",4
ใช้ในราชการ,4
"เพื่อการถ่ายภาพ ถ่ายทำหรือการแสดงในภาพยนตร์หรือรายการโทรทัศน์,การเรียนการสอน",4
ประเมินพื้นที่ปลูกอ้อยของบริษัท,4
เพื่อบันทึกผลงานของบริษัทขณะและหลังการติดตั้งสินค้าแล้วเสร็จ,4
เพื่อใช้สำหรับการเรียนการสอน และงานวิจัยด้านการสำรวจของคณะฯ,4
ถ่ายภาพทางอากาศในภารกิจขององค์การกองทุนสัตว์ป่าโลกสากล,4
เพื่อใช้ในการฝึกสอน-อบรม ระบบอากาศยานไร้คนขับ ของศูนย์ฝึกอากาศยานไร้คนขับ,4
"เพื่อการเกษตรกรรม,เพื่อใชฉีดพ่นของเหลวทางการเกษตรทุกชนิด",4
ใช้สำหรับเป็นสื่อการเรียนรู้ในการจัดการเรียนการสอน,4
เพื่อใช้ในภารกิจของการไฟฟ้าฝ่ายผลิตแห่งประเทศไทย (กฟผ.),4
"เพื่อการเล่นเป็นงานอดิเรก ความบันเทิง หรือ เพื่อการกีฬา,ใช้ในการเรียนการสอนงานแผนที่สำรวจ",4
"เพื่อการรายงานเหตุการณ์หรือรายงานจราจร (สื่อมวลชน),เพื่อการถ่ายภาพ ถ่ายทำหรือการแสดงในภาพยนตร์หรือรายการโทรทัศน์,ใช้ในงานกิจกรรมของมหาวิทยาลัย",4
เพื่อใช้ในการเรียนการสอน,4
"เพื่อการเล่นเป็นงานอดิเรก ความบันเทิง หรือ เพื่อการกีฬา,เพื่อการถ่ายภาพ ถ่ายทำหรือการแสดงในภาพยนตร์หรือรายการโทรทัศน์,I will be on holidays in Thailand and use photos and videos only for private purpose",4
"เพื่อการรายงานเหตุการณ์หรือรายงานจราจร (สื่อมวลชน),เพื่อการเกษตรกรรม",4
เพื่อจัดทำสื่อประชาสัมพันธ์ และการจัดทำข้อมูลเชิงภาพถ่ายประกอบการจัดทำรายการต่างๆ ของบริษัทและใช้ในการสำรวจสภาพแวดล้อมภายในโครงการและพื้นที่บริเวณรอบๆ โครงการของบริษัทและกลุ่มบริษัทในเครือ ตลอดจนใช้ในการสำรวจสภาพแวดล้อมสำหรับพิจารณาและศึกษาพื้นที่ในการปลูกป่าเชิงอนุรักษ์เพื่อสิ่งแวดล้อมและสังคม,4
"เพื่อการถ่ายภาพ ถ่ายทำหรือการแสดงในภาพยนตร์หรือรายการโทรทัศน์,เพื่อถ่ายภาพและวีดีโอ ความคืบหน้าของการก่อสร้างในแต่ละโครงการของบริษัท",4
"เพื่อการรายงานเหตุการณ์หรือรายงานจราจร (สื่อมวลชน),เพื่อการถ่ายภาพ ถ่ายทำหรือการแสดงในภาพยนตร์หรือรายการโทรทัศน์,เพื่อการสำรวจ",4
"เพื่อการถ่ายภาพ ถ่ายทำหรือการแสดงในภาพยนตร์หรือรายการโทรทัศน์,เพื่อใช้ในกิจการของบริษัท",4
เพื่อใช้ในกิจการของบริษัทฯ,4
"เพื่อการเล่นเป็นงานอดิเรก ความบันเทิง หรือ เพื่อการกีฬา,Share with family and freinds",4
"เพื่อการเกษตรกรรม,จัดทำฐานข้อมูล สำรวจและติดตามประเมินผลการใช้ประโยชน์ที่ดินบนพื้นที่สูง",4
"เพื่อการเล่นเป็นงานอดิเรก ความบันเทิง หรือ เพื่อการกีฬา,เพื่อการถ่ายภาพ ถ่ายทำหรือการแสดงในภาพยนตร์หรือรายการโทรทัศน์,เพื่อถ่ายภาพถ่ายวิดิโอลงสื่อโซเชียล",4
"เพื่อการเล่นเป็นงานอดิเรก ความบันเทิง หรือ เพื่อการกีฬา,เพื่อการถ่ายภาพ ถ่ายทำหรือการแสดงในภาพยนตร์หรือรายการโทรทัศน์,ถ่ายภาพ วีดีโอ ลงสื่อโซเชียล",4
"เพื่อการเล่นเป็นงานอดิเรก ความบันเทิง หรือ เพื่อการกีฬา,เพื่อการถ่ายภาพ ถ่ายทำหรือการแสดงในภาพยนตร์หรือรายการโทรทัศน์,เพื่อถ่ายภาพ ถ่ายวีดีโอ ลงสื่อโซเชียลมีเดีย",4
"เพื่อการเล่นเป็นงานอดิเรก ความบันเทิง หรือ เพื่อการกีฬา,เพื่อการถ่ายภาพ ถ่ายทำหรือการแสดงในภาพยนตร์หรือรายการโทรทัศน์,เพื่อถ่ายภาพ,ถ่ายวีดีโอ ลงสื่อโซเชียล",4
"เพื่อการเล่นเป็นงานอดิเรก ความบันเทิง หรือ เพื่อการกีฬา,เพื่อการถ่ายภาพ ถ่ายทำหรือการแสดงในภาพยนตร์หรือรายการโทรทัศน์,ถ่ายภาพ ถ่ายวิดีโอ ลงสื่อโซเชียล",4
"เพื่อการเล่นเป็นงานอดิเรก ความบันเทิง หรือ เพื่อการกีฬา,เพื่อการถ่ายภาพ ถ่ายทำหรือการแสดงในภาพยนตร์หรือรายการโทรทัศน์,เพื่อถ่ายภาพถ่ายวิดีโอลงสื่อโซเชียล",4
"เพื่อการเล่นเป็นงานอดิเรก ความบันเทิง หรือ เพื่อการกีฬา,เพื่อการถ่ายภาพ ถ่ายทำหรือการแสดงในภาพยนตร์หรือรายการโทรทัศน์,เพื่อถ่ายภาพ ถ่ายวิดีโอลงสื่อโซเชียล",4
"เพื่อการถ่ายภาพ ถ่ายทำหรือการแสดงในภาพยนตร์หรือรายการโทรทัศน์,ใช้ในการเรียนการสอนของคณะสถาปัตยกรรมศาสตร์ มหาวิทยาลัยขอนแก่น",4
เพื่อใช้ในการเรียนการสอน การวิจัย การบริการวิชาการ และสนับสนุนการสำรวจทรัพยากรป่าไม้,4
เพื่อใช้งานในการเรียน การสอน วิจัย และบริการวิชาการชุมชน,4
ใช้ในภารกิจตำรวจและสันทนาการ,4
สำรวจทำแผนที่ด้วยภาพถ่ายทางอากาศ,4
"เพื่อการถ่ายภาพ ถ่ายทำหรือการแสดงในภาพยนตร์หรือรายการโทรทัศน์,Education",4
เพื่อรักษาความสงบเรียบร้อยในพื้นที่,4
เพื่อใช้ในกิจงานของตน,4
"เพื่อการถ่ายภาพ ถ่ายทำหรือการแสดงในภาพยนตร์หรือรายการโทรทัศน์,เพื่อดูสภาพแวดล้อมในโครงการและบริเวณรอบนอกโครงการบ้านของบริษัท มายกรีนวิลเลจ จำกัด",4
เพื่อการใช้ในงานตรวจสอบ ค้นหา และกู้ภัย Search And Rescue,4
เพื่อการสำรวจในงานก่อสร้าง,4
เพื่อใช้ในการเสริมประสิทธิภาพการปฏิบัติงาน โครงการ ๑ อำเภอ ๑ แปลงเกษตรอัจฉริยะ,4
"ทดสอบ/สาธิต , การเกษตร",4
ใช้สำหรับตรวจสอบโครงสร้าง,4
"เพื่อการเล่นเป็นงานอดิเรก ความบันเทิง หรือ เพื่อการกีฬา,เพื่อการถ่ายภาพ ถ่ายทำหรือการแสดงในภาพยนตร์หรือรายการโทรทัศน์,สำรวจงานก่อสร้าง และ โครงสร้างอาคาร",4
สนับสนุนภารกิจสำรวจ วิจัย อนุรักษ์ คุ้มครอง ป้องกันปราบปรามและฟื้นฟูทรัพยากรในพื้นที่ป่าอนุรักษ์,4
เพื่องานพุทธศาสนา,3
เพื่อการจำหน่าย,3
เพื่อทำการเกษตร,3
"เพื่อการเล่นเป็นงานอดิเรก ความบันเทิง หรือ เพื่อการกีฬา,ใช้ในราชการตำรวจ",3
สำรวจและถ่ายภาพ,3
เพื่อการวิจัยและพัฒนาทางด้านการเกษตร,3
เพื่อใช้ฉีดพ่นของเหลวทางอากาศ,3
เพื่อสำรวจและจัดทำภาพถ่ายทางอากาศเชิงแผนที่,3
"เพื่อการถ่ายภาพ ถ่ายทำหรือการแสดงในภาพยนตร์หรือรายการโทรทัศน์,เพื่อจัดทำแผนที่ภาพถ่ายทางอากาศ",3
"เพื่อการเล่นเป็นงานอดิเรก ความบันเทิง หรือ เพื่อการกีฬา,สำรวจพื้นที่",3
ถ่ายภาพงาน,3
ถ่ายภาพในโครงการ เพื่ออัพเดทข้อมูลตามแผนงาน,3
ถ่ายภาพทางอากาศเพื่องานวิจัย,3
"เพื่อการเล่นเป็นงานอดิเรก ความบันเทิง หรือ เพื่อการกีฬา,เพื่อใช้ในการเกษตร",3
บินถ่ายภาพเพื่อการสำรวจ,3
"เพื่อการเล่นเป็นงานอดิเรก ความบันเทิง หรือ เพื่อการกีฬา,สำรวจที่ดิน",3
สำหรับฉีดพ่นของเหลว เพื่อการเกษตร,3
ถ่ายภาพเพื่อการสำรวจ,3
"เพื่อการถ่ายภาพ ถ่ายทำหรือการแสดงในภาพยนตร์หรือรายการโทรทัศน์,เพื่อการศึกษา",3
ถ่ายภาพมุมสูง,3
ใช้ในภาคการเกษตร,3
กิจกรรมการเกษตร,3
เพื่อการสำรวจและถ่ายภาพ,3
"เพื่อการเล่นเป็นงานอดิเรก ความบันเทิง หรือ เพื่อการกีฬา,เพื่อการถ่ายภาพ ถ่ายทำหรือการแสดงในภาพยนตร์หรือรายการโทรทัศน์,เพื่อการเรียนการสอน",3
เป็นสื่อการสอน,3
ใช้ในกิจกรรมของบริษัท,3
เพื่อใช้ถ่ายภาพประกอบความคืบหน้าของงาน,3
"เพื่อการเล่นเป็นงานอดิเรก ความบันเทิง หรือ เพื่อการกีฬา,เพื่อการรายงานเหตุการณ์หรือรายงานจราจร (สื่อมวลชน),เพื่อการวิจัย ทดลอง ทดสอบ ตามประกาศ กสทช.",3
ใช้สำหรับตรวจสอบสภาพเสาส่งไฟฟ้าแรงสูง,3
เพื่อการใช้สำหรับงานบินทำแผนที่ สำรวจ และตรวจสอบ,3
เพื่อถ่ายภาพทำงาน ส่งกรมทางหลวง เพื่อรายงานความคืบหน้างานก่อสร้าง,3
"เพื่อการเล่นเป็นงานอดิเรก ความบันเทิง หรือ เพื่อการกีฬา,การศึกษา",3
เพื่อใช้ในงานวิทยาลัยเกษตรและเทคโนโลยีเพชรบูรณ์,3
ใช้สาธิตการใช้งานเพื่อการจำหน่าย,3
เพื่อศึกษาการวิจัยพันธุ์ข้าว,3
"เพื่อการเล่นเป็นงานอดิเรก ความบันเทิง หรือ เพื่อการกีฬา,เพื่อการถ่ายภาพ ถ่ายทำหรือการแสดงในภาพยนตร์หรือรายการโทรทัศน์,Project Development",3
เพื่อสำรวจหลังคา,3
"เพื่อการเล่นเป็นงานอดิเรก ความบันเทิง หรือ เพื่อการกีฬา,เพื่อการถ่ายภาพ ถ่ายทำหรือการแสดงในภาพยนตร์หรือรายการโทรทัศน์,เพื่อเป็นสื่อการเรียนการสอน",3
"เพื่อการเล่นเป็นงานอดิเรก ความบันเทิง หรือ เพื่อการกีฬา,เพื่อใช้ในงานของบริษัท",3
"เพื่อการเล่นเป็นงานอดิเรก ความบันเทิง หรือ เพื่อการกีฬา,เพื่อการรายงานเหตุการณ์หรือรายงานจราจร (สื่อมวลชน),เพื่อการถ่ายภาพ ถ่ายทำหรือการแสดงในภาพยนตร์หรือรายการโทรทัศน์,เพื่อการวิจัยและพัฒนาอากาศยาน เพื่อการพาณิชย์,เพื่อการเกษตรกรรม,เพื่อการวิจัย ทดลอง ทดสอบ ตามประกาศ กสทช.,ใช้เป็นสินค้าตัวอย่าง",3
เพื่อการฝึกสอน,3
เป็นครุภัณฑ์ประกอบการเรียนการสอนของวิทยาลัยฯ,3
เพื่อการกู้ภัย และใช้ในภารกิจที่เกี่ยวข้องกับการป้องกันและบรรเทาสาธารณภัยในพื้นที่ของกรุงเทพมหานคร,3
"เพื่อการวิจัยและพัฒนาอากาศยาน เพื่อการพาณิชย์,เพื่อการเรียนการสอนและการวิจัย",3
"เพื่อการถ่ายภาพ ถ่ายทำหรือการแสดงในภาพยนตร์หรือรายการโทรทัศน์,ถ่ายภาพนิ่งและวิดีโอในส่วนที่เกี่ยวข้องกับกิจกรรมของบริษัทฯ",3
"เพื่อการเล่นเป็นงานอดิเรก ความบันเทิง หรือ เพื่อการกีฬา,ใช้ถ่ายรูปอสังหาริมทรัพย์",3
เพื่อถ่ายภาพการก่อสร้างมุมสูง,3
"เพื่อการเล่นเป็นงานอดิเรก ความบันเทิง หรือ เพื่อการกีฬา,เพื่อการรายงานเหตุการณ์หรือรายงานจราจร (สื่อมวลชน),เพื่อการถ่ายภาพ ถ่ายทำหรือการแสดงในภาพยนตร์หรือรายการโทรทัศน์,เพื่อการวิจัยและพัฒนาอากาศยาน เพื่อการพาณิชย์,เพื่อการเกษตรกรรม,EVENT DRONE CINEMATOGRAPHY",3
เพื่อการถ่ายภาพ,3
เพื่อการสำรวจพื้นที่ และบันทึกภาพ,3
"เพื่อการเล่นเป็นงานอดิเรก ความบันเทิง หรือ เพื่อการกีฬา,เพื่อการรายงานเหตุการณ์หรือรายงานจราจร (สื่อมวลชน),เพื่อการถ่ายภาพ ถ่ายทำหรือการแสดงในภาพยนตร์หรือรายการโทรทัศน์,เพื่อใช้ในกิจกรรมของบริษัท เคหะสุขประชา จำกัด(มหาชน)",3
เพื่องานวิจัยวิธีการทดสอบซอฟต์แวร์,3
1.เพื่อการวิจัย และพัฒนาอากาศยาน 2.เพื่อรองรับและสนับสนุนการจัดการเรียนการสอนภาคทฤษฎีและปฎิบัติในรายวิชาต่างๆ สนับสนุนงานวิจัย ที่เกี่ยวข้อง,3
"เพื่อการรายงานเหตุการณ์หรือรายงานจราจร (สื่อมวลชน),เพื่อการถ่ายภาพ ถ่ายทำหรือการแสดงในภาพยนตร์หรือรายการโทรทัศน์,เพื่อการเกษตรกรรม",3
"เพื่อการเล่นเป็นงานอดิเรก ความบันเทิง หรือ เพื่อการกีฬา,เพื่อการถ่ายภาพ ถ่ายทำหรือการแสดงในภาพยนตร์หรือรายการโทรทัศน์,เพื่อถ่ายภาพ ถ่ายวีดิโอ ลงสื่อโซเซียล",3
"เพื่อการเล่นเป็นงานอดิเรก ความบันเทิง หรือ เพื่อการกีฬา,เพื่อการถ่ายภาพ ถ่ายทำหรือการแสดงในภาพยนตร์หรือรายการโทรทัศน์,เพื่อถ่ายภาพ  ถ่ายวีดีโอ ลงสื่อโซเชียล",3
"เพื่อการเล่นเป็นงานอดิเรก ความบันเทิง หรือ เพื่อการกีฬา,เพื่อการถ่ายภาพ ถ่ายทำหรือการแสดงในภาพยนตร์หรือรายการโทรทัศน์,ถ่ายภาพและวิดีโอลงสื่อโซเชียล",3
"เพื่อการเล่นเป็นงานอดิเรก ความบันเทิง หรือ เพื่อการกีฬา,เพื่อการถ่ายภาพ ถ่ายทำหรือการแสดงในภาพยนตร์หรือรายการโทรทัศน์,Photo",3
เพื่อใช้ในการดำเนินงานศึกษาและวิจัยตามภารกิจของหน่วยงาน,3
ใช้สำหรับถ่ายบันทึกโครงสร้างหลังคา การติดตั้ง และซ่อมแซม ระบบ Solar Roof,3
เก็บภาพความก้าวหน้าโครงการขณะบริษัท ดำเนินการก่อสร้าง,3
"เพื่อการเล่นเป็นงานอดิเรก ความบันเทิง หรือ เพื่อการกีฬา,เพื่อการถ่ายภาพ ถ่ายทำหรือการแสดงในภาพยนตร์หรือรายการโทรทัศน์,ใช้สำหรับสอนนักศึกษาอาชีวะ ปวส. ปวช. สาขาการถ่ายภาพและวิดิทัศน์",3
"เพื่อการเล่นเป็นงานอดิเรก ความบันเทิง หรือ เพื่อการกีฬา,การเรียน-การสอน",3
"เพื่อการเล่นเป็นงานอดิเรก ความบันเทิง หรือ เพื่อการกีฬา,เพื่อการถ่ายภาพ ถ่ายทำหรือการแสดงในภาพยนตร์หรือรายการโทรทัศน์,เพื่อการท่องเที่ยว",3
เพื่อถ่ายภาพ ถ่ายวีดีโอ ลงสื่อโซเชียล,3
"เพื่อการเล่นเป็นงานอดิเรก ความบันเทิง หรือ เพื่อการกีฬา,เพื่อการถ่ายภาพ ถ่ายทำหรือการแสดงในภาพยนตร์หรือรายการโทรทัศน์,เพื่อถ่ายภาพ ถ่ายวิดีโอ ลงโซเซียล",3
"เพื่อการเล่นเป็นงานอดิเรก ความบันเทิง หรือ เพื่อการกีฬา,เพื่อการถ่ายภาพ ถ่ายทำหรือการแสดงในภาพยนตร์หรือรายการโทรทัศน์,เพื่อถ่ายภาพ ถ่ายวีดีโอ ลงสื่อโซเซี่ยล",3
"เพื่อการเล่นเป็นงานอดิเรก ความบันเทิง หรือ เพื่อการกีฬา,เพื่อการถ่ายภาพ ถ่ายทำหรือการแสดงในภาพยนตร์หรือรายการโทรทัศน์,เพิ่อถ่ายภาพ ถ่ายวีดีโอ ลงสื่อโซเชียล",3
"เพื่อการเล่นเป็นงานอดิเรก ความบันเทิง หรือ เพื่อการกีฬา,เพื่อการถ่ายภาพ ถ่ายทำหรือการแสดงในภาพยนตร์หรือรายการโทรทัศน์,ถ่ายภาพ ถ่ายวีดีโอ ลงโซเซียล",3
"เพื่อการเล่นเป็นงานอดิเรก ความบันเทิง หรือ เพื่อการกีฬา,เพื่อการถ่ายภาพ ถ่ายทำหรือการแสดงในภาพยนตร์หรือรายการโทรทัศน์,ถ่ายภาพ ถ่ายวีดีโอ เพื่อลงสื่อโซเชียล",3
"เพื่อการเล่นเป็นงานอดิเรก ความบันเทิง หรือ เพื่อการกีฬา,เพื่อการถ่ายภาพ ถ่ายทำหรือการแสดงในภาพยนตร์หรือรายการโทรทัศน์,ถ่ายภาพ ถ่ายวีดีโอ ลงสื่อโซเซียล",3
"เพื่อการเล่นเป็นงานอดิเรก ความบันเทิง หรือ เพื่อการกีฬา,เพื่อการถ่ายภาพ ถ่ายทำหรือการแสดงในภาพยนตร์หรือรายการโทรทัศน์,เพื่อถ่ายภาพ ถ่ายวีดีโอ ลงสื่อโซเชี่ยว",3
จัดการเรียนการสอนด้านการเกษตร,3
"เพื่อการเล่นเป็นงานอดิเรก ความบันเทิง หรือ เพื่อการกีฬา,เพื่อใช้ในกิจกรรมของบริษัทฯ",3
"เพื่อการเล่นเป็นงานอดิเรก ความบันเทิง หรือ เพื่อการกีฬา,เพื่อการถ่ายภาพ ถ่ายทำหรือการแสดงในภาพยนตร์หรือรายการโทรทัศน์,เพื่อถ่ายภาพ วิดีโอ ลงสื่อโซเชียล",3
"เพื่อการเล่นเป็นงานอดิเรก ความบันเทิง หรือ เพื่อการกีฬา,Sailing documentary",3
"เพื่อการวิจัยและพัฒนาอากาศยาน เพื่อการพาณิชย์,เพื่อใช้ในธุรกิจของบริษัท",3
เพื่อตรวจติดตามสภาพป่า,3
"เพื่อการเล่นเป็นงานอดิเรก ความบันเทิง หรือ เพื่อการกีฬา,เพื่อการถ่ายภาพ ถ่ายทำหรือการแสดงในภาพยนตร์หรือรายการโทรทัศน์,เพื่อการถ่ายภาพ หรือถ่ายวีดีโอลงสื่อโซเชี่ยล",3
"เพื่อการเล่นเป็นงานอดิเรก ความบันเทิง หรือ เพื่อการกีฬา,เพื่อการถ่ายภาพ ถ่ายทำหรือการแสดงในภาพยนตร์หรือรายการโทรทัศน์,ใช้ในการจัดการเรียนการสอน",3
"เพื่อการเล่นเป็นงานอดิเรก ความบันเทิง หรือ เพื่อการกีฬา,เพื่อการถ่ายภาพ ถ่ายทำหรือการแสดงในภาพยนตร์หรือรายการโทรทัศน์,เพื่อถ่ายภาพถ่ายวีดีโอ ลงสื่อโซเชียล",3
"เพื่อการถ่ายภาพ ถ่ายทำหรือการแสดงในภาพยนตร์หรือรายการโทรทัศน์,เพื่อใช้ในกิจกรรมของบริษัท",3
"เพื่อการเล่นเป็นงานอดิเรก ความบันเทิง หรือ เพื่อการกีฬา,เพื่อถ่ายภาพ ถ่ายวีดีโอ ลงสื่อโซเซียล",3
"เพื่อการเกษตรกรรม,ฉีดพ่นสารเหลวทางการเกษตร",3
เพื่อถ่ายภาพและVDOงานก่อสร้างของบริษัท,3
"เพื่อการเล่นเป็นงานอดิเรก ความบันเทิง หรือ เพื่อการกีฬา,เพื่อการถ่ายภาพงานก่อสร้าง",3
"เพื่อการเล่นเป็นงานอดิเรก ความบันเทิง หรือ เพื่อการกีฬา,เพื่อการถ่ายภาพ ถ่ายทำหรือการแสดงในภาพยนตร์หรือรายการโทรทัศน์,เพิ่อถ่ายภาพ ถ่ายวีดิโอ ลงสื่อโซเชียล",3
เพื่อใช้ในภารกิจการป้องกันและควบคุมไฟป่า,3
"เพื่อการถ่ายภาพ ถ่ายทำหรือการแสดงในภาพยนตร์หรือรายการโทรทัศน์,เพื่อใช้ในงานการประชาสัมพันธ์แหล่งเรียนรู้",3
"เพื่อการเล่นเป็นงานอดิเรก ความบันเทิง หรือ เพื่อการกีฬา,เพื่อการรายงานเหตุการณ์หรือรายงานจราจร (สื่อมวลชน),เพื่อการถ่ายภาพ ถ่ายทำหรือการแสดงในภาพยนตร์หรือรายการโทรทัศน์,เพื่อใช้ใน กิจการขององค์การกระจายเสียงและแพร่ภาพสาธารณะแห่งประเทศไทย",3
"เพื่อการเล่นเป็นงานอดิเรก ความบันเทิง หรือ เพื่อการกีฬา,เพื่อการถ่ายภาพ ถ่ายทำหรือการแสดงในภาพยนตร์หรือรายการโทรทัศน์,เพื่อถ่ายภาพ ถ่ายวีดีโอลง สื่อโซเชียล",3
"เพื่อการรายงานเหตุการณ์หรือรายงานจราจร (สื่อมวลชน),เพื่อการวิจัยและพัฒนาอากาศยาน เพื่อการพาณิชย์,เพื่อการวิจัย ทดลอง ทดสอบ ตามประกาศ กสทช.,เพื่อสำรวจพื้นที่/Drone Survey, เพื่อสำรวจจัดทำแผนที่/Drone Mapping",3
"เพื่อการเล่นเป็นงานอดิเรก ความบันเทิง หรือ เพื่อการกีฬา,เพื่อการถ่ายภาพ ถ่ายทำหรือการแสดงในภาพยนตร์หรือรายการโทรทัศน์,เพื่อถ่ายภาพและวิดีโอลงสื่อโซเชียล",3
"เพื่อการเล่นเป็นงานอดิเรก ความบันเทิง หรือ เพื่อการกีฬา,ใช้ในงานราชการ",3
"เพื่อการถ่ายภาพ ถ่ายทำหรือการแสดงในภาพยนตร์หรือรายการโทรทัศน์,เพื่อใช้ในงานกิจกรรมของมหาวิทยาลัย",3
"เพื่อการเล่นเป็นงานอดิเรก ความบันเทิง หรือ เพื่อการกีฬา,ถ่ายภาพและถ่าย VDO",3
"เพื่อการเล่นเป็นงานอดิเรก ความบันเทิง หรือ เพื่อการกีฬา,เพื่อการถ่ายภาพ ถ่ายทำหรือการแสดงในภาพยนตร์หรือรายการโทรทัศน์,เพื่อถ่ายภาพและวีดีโอลง social",3
งานประชาสัมพันธ์ และสำรวจข้อมูลต่างๆ อันเกี่ยวข้องกับการทำงานของมหาวิทยาลัยราชภัฏกำแพงเพชร,3
เพื่อใช้ในงานตรวจสอบโดยไม่ทำลาย (Non-Destructive Examination),3
"เพื่อการถ่ายภาพ ถ่ายทำหรือการแสดงในภาพยนตร์หรือรายการโทรทัศน์,เพื่อการวิจัยและพัฒนาอากาศยาน เพื่อการพาณิชย์,เพื่อตรวจสอบอุปกรณ์หรือโครงสร้างในกระบวนการผลิตบนที่สูง ตรวจสอบอุปกรณ์พลังงาน",3
ดำเนินการฝึกอบรมผู้ปฏิบัติงานกับระบบอากาศยานไร้คนขับของกองทัพอากาศ และหน่วยงานภายนอกกองทัพอากาศ,3
ใช้ในการปฏิบัติงานด้านการป้องกันปราบปรามการกระทำความผิดกฎหมาย การเฝ้าระวังป้องกันไฟป่า,3
"เพื่อการเล่นเป็นงานอดิเรก ความบันเทิง หรือ เพื่อการกีฬา,เพื่อการถ่ายภาพ ถ่ายทำหรือการแสดงในภาพยนตร์หรือรายการโทรทัศน์,เพื่อถ่ายภาพเเละวิดีโอลงสื่อโซเซียล",3
"เพื่อการเล่นเป็นงานอดิเรก ความบันเทิง หรือ เพื่อการกีฬา,เพื่อการถ่ายภาพ ถ่ายทำหรือการแสดงในภาพยนตร์หรือรายการโทรทัศน์,ถ่ายภาพ วีดีโอ ลงสื่อโซเซียล",3
ใช้สำหรับงานบริษัท,3
เพื่อใช้ในการสำรวจหลังคาในการติดตั้งโซล่าเซลล์,3
สำรวจเชิงวิศวกรรม,3
"เพื่อการเกษตรกรรม,เพื่อใช้ในกิจกรรมของหน่วยงาน",3
"เพื่อการเล่นเป็นงานอดิเรก ความบันเทิง หรือ เพื่อการกีฬา,เพื่อการรายงานเหตุการณ์หรือรายงานจราจร (สื่อมวลชน),เพื่อการถ่ายภาพ ถ่ายทำหรือการแสดงในภาพยนตร์หรือรายการโทรทัศน์,เพื่อถ่ายทอดสด",3
ถ่ายภาพ แปลงข้าว ข้าวโพด สถานีวิจัย,3
สนับสนุนภารกิจป้องกันสัตวป่า ไฟป่าและพื้นที่ป่าเพื่อการอนุรักษ์ของอุทยานแห่งชาติ,3
"เพื่อการเล่นเป็นงานอดิเรก ความบันเทิง หรือ เพื่อการกีฬา,เพื่อการรายงานเหตุการณ์หรือรายงานจราจร (สื่อมวลชน),เพื่อการถ่ายภาพ ถ่ายทำหรือการแสดงในภาพยนตร์หรือรายการโทรทัศน์,เพื่อการวิจัย ทดลอง ทดสอบ ตามประกาศ กสทช.,เพื่อเพิ่มประสิทธิภาพการคุ้มครองพื้นที่อุทยานแห่งชาติด้วยอากาศยานไร้คนขับ",3
เพื่อการทำงานขนส่งสินค้า,3
"เพื่อการเล่นเป็นงานอดิเรก ความบันเทิง หรือ เพื่อการกีฬา,เพื่อใช้ปฏิบัติงานภายในหน่วยงานและอื่นๆ",3
"เพื่อการเล่นเป็นงานอดิเรก ความบันเทิง หรือ เพื่อการกีฬา,เพื่อการถ่ายภาพ ถ่ายทำหรือการแสดงในภาพยนตร์หรือรายการโทรทัศน์,เพื่อการเรียนรู้ การศึกษา",3
เพื่อใช้งานกิจกรรมไฟป่าหมอกควัน,3
ใบอนุญาตให้นำเข้า วัตถุประสงค์ : สำรองจำหน่าย,3
"เพื่อการถ่ายภาพ ถ่ายทำหรือการแสดงในภาพยนตร์หรือรายการโทรทัศน์,สำรวจพื้นที่ / ตรวจสอบเสาวิทยุสื่อสาร / ค้นหาพิกัดและทิศทางโทรศพท์",3
อื่นๆ เพื่อใช้ในภารกิจของหน่วยงาน,2
เพื่อประชาสัมพันธ์การท่องเที่ยว,2
ใช้ในงานบรรเทาทุกข์และประชานามัยพิทักษ์,2
เพื่อสำรวจโครงสร้างทางวิศวกรรม,2
เพื่อใช้สนับสนุนการปฏิบัติภารกิจของสำนักงาน ป.ป.ส.,2
"เพื่อการเล่นเป็นงานอดิเรก ความบันเทิง หรือ เพื่อการกีฬา,เพื่อการถ่ายภาพ ถ่ายทำหรือการแสดงในภาพยนตร์หรือรายการโทรทัศน์,เพื่อตรวจสอบอุปกรณ์ระบบไฟฟ้าของ กฟภ.",2
เพื่อถ่ายตรวจงาน,2
จัดแสดงในงานสัมมนาและนิทรรศการนานาชาติ Digital Thailand BigBang 2019,2
รับจ้างพ่นยาทางการเกษตรและใช้ในกิจการส่วนตัว,2
เพื่อทำแผนที่ภาพถ่ายทางอากาศ,2
"เพื่อการเล่นเป็นงานอดิเรก ความบันเทิง หรือ เพื่อการกีฬา,เพื่อการรายงานเหตุการณ์หรือรายงานจราจร (สื่อมวลชน),เพื่อการถ่ายภาพ ถ่ายทำหรือการแสดงในภาพยนตร์หรือรายการโทรทัศน์,งานกู้ภัย",2
"เพื่อการเล่นเป็นงานอดิเรก ความบันเทิง หรือ เพื่อการกีฬา,ถ่ายภาพงานก่อสร้าง",2
ใช้ประกอบการแสดงแปรอักษร-สื่อผสม-มัลติมิเดีย,2
ใช้ประกอบการแสดงแปรอักษรภาพ-สื่อผสม-มัลติมีเดีย,2
"เพื่อการเล่นเป็นงานอดิเรก ความบันเทิง หรือ เพื่อการกีฬา,เพื่อการถ่ายภาพ ถ่ายทำหรือการแสดงในภาพยนตร์หรือรายการโทรทัศน์,commercial",2
"เพื่อการถ่ายภาพ ถ่ายทำหรือการแสดงในภาพยนตร์หรือรายการโทรทัศน์,เพื่อการเรียนการสอน",2
เพื่อถ่ายภาพโครงการควบคุมงานก่อสร้างภายในประเทศของบริษัท,2
"เพื่อการเล่นเป็นงานอดิเรก ความบันเทิง หรือ เพื่อการกีฬา,เพื่อการพาณิชย์",2
"เพื่อการวิจัยและพัฒนาอากาศยาน เพื่อการพาณิชย์,เพื่อทำแผนที่ UAV",2
ถ่ายภาพและวิดีโอ,2
เพื่อบันทึกความคืบหน้างานก่อสร้าง,2
"เพื่อการเล่นเป็นงานอดิเรก ความบันเทิง หรือ เพื่อการกีฬา,เพื่อการถ่ายภาพ ถ่ายทำหรือการแสดงในภาพยนตร์หรือรายการโทรทัศน์,เพื่อทำวิจัย",2
เพื่อใช้งานในโครงการก่อสร้างถนนและสะพาน,2
ถ่ายภาพโครงการก่อสร้าง,2
"เพื่อการเล่นเป็นงานอดิเรก ความบันเทิง หรือ เพื่อการกีฬา,ทำแผนที่",2
"เพื่อการถ่ายภาพ ถ่ายทำหรือการแสดงในภาพยนตร์หรือรายการโทรทัศน์,ทำแผนที่สามมิติ ถ่ายภาพมุมสูง",2
เพื่อสำรวจพื้นที่ก่อสร้าง,2
"เพื่อการเล่นเป็นงานอดิเรก ความบันเทิง หรือ เพื่อการกีฬา,เพื่อทำการสำรวจและตรวจสอบสภาพหน้างานในงานของบริษัทฯ",2
เพื่อใช้ประกอบการสำรวจหลังคาสำหรับงาน SOLAR,2
"เพื่อการเล่นเป็นงานอดิเรก ความบันเทิง หรือ เพื่อการกีฬา,ถ่ายรูปท่องเที่ยว",2
"เพื่อการถ่ายภาพ ถ่ายทำหรือการแสดงในภาพยนตร์หรือรายการโทรทัศน์,ทำแผนที่",2
"เพื่อการเล่นเป็นงานอดิเรก ความบันเทิง หรือ เพื่อการกีฬา,ใช้ในงานราชการตำรวจ",2
สำรวจความเสียหายของอุปกรณ์และสำรวจพื้นที่,2
ใช้ในงานบริการพ่นสารเคมี,2
ใช้ในการศึกษา,2
"เพื่อการถ่ายภาพ ถ่ายทำหรือการแสดงในภาพยนตร์หรือรายการโทรทัศน์,เพื่อใช้ในการถ่ายภาพมุมสูง",2
"เพื่อการเล่นเป็นงานอดิเรก ความบันเทิง หรือ เพื่อการกีฬา,เพื่อการวิจัยและพัฒนาอากาศยาน เพื่อการพาณิชย์,เพื่อใช้ในทางธุรกิจตามวัตถุประสงค์ของบริษัท",2
"เพื่อการเล่นเป็นงานอดิเรก ความบันเทิง หรือ เพื่อการกีฬา,เพื่อการถ่ายภาพสำรวจหลังคา",2
ใช้ในงานก่อสร้างของบริษัท,2
"เพื่อการถ่ายภาพ ถ่ายทำหรือการแสดงในภาพยนตร์หรือรายการโทรทัศน์,การถ่ายภาพในงานตรวจสอบทางวิศวกรรม",2
ใช้ในธุรกิจของบริษัท,2
เพื่องานสำรวจ,2
"เพื่อการเล่นเป็นงานอดิเรก ความบันเทิง หรือ เพื่อการกีฬา,ถ่ายภาพ",2
"เพื่อการเล่นเป็นงานอดิเรก ความบันเทิง หรือ เพื่อการกีฬา,ใช้ในการทำงาน",2
ใช้ในการรังวัดกองสต๊อกแร่ รังวัดบ่อเหมือง และดูลักษณะภูมิประเทศทั่วไปของพื้นที่,2
เพื่อการพาณิชย์,2
เพื่อใช้สำรวจโรงงาน,2
"เพื่อการถ่ายภาพ ถ่ายทำหรือการแสดงในภาพยนตร์หรือรายการโทรทัศน์,เพื่อการถ่ายภาพ ถ่ายทำหรือการแสดงในสื่อการตลาดต่างๆ เช่น สิ่งพิมพ์ เว็บไซต์หรือแอปพิเคชั่น",2
"เพื่อการถ่ายภาพ ถ่ายทำหรือการแสดงในภาพยนตร์หรือรายการโทรทัศน์,เพื่อใช้ตรวจสอบแผงโซล่าเซลล์",2
ใช้ในการเรียนการสอน,2
เพื่อเก็บข้อมูล site survey และตรวจสอบการติดตั้งระบบ,2
ถ่ายภาพงานก่อสร้าง,2
เพื่อการตรวจสอบแผงโซลาร์เซลล์,2
เพื่อสำรวจและจัดการมลพิษและสิ่งแวดล้อม,2
ตรวจสภาพป่าที่ได้รับมอบจากกรมป่าไม้,2
เพื่อสำรวจและจัดทำแผนที่,2
ใช้ภายในกิจการของบริษัท,2
"เพื่อการเล่นเป็นงานอดิเรก ความบันเทิง หรือ เพื่อการกีฬา,เพื่อการถ่ายภาพ ถ่ายทำหรือการแสดงในภาพยนตร์หรือรายการโทรทัศน์,เพื่อการวิจัยและพัฒนาอากาศยาน เพื่อการพาณิชย์,การเรียน การสอน อบรม และแนะแนวการศึกษา",2
สำรวจรังวัดจัดทำข้อมูลแผนที่ภาพถ่ายทางภูมิศาสตร์,2
เพื่อใช้ทำ Thermo scan แผงโซลาร์เซลล์ โรงไฟฟ้าพลังงานแสงอาทิตย์,2
เพื่อสาธิตการใช้งาน สำหรับการจำหน่าย,2
"เพื่อการถ่ายภาพ ถ่ายทำหรือการแสดงในภาพยนตร์หรือรายการโทรทัศน์,เพื่อการส่งเสริมเกษตรกรรมบนพื้นที่สูง",2
เพื่อสำรวจ ติดตาม ตรวจสอบ เฝ้าระวังคุณภาพสิ่งแวดล้อม,2
"เพื่อการรายงานเหตุการณ์หรือรายงานจราจร (สื่อมวลชน),เพื่อการถ่ายภาพ ถ่ายทำหรือการแสดงในภาพยนตร์หรือรายการโทรทัศน์,เพื่อการวิจัยและพัฒนาอากาศยาน เพื่อการพาณิชย์,",2
เพื่อกิจกรรมทางการเกษตร,2
"เพื่อการเล่นเป็นงานอดิเรก ความบันเทิง หรือ เพื่อการกีฬา,เพื่อการถ่ายภาพ ถ่ายทำหรือการแสดงในภาพยนตร์หรือรายการโทรทัศน์,ใช้ในกิจการของบริษัท",2
"เพื่อการเล่นเป็นงานอดิเรก ความบันเทิง หรือ เพื่อการกีฬา,เพื่อการถ่ายภาพ ถ่ายทำหรือการแสดงในภาพยนตร์หรือรายการโทรทัศน์, ใช้ตรวจสอบคุณภาพงานในพื้นที่สูง",2
ถ่ายภาพการติดตั้งโซลาร์เซลล์,2
ติดตาม ตรวจสอบเฝ้าระวังคุณภาพสิ่งแวดล้อม,2
ประกอบการปฏิบัติงานทางราชการ,2
"เพื่อการเล่นเป็นงานอดิเรก ความบันเทิง หรือ เพื่อการกีฬา,เพื่อการเกษตรกรรม,เพื่อการวิจัย ทดลอง ทดสอบ ตามประกาศ กสทช.",2
ใช้ในภารกิจของมหาวิทยาลัย,2
"เพื่อการเล่นเป็นงานอดิเรก ความบันเทิง หรือ เพื่อการกีฬา,ตรวจสอบงานก่อสร้าง",2
"เพื่อการเล่นเป็นงานอดิเรก ความบันเทิง หรือ เพื่อการกีฬา,เพื่อการถ่ายภาพ ถ่ายทำหรือการแสดงในภาพยนตร์หรือรายการโทรทัศน์,ใช้เพื่อถ่ายภาพ ในองค์กรในการประชาสัมพันธ์ของหน่วยงานและเพื่อในการศึกษา",2
เพื่อรายงานความก้าวหน้าของโครงการ,2
"เพื่อการเล่นเป็นงานอดิเรก ความบันเทิง หรือ เพื่อการกีฬา,ถ่ายภาพท่องเที่ยว",2
"เพื่อการถ่ายภาพ ถ่ายทำหรือการแสดงในภาพยนตร์หรือรายการโทรทัศน์,เพื่อการใช้ในงานสำรวจ งานด้านวิศวกรรม ตรวจสอบอาคาร ร่วมถึงงานช่วยเหลือด้านกู้ภัย และอื่นๆ",2
เพื่อการจัดการเรียนการสอน,2
สำรวจอาคารและแผงผลิตพลังงานไฟฟ้าพลังงานแสงอาทิตย์,2
เพื่อถ่ายภาพ ถ่ายวิดีโอ ภายในโรงงานอุตสาหกรรม,2
ถ่ายภาพทางอากาศในกิจการของบริษัท,2
เพื่อใช้ในภารกิจของ สทอภ. เช่น การบินสำรวจจัดทำแผนที่ภาพถ่ายทางอากาศ และภารกิจสนับสนุนอื่น ๆ ที่เกี่ยวข้อง,2
เพื่อถ่ายภาพพื้นที่หรือหลังคาอาคาร เพื่อใช้ในงานออกแบบวิศวกรรม,2
"เพื่อการถ่ายภาพ ถ่ายทำหรือการแสดงในภาพยนตร์หรือรายการโทรทัศน์,เพื่อการพาณิชย์",2
เพื่อถ่ายภาพอัพเดตโครงการก่อสร้าง,2
ใช้ถ่ายภาพมุมสูง ความคืบหน้าในส่วนของหน้างาน,2
ใช้ในการบันทึกภาพและวีดีโอเพื่อประชาสัมพันธ์สื่อโฆษณาของทางบริษัท,2
ใช้ในธุรกิจ,2
ตรวจสอบระบบไฟฟ้า,2
"เพื่อการเล่นเป็นงานอดิเรก ความบันเทิง หรือ เพื่อการกีฬา,ถ่ายภาพและวิดีโอ เพื่อประชาสัมพันธ์มหาวิทยาลัย",2
ถ่ายภาพและวีดีโอโรงงานอุตสาหกรรม,2
สนับสนุนภารกิจป้องกันและบรรเทาสาธารณภัย,2
"เพื่อการถ่ายภาพ ถ่ายทำหรือการแสดงในภาพยนตร์หรือรายการโทรทัศน์,ใช้เป็นสื่อการเรียบการสอน",2
เพื่อการถ่ายภาพทางอากาศที่เกี่ยวข้องในกิจการของบริษัท,2
การรักษาความสงบเรียบร้อยในพื้นที่ งานด้านความมั่นคง การช่วยเหลือและป้องกันสาธารณภัย การขับเคลื่อนพื้นที่เขตพัฒนาเศษฐกิจพิเศษเชียงราย งานอนุรักษ์และประชาสัมพันธ์ วัฒนธรรมประเพณี และการท่องเที่ยวของอำเภอแม่สายและอื่นๆ,2
เพื่อสนับสนุนการปฎิบัติงานในภารกิจต่างๆ ของหน่วยงาน (สำรวจและลาดตระเวนพื้นที่ป่า),2
เพื่อใช้ถ่ายภาพสถานที่ก่อสร้าง ตามโครงการต่างๆของห้างฯ,2
เพื่อใช้ในงานที่เกี่ยวข้องกับบริษัท,2
สำรวจปริมาณรังสี,2
"เพื่อการเล่นเป็นงานอดิเรก ความบันเทิง หรือ เพื่อการกีฬา,เพื่อการเกษตรกรรม,สำรวจแปลงที่ดิน",2
เพื่อปฏิบัติงานเก็บข้อมูลที่ดินของสำนักงานฯ,2
ใช้ในงานก่อสร้าง,2
เพื่อรายงานเหตุการณ์ต่างๆภายในโรงงาน,2
ใช้เพื่อสำรวจพื้นที่,2
ถ่ายภาพหรือถ่ายวีดีโอการเกิดอุบัติเหตุของอากาศยานจากมุมสูง เพื่อนำข้อมูลมาใช้ประกอบการสวบสวน,2
เพื่อใช้ในงานของอำเภอสนามชัยเขต,2
"เพื่อการเกษตรกรรม,",2
"เพื่อการเล่นเป็นงานอดิเรก ความบันเทิง หรือ เพื่อการกีฬา,เพื่อการรายงานเหตุการณ์หรือรายงานจราจร (สื่อมวลชน),เพื่อการถ่ายภาพ ถ่ายทำหรือการแสดงในภาพยนตร์หรือรายการโทรทัศน์,เพื่อการวิจัยและพัฒนาอากาศยาน เพื่อการพาณิชย์,เพื่อการเรียนการสอน",2
เพื่อถ่ายภาพงานวิจัยเกี่ยวกับพืช และใช้ในงานขององค์กร,2
เพื่อถ่ายภาพ วิดีโอ ภารกิจของหน่วย,2
"เพื่อการเล่นเป็นงานอดิเรก ความบันเทิง หรือ เพื่อการกีฬา,ถ่ายภาพวิว",2
"Survey high voltage transmission line of 302 towers ,in the EGAT project.",2
"วิเคราะห์สภาพถนน,การจราจร",2
"เพื่อการเล่นเป็นงานอดิเรก ความบันเทิง หรือ เพื่อการกีฬา,เพื่อการถ่ายภาพ ถ่ายทำหรือการแสดงในภาพยนตร์หรือรายการโทรทัศน์,เพื่อผลิตสื่อประชาสัมพันธ์",2
"เพื่อการเล่นเป็นงานอดิเรก ความบันเทิง หรือ เพื่อการกีฬา,ประกอบการทำงาน",2
"เพื่อการเล่นเป็นงานอดิเรก ความบันเทิง หรือ เพื่อการกีฬา,เพื่อการถ่ายภาพ ถ่ายทำหรือการแสดงในภาพยนตร์หรือรายการโทรทัศน์,เพื่อผลิตสื่อประชาสัมพันธ์ในองค์กร",2
บินสำรวจแปลงอ้อย,2
บินสำรวจเสาส่งไฟฟ้าในโครงการของ EGAT จำนวน 302 ต้น,2
เพื่อใช้ในงานด้านการเกษตร,2
"เพื่อการรายงานเหตุการณ์หรือรายงานจราจร (สื่อมวลชน),ตรวจสอบ วางแผนเกี่ยวกับงานบำรุงรักษาทาง งานอำนวยความปลอดภัยและงานก่อสร้างทาง",2
เพื่อใช้ในภารกิจของกรมทางหลวง,2
เพื่อใช้ในกิจการบริษัทฯ บินสำรวจ ความคืบหน้างานก่อสร้างต่างๆ ของบริษัทฯ,2
"เพื่อการเล่นเป็นงานอดิเรก ความบันเทิง หรือ เพื่อการกีฬา,รายงานเหตุสาธารณะภัย",2
"เพื่อการเล่นเป็นงานอดิเรก ความบันเทิง หรือ เพื่อการกีฬา,เพื่อการถ่ายภาพ ถ่ายทำหรือการแสดงในภาพยนตร์หรือรายการโทรทัศน์,ใช้ในกิจการและตามวัตถุประสงค์ของบริษัท / Company",2
ถ่ายภาพและรังวัดพื้นที่ทำงาน,2
"เพื่อการถ่ายภาพ ถ่ายทำหรือการแสดงในภาพยนตร์หรือรายการโทรทัศน์,เพื่อใช้ในการศึกษา วิจัย และบริการวิชาการ",2
เพื่อใช้ในงานราชการ,2
ถ่ายภาพอุปกรณ์บนเสาส่งสัญญาณโทรศัพท์,2
ฉีดพ่นสารเหลวทางการเกษตรทุกชนิด,2
"เพื่อการเกษตรกรรม,เพื่อใช้ในการวิเคราะห์การเจริญเติบโตของพืชผลทางการเกษตร",2
"เพื่อการเกษตรกรรม,ใช้ในกิจการของบริษัท",2
สนับสนุนภารกิจป้องกันสัตว์ป่าและพื้นที่ป่าเพื่อการอนุรักษ์,2
เพื่องานเข้าช่วยสำรวจพื้นที่ปฏิบัติงาน งานถ่ายภาพสำรวจพื้นที่,2
ทดลองทดสอบชั่วคราว เพื่อถ่ายทำภาพยนตร์เรื่อง MEG2,2
"เพื่อการเล่นเป็นงานอดิเรก ความบันเทิง หรือ เพื่อการกีฬา,เพื่อการถ่ายภาพ ถ่ายทำหรือการแสดงในภาพยนตร์หรือรายการโทรทัศน์,ถ่ายทำแผนที่",2
เพื่อการผลิตสื่อประชาสัมพันธ์ของมหาวิทยาลัย,2
ใช้เพื่อการศึกษา,2
เพื่อถ่ายภาพกิจกรรมทางศาสนา,2
"เพื่อการถ่ายภาพ ถ่ายทำหรือการแสดงในภาพยนตร์หรือรายการโทรทัศน์,ใช้ในภารกิจของกรมทรัพยากรธรณี",2
"เพื่อการเกษตรกรรม,เพื่อเป็นสื่อการเรียนการสอนของมหาวิทยาลัย",2
เพื่อใช้ในงานขององค์กร,2
เพื่อใช้ในงานทดสอบและสาธิตภายในบริษัท แอโรสกาย โซลูชั่นส์ จำกัด,2
ตรวจวัดปริมาณรังสี,2
เพื่อรายงานความคืบหน้าของโครงการก่อสร้าง,2
บินสำรวจทำแผนที่ภาพถ่ายทางอากาศของอสังหาริมทรัพย์ที่ถูกเวนคืนตามโครงการของกรุงเทพมหานคร,2
ใช้บินสำรวจโครงการ งานก่อสร้าง ภาพรวมการก่อสร้างภายใต้บริษัท เฟรเซอร์ส พร็อพเพอร์ตี้ โฮม (ประเทศไทย) จำกัด,2
เพื่อใช้เป็นสื่อการเรียนการสอนของวิทยาลัยเทคนิคขอนแก่น,2
ใช้เก็บภาพมุมสูง ระหว่างและหลังการก่อสร้าง,2
เพื่อสาธิตการบินให้กับหน่วยงานการไฟฟ้าฝ่ายผลิตแห่งประเทศไทย,2
ใช้สำหรับการเรียนการสอน,2
"เพื่อการเกษตรกรรม,Drone PoC",2
เพื่อการถ่ายภาพเพื่อการเผยแผ่พระพุทธศาสนา,2
ปฏิบัติตามภารกิจหน่วยงานและอื่นๆ เช่น จัดทำ Plant layout,2
เพื่อเก็บภาพถ่ายและวีดีโอในพื้นที่ส่งเสริมการปลูกมันฝรั่งของบริษัท และเพื่อติดตามการเจริญเติบโตตลอดจนถึงการแก้ปัญหาการระบาดของโรคและแมลงได้ทันท่วงที,2
"เพื่อการเล่นเป็นงานอดิเรก ความบันเทิง หรือ เพื่อการกีฬา,เพื่อการถ่ายภาพ ถ่ายทำหรือการแสดงในภาพยนตร์หรือรายการโทรทัศน์,เพื่อการเกษตรกรรม,ตรวจสอบความปลอดภัยและสภาพพื้นที่ทำงาน",2
เพื่อรองรับและสนับสนุนการจัดการเรียนการสอนภาคทฤษฎีและปฎิบัติในรายวิชาต่างๆ สนับสนุนงานวิจัย ที่เกี่ยวข้อง,2
Education,2
"เพื่อการถ่ายภาพ ถ่ายทำหรือการแสดงในภาพยนตร์หรือรายการโทรทัศน์,ตรวจนับ Stock กองเชื้อเพลิงและบริเวณลานกองเชื้อเพลิง",2
"เพื่อการถ่ายภาพ ถ่ายทำหรือการแสดงในภาพยนตร์หรือรายการโทรทัศน์,เพื่อใช้เป็นสื่อการเรียนการสอนภายในองค์กร",2
"เพื่อการเล่นเป็นงานอดิเรก ความบันเทิง หรือ เพื่อการกีฬา,Hobby, no commercial use",2
"เพื่อการถ่ายภาพ ถ่ายทำหรือการแสดงในภาพยนตร์หรือรายการโทรทัศน์,เพื่อการวิจัยและพัฒนาอากาศยาน เพื่อการพาณิชย์,เพื่อการเกษตรกรรม",2
เพื่อการถ่ายภาพงานตรวจสอบอุปกรณ์,2
"เพื่อการเล่นเป็นงานอดิเรก ความบันเทิง หรือ เพื่อการกีฬา,เพื่อการรายงานเหตุการณ์หรือรายงานจราจร (สื่อมวลชน),เพื่อการถ่ายภาพ ถ่ายทำหรือการแสดงในภาพยนตร์หรือรายการโทรทัศน์,จัดทำสื่อประชาสัมพันธ์และการจัดทำข้อมูลเชิงภาพถ่ายประกอบการจัดทำรายการต่างๆ ของบริษัทและใช้ในการสำรวจสภาพแวดล้อมภายในโครงการและพื้นที่บริเวณรอบๆโครงการของบริษัทและกลุ่มในเครือ ตลอดจนใช้ในการสำรวจสภาพแวดล้อมสำหรับพิจารณาและศึกษาพื้นที่ในการปลูกป่าเชิงอนุรักษ์เพื่อสิ่งแวดล้อมและสังคม",2
"เพื่อการรายงานเหตุการณ์หรือรายงานจราจร (สื่อมวลชน),เพื่อการถ่ายภาพ ถ่ายทำหรือการแสดงในภาพยนตร์หรือรายการโทรทัศน์,บินตรวจสอบพื้นที่ป่า กู้ภัยและอื่น ๆ",2
"เพื่อการเล่นเป็นงานอดิเรก ความบันเทิง หรือ เพื่อการกีฬา,TOURISM",2
"เพื่อการเล่นเป็นงานอดิเรก ความบันเทิง หรือ เพื่อการกีฬา,ตรวจสอบอาคาร",2
"เพื่อการเล่นเป็นงานอดิเรก ความบันเทิง หรือ เพื่อการกีฬา,เพื่อการเกษตรกรรม,เพื่อถ่ายภาพ ถ่ายวีดีโอ ลงสื่อโซเชียล",2
พิจารณาสถานที่เอาประกันภัยก่อนการรับประกันภัย,2
"เพื่อการเล่นเป็นงานอดิเรก ความบันเทิง หรือ เพื่อการกีฬา,เพื่อการถ่ายภาพ ถ่ายทำหรือการแสดงในภาพยนตร์หรือรายการโทรทัศน์,เพื่อถ่ายภาพ วีดีโอ ลงโซเชียล",2
เพื่อการใช้ในงานรังวัดและจัดทำแผนที่ในงานเหมืองแร่,2
เพื่อเป็นสื่อการเรียนการสอนและใช้ในภารกิจของสำนักฯ,2
"เพื่อการถ่ายภาพ ถ่ายทำหรือการแสดงในภาพยนตร์หรือรายการโทรทัศน์,ใช้ในกิจการบริษัท",2
ถ่ายภาพมุมสูงของอาคารที่กำลังก่อสร้าง เพื่อติดตามความก้าวหน้าในการก่อสร้าง,2
"เพื่อการรายงานเหตุการณ์หรือรายงานจราจร (สื่อมวลชน),เพื่อการถ่ายภาพ ถ่ายทำหรือการแสดงในภาพยนตร์หรือรายการโทรทัศน์,เพื่อการวิจัย ทดลอง ทดสอบ ตามประกาศ กสทช.",2
ใช้ในงานสำรวจ,2
"เพื่อการเล่นเป็นงานอดิเรก ความบันเทิง หรือ เพื่อการกีฬา,ตรวจดูงานก่อสร้าง",2
"เพื่อการเกษตรกรรม,กล้อง",2
เพื่อถ่ายภาพในมุมสูงสำหรับผลิตสื่อประชาสัมพันธ์ขององค์การบริหารส่วนจังหวัดราชบุรี,2
เพื่อใช้ในการเรียนการสอนงานวิจัยนั้น,2
สนับสนุนภารกิจของกองบัญชาการกองทัพไทย,2
เพื่อใช้เป็นสื่อการเรียนการสอนภายในองค์กร,2
"เพื่อการรายงานเหตุการณ์หรือรายงานจราจร (สื่อมวลชน),จัดทำแผนที่ภาพถ่ายทางอากาศ",2
ใช้ในการถ่ายภาพกิจการและงานภายในบริษัท,2
"เพื่อการเล่นเป็นงานอดิเรก ความบันเทิง หรือ เพื่อการกีฬา,เพื่อการถ่ายภาพ ถ่ายทำหรือการแสดงในภาพยนตร์หรือรายการโทรทัศน์,เพื่อถ่ายภาพ ถ่ายวีดีโอ ลงสื่อ Social Media",2
"เพื่อการเล่นเป็นงานอดิเรก ความบันเทิง หรือ เพื่อการกีฬา,เพื่อการถ่ายภาพ ถ่ายทำหรือการแสดงในภาพยนตร์หรือรายการโทรทัศน์,เพื่อถ่ายภาพ ถ่าย VDO ลงสื่อ Social",2
เพื่อใช้สำหรับหน่วยงานกรมทางหลวง,2
เพื่อใช้ในการปฏิบัติงานแผนที่และการทั่วไปของเทศบาลเมืองบึงกาฬ,2
"เพื่อการเล่นเป็นงานอดิเรก ความบันเทิง หรือ เพื่อการกีฬา,เพื่อการถ่ายภาพ ถ่ายทำหรือการแสดงในภาพยนตร์หรือรายการโทรทัศน์,เพื่อถ่ายภาพ วีดิโอ ลงสื่อโซเชียล",2
เพื่อใช้ในการเรียนการสอน และงานวิจัย,2
"เพื่อการเล่นเป็นงานอดิเรก ความบันเทิง หรือ เพื่อการกีฬา,เพื่อการถ่ายภาพ ถ่ายทำหรือการแสดงในภาพยนตร์หรือรายการโทรทัศน์,เพื่อการเกษตรกรรม,เพื่อถ่ายภาพ ถ่ายวิดีโอ ลงสื่อโซเชียล",2
ใช้ในการสาธิต และทดลองขับให้ลูกค้า,2
"เพื่อการเล่นเป็นงานอดิเรก ความบันเทิง หรือ เพื่อการกีฬา,Creating videos for personal/educational use.",2
เพื่อทดสอบและสนับสนุนภารกิจทางการแพทย์ เป็นการชั่วคราว,2
ภารกิจด้านป่าไม้,2
"เพื่อการเล่นเป็นงานอดิเรก ความบันเทิง หรือ เพื่อการกีฬา,เพื่อการถ่ายภาพ ถ่ายทำหรือการแสดงในภาพยนตร์หรือรายการโทรทัศน์,เพื่อถ่ายภาพ ถ่ายวีดีโอลงสื่อโซเชี่ยล",2
"เพื่อการถ่ายภาพ ถ่ายทำหรือการแสดงในภาพยนตร์หรือรายการโทรทัศน์,เพื่อการสำรวจ และทำแผนที่",2
เพื่อใช้ในการสำรวจหน้างานสำหรับติดตั้งระบบผลิตพลังงานแสงอาทิตย์ที่ติดตั้งบนหลังคา,2
"เพื่อการเล่นเป็นงานอดิเรก ความบันเทิง หรือ เพื่อการกีฬา,เพื่อการถ่ายภาพ ถ่ายทำหรือการแสดงในภาพยนตร์หรือรายการโทรทัศน์,ให้นักเรียนฝึกการควบคุมโดรนในกิจกรรมชุมชนุม",2
สำหรับตรวจสอบโครงสร้าง,2
"เพื่อการเล่นเป็นงานอดิเรก ความบันเทิง หรือ เพื่อการกีฬา,เพื่อการถ่ายภาพ ถ่ายทำหรือการแสดงในภาพยนตร์หรือรายการโทรทัศน์,เพื่อถ่ายภาพ  ถ่ายวีดีโอ  ลงสื่อโซเชียล",2
เพื่อศึกษา วิเคราะห์ ติดตามสถานการณ์การเพาะปลูกพืชที่สำคัญ,2
"เพื่อการเล่นเป็นงานอดิเรก ความบันเทิง หรือ เพื่อการกีฬา,only private use",2
เพื่อสนับสนุนภารกิจของสำนักงานฯ,2
"เพื่อการถ่ายภาพ ถ่ายทำหรือการแสดงในภาพยนตร์หรือรายการโทรทัศน์,บินตรวจสอบพื้นที่บริเวณท่าเรือ",2
เพื่อใช้ในการสำรวจตรวจสอบและบำรุงรักษาระบบโซล่าเซลล์,2
"เพื่อการเล่นเป็นงานอดิเรก ความบันเทิง หรือ เพื่อการกีฬา,เพื่อการถ่ายภาพ ถ่ายทำหรือการแสดงในภาพยนตร์หรือรายการโทรทัศน์,เพื่อการถ่ายภาพและวีดีโอลงสื่อโซเชียล",2
เพื่อสำรวจแปลงที่ดิน รอนสิทธิ์ ปตท. และจัดทำแผนที่ภาพถ่ายทางอากาศ,2
เพื่องานตรวจการณ์และการรักษาความปลอดภัย,2
ถ่ายภาพทางอากาศด้านงานวิจัยของสถาบันฯ,2
"เพื่อการเล่นเป็นงานอดิเรก ความบันเทิง หรือ เพื่อการกีฬา,เพื่อการถ่ายภาพ ถ่ายทำหรือการแสดงในภาพยนตร์หรือรายการโทรทัศน์,ถ่ายภาพลงสื่อโซเชียล",2
ใช้สำหรับในโรงงานอุตสาหกรรมเท่านั้น,2
"เพื่อการถ่ายภาพ ถ่ายทำหรือการแสดงในภาพยนตร์หรือรายการโทรทัศน์,สำรวจเส้นทางในความรับผิดชอบของกรมทางหลวงชนบท",2
"เพื่อการเล่นเป็นงานอดิเรก ความบันเทิง หรือ เพื่อการกีฬา,เพื่อการถ่ายภาพ ถ่ายทำหรือการแสดงในภาพยนตร์หรือรายการโทรทัศน์,เพื่อถ่ายภาพหรือวีดีโอลงสื่อโซเชียล",2
"เพื่อการเล่นเป็นงานอดิเรก ความบันเทิง หรือ เพื่อการกีฬา,เพื่อการถ่ายภาพ ถ่ายทำหรือการแสดงในภาพยนตร์หรือรายการโทรทัศน์,ถ่ายภาพ ถ่ายวิดีโอ ลงโซเชียล",2
ถ่ายภาพสถานที่ก่อสร้าง ในระหว่างการก่อสร้างโครงการ,2
เพื่อใช้ในงานตรวจสอบระบบไฟฟ้าและกิจการของการไฟฟ้าส่วนภูมิภาค เขต 3 (ภาคใต้) จังหวัดยะลา,2
"เพื่อการเล่นเป็นงานอดิเรก ความบันเทิง หรือ เพื่อการกีฬา,เพื่อการถ่ายภาพ ถ่ายทำหรือการแสดงในภาพยนตร์หรือรายการโทรทัศน์,เพื่อถ่ายภาพ วิดีโอ ลงสื่อสังคม (Social Media)",2
"เพื่อการเล่นเป็นงานอดิเรก ความบันเทิง หรือ เพื่อการกีฬา,เพื่อการถ่ายภาพ ถ่ายทำหรือการแสดงในภาพยนตร์หรือรายการโทรทัศน์,เพื่อลงสื่อโซเชียลและ YouTube",2
"เพื่อการเล่นเป็นงานอดิเรก ความบันเทิง หรือ เพื่อการกีฬา,เพื่อการถ่ายภาพ ถ่ายทำหรือการแสดงในภาพยนตร์หรือรายการโทรทัศน์,ถ่ายภาพ ถ่ายวีดีโอลงโซเชียล",2
"เพื่อการเล่นเป็นงานอดิเรก ความบันเทิง หรือ เพื่อการกีฬา,เพื่อการถ่ายภาพ ถ่ายทำหรือการแสดงในภาพยนตร์หรือรายการโทรทัศน์,เพื่อถ่ายภาพ ถ่ายวิดีโอ ลงสื่อโซเชียลต่างๆ",2
ถ่ายภาพหลังคา เพื่อใช้ประเมินการติดตั้ง Solar Cell,2
"เพื่อการเล่นเป็นงานอดิเรก ความบันเทิง หรือ เพื่อการกีฬา,เพื่อการถ่ายภาพ ถ่ายทำหรือการแสดงในภาพยนตร์หรือรายการโทรทัศน์,เพื่อถ่ายภาพ ถ่าย VDO ลงสื่อโซเชียล",2
"เพื่อการเล่นเป็นงานอดิเรก ความบันเทิง หรือ เพื่อการกีฬา,เพื่อการถ่ายภาพ ถ่ายทำหรือการแสดงในภาพยนตร์หรือรายการโทรทัศน์,เพื่อถ่ายภาพ ถ่ายวิดิโอลงสื่อโซเชียล",2
"เพื่อการเล่นเป็นงานอดิเรก ความบันเทิง หรือ เพื่อการกีฬา,ลงสื่อโซเซียล มีเดีย",2
ใช้ในงานสำรวจพื้นที่ในงานก่อสร้าง,2
เพื่อการศึกษาและการประชาสัมพันธ์โรงเรียน,2
เพื่อใช้ในภารกิจของกรมสอบสวนคดีพิเศษ,2
ใช้เพื่อการถ่ายภาพ รายงานความคืบหน้างาน,2
"เพื่อการถ่ายภาพ ถ่ายทำหรือการแสดงในภาพยนตร์หรือรายการโทรทัศน์,เพื่อใช้ในกิจการของการไฟฟ้านครหลวง",2
"เพื่อการเล่นเป็นงานอดิเรก ความบันเทิง หรือ เพื่อการกีฬา,เพื่อการถ่ายภาพ ถ่ายทำหรือการแสดงในภาพยนตร์หรือรายการโทรทัศน์,เพื่อถ่ายภาพ ถ่ายวีดีโอ ลงโซเชี่ยล",2
"เพื่อการเล่นเป็นงานอดิเรก ความบันเทิง หรือ เพื่อการกีฬา,เพื่อการถ่ายภาพ ถ่ายทำหรือการแสดงในภาพยนตร์หรือรายการโทรทัศน์,เพื่อถ่ายภาพ ถ่ายวีดิโด ลงสื่อโซเชียล",2
INSPECTION งาน,2
เพื่อใช้ในงานของเทศบาลตำบลนครไทย,2
เพื่อใช้ในการตรวจสอบและบำรุงรักษาระบบโซล่าร์เซลล์,2
ถ่ายภาพการปฏิบัติงานบนที่สูงของบริษัท เพื่อความปลอดภัย,2
ใช้ในการจัดการเรียนการสอน และถ่ายภาพ,2
"เพื่อการเล่นเป็นงานอดิเรก ความบันเทิง หรือ เพื่อการกีฬา,เพื่อการถ่ายภาพ ถ่ายทำหรือการแสดงในภาพยนตร์หรือรายการโทรทัศน์,เพื่อถ่ายภาพ ถ่ายวีดีโอ ลงโซเชียลมีเดีย",2
"เพื่อการถ่ายภาพ ถ่ายทำหรือการแสดงในภาพยนตร์หรือรายการโทรทัศน์,เพื่อภารกิจด้านป่าไม้",2
"เพื่อการเล่นเป็นงานอดิเรก ความบันเทิง หรือ เพื่อการกีฬา,เพื่อการถ่ายภาพ ถ่ายทำหรือการแสดงในภาพยนตร์หรือรายการโทรทัศน์,เพื่อถ่ายภาพ ถ่ายวิดีโอ เพื่อลงสื่อโซเชียล",2
"เพื่อการเล่นเป็นงานอดิเรก ความบันเทิง หรือ เพื่อการกีฬา,เพื่อการถ่ายภาพ ถ่ายทำหรือการแสดงในภาพยนตร์หรือรายการโทรทัศน์,เพื่อถ่ายภาพ ถ่ายวีดีโอ ลงสือโซเชียล",2
"เพื่อการเล่นเป็นงานอดิเรก ความบันเทิง หรือ เพื่อการกีฬา,เพื่อการรายงานเหตุการณ์หรือรายงานจราจร (สื่อมวลชน),เพื่อการถ่ายภาพ ถ่ายทำหรือการแสดงในภาพยนตร์หรือรายการโทรทัศน์,เพื่อการวิจัยและพัฒนาอากาศยาน เพื่อการพาณิชย์,เพื่อการเกษตรกรรม,เพื่อการวิจัย ทดลอง ทดสอบ ตามประกาศ กสทช.,เพื่อใช้ในกิจการของบริษัท / Company",2
เพื่อใช้ในราชการด้านความมั่นคง โดยการถ่ายภาพนิ่ง/ภาพเคลื่อนไหวมุมสูง รวบรวมข้อมูลเชิงพื้นที่ที่มีผลกระทบต่อความมั่นคง,2
"เพื่อการเล่นเป็นงานอดิเรก ความบันเทิง หรือ เพื่อการกีฬา,เพื่อการถ่ายภาพ ถ่ายทำหรือการแสดงในภาพยนตร์หรือรายการโทรทัศน์,เพื่อการถ่ายภาพ/วีดีโอ อัพโหลด Social Media",2
"เพื่อการเล่นเป็นงานอดิเรก ความบันเทิง หรือ เพื่อการกีฬา,เพื่อการถ่ายภาพ ถ่ายทำหรือการแสดงในภาพยนตร์หรือรายการโทรทัศน์,เพื่อถ่ายภาพ ถ่ายวีดีโอ ลงสื่อโชเชี่ยว",2
สำรวจหน้างาน,2
เพื่อใช้ในการเก็บภาพถ่ายมุมสูง และสำรวจเหตุการณ์ต่างๆที่เกิดจากภัยธรรมชาติเพื่อแก้ไขปัญหาในพื้นที่ได้ทันท่วงทีและตรงตามวัตถุประสงค์ รวมถีงบันทึกภาพต่างๆเพื่อใช้ในการประชาสัมพันธ์โครงการและกิจกรรมขององค์การบริหารส่วนตำบลดอยหล่อ,2
"เพื่อการถ่ายภาพ ถ่ายทำหรือการแสดงในภาพยนตร์หรือรายการโทรทัศน์,เพื่อการปรับปรุงภาพถ่ายทางอากาศ เพื่อนำมาวิเคราะห์แผนที่ภาษี และสำรวจพื้นที่ทั่วไป",2
เพื่อใช้ในการเรียนการสอน การทำงานวิจัย งานกิจกรรมและโครงการ งานบริการวิชาการ,2
เพื่อสนับสนุนการป้องกันไฟป่า,2
"เพื่อการเล่นเป็นงานอดิเรก ความบันเทิง หรือ เพื่อการกีฬา,เพื่อการถ่ายภาพ ถ่ายทำหรือการแสดงในภาพยนตร์หรือรายการโทรทัศน์,ถ่ายภาพที่ดิน บ้าน อสังหริมทรัพย์ เพื่อทำการซื้อ-ขาย",2
"เพื่อการเล่นเป็นงานอดิเรก ความบันเทิง หรือ เพื่อการกีฬา,เพื่อการถ่ายภาพ ถ่ายทำหรือการแสดงในภาพยนตร์หรือรายการโทรทัศน์,เพื่อถ่ายภาพ ถ่ายวิดีโอ",2
"เพื่อการเล่นเป็นงานอดิเรก ความบันเทิง หรือ เพื่อการกีฬา,เพื่อการถ่ายภาพ ถ่ายทำหรือการแสดงในภาพยนตร์หรือรายการโทรทัศน์,เพื่อสำรวจ ตรวจสอบ ประชาสัมพันธ์ประกอบธุรกิจที่เกี่ยงข้อง",2
"เพื่อการเล่นเป็นงานอดิเรก ความบันเทิง หรือ เพื่อการกีฬา,เพื่อถ่ายภาพ ถ่ายวิดิโอ ลงสื่อโซเชียล",2
เพื่อถ่ายภาพดูความคืบหน้าของงานในโครงการ,2
"เพื่อการเล่นเป็นงานอดิเรก ความบันเทิง หรือ เพื่อการกีฬา,เพื่อการถ่ายภาพ ถ่ายทำหรือการแสดงในภาพยนตร์หรือรายการโทรทัศน์,ถ่ายภาพ ถ่ายวิดีโอ ลงสื่อโซเชี่ยลมีเดีย เช่น Youtube , Facebook, Tiktok ,Etc.",2
Landscape shots,2
สำหรับใช้งานตรวจสอบและบำรุงรักษาระบบไฟฟ้า ภายในพื้นที่อยู่ภายใต้การดูแลของการไฟฟ้าส่วนภูมิภาค เพื่อประสิทธิภาพงานตรวจสอบและบำรุงรักษาระบบไฟฟ้า และเพิ่มความมั่นคงให้แก่ระบบไฟฟ้าของการไฟฟ้าส่วนภูมิภาค,2
"เพื่อการเล่นเป็นงานอดิเรก ความบันเทิง หรือ เพื่อการกีฬา,เพื่อการถ่ายภาพ ถ่ายทำหรือการแสดงในภาพยนตร์หรือรายการโทรทัศน์,เพื่อถ่ายภาพ วิดีโอ ธรรมชาติ สถานที่ ในกิจกรรมท่องเที่ยวของตนเองและครอบครัว",2
ใช้ในราชการทหาร,2
"เพื่อใช้สำรวจตรวจสอบระบบไฟฟ้า, งานสำรวจ/ตรวจสอบ/ออกแบบติดตั้งระบบผลิตพลังงานไฟฟ้าด้วยพลังงานแสงอาทิตย์ และงานอื่นที่เกี่ยวข้อง",2
ใช้สำหรับถ่ายบันทึกโครงสร้าง สภาพภายนอก ของหลังคาบ้าน อาคาร เพื่อ การสำรวจ ติดตั้ง และซ่อมแซม ระบบ Solar Roof,2
เพื่อใช้เป็นสื่อการเรียนการสอนของวิทยาลัย,2
ใช้ถ่ายภาพสำรวจหลังคาเพื่อการติดตั้งโซลาร์,2
เพื่อการใช้สำหรับงานบรรเทาสาธารณภัย,2
"เพื่อการถ่ายภาพ ถ่ายทำหรือการแสดงในภาพยนตร์หรือรายการโทรทัศน์,เพื่อการตรวจสอบแผงโซล่าเซลล์",2
โดรนติดเครื่องส่งยาสลบสัตว์ระยะไกล,2
สำรวจพื้นที่ หรือหลังคา ประกอบการออกแบบติดตั้ง โครงการระบบผลิตไฟฟ้าจากพลังงานแสงอาทิตย์ หรือธุรกิจที่เกี่ยวข้องกับวัตถุประสงค์ของบริษัท,2
เพื่อการตรวจสอบการกระทำผิด-การบุกรุกในโรงงาน,2
"เพื่อสำรวจพื้นที่อาคารสูง,ถนน เพื่อการออกแบบ",2
เพื่อใช้ในการถวายความปลอดภัย การป้องกันประเทศ การรักษาความสงบเรียบร้อยภายในประเทศ,2
เพื่อใช้ ในการเก็บภาพถ่ายการทำงานที่เกี่ยวข้องในการออกสำรวจบันทึกภาพ และวีดีทัศน์เหตุการณ์ต่างๆ,2
สำรวจพื้นที่ เพื่อออกแบบงานติดตั้งโซล่าร์เซลล์,2
สำรวจงานติดตั้งระบบโซลาร์เซลล์,2
"เพื่อการเล่นเป็นงานอดิเรก ความบันเทิง หรือ เพื่อการกีฬา,เพื่อใช้ในงานก่อสร้าง",2
"เพื่อการเล่นเป็นงานอดิเรก ความบันเทิง หรือ เพื่อการกีฬา,เพื่อการถ่ายภาพ ถ่ายทำหรือการแสดงในภาพยนตร์หรือรายการโทรทัศน์,เพื่อถ่ายภาพ วีดีโอ ลงสื่อโซเซียล",2
"เพื่อการถ่ายภาพ ถ่ายทำหรือการแสดงในภาพยนตร์หรือรายการโทรทัศน์,เพื่อสำรวจและติดตามการเปลี่ยนแปลงการใช้ประโยชน์ที่ดิน",2
"เพื่อการเล่นเป็นงานอดิเรก ความบันเทิง หรือ เพื่อการกีฬา,เพื่อการรายงานเหตุการณ์หรือรายงานจราจร (สื่อมวลชน),เพื่อการถ่ายภาพ ถ่ายทำหรือการแสดงในภาพยนตร์หรือรายการโทรทัศน์,เพื่อการวิจัยและพัฒนาอากาศยาน เพื่อการพาณิชย์,เพื่อการเกษตรกรรม,เพื่อการวิจัย ทดลอง ทดสอบ ตามประกาศ กสทช.,เพื่อใช้ในธุรกิจส่วนตัว",2
ถ่ายภาพ วีดีโอ ในโรงงานอุตสาหกรรม,2
ใช้เพื่อการประชาสัมพันธ์ เรียนรู้ ปรับปรุงและพัฒนาบริษัท ตามส่วนงานต่างๆของบริษัท,2
"เพื่อการเล่นเป็นงานอดิเรก ความบันเทิง หรือ เพื่อการกีฬา,เพื่อการถ่ายภาพ ถ่ายทำหรือการแสดงในภาพยนตร์หรือรายการโทรทัศน์,เพื่อใช้ในงานก่อสร้าง",2
"เพื่อการเล่นเป็นงานอดิเรก ความบันเทิง หรือ เพื่อการกีฬา,Family Holiday Photography and Video",2
เพื่อถ่ายภาพระบบจำหน่ายไฟฟ้าและสำรวจเพื่อการติดตั้งระบบ Solarcell,2
"ทำแผนที่, สำรวจ",2
ใช้ในการติดตามในงานออกแบบก่อสร้าง,2
วิเคราะห์สภาพถนนและการจราจร,2
"เพื่อการเล่นเป็นงานอดิเรก ความบันเทิง หรือ เพื่อการกีฬา,เพื่อการถ่ายภาพ ถ่ายทำหรือการแสดงในภาพยนตร์หรือรายการโทรทัศน์,เพื่อถ่ายภาพโครงสร้างหลังคา อาคาร เพื่อการออกแบบและเสนองาน",2
"เพื่อการเล่นเป็นงานอดิเรก ความบันเทิง หรือ เพื่อการกีฬา,เพื่อการถ่ายภาพ ถ่ายทำหรือการแสดงในภาพยนตร์หรือรายการโทรทัศน์,เพื่อถ่ายภาพ ถ่ายวีดิโอ ลงโซเซียล",2
"เพื่อการเล่นเป็นงานอดิเรก ความบันเทิง หรือ เพื่อการกีฬา,เพื่อสำรวจพื้นที่ และสำรวจการจราจร  โดยรอบศูนย์การค้าฯ",2
เพื่อถ่ายทำภาพมุมสูง,2
ใช้เพื่อสนับสนุนภารกิจของสำนักงานทรัพย์สินพระมหากษัตริย์,2
เพื่อใช้ในการเก็บข้อมูลอุบัติทางคมนาคม ของศูนย์ปฏิบัติการความปลอดภัยคมนาคม กระทรวงคมนาคม,2
"เพื่อการเล่นเป็นงานอดิเรก ความบันเทิง หรือ เพื่อการกีฬา,เพื่อการถ่ายภาพ ถ่ายทำหรือการแสดงในภาพยนตร์หรือรายการโทรทัศน์,ถ่ายภาพ ถ่ายวิดิโอ ลงสื่อโซเชียล",2
เพื่อการใช้งานถ่ายภาพอาคารหรือสิ่งปลูกสร้าง,2
"เพื่อการเล่นเป็นงานอดิเรก ความบันเทิง หรือ เพื่อการกีฬา,เพื่อการถ่ายภาพ ถ่ายทำหรือการแสดงในภาพยนตร์หรือรายการโทรทัศน์,เพื่อถ่ายภาพและถ่ายวีดีโอ ลงสื่อโซเชียล",2
"เพื่อการเล่นเป็นงานอดิเรก ความบันเทิง หรือ เพื่อการกีฬา,เพื่อความบันเทิงลงภาพนิ่งและวีดีโอ ใน Social Media",2
"เพื่อการเล่นเป็นงานอดิเรก ความบันเทิง หรือ เพื่อการกีฬา,เพื่อการถ่ายภาพ ถ่ายทำหรือการแสดงในภาพยนตร์หรือรายการโทรทัศน์,บันทึกภาพและวีดีโอลงสื่อโซเชียล",2
"เพื่อการเล่นเป็นงานอดิเรก ความบันเทิง หรือ เพื่อการกีฬา,เพื่อการถ่ายภาพ ถ่ายทำหรือการแสดงในภาพยนตร์หรือรายการโทรทัศน์,เพื่อถ่ายภาพ ถ่ายวีดีโอลงสื่อโซเซียล",2
"เพื่อการเล่นเป็นงานอดิเรก ความบันเทิง หรือ เพื่อการกีฬา,เพื่อการถ่ายภาพ ถ่ายทำหรือการแสดงในภาพยนตร์หรือรายการโทรทัศน์,สำรวจพื้นที่",2
"เพื่อการเล่นเป็นงานอดิเรก ความบันเทิง หรือ เพื่อการกีฬา,family photo archive",2
"เพื่อการเกษตรกรรม,ใช้ในภาคเกษตรเท่านั้น",2
"เพื่อการเล่นเป็นงานอดิเรก ความบันเทิง หรือ เพื่อการกีฬา,เพื่อการถ่ายภาพ ถ่ายทำหรือการแสดงในภาพยนตร์หรือรายการโทรทัศน์,เพื่อถ่ายภาพ ถ่ายวิดีโอ ลงสื่อโซเชียลมีเดีย",2
"เพื่อการเล่นเป็นงานอดิเรก ความบันเทิง หรือ เพื่อการกีฬา,เพื่อการถ่ายภาพ ถ่ายทำหรือการแสดงในภาพยนตร์หรือรายการโทรทัศน์,เพื่อการถ่ายภาพและบันทึกวิดีโอ ลงโซเชียลมีเดีย",2
"เพื่อการเล่นเป็นงานอดิเรก ความบันเทิง หรือ เพื่อการกีฬา,เพื่อการถ่ายภาพ ถ่ายทำหรือการแสดงในภาพยนตร์หรือรายการโทรทัศน์,เพื่อถ่ายภาพนิ่งและภาพเคลื่อนไหว(วิดีโอ)ลงสื่อโซเชียล",2
เพื่อใช้ในการเรียนการสอน ทำงานวิจัย งานกิจกรรมและโครงการ งานบริการวิชาการ,2
"เพื่อการเล่นเป็นงานอดิเรก ความบันเทิง หรือ เพื่อการกีฬา,เพื่อการถ่ายภาพ ถ่ายทำหรือการแสดงในภาพยนตร์หรือรายการโทรทัศน์,เพื่อการถ่ายภาพหลังคาบ้านและนำมาใช้ประกอบการทำงาน",2
เพื่อการตรวจสอบพื้นที่ติดตั้งแผงโซล่าเซลล์,2
เพื่อการตรวจสอบความเป็นฉนวนของโครงสร้างท่อส่งน้ำมัน,2
"เพื่อการถ่ายภาพ ถ่ายทำหรือการแสดงในภาพยนตร์หรือรายการโทรทัศน์,เพื่อใช้ปฏิบัติงานของบริษัท",2
"เพื่อการเล่นเป็นงานอดิเรก ความบันเทิง หรือ เพื่อการกีฬา,เพื่อการถ่ายภาพ ถ่ายทำหรือการแสดงในภาพยนตร์หรือรายการโทรทัศน์,เพื่อนำภาพนิ่งและภาพเคลื่อนไหว ลงสื่อโซเชีนลมีเดีย",2
ถ่ายภาพทำข้อมูลโครงการเก็บProgress Work,2
"เพื่อการเล่นเป็นงานอดิเรก ความบันเทิง หรือ เพื่อการกีฬา,เพื่อการถ่ายภาพ ถ่ายทำหรือการแสดงในภาพยนตร์หรือรายการโทรทัศน์,ถ่ายภาพ ถ่ายวิดีโอ อำนวยความสะดวกในการทำข้อมูลจากมุมสูง เพื่อจัดงานกิจกรรมทางพระพุทธศาสนา",2
เพื่อการสำรวจและทำแผนที่ของเทศบาลตำบลวัดประดู่,2
"เพื่อการเล่นเป็นงานอดิเรก ความบันเทิง หรือ เพื่อการกีฬา,เพื่อการถ่ายภาพ ถ่ายทำหรือการแสดงในภาพยนตร์หรือรายการโทรทัศน์,เพื่อถ่่ายภาพ ถายวีดีโอ ลงสื่อโซเชียล",2
ภารกิจส่งเสริมการเรียนรู้อาชีพด้านป่าไม้แก่ท้องถิ่น ขยายผลการดำเนินงานตามแนวพระราชดำริไปสู่ชุมชน,2
"เพื่อการเล่นเป็นงานอดิเรก ความบันเทิง หรือ เพื่อการกีฬา,รายงานเหตุสาธารณภัย",2
การบินเชิงพาณิชย์,2
ภารกิจในการแก้ไขปัญหาช้างป่าและสัตว์ป่าออกนอกพื้นที่ป่าอนุรักษ์,2
"เพื่อการเล่นเป็นงานอดิเรก ความบันเทิง หรือ เพื่อการกีฬา,เพื่อการถ่ายภาพ ถ่ายทำหรือการแสดงในภาพยนตร์หรือรายการโทรทัศน์,ทำงาน",2
เพื่อการใช้เทคโนโลยีสำรวจ ลาดตระเวน คุ้มครอง ป้องกันและติดตามสถานภาพ ทรัพยากรทางทะเลและชายฝั่ง,2
เพื่อป้องกันสกัดกั้นจับกุมการเตรียมความพร้อมป้องกันและเผชิญเหตุสาธารณะภัย,2
เพื่อใช้ในกิจกรรมของโรงเรียน,2
"เพื่อการถ่ายภาพ ถ่ายทำหรือการแสดงในภาพยนตร์หรือรายการโทรทัศน์,เพื่อถ่ายภาพ ถ่ายวีดีโอ ลงสื่อโซเชียล",2
เพื่อถ่ายภาพโครงการของบริษัท,2
เพื่อรอจำหน่าย,2
"เพื่อการเล่นเป็นงานอดิเรก ความบันเทิง หรือ เพื่อการกีฬา,เพื่อถ่ายภาพ ถ่ายวิดีโอ ลงสื่อโซเซียล",2
"เพื่อการเล่นเป็นงานอดิเรก ความบันเทิง หรือ เพื่อการกีฬา,เพื่อการถ่ายภาพ ถ่ายทำหรือการแสดงในภาพยนตร์หรือรายการโทรทัศน์,ถ่ายภาพเเละวีดีโอลงสื่อโซเชียล",2
"เพื่อการเล่นเป็นงานอดิเรก ความบันเทิง หรือ เพื่อการกีฬา,เพื่อการถ่ายภาพ ถ่ายทำหรือการแสดงในภาพยนตร์หรือรายการโทรทัศน์,เพื่อถ่ายภาพ ถ่ายวีดีโอ ลงซื่อโซเซียล",2
เพื่อการเตรียมความพร้อมสำหรับการป้องกันและบรรเทาสาธารณภัย แก้ไขปัญหาคชภัย หรือภัยอื่นๆ,2
"เพื่อการเกษตรกรรม,เพื่อรอจำหน่าย",2
"เพื่อการเล่นเป็นงานอดิเรก ความบันเทิง หรือ เพื่อการกีฬา,เพื่อการถ่ายภาพ ถ่ายทำหรือการแสดงในภาพยนตร์หรือรายการโทรทัศน์,ถ่ายภาพและวีดีโอลงโซเชียล",2
เพื่อใช้ตรวจสอบสภาพพื้นที่การทำงาน ของบริษัท,2
"เพื่อการวิจัย ทดลอง ทดสอบ ตามประกาศ กสทช.,สำรวจข้อมูลเพื่อการวางแผนและผังเพื่อการพัฒนาเมือง และสอนนักศึกษา",2
ฝึกอบรมผู้ปฏิบัติงานกับระบบอากาศยานไร้คนขับของกองทัพอากาศ และหน่วยงานภายนอกกองทัพอากาศ,2
"เพื่อการเล่นเป็นงานอดิเรก ความบันเทิง หรือ เพื่อการกีฬา,เพื่อการถ่ายภาพ ถ่ายทำหรือการแสดงในภาพยนตร์หรือรายการโทรทัศน์,ใช้งาน บินถ่ายวิว ท่องเที่ยว และ ความบันเทิง",2
ถ่ายภาพและวิดีโอมุมสูง สำหรับใช้ในการผลิตสื่อประชาสัมพันธ์ของมหาวิทยาลัย,2
เพื่อประยุกต์ใช้ในการเรียนการสอนสำรวจทางธรณีวิทยาของระบบนิเวศและแหล่งพลังพลังงาน,2
"เพื่อการถ่ายภาพ ถ่ายทำหรือการแสดงในภาพยนตร์หรือรายการโทรทัศน์,เพื่อใช้ในกิจงานของตน",2
"เพื่อการเล่นเป็นงานอดิเรก ความบันเทิง หรือ เพื่อการกีฬา,เพื่อการถ่ายภาพ ถ่ายทำหรือการแสดงในภาพยนตร์หรือรายการโทรทัศน์,เพื่อถ่าบภาพ ถ่ายวีดีโอ ลงสื่อโซเชียล",2
เพื่อถ่ายภาพมุมสูงในการทำการก่อสร้าง,2
เพื่อใช้ในการสนับสนุนภารกิจเกี่ยวกับการอนุรักษ์ ฟื้นฟู รวมทั้งป้องกันและแก้ไขปัญหาการกัดเซาะชายฝั่ง,2
ทำแผนที่งานสำรวจ,2
เพื่อถ่ายภาพและวิดีโอทางอากาศ  สำหรับโครงการก่อสร้างของบริษัท ยูนิคฯ,2
"เพื่อการวิจัยและพัฒนาอากาศยาน เพื่อการพาณิชย์,เพื่อการเกษตรกรรม,เพื่อการวิจัย ทดลอง ทดสอบ ตามประกาศ กสทช.",2
"เพื่อการถ่ายภาพ ถ่ายทำหรือการแสดงในภาพยนตร์หรือรายการโทรทัศน์,เพื่อการวิจัยและพัฒนาอากาศยาน เพื่อการพาณิชย์,เพื่อตรวจสอบสภาพระบบ",2
ใช้สำหรับปฎิบัติภารกิจหลักของการไฟฟ้า,2
เพื่อใช้ในงานประชาสัมพันธ์งาน ภารกิจ กิจกรรมโครงการต่างๆของเทศบาลเมืองหนองคาย,2
เพื่อจัดทำแผนที่ภาพถ่ายทางอากาศและบริหารจัดการทรัพยากรป่าไม้,2
เพื่อการทำแผนที่และตรวจสอบแผงโซล่าเซลล์,2
เพื่อปฏิบัติตามภารกิจของหน่วยงาน,2
เพื่อใช้สำรวจสภาพการจราจรและเหตุการณ์ต่างๆ บนทางพิเศษ,2
ใช้เพื่อการสำรวจ ทำแผนที่,2
เพื่อการใช้ในงานรักษาความปลอดภัยในเหมือง,2
ใช้ในกิจการบริษัท,2
"เพื่อการถ่ายภาพ ถ่ายทำหรือการแสดงในภาพยนตร์หรือรายการโทรทัศน์,เพื่อการเรียนการสอน งานวิจัย และบริการวิชาการ",2
เพื่อการถ่ายภาพสำรวจ ทำแผนที่ และอื่นๆที่เกี่ยวเนื่อง,2
"เพื่อการวิจัย ทดลอง ทดสอบ ตามประกาศ กสทช.,ใช้เพื่อถ่ายภาพทางอากาศ รองรับการทำงานด้านชลประทาน ของสำนักงานชลประทานที่ 7",2
เพื่อดูความก้าวหน้าของงาน,2
เพื่อใช้ในการจัดการเรียนการสอน,2
"เพื่อการเล่นเป็นงานอดิเรก ความบันเทิง หรือ เพื่อการกีฬา,เพื่อการรายงานเหตุการณ์หรือรายงานจราจร (สื่อมวลชน),เพื่อการถ่ายภาพ ถ่ายทำหรือการแสดงในภาพยนตร์หรือรายการโทรทัศน์,เพื่อการวิจัยและพัฒนาอากาศยาน เพื่อการพาณิชย์,เพื่อการเกษตรกรรม,สนับสนุนงานในหน้าที่ราชการ",2
"เพื่อการเล่นเป็นงานอดิเรก ความบันเทิง หรือ เพื่อการกีฬา,เพื่อการถ่ายภาพ ถ่ายทำหรือการแสดงในภาพยนตร์หรือรายการโทรทัศน์,สนับสนุนป้องกันไฟป่า",2
เพื่อสนับสนุนภารกิจของสถาบันปลูกป่าและระบบนิเวศ ปตท.,2
เพื่อใช้ในกิจการ งานของตน,2
"เพื่อการเล่นเป็นงานอดิเรก ความบันเทิง หรือ เพื่อการกีฬา,เพื่อการถ่ายภาพ ถ่ายทำหรือการแสดงในภาพยนตร์หรือรายการโทรทัศน์,เพื่อการสำรวจป่าและสัตว์ป่า",2
"เพื่อการเล่นเป็นงานอดิเรก ความบันเทิง หรือ เพื่อการกีฬา,เพื่อการถ่ายภาพ ถ่ายทำหรือการแสดงในภาพยนตร์หรือรายการโทรทัศน์,กล้องถ่ายภาพเคลื่อนไหว (กล้องถ่ายวิดีโอ)",2
การรักษาความสงบเรียบร้อยในพื้นที่รับผิดชอบ และฝึกปฏิบัติการทางทหารอื่นๆ,2
ภารกิจเจ้าหน้าที่ตำรวจและสันทนาการ,2
"เพื่อการเล่นเป็นงานอดิเรก ความบันเทิง หรือ เพื่อการกีฬา,เพื่อการรายงานเหตุการณ์หรือรายงานจราจร (สื่อมวลชน),เพื่อการวิจัย ทดลอง ทดสอบ ตามประกาศ กสทช.,เพื่อเพิ่มประสิทธิภาพการคุ้มครองพื้นที่อุทยานแห่งชาติด้วยอากาศยานไร้คนขับ",2
ใช้ในราชการงานตำรวจ,2
เพื่อการขนส่ง,2
"เพื่อการถ่ายภาพ ถ่ายทำหรือการแสดงในภาพยนตร์หรือรายการโทรทัศน์,เพื่อการใช้งานบินสำรวจแปลงอ้อย",2
"เพื่อการวิจัย ทดลอง ทดสอบ ตามประกาศ กสทช.,การเรียนการสอน",2
เพื่อการประชาสัมพันธ์ และการเผยแพร่ข้อมูลข่าวสารของหน่วยงาน,2
เพื่อใช้ในการดำเนินงานของโครงการอนุรักษ์สัตว์ป่า,2
เพื่อใช้ดำเนินงานตรวจสอบระบบไฟฟ้าของการไฟฟ้าส่วนภูมิภาค,2
"เพื่อการเล่นเป็นงานอดิเรก ความบันเทิง หรือ เพื่อการกีฬา,เพื่อการถ่ายภาพ ถ่ายทำหรือการแสดงในภาพยนตร์หรือรายการโทรทัศน์,เพื่อการถ่ายภาพ เพื่อการบินสำรวจทำแผนที่ภาพถ่ายทางอากาศ",2
เพื่อใช้ในภารกิจการคุ้มครองพยาน,2
"เพื่อการเล่นเป็นงานอดิเรก ความบันเทิง หรือ เพื่อการกีฬา,เพื่อการวิจัยและพัฒนาอากาศยาน เพื่อการพาณิชย์,เพื่อการเกษตรกรรม",2
"เพื่อการเล่นเป็นงานอดิเรก ความบันเทิง หรือ เพื่อการกีฬา,เพื่อการถ่ายภาพ ถ่ายทำหรือการแสดงในภาพยนตร์หรือรายการโทรทัศน์,เพื่อถ่ายภาพ ถ่ายวิดิโอ ลงสือโซเซียล",2
เพื่อใช้ในภารกิจของ กฟผ. (โครงการพัฒนาโรงไฟฟ้าพลังน้ำ),2
ภารกิจสำรวจรังวัดการเปลี่ยนแปลงของทรัพยากรป่าไม้และวิเคราะห์การใช้ประโยชน์ที่ดินในพื้นที่ป่าอนุรักษ์,2
"เพื่อการเล่นเป็นงานอดิเรก ความบันเทิง หรือ เพื่อการกีฬา,AERIAL PHOTOGRAPHY",2
"เพื่อการเล่นเป็นงานอดิเรก ความบันเทิง หรือ เพื่อการกีฬา,เพื่อการถ่ายภาพ ถ่ายทำหรือการแสดงในภาพยนตร์หรือรายการโทรทัศน์,งานก่อสร้าง",2
"เพื่อการเล่นเป็นงานอดิเรก ความบันเทิง หรือ เพื่อการกีฬา,กล้องถ่ายภาพนิ่งและภาพเคลื่อนไหว",2
"เพื่อการเล่นเป็นงานอดิเรก ความบันเทิง หรือ เพื่อการกีฬา,เพื่อการถ่ายภาพ ถ่ายทำหรือการแสดงในภาพยนตร์หรือรายการโทรทัศน์,เพื่อการวิจัยและพัฒนาอากาศยาน เพื่อการพาณิชย์,เพื่อตรวจสอบอุปกรณ์หรือโครงสร้างในกระบวนการผลิตบนที่สูง ตรวจสอบอุปกรณ์พลังงาน",2
"เพื่อการถ่ายภาพ ถ่ายทำหรือการแสดงในภาพยนตร์หรือรายการโทรทัศน์,เพื่อใช้ในการเรียนการสอนให้กับนักเรียน นักศึกษา",2
"เพื่อการถ่ายภาพ ถ่ายทำหรือการแสดงในภาพยนตร์หรือรายการโทรทัศน์,เพื่อการวิจัย ทดลอง ทดสอบ ตามประกาศ กสทช.,สำหรับใช้งานถ่ายภาพมุมสูงในงานประชาสัมพันธ์คณะฯ และงานวิจัยของอาจารย์ภายในคณะฯ",2
"เพื่อการเล่นเป็นงานอดิเรก ความบันเทิง หรือ เพื่อการกีฬา,เพื่อการรายงานเหตุการณ์หรือรายงานจราจร (สื่อมวลชน),เพื่อการถ่ายภาพ ถ่ายทำหรือการแสดงในภาพยนตร์หรือรายการโทรทัศน์,เพื่อการวิจัยและพัฒนาอากาศยาน เพื่อการพาณิชย์,เพื่อการวิจัย ทดลอง ทดสอบ ตามประกาศ กสทช.,เพื่อการทดสอบระบบต่อต้านอากาศยานไร้คนขับ",2
"เพื่อการเล่นเป็นงานอดิเรก ความบันเทิง หรือ เพื่อการกีฬา,Recreation,Camera",2
ใช้งานในหน่วยงานราชการ,2
"เพื่อการถ่ายภาพ ถ่ายทำหรือการแสดงในภาพยนตร์หรือรายการโทรทัศน์,เพื่อใช้ในหน่วยงาน",2
"เพื่อการเล่นเป็นงานอดิเรก ความบันเทิง หรือ เพื่อการกีฬา,จัดทำรายงานปริมาณวัตถุดิบประจำเดือน ในพื้นที่กองสต็อค และพื้นอื่นๆที่ได้รับอนุญาตจากเจ้าของพื้นที่",2
"เพื่อการวิจัยและพัฒนาอากาศยาน เพื่อการพาณิชย์,เพื่อใช้ในการทดสอบและพัฒนาระบบซอฟต์แวร์บริหารจัดการระดับองค์กร (Enterprise Software)",2
"เพื่อการเล่นเป็นงานอดิเรก ความบันเทิง หรือ เพื่อการกีฬา,เพื่อการถ่ายภาพ ถ่ายทำหรือการแสดงในภาพยนตร์หรือรายการโทรทัศน์,ใช้ในการทำงานทางทหารเท่านั้น",2
"เพื่อการถ่ายภาพ ถ่ายทำหรือการแสดงในภาพยนตร์หรือรายการโทรทัศน์,ใช้ในโครงการอนุรักษ์สัตว์ป่า",2
"เพื่อการถ่ายภาพ ถ่ายทำหรือการแสดงในภาพยนตร์หรือรายการโทรทัศน์,บินสำรวจงาน",2
"เพื่อการเกษตรกรรม,สำหรับสร้างความแม่นยำในการให้ปุ๋ยหรือสารป้องกันกำจัดศัตรูพืช",2
"เพื่อการเล่นเป็นงานอดิเรก ความบันเทิง หรือ เพื่อการกีฬา,เพื่อการถ่ายภาพ ถ่ายทำหรือการแสดงในภาพยนตร์หรือรายการโทรทัศน์,ถ่าย แปลงข้าว ข้าวโพด สถานีวิจัย",2
เพื่อใช้ถ่ายภาพฝึกทางทหารและงานด้านกิจการพลเรือนของหน่วย กองพลทหารม้าที่ 1,1
ใช้สำหรับถ่ายรูปแปลงที่ดินเกษตร และ อสังหาริมทรัพย์,1
"เพื่อการเล่นเป็นงานอดิเรก ความบันเทิง หรือ เพื่อการกีฬา,เพื่อการถ่ายภาพ ถ่ายทำหรือการแสดงในภาพยนตร์หรือรายการโทรทัศน์,ถ่ายภาพและถ่ายวิดีโองานทั่วไป",1
เพื่อไล่นกพิราบบนหลังคาบ้าน,1
เพื่อเผยแพร่ข้อมูลข่าวสาร,1
เพื่อการถ่ายภาพ ถ่ายทำ อันเกี่ยวเนื่องกับกิจกรรมทางการศึกษา การกัฬา หรือกิจกรรมอื่นๆ,1
เพื่อใช้บริการประชาชน,1
เพื่อใช้ทำแผนที่สำหรับออกแบบอาคารสิ่งปลูกสร้าง,1
อื่นๆ เพื่อประชาสัมพันธ์การท่องเที่ยว,1
ใช้ในการสำรวจพื้นที่และถ่ายภาพโบราณสถานอุทยานประวัติศาสตร์สุโขทัย,1
"เพื่อการเล่นเป็นงานอดิเรก ความบันเทิง หรือ เพื่อการกีฬา,เพื่อการถ่ายภาพ ถ่ายทำหรือการแสดงในภาพยนตร์หรือรายการโทรทัศน์,เพื่อใช้ในสถานประกอบการของบริษัท",1
สำรวจทำแผนที่,1
เพื่อใช้สำรวจในการทำแผนที่,1
เพื่อใช้ในกิจการส่วนตัว,1
"เพื่อการถ่ายภาพ ถ่ายทำหรือการแสดงในภาพยนตร์หรือรายการโทรทัศน์,ใช้ในราชการของสำนักงานประกันสังคม",1
"เพื่อการเล่นเป็นงานอดิเรก ความบันเทิง หรือ เพื่อการกีฬา,เพื่อการรายงานเหตุการณ์หรือรายงานจราจร (สื่อมวลชน),เพื่อการถ่ายภาพ ถ่ายทำหรือการแสดงในภาพยนตร์หรือรายการโทรทัศน์,เพื่อการวิจัยและพัฒนาอากาศยาน เพื่อการพาณิชย์,เพื่อใช้ในการทำคดี",1
"เพื่อการเล่นเป็นงานอดิเรก ความบันเทิง หรือ เพื่อการกีฬา,เพื่อสำรวจโครงสร้างทางวิศวกรรม",1
"เพื่อการเล่นเป็นงานอดิเรก ความบันเทิง หรือ เพื่อการกีฬา,เพื่อการรายงานเหตุการณ์หรือรายงานจราจร (สื่อมวลชน),เพื่อการวิจัยและพัฒนาอากาศยาน เพื่อการพาณิชย์,",1
เพื่อถ่ายภาพผลงานการติดตั้งระบบผลิตไฟฟ้าด้วยเซลล์แสงอาทิตย์,1
เก็บข้อมูลที่ดิน,1
เพื่อการถ่ายภาพนิ่งและวิดีโอกิจกรรมของมหาวิทยาลัย,1
"เพื่อการเล่นเป็นงานอดิเรก ความบันเทิง หรือ เพื่อการกีฬา,เพื่อการรายงานเหตุการณ์หรือรายงานจราจร (สื่อมวลชน),เพื่อการถ่ายภาพ ถ่ายทำหรือการแสดงในภาพยนตร์หรือรายการโทรทัศน์,เพื่อการวิจัยและพัฒนาอากาศยาน เพื่อการพาณิชย์,ใช้ในงานสำรวจติดตามการปลูกพืชเสพติด (ปปส.)",1
เพื่อถ่ายภาพ/วีดีโอภาพในโรงงานและกิจกรรมที่เกี่ยวข้องของบริษัท,1
เพื่อการสำรวจพื้นที่และสร้างแบบจำลองประเภทต่างๆ,1
เพื่อการถ่ายภาพและวิดีโอหรืองานด้านการอสังหาริมทรัพย์,1
"เพื่อสำรวจพื้นที่ในการทำงานโครงการของบริษัทฯและตรวจงานก่อสร้างของบริษัทฯ เช่น งานโครงการหมู่บ้าน,งานอาคารพาณิชย์และคอนโดมิเนียม",1
ใช้สำรวจเพื่อการออกแบบติดตั้งระบบผลิตไฟฟ้าจากพลังงานแสงอาทิตย์,1
"เพื่อการวิจัยและพัฒนาอากาศยาน เพื่อการพาณิชย์,เพื่องานวิจัย",1
"เพื่อการถ่ายภาพ ถ่ายทำหรือการแสดงในภาพยนตร์หรือรายการโทรทัศน์,ใช้ในงานราชการ",1
"เพื่อการฝึกอบรมการบังคับใช้งานอากาศยานไร้คนขับ(UAV),การฝึกอบรมการซ่อมแซม, การบำรุงรักษาอากาศยานไร้คนขับให้กับพนักงานตลอดจนเพื่อการศึกษาและทดลองรูปแบบการให้บริการอากาศยานไร้คนขับ  เพื่อการเกษตรและการศึกษาวิจัยและพัฒนาอากาศยาน",1
เพื่อสำรวจถ่ายภาพและประเมินประสิทธิภาพระบบโซล่าร์,1
เพื่อการบินสนับสนุนการประชาสัมพันธ์ด้านการบริหารจัดการทรัพยากรน้ำ กรมทรัพยากรน้ำ กระทรวงทรัพยากรธรรมชาติและสิ่งแวดล้อม,1
"เพื่อการเล่นเป็นงานอดิเรก ความบันเทิง หรือ เพื่อการกีฬา,รับถ่ายงานภาพนิ่งและวิดีโอ",1
"เพื่อการเล่นเป็นงานอดิเรก ความบันเทิง หรือ เพื่อการกีฬา,เอาไว้สำรวจพื้นที่ในการทำงาน",1
"เพื่อการถ่ายภาพ ถ่ายทำหรือการแสดงในภาพยนตร์หรือรายการโทรทัศน์,เพื่อใช้ในงานโบราณคดี",1
"เพื่อการเล่นเป็นงานอดิเรก ความบันเทิง หรือ เพื่อการกีฬา,เพื่อการรายงานเหตุการณ์หรือรายงานจราจร (สื่อมวลชน),เพื่อการถ่ายภาพ ถ่ายทำหรือการแสดงในภาพยนตร์หรือรายการโทรทัศน์,เพื่อสำรวจ อาคารห้างร้าน, หลังคา ,พื้นที่สูง ,งานซ่อมบำรุง",1
เพื่อบันทึกกิจกรรมภายในโรงเรียน,1
จัดทำข้อมูลแผนภูมิประเทศตามภารกิจสนับสนุนการกำกับดูแลสถานประกอบการอุตสาหกรรมเหมืองแร่,1
เพื่อสำรวจและเก็บข้อมูลทางการเกษตร,1
เพื่อบินสำรวจและถ่ายภาพ,1
เพื่อถ่ายภาพและสำรวจ,1
"เพื่อการเล่นเป็นงานอดิเรก ความบันเทิง หรือ เพื่อการกีฬา,เพื่อการถ่ายภาพ ถ่ายทำหรือการแสดงในภาพยนตร์หรือรายการโทรทัศน์,เพื่อใช้ในการถ่ายภาพ เพื่อวางแผนการติดตั้งอุปกรณ์บนหลังคาบ้านหรืออาคาร",1
"เพื่อการเล่นเป็นงานอดิเรก ความบันเทิง หรือ เพื่อการกีฬา,เพื่อการถ่ายภาพ ถ่ายทำหรือการแสดงในภาพยนตร์หรือรายการโทรทัศน์,เพื่อทำสำรวจภาพถ่ายทางอากาศ",1
เพื่อการสำรวจและจัดทำภาพถ่ายทางอากาศเชิงแผนที่,1
"เพื่อการเล่นเป็นงานอดิเรก ความบันเทิง หรือ เพื่อการกีฬา,เพื่อสืบสวน",1
"เพื่อการเล่นเป็นงานอดิเรก ความบันเทิง หรือ เพื่อการกีฬา,ใช้สำรวจภูมิทัศน์เพื่อปรับปรุงพื้นที่ทำงาน",1
เพื่อเก็บภาพและวิดิโอ เพื่อทำคลิปบันเทิงลงยูทูปในทางที่ดี,1
เพื่อสำรวจสภาพถนนเดิม เพื่อใช้ในการออกแบบก่อสร้างถนนใหม่,1
ใช้ในงานจิตอาสาในการบันทึกภาพและวีดีโอ,1
"เพื่อการเล่นเป็นงานอดิเรก ความบันเทิง หรือ เพื่อการกีฬา,เพื่อการถ่ายภาพ ถ่ายทำหรือการแสดงในภาพยนตร์หรือรายการโทรทัศน์,เพื่อการถ่ายภาพหรือวิดีโอ และกิจกรรมของบริษัทฯ",1
ใช้ในภาระกิจจิตอาสาบันทึกภาพและวีดีโอ,1
ใช้ในภาระกิจจิตอาสาบันทึกภาพและวิดีโอและสืบสวนหาข่าว,1
เพื่อใช้สำรวจพื้นที่งานก่อสร้างของบริษัทฯ,1
เพื่อการถ่ายภาพ ถ่ายทำ สำหรับใช้ในงานบริษัท,1
เพื่อใช้ในการดำเนินงานภายในบริษัท,1
ใช้สำรวจแปลงไม้ยูคา (บริษัท ดับเบิลเอ),1
เพื่อรายงานความคืบหน้าโครงการ กิจการของบริษัท,1
เพื่อสำรวจข้อมูลสำหรับทำแผนที่รายละเอียดสูง,1
"เพื่อการเล่นเป็นงานอดิเรก ความบันเทิง หรือ เพื่อการกีฬา,ถ่ายงานก่อสร้างโครงการบ้านจัดสรร",1
เก็บภาพความก้าวหน้าโครงการขณะบริษัทกำลังดำเนินการก่อสร้าง,1
"เพื่อการเล่นเป็นงานอดิเรก ความบันเทิง หรือ เพื่อการกีฬา,เพื่อสำรวจพื้นที่ของสิ่งแวดล้อมและศิลปกรรม",1
สำรวจโครงสร้างทางวิศวกรรม,1
สนับสนุนการดำเนินในการปฏิบัติงาน ติดตั้ง ตรวจรับงานด้านวิศวกรรมของบริษัท,1
เพื่อใช้ถ่ายภาพงานก่อสร้างประจำสัปดาห์ ประกอบเอกสาร,1
เพื่อการถ่ายภาพ และรายงานเหตุการณ์ในภารกิจของสำนักบริหารพื้นที่อนุรักษ์ที่ 9,1
เพื่อการถ่ายภาพ และรายงานเหตุการณ์ ในภารกิจของสำนักบริหารพื้นที่อนุรักษ์ที่ 9,1
เพื่อการเก็บข้อมูลการทำงาน,1
"เพื่อการรายงานเหตุการณ์หรือรายงานจราจร (สื่อมวลชน),ใช้สำรวจ ถนน,สะพาน,อาคาร เพื่องานก่อสร้างของทางราชการ",1
เพื่อการสำรวจความเสี่ยงภัย สำรวจความเสียหาย และอื่นๆ,1
"เพื่อการถ่ายภาพ ถ่ายทำหรือการแสดงในภาพยนตร์หรือรายการโทรทัศน์,เพื่อการตรวจงาน",1
เพื่อใช้บันทึกกิจกรรมต่างๆของบริษัท,1
"เพื่อการเล่นเป็นงานอดิเรก ความบันเทิง หรือ เพื่อการกีฬา,เพื่อการถ่ายภาพ ถ่ายทำหรือการแสดงในภาพยนตร์หรือรายการโทรทัศน์, ใช้ในกิจกรรมอื่นๆของบริษัท",1
สำรวจสถานที่ ถ่ายภาพมุมสูงโครงการ,1
เพื่อใช้ตรวจสอบความผิดปกติของแผงโซลาร์เซลล์ และอุปกรณ์อื่นๆที่เกี่ยวข้องในการผลิตกระแสไฟฟ้าภายใต้โครงการของ บริษัทฯ,1
"เพื่อการเล่นเป็นงานอดิเรก ความบันเทิง หรือ เพื่อการกีฬา,YOUTUBE TRAVEL BLOGGER",1
เพื่อเผยแพร่ข้อมูลสารสนเทศทางด้านภาพ เสียง มัลติมีเดียและสื่อใหม่ของการเรียนการสอน การเรียนรู้ และกิจกรรมต่างๆของมหาวิทยาลัย,1
"เพื่อการเล่นเป็นงานอดิเรก ความบันเทิง หรือ เพื่อการกีฬา,เพื่อการถ่ายภาพความเสียหายของทางและไหล่ทางในงานทางหลวง",1
"เพื่อการเล่นเป็นงานอดิเรก ความบันเทิง หรือ เพื่อการกีฬา,ดูผลผลิตทางการเกษตร",1
ใช้ในการตรวจสอบระบบไฟฟ้าตามภารกิจของการไฟฟ้าส่วนภูมิภาค,1
เพื่อปฏิบัติงานตรวจสอบความปลอดภัยในโรงงาน,1
ถ่ายภาพทำแผนที่,1
"เพื่อการถ่ายภาพ ถ่ายทำหรือการแสดงในภาพยนตร์หรือรายการโทรทัศน์,เพื่อการทำงาน Production House",1
ใช้เพื่อบินตรวจสอบแผงโซล่าห์เซลล์บนหลังคาโรงงาน,1
เพื่องานศึกษาและออกแบบทางวิศวกรรมแหล่งน้ำ และวิศวกรรมโยธา,1
"เพื่อการเล่นเป็นงานอดิเรก ความบันเทิง หรือ เพื่อการกีฬา,เพื่อการถ่ายภาพ ถ่ายทำหรือการแสดงในภาพยนตร์หรือรายการโทรทัศน์,เพื่อตรวจสอบอุปกรณ์ระบบไฟฟ้ของ กฟภ.",1
"เพื่อการเล่นเป็นงานอดิเรก ความบันเทิง หรือ เพื่อการกีฬา,เพื่อการถ่ายภาพ ถ่ายทำหรือการแสดงในภาพยนตร์หรือรายการโทรทัศน์,Rocreation and sport",1
เพื่อการศึกษาและวิจัยด้าน IOT ของมหาวิทยาลัยและการศึกษาวิจัยอื่นๆ,1
"เพื่อการเล่นเป็นงานอดิเรก ความบันเทิง หรือ เพื่อการกีฬา,เพื่อถ่ายภาพท่องเที่ยว",1
"เพื่อการถ่ายภาพ ถ่ายทำหรือการแสดงในภาพยนตร์หรือรายการโทรทัศน์,เพื่อการวิจัยและพัฒนาอากาศยาน เพื่อการพาณิชย์,เพื่อใช้ตรวจสอบอุปกรณ์บนที่สูง",1
"เพื่อการถ่ายภาพ ถ่ายทำหรือการแสดงในภาพยนตร์หรือรายการโทรทัศน์,เพื่อการวิจัยและพัฒนาอากาศยาน เพื่อการพาณิชย์,เพื่อตรวจสอบอุปกรณ์การผลิตบนที่สูง",1
สำรวจอาคาร เพื่อทำโซล่าร์รูฟท็อป,1
"เพื่อการเล่นเป็นงานอดิเรก ความบันเทิง หรือ เพื่อการกีฬา,เพื่อการถ่ายภาพ ถ่ายทำหรือการแสดงในภาพยนตร์หรือรายการโทรทัศน์,ถ่ายภาพงานก่อสร้าง",1
เพื่อสำรวจทำแผนที่ทางวิศวกรรม,1
ถ่ายภาพทำแผนผังกิจกรรมต่างๆ,1
เพื่ือการเกษตร,1
เพื่อการสันทนาการทั่วไป,1
ใช้สำรวจเพื่อการก่อสร้าง,1
เพื่อการสำรวจพื้นที่ทำระบบป้องกันฟ้าผ่า,1
เพื่อบันทึกภาพความก้าวหน้าในโครงการก่อสร้างของบริษัท,1
"เพื่อการเล่นเป็นงานอดิเรก ความบันเทิง หรือ เพื่อการกีฬา,เพื่อการถ่ายภาพ ถ่ายทำหรือการแสดงในภาพยนต์หรือรายการโทรทัศน์",1
้เพื่อการเกษตร,1
เพื่อใช้ภายในกิจการของบริษัทฯ,1
ใช้ประกอบการแสดงแปรอักษร-สื่่อผสม-มัลติมีเดีย,1
เพื่อประกอบธุรกิจ,1
"เพื่อการเล่นเป็นงานอดิเรก ความบันเทิง หรือ เพื่อการกีฬา,ใช้ในงานทางราชการ",1
เพื่อถ่ายภาพสำรวจพื้นที่อาคาร,1
"เพื่อการวิจัยและพัฒนาอากาศยาน เพื่อการพาณิชย์,เพื่อใช้ในการสำรวจ และทำประกอบรายงาน",1
"เพื่อการวิจัยและพัฒนาอากาศยาน เพื่อการพาณิชย์,เพื่อบันทึกภาพการดำเนินงานของบริษัท",1
"เพื่อการวิจัยและพัฒนาอากาศยาน เพื่อการพาณิชย์,เพื่องานสำรวจและถ่ายภาพ/ประกอบรายงาน",1
"เพื่อการถ่ายภาพ ถ่ายทำหรือการแสดงในภาพยนตร์หรือรายการโทรทัศน์,เพื่อการสำรวจพรรณไม้",1
"เพื่อการเล่นเป็นงานอดิเรก ความบันเทิง หรือ เพื่อการกีฬา,ใช้ข้อมูลราชการ",1
เพื่อใช้งานตรวจสอบแนวสายไฟส่งไฟฟ้าแรงสูง แผงโซลาร์เซลล์ (Solar Panel) กังหันลม (Wind Turbine) ลานไกไฟฟ้าในโรงไฟฟ้าและสถานีไฟฟ้าแรงสูง,1
งานสำรวจพื้นที่ทำระบบป้องกันฟ้าผ่า,1
Family Photo Short,1
เพื่อสำรวจสายไฟฟ้าและเสาไฟฟ้า,1
"เพื่อการถ่ายภาพ ถ่ายทำหรือการแสดงในภาพยนตร์หรือรายการโทรทัศน์,เพื่อการใช้ตรวจงาน",1
"เพื่อการถ่ายภาพ ถ่ายทำหรือการแสดงในภาพยนตร์หรือรายการโทรทัศน์,เพื่อการถ่ายตรวจงาน",1
"เพื่อการเล่นเป็นงานอดิเรก ความบันเทิง หรือ เพื่อการกีฬา,ใช้เพื่อการถ่ายภาพส่วนตัว",1
เพื่อเป็นการถ่ายภาพทางอากาศ,1
รายงานพื้นที่การทำงานก่อสร้าง,1
"เพื่อการวิจัยและพัฒนาอากาศยาน เพื่อการพาณิชย์,พัฒนาพื้นที่โดยรอบของบริษัท",1
"เพื่อการวิจัยและพัฒนาอากาศยาน เพื่อการพาณิชย์,เพื่อการถายภาพ ใช้ส่งมอบงาน และทำแผนการตลาด",1
ถ่ายภาพมุมสูงเพื่อประกอบการจัดการภายในหน่วยงานก่อสร้าง,1
"เพื่อการเล่นเป็นงานอดิเรก ความบันเทิง หรือ เพื่อการกีฬา,เพื่อการถ่ายภาพ ถ่ายทำหรือการแสดงในภาพยนตร์หรือรายการโทรทัศน์,เพื่อการบันทึกภาพประกอบการทำรายงานความคืบหน้าโครงการก่อสร้าง",1
ใช้ในภารกิจที่เกี่ยวข้องกับ สทอภ.,1
"เพื่อการเล่นเป็นงานอดิเรก ความบันเทิง หรือ เพื่อการกีฬา,เพื่อการถ่ายภาพ ถ่ายทำหรือการแสดงในภาพยนตร์หรือรายการโทรทัศน์,ใช้ในงานของเทศบาล",1
"เพื่อการถ่ายภาพ ถ่ายทำหรือการแสดงในภาพยนตร์หรือรายการโทรทัศน์,ถ่ายทำสินค้าและบริการ",1
"เพื่อการเล่นเป็นงานอดิเรก ความบันเทิง หรือ เพื่อการกีฬา,ถ่ายภาพกิจกรรมให้กับโรงเรียน",1
"เพื่อการเล่นเป็นงานอดิเรก ความบันเทิง หรือ เพื่อการกีฬา,เพื่อใช้ถ่ายภาพ ภายในองค์กร",1
"เพื่อการถ่ายภาพ ถ่ายทำหรือการแสดงในภาพยนตร์หรือรายการโทรทัศน์,เพื่อตรวจเส้นทางเดิน กรณีออกธุดงควัตร",1
"เพื่อการเล่นเป็นงานอดิเรก ความบันเทิง หรือ เพื่อการกีฬา,สนับสนุนการทำงานของอุทยานแห่งชาติ",1
"เพื่อการเล่นเป็นงานอดิเรก ความบันเทิง หรือ เพื่อการกีฬา,เพื่อการถ่ายภาพ ถ่ายทำหรือการแสดงในภาพยนตร์หรือรายการโทรทัศน์,เพื่อถ่ายภาพงานหลังคาบ้าน อาคารและงานก่อสร้าง",1
"เพื่อการเล่นเป็นงานอดิเรก ความบันเทิง หรือ เพื่อการกีฬา,เพื่อถ่ายภาพสถานที่ท่องเที่ยวต่างๆ",1
"เพื่อการเล่นเป็นงานอดิเรก ความบันเทิง หรือ เพื่อการกีฬา,เพื่อถ่ายภาพและวิดีโอ ครอบครัว,เพื่อนๆ",1
"เพื่อการถ่ายภาพ ถ่ายทำหรือการแสดงในภาพยนตร์หรือรายการโทรทัศน์,ถ่ายภาพ และวิดิโอ",1
"เพื่อการเล่นเป็นงานอดิเรก ความบันเทิง หรือ เพื่อการกีฬา,เพื่อการรายงานเหตุการณ์หรือรายงานจราจร (สื่อมวลชน),เพื่อการถ่ายภาพ ถ่ายทำหรือการแสดงในภาพยนตร์หรือรายการโทรทัศน์,ใช้ประกอบการประชาสัมพันธ์",1
เพื่อการถ่ายภาพจัดเก็บผลงานของบริษัท,1
"เพื่อการวิจัยและพัฒนาอากาศยาน เพื่อการพาณิชย์,ทำแผนที่โดยใช้โดรนบินสำรวจ",1
"เพื่อการเล่นเป็นงานอดิเรก ความบันเทิง หรือ เพื่อการกีฬา,ทำการค้าขายลง SOCIAL MEDIA",1
"เพื่อการเล่นเป็นงานอดิเรก ความบันเทิง หรือ เพื่อการกีฬา,ใช้ในราชการตำรวจ เพื่อการประชาสัมพันธ์หน่วยงาน",1
"เพื่อการเล่นเป็นงานอดิเรก ความบันเทิง หรือ เพื่อการกีฬา,เพื่อสำรวจความก้าวหน้างานก่อสร้าง",1
"เพื่อการเล่นเป็นงานอดิเรก ความบันเทิง หรือ เพื่อการกีฬา,เพื่อการรายงานเหตุการณ์หรือรายงานจราจร (สื่อมวลชน),สื่่อประชาสัมพันธ์",1
"เพื่อการเล่นเป็นงานอดิเรก ความบันเทิง หรือ เพื่อการกีฬา,เพื่อการถ่ายภาพ ถ่ายทำหรือการแสดงในภาพยนตร์หรือรายการโทรทัศน์,เพื่อการสำรวจปริมาณจราและงานก่อสร้างถนน",1
"เพื่อการเล่นเป็นงานอดิเรก ความบันเทิง หรือ เพื่อการกีฬา,ใช้ในกิจการดำเนินงานของบริษัทฯ",1
เพื่อถ่ายภาพอาคาร,1
"เพื่อการเล่นเป็นงานอดิเรก ความบันเทิง หรือ เพื่อการกีฬา,เพื่อใชในการถ่ายภาพ ถ่ายวิดิโอ โครงการก่อสร้างต่างๆของบริษัท",1
"เพื่อการเล่นเป็นงานอดิเรก ความบันเทิง หรือ เพื่อการกีฬา,เพื่อการถ่ายภาพ ถ่ายทำหรือการแสดงในภาพยนตร์หรือรายการโทรทัศน์,เพื่อถ่ายภาพรายงานความก้าวหน้าโครงการก่อสร้าง",1
"เพื่อการเล่นเป็นงานอดิเรก ความบันเทิง หรือ เพื่อการกีฬา,เพื่อตรวจความเรียบร้อยสวนของตัวเอง",1
ถ่ายภาพนิ่งและภาพเคลื่อนไหว เพื่อประชาสัมพันธ์ผลงานและสินค้า,1
เพื่อทำการเผยแพร่กิจกรรมภายในศูนย์การค้า,1
"เพื่อการถ่ายภาพ ถ่ายทำหรือการแสดงในภาพยนตร์หรือรายการโทรทัศน์,เพื่อถ่ายภาพและวิดีโอเพื่อส่งเสริมการขาย",1
"เพื่อการเล่นเป็นงานอดิเรก ความบันเทิง หรือ เพื่อการกีฬา,เพื่อการรายงานเหตุการณ์หรือรายงานจราจร (สื่อมวลชน),เพื่อการถ่ายภาพ ถ่ายทำหรือการแสดงในภาพยนตร์หรือรายการโทรทัศน์,เพื่อการวิจัยและพัฒนาอากาศยาน เพื่อการพาณิชย์,เพื่อการถ่ายภาพและวีดีโอ ลงยูทูป",1
"เพื่อการเล่นเป็นงานอดิเรก ความบันเทิง หรือ เพื่อการกีฬา,เพื่อการเกษตรในพื้นที่เฉพาะซึ่งตนเองมีสิทธิ์ในการใช้ประโยชน์",1
"เพื่อการเล่นเป็นงานอดิเรก ความบันเทิง หรือ เพื่อการกีฬา,เพื่อการถ่ายภาพ ถ่ายทำหรือการแสดงในภาพยนตร์หรือรายการโทรทัศน์,การทำผังบริเวณ และแผนที่",1
"เก็บภาพการก่อสร้างถนน,สะพาน",1
ถ่ายภาพผลงานติดตั้งของบริษัท,1
ถ่ายงานก่อสร้างบริษัท,1
"เพื่อการถ่ายภาพ ถ่ายทำหรือการแสดงในภาพยนตร์หรือรายการโทรทัศน์,กิจกรรมการเรียนการสอน",1
เพื่อศึกษาวิจัยการตรวจสอบโครงสร้างวิศวกรรมโยธา,1
เพื่อศึกาา วิจัยการตรวจสอบโครงสร้างวิศวกรรมโยธา,1
"เพื่อการถ่ายภาพ ถ่ายทำหรือการแสดงในภาพยนตร์หรือรายการโทรทัศน์,เพื่อประกอบการเรียนการสอน และงานสนามด้านภูมิสารสนเทศ",1
"เพื่อการเล่นเป็นงานอดิเรก ความบันเทิง หรือ เพื่อการกีฬา,เพื่อการถ่ายภาพ ถ่ายทำหรือการแสดงในภาพยนตร์หรือรายการโทรทัศน์,เพื่อท่องเที่ยว",1
"เพื่อการถ่ายภาพ ถ่ายทำหรือการแสดงในภาพยนตร์หรือรายการโทรทัศน์,เพื่อการวิจัยและพัฒนาอากาศยาน เพื่อการพาณิชย์,เพื่อการถ่ายภาพสำหรับการโปรโมทโรงแรม",1
เพื่อการศึกษาภูมิประเทศตามสถานที่ต่างๆ,1
เพื่อใช้ตรวจสอบแผงโซลาร์เซลล์ (Solar Rooftop),1
เพื่อการถ่ายภาพหรือการสำรวจภายใต้ขอบเขตการดำเนินธุรกิจของบริษัทฯ,1
"เพื่อการเล่นเป็นงานอดิเรก ความบันเทิง หรือ เพื่อการกีฬา,เพื่อการถ่ายภาพ ถ่ายทำหรือการแสดงในภาพยนตร์หรือรายการโทรทัศน์,เพื่อสำรวจพื้นที่ดินบริเวณโดยรอบก่อนเริ่มการออกแบบสถาปัตยกรรม",1
"เพื่อการวิจัยและพัฒนาอากาศยาน เพื่อการพาณิชย์,ถ่ายภาพโครงการและงานอื่นๆในบริษัท",1
"เพื่อการถ่ายภาพ ถ่ายทำหรือการแสดงในภาพยนตร์หรือรายการโทรทัศน์,ใช้ทำแผนที่สามมิติ ถ่ายภาพมุมสูง",1
ใช้เพื่อเป็นสื่อการเรียนการสอน,1
"เพื่อการถ่ายภาพ ถ่ายทำหรือการแสดงในภาพยนตร์หรือรายการโทรทัศน์,เป็นสื่อจัดการเรียนรู้",1
"เพื่อการเล่นเป็นงานอดิเรก ความบันเทิง หรือ เพื่อการกีฬา,เพื่อการเกษตรและงานวิจัยด้านการเกษตร",1
"เพื่อการเล่นเป็นงานอดิเรก ความบันเทิง หรือ เพื่อการกีฬา,สำรวจข้อมูลระบบสาธารณูปโภค หนองน้ำในเขตพื้นที่ที่รับผิดชอบในงานช่าง ในเขต ตำบลหนองเมือง อำเภอม่วงสามสิบ จังหวัดอุบลราชธานี",1
เพื่อสำรวจสภาพปัญหาต่างๆในพืชที่ส่งเสริมการปลูกอ้อย,1
"เพื่อการถ่ายภาพ ถ่ายทำหรือการแสดงในภาพยนตร์หรือรายการโทรทัศน์,เพื่อถ่ายภาพและวิดีโอเพื่องานแผนที่และแบบจำลอง",1
เพื่อใช้สำรวจพื้นที่การทำเหมืองหินปูน,1
เพื่อสำรวจ แผนที่ภาษีที่ดินและสิ่งก่อสร้าง,1
"เพื่อการเล่นเป็นงานอดิเรก ความบันเทิง หรือ เพื่อการกีฬา,ถ่ายภาพ ทำแผนที่",1
ปฎิบัติการพิเศษของกองบัชการตำรวจนครบาล สำนักงานตำรวจแห่งชาติ,1
"เพื่อการเล่นเป็นงานอดิเรก ความบันเทิง หรือ เพื่อการกีฬา,ใช้ในการทำงาน-ถ่ายรูปหน้างาน",1
เพื่อตรวจสอบซ่อมบำรุงหลังคา และถ่ายรูป,1
ถ่ายรีวิวเพื่อโปรโมทสถานที่ท่องเที่ยวงหวดภูเก็ต,1
"เพื่อการเล่นเป็นงานอดิเรก ความบันเทิง หรือ เพื่อการกีฬา,เพื่อการวิจัยและพัฒนาอากาศยาน เพื่อการพาณิชย์,เพื่อใช้สำรวจและตรวจสอบอุปกรณ์บนที่สูง",1
"เพื่อการเล่นเป็นงานอดิเรก ความบันเทิง หรือ เพื่อการกีฬา,เพื่อทำเพจท่องเที่ยว, รับงาน",1
"เพื่อการเล่นเป็นงานอดิเรก ความบันเทิง หรือ เพื่อการกีฬา,เพื่อการถ่ายภาพ ถ่ายทำหรือการแสดงในภาพยนตร์หรือรายการโทรทัศน์,ใช้ถ่ายภาพกิจกรรมต่างๆในสถานศึกษา",1
"เพื่อการเล่นเป็นงานอดิเรก ความบันเทิง หรือ เพื่อการกีฬา,เพื่อใช้ถ่ายภาพให้โรงเรียน",1
การจัดการเรียนการสอน,1
เก็บข้อมูลและถ่ายภาพทางอากาศ,1
"เพื่อการเล่นเป็นงานอดิเรก ความบันเทิง หรือ เพื่อการกีฬา,สำรวจสภาพภูมิประเทศของพื้นที่ออกแบบ",1
"เพื่อการเล่นเป็นงานอดิเรก ความบันเทิง หรือ เพื่อการกีฬา,เพื่อการถ่ายภาพ ถ่ายทำหรือการแสดงในภาพยนตร์หรือรายการโทรทัศน์,ถ่ายภาพพื้นที่ทำงานของบริษัท",1
เพื่อควบคุมการบินจากภายนอกบินถ่ายรูป ถ่ายภาพ,1
"เพื่อการเล่นเป็นงานอดิเรก ความบันเทิง หรือ เพื่อการกีฬา,สำรวจทรัพยากรชายฝั่งทะเล และการเรียน การสอน",1
"เพื่อการเล่นเป็นงานอดิเรก ความบันเทิง หรือ เพื่อการกีฬา,ถ่ายภาพนิ่งมุมสูงที่สวนตนเอง",1
สำรวจพื้นที่ทำงาน,1
"เพื่อการเล่นเป็นงานอดิเรก ความบันเทิง หรือ เพื่อการกีฬา,เก็บข้อมูลงานถ่ายภาพทางอากาศเพื่อใช้ในงานวิจัยระดับปริญาโท",1
"เพื่อการเล่นเป็นงานอดิเรก ความบันเทิง หรือ เพื่อการกีฬา,เพื่อการถ่ายภาพ ถ่ายทำหรือการแสดงในภาพยนตร์หรือรายการโทรทัศน์,ใช้บินเพือถ่ายภาพผลไม้ในสวนเพื่อตรวจสอบคุณภาพผลผลิต",1
ใช้ในกิจการงานของการไฟฟ้าส่วนภูมิภาค,1
"เพื่อการถ่ายภาพ ถ่ายทำหรือการแสดงในภาพยนตร์หรือรายการโทรทัศน์,เพื่อการศึกษาและการเรียนการสอน",1
"เพื่อการเล่นเป็นงานอดิเรก ความบันเทิง หรือ เพื่อการกีฬา,เครื่องไฟเเละสวน",1
สำรวจที่ดินเพื่อการออกแบบวางผังโครงการทางสถาปัตยกรรม,1
เพื่อบันทึกภาพเคลื่อนไหว และภาพนิ่งในพื้นที่ทำงาน,1
ถ่ายภาพกิจกรรมต่างๆของหน่วยงาน,1
"เพื่อการเล่นเป็นงานอดิเรก ความบันเทิง หรือ เพื่อการกีฬา,ใช้ประกอบการทำงานก่อสร้างโครงการภาครัฐและเอกชน",1
เพื่อสำรวจพื้นที่ตั้งและตรวจสอบเสาสัญญาณ,1
ใช้ในภารกิจงานการไฟฟ้าฝ่ายผลิตแห่งประเทศไทย (กฟผ.) เขื่อนรัชชประภา,1
"เพื่อการเล่นเป็นงานอดิเรก ความบันเทิง หรือ เพื่อการกีฬา,เพิ่อใช้ประโยชน์ในภารกิจของกรมอุทยานฯด้านการอนุรักษ์และป้องกันป่าไม้",1
เพื่อบินสำรวจพื้นที่เหมืองแร่,1
เพื่อการถ่ายภาพ ไว้รายงานหรือสำรวจพื้นที่การก่อสร้าง,1
"เพื่อการวิจัยและพัฒนาอากาศยาน เพื่อการพาณิชย์,เพื่อถ่ายที่ดินบริษัท",1
ใช้ในงานติดตั้งระบบผลิตไฟฟ้าพลังงานแสงอาทิตย์,1
เพื่อใช้ในงานของมูลนิธิเพื่อสุนัขในซอย (ถ่ายทำเกี่ยวกับน้องหมาและน้องแมวภายในมูลนิธิ),1
สำรวจงานติดตั้ง และวัดสัญญาณของระบบโทรศัพท์เคลื่อนที่,1
"เพื่อการเล่นเป็นงานอดิเรก ความบันเทิง หรือ เพื่อการกีฬา,ถ่ายภาพงานที่ดำเนินการของอาชีพที่ทำอยู่ (งานก่อสร้าง)",1
"เพื่อการเล่นเป็นงานอดิเรก ความบันเทิง หรือ เพื่อการกีฬา,บันทึกภาพกิจกรรมทางศาสนา",1
"เพื่อการเล่นเป็นงานอดิเรก ความบันเทิง หรือ เพื่อการกีฬา,ใช้ในการปฏิบัติหน้าที่",1
"เพื่อการเล่นเป็นงานอดิเรก ความบันเทิง หรือ เพื่อการกีฬา,เพื่อการรายงานเหตุการณ์หรือรายงานจราจร (สื่อมวลชน),เพื่อการถ่ายภาพ ถ่ายทำหรือการแสดงในภาพยนตร์หรือรายการโทรทัศน์,เพื่อถ่ายภาพ วีดีโอ บริเวณโครงการก่อสร้าง",1
"เพื่อการเล่นเป็นงานอดิเรก ความบันเทิง หรือ เพื่อการกีฬา,ใช้ประโยชน์เสริมทางราชการ",1
"เพื่อการเล่นเป็นงานอดิเรก ความบันเทิง หรือ เพื่อการกีฬา,เพืีอใช้ในกิจการ(สำรวจกิจกรรมท่องเที่ยวทางน้ำ)",1
"เพื่อการเล่นเป็นงานอดิเรก ความบันเทิง หรือ เพื่อการกีฬา,เพื่อเก็บข้อมูลภาพนิ่งและวิดีทัศน์ ขณะก่อสร้างอาคาร",1
"เพื่อการเล่นเป็นงานอดิเรก ความบันเทิง หรือ เพื่อการกีฬา,ใช้ในกิจการรับเหมาก่อสร้าง",1
"เพื่อการเล่นเป็นงานอดิเรก ความบันเทิง หรือ เพื่อการกีฬา,เพื่อเก็บข้อมูลสำหรับออกแบบงานก่อสร้าง",1
เพื่อถ่ายภาพ บันทึกการทำงานของแผงโซล่าร์เซลล์,1
ใช้ภาพถ่ายเพื่อประกอบเล่มรายงาน,1
ถ่ายภาพการก่อสร้าง และบันทึกกิจกรรมทางศาสนา,1
"เพื่อการเล่นเป็นงานอดิเรก ความบันเทิง หรือ เพื่อการกีฬา,เพื่อถ่ายความคืบหน้าของโครงการ",1
"เพื่อการถ่ายภาพ ถ่ายทำหรือการแสดงในภาพยนตร์หรือรายการโทรทัศน์,เพื่อใช้ในการศึกษา และงานกิจกรรมของมหาวิทยาลัย",1
"เพื่อการเล่นเป็นงานอดิเรก ความบันเทิง หรือ เพื่อการกีฬา,ใช้ช่วยเหลืองานอาสากู้ชีพ",1
"เพื่อการเล่นเป็นงานอดิเรก ความบันเทิง หรือ เพื่อการกีฬา,เพื่อการถ่ายภาพ ถ่ายทำหรือการแสดงในภาพยนตร์หรือรายการโทรทัศน์,ใช้ประกอบการเรียนการสอน",1
"เพื่อการเล่นเป็นงานอดิเรก ความบันเทิง หรือ เพื่อการกีฬา,วิเคราะห์โครงการก่อสร้าง",1
"เพื่อการถ่ายภาพ ถ่ายทำหรือการแสดงในภาพยนตร์หรือรายการโทรทัศน์,ถ่ายภาพผลงานและตรวจสอบความเรียบร้อยมุมสูง",1
ใช้ถ่ายภาพงานก่อสร้าง,1
"เพื่อการเล่นเป็นงานอดิเรก ความบันเทิง หรือ เพื่อการกีฬา,เพื่อการถ่ายภาพ ถ่ายทำหรือการแสดงในภาพยนตร์หรือรายการโทรทัศน์,ใช้ในโครงการวิจัย",1
"เพื่อการเล่นเป็นงานอดิเรก ความบันเทิง หรือ เพื่อการกีฬา,ใช้ถ่ายภาพอาคารสำหรับติดตั้งลิฟต์และบันไดเลื่อน",1
"เพื่อการเล่นเป็นงานอดิเรก ความบันเทิง หรือ เพื่อการกีฬา,เพื่อการถ่ายภาพ ถ่ายทำหรือการแสดงในภาพยนตร์หรือรายการโทรทัศน์,สื่อการเรียนการสอน",1
เพื่อการศึกษาและกิจการของสถาบัน,1
เพื่อใช้ถ่ายภาพในพื้นที่ปฏิบัติงาน,1
เพื่อติดตามโครงการบรรเทาอุทกภัยเมืองนครศรีธรรมราช,1
"เพื่อการถ่ายภาพ ถ่ายทำหรือการแสดงในภาพยนตร์หรือรายการโทรทัศน์,เพื่อถ่ายตรวจงาน",1
"เพื่อการเล่นเป็นงานอดิเรก ความบันเทิง หรือ เพื่อการกีฬา,เพื่อการถ่ายภาพ ถ่ายทำหรือการแสดงในภาพยนตร์หรือรายการโทรทัศน์,เพื่อการวิจัยและพัฒนาอากาศยาน เพื่อการพาณิชย์,เพื่อการสำรวจทางวิศวกรรม",1
"เพื่อการเล่นเป็นงานอดิเรก ความบันเทิง หรือ เพื่อการกีฬา,เพื่อใช้ตรวจภาพโบราณสถานและนำมาจัดทำรูปแบบเพื่อบูรณะ",1
เพื่อใช้ในการสำรวจพื้นที่,1
"เพื่อการเล่นเป็นงานอดิเรก ความบันเทิง หรือ เพื่อการกีฬา,เพื่อการถ่ายภาพ ถ่ายทำหรือการแสดงในภาพยนตร์หรือรายการโทรทัศน์,ถ่ายภาพพื้นที่เกษตรของตนเอง",1
เพื่อถ่ายภาพหน้างานตัวเอง ถ่ายรูปบินสำรวจงาน,1
ถ่ายสำรวจพื่นที่,1
"เพื่อการเล่นเป็นงานอดิเรก ความบันเทิง หรือ เพื่อการกีฬา,เพื่อการถ่ายภาพ ถ่ายทำหรือการแสดงในภาพยนตร์หรือรายการโทรทัศน์,นำเสนอโปรไฟล์ผลงาน",1
ใช้ฉีดพ่นของเหลวทางการเกษตร,1
"เพื่อการเล่นเป็นงานอดิเรก ความบันเทิง หรือ เพื่อการกีฬา,สำรวจสภาพป่า",1
เพื่อใช้สำรวจงาน 115 KV 22-23 KV ของการไฟฟ้าและใช้ในภารกิจของการไฟฟ้าส่วนภูมิภาค,1
ใช้ประกอบการออกแบบและติดตั้งระบบส่งน้ำ ระบบสปริงเกอร์,1
"เพื่อการเล่นเป็นงานอดิเรก ความบันเทิง หรือ เพื่อการกีฬา,ตรวจสอบงานก่อสร้างอาคาร",1
"ถังบรรจุสารน้ำ, กล้องถ่ายภาพ, แบตเตอรี่, วิทยุบังคับ",1
"เพื่อการเล่นเป็นงานอดิเรก ความบันเทิง หรือ เพื่อการกีฬา,ใช้ในการประกอบการปฏิบัติงาน",1
ใช้เป็นเครื่องมือประกอบการทำงาน,1
เพื่อการถ่ายภาพและวีดีโอ stoch photo ส่งขายตามเวปไซต์,1
เพื่อใช้ในการรักษาความปลอดภัยบริเวณอาคารโรงงาน ฯ,1
"เพื่อการเล่นเป็นงานอดิเรก ความบันเทิง หรือ เพื่อการกีฬา,เพื่อโปรโมทการท่องเที่ยวจังหวัดลำปางด้วยภาพเคลื่อนไหว",1
"เพื่อการเล่นเป็นงานอดิเรก ความบันเทิง หรือ เพื่อการกีฬา,ถ่ายงานที่ดินโรงงานและคลังสินค้า",1
"เพื่อการเล่นเป็นงานอดิเรก ความบันเทิง หรือ เพื่อการกีฬา,เพื่อวิเคราะห์พื้นที่รับผิดชอบในป่าอนุรักษ์",1
"เพื่อการเล่นเป็นงานอดิเรก ความบันเทิง หรือ เพื่อการกีฬา,เพื่อการถ่ายภาพ ถ่ายทำหรือการแสดงในภาพยนตร์หรือรายการโทรทัศน์,เพื่อการวิจัยและพัฒนาอากาศยาน เพื่อการพาณิชย์,ศึกษาวิจัยเผยแพร่ประชาสัมพันธ์",1
ออกแบบ/วางแผยระบบให้น้ำพืชในแปลงเกษตร,1
"เพื่อการถ่ายภาพ ถ่ายทำหรือการแสดงในภาพยนตร์หรือรายการโทรทัศน์,เพื่อจัดทำแผนที่ ภาพถ่ายทางอากาศ (ORTHO PHOTO)",1
"เพื่อการเล่นเป็นงานอดิเรก ความบันเทิง หรือ เพื่อการกีฬา,สำรวจพื้นที่มุมสูง ถ่ายภาพคลิปวีดีโอ เพื่อประชาสัมพันธ์ งานโครงการขององค์กร",1
เพื่อเผยแผ่งานพระพุทธศาสนา,1
เพื่อการรายงานผลงานในส่วนงานราชการ,1
"เพื่อการเล่นเป็นงานอดิเรก ความบันเทิง หรือ เพื่อการกีฬา,ใช้เพื่อถ่ายภาพทางอากาศของแนวท่อก๊าซธรรมชาติ",1
ถ่ายภาพความก้าวหน้าของโครงการการก่อสร้าง,1
"เพื่อการเล่นเป็นงานอดิเรก ความบันเทิง หรือ เพื่อการกีฬา,เพื่อถ่ายงาน",1
"เพื่อการเล่นเป็นงานอดิเรก ความบันเทิง หรือ เพื่อการกีฬา,เพื่อการถ่ายภาพ ถ่ายทำหรือการแสดงในภาพยนตร์หรือรายการโทรทัศน์,เพื่อการถ่ายภาพโครงการก่อสร้าง",1
"เพื่อใช้งานในการตรวจสภาพปล่อง, หลังคาโรงงานและพื้นที่รอบโรงงาน",1
"เพื่อการเล่นเป็นงานอดิเรก ความบันเทิง หรือ เพื่อการกีฬา,เพื่อถ่ายภาพมุมสูง",1
"เพื่อการถ่ายภาพ ถ่ายทำหรือการแสดงในภาพยนตร์หรือรายการโทรทัศน์,ถ่ายภาพในสถาบัน",1
"เพื่อการเล่นเป็นงานอดิเรก ความบันเทิง หรือ เพื่อการกีฬา,เพื่อถ่ายภาพอาคาร",1
"เพื่อการถ่ายภาพ ถ่ายทำหรือการแสดงในภาพยนตร์หรือรายการโทรทัศน์,เพื่อถ่ายภาพทำแผนที่โดยใช้ภาพถ่ายโดรน",1
เพื่อถ่ายภาพงานทางด้านศาสนา,1
"เพื่อการเล่นเป็นงานอดิเรก ความบันเทิง หรือ เพื่อการกีฬา,เพื่อรังวัดตรวจสอบการทำเหมืองแร่",1
ถ่ายภาพที่ดิน และอสังหาริมทรัพย์มุมสูง,1
เก็บภาพการทำงาน,1
"เพื่อการเล่นเป็นงานอดิเรก ความบันเทิง หรือ เพื่อการกีฬา,สนับสนุนงานเจ้าหน้าที่เกษตรตำบล",1
"เพื่อการเล่นเป็นงานอดิเรก ความบันเทิง หรือ เพื่อการกีฬา,เพื่อการถ่ายภาพ ถ่ายทำหรือการแสดงในภาพยนตร์หรือรายการโทรทัศน์,ใช้ในงานถ่ายภาพ งานก่อสร้างหลังคา",1
"เพื่อการเล่นเป็นงานอดิเรก ความบันเทิง หรือ เพื่อการกีฬา,ถ่ายภาพงาน",1
"เพื่อการเล่นเป็นงานอดิเรก ความบันเทิง หรือ เพื่อการกีฬา,เพื่อการรายงานเหตุการณ์หรือรายงานจราจร (สื่อมวลชน),เพื่อการถ่ายภาพ ถ่ายทำหรือการแสดงในภาพยนตร์หรือรายการโทรทัศน์,เพื่อดำเนินการตามกิจการเทศบาลตำบลเกาะสีชัง",1
"เพื่อการเล่นเป็นงานอดิเรก ความบันเทิง หรือ เพื่อการกีฬา,เพื่อถ่ายพื้นที่การเกษตร",1
"เพื่อการเล่นเป็นงานอดิเรก ความบันเทิง หรือ เพื่อการกีฬา,เพื่อถ่ายงานเขตก่อสร้าง",1
"เพื่อการเล่นเป็นงานอดิเรก ความบันเทิง หรือ เพื่อการกีฬา,เพื่อทำ Vlog เกี่ยวกับการท่องเที่ยว",1
"เพื่อการเล่นเป็นงานอดิเรก ความบันเทิง หรือ เพื่อการกีฬา,เพื่อบินดูแปลงการเกษตร เพื่อวิเคราะห์และสอดส่องแปลงเกษตร",1
"เพื่อการเล่นเป็นงานอดิเรก ความบันเทิง หรือ เพื่อการกีฬา,สำหรับถ่ายรูปทำรายงาน",1
"เพื่อการเล่นเป็นงานอดิเรก ความบันเทิง หรือ เพื่อการกีฬา,ถ่ายภาพมุมสูง",1
ใช้ในงานตรวจสอบและบำรุงรักษา Solar cell และเครื่องจักรโรงงานในเครือ SCG,1
"เพื่อการถ่ายภาพ ถ่ายทำหรือการแสดงในภาพยนตร์หรือรายการโทรทัศน์,เพื่อถ่ายภาพชิ้นงานที่บริษัทได้ผลิตเพื่อนำส่งเเละเสนอลูกค้า",1
เพื่อการถ่ายภาพสถานที่ที่บริษัทปฏิบัติงานอยู่,1
"เพื่อการถ่ายภาพ ถ่ายทำหรือการแสดงในภาพยนตร์หรือรายการโทรทัศน์,เพื่อการถ่ายภาพกิจกรรมในวัด",1
"เพื่อการวิจัยและพัฒนาอากาศยาน เพื่อการพาณิชย์,งานสำรวจจัดทำแผนที่",1
"เพื่อการถ่ายภาพ ถ่ายทำหรือการแสดงในภาพยนตร์หรือรายการโทรทัศน์,เพื่อการสำรวจตรวจสอบโครงสร้างวิศวกรรมและใช้ภายในกิจการของบริษัท ฯ",1
เพื่อใช้ในการถ่ายภาพแปลงทดลองเมล็ดพันธุ์,1
"เพื่อการเล่นเป็นงานอดิเรก ความบันเทิง หรือ เพื่อการกีฬา,เพื่อการถ่ายภาพ ถ่ายทำหรือการแสดงในภาพยนตร์หรือรายการโทรทัศน์,ใช้ในงานถ่ายภาพ งานก่อสร้าง หลังคา",1
"เพื่อการเล่นเป็นงานอดิเรก ความบันเทิง หรือ เพื่อการกีฬา,เพื่อการถ่ายภาพ ถ่ายทำหรือการแสดงในภาพยนตร์หรือรายการโทรทัศน์,เพื่อตรวจสอบสภาพหลังคา",1
"เพื่อการเล่นเป็นงานอดิเรก ความบันเทิง หรือ เพื่อการกีฬา,เพื่อถ่ายที่ดิน",1
"เพื่อการเล่นเป็นงานอดิเรก ความบันเทิง หรือ เพื่อการกีฬา,เพื่อการรายงานเหตุการณ์หรือรายงานจราจร (สื่อมวลชน),เพื่อการเกษตรในพื้นที่เฉพาะซึ่งตนเองมีสิทธิ์ในการใช้ประโยชน์",1
"เพื่อการเล่นเป็นงานอดิเรก ความบันเทิง หรือ เพื่อการกีฬา,เพื่อการถ่ายภาพ ถ่ายทำหรือการแสดงในภาพยนตร์หรือรายการโทรทัศน์,เพื่อถ่ายทำ งานประเพณีและอนุรักษ์ศิลปวัฒนธรรมไทย",1
"เพื่อการเล่นเป็นงานอดิเรก ความบันเทิง หรือ เพื่อการกีฬา,เพื่อการถ่ายภาพ ออกแบบการทำเกษตร",1
"เพื่อการเล่นเป็นงานอดิเรก ความบันเทิง หรือ เพื่อการกีฬา,เพื่อการรายงานเหตุการณ์หรือรายงานจราจร (สื่อมวลชน),เพื่อการถ่ายภาพ ถ่ายทำหรือการแสดงในภาพยนตร์หรือรายการโทรทัศน์,สนับสนุนภารกิจดับไฟป่า ,การเกษตร",1
เพื่อถ่ายภาพ นำเสนอภาพประกอบการจัดส่งงวดงานให้กับลูกค้า,1
เพื่อใช้ตรวจสอบระบบไฟฟ้าของ กฟภ.,1
"เพื่อถ่ายภาพอาคารสิ่งปลูกสร้าง,แปลงที่ดิน,ป้าย,ในการจัดทำระบบสารสนเทศแผนที่ภาษีและทะเบียนทรัพย์สินของ   เทศบาลนครระยอง",1
"เพื่อการถ่ายภาพ ถ่ายทำหรือการแสดงในภาพยนตร์หรือรายการโทรทัศน์,เพื่อสำรวจสถาปัตยกรรมและผังบริเวณ สำหรับการออกแบบ",1
"เพื่อการเล่นเป็นงานอดิเรก ความบันเทิง หรือ เพื่อการกีฬา,เพื่อใช้ประกอบการสอบสวนโรคระบาดวิทยา",1
"เพื่อการเล่นเป็นงานอดิเรก ความบันเทิง หรือ เพื่อการกีฬา,สำรวจข้อมูลด้านจราจร",1
"เพื่อการเล่นเป็นงานอดิเรก ความบันเทิง หรือ เพื่อการกีฬา,ใช้ในการเกษตร",1
"เพื่อการถ่ายภาพ ถ่ายทำหรือการแสดงในภาพยนตร์หรือรายการโทรทัศน์,วิจัยงานทางทะเลเป็นหลัก",1
ตรวจสอบอุปกรณ์ในสถานีไฟฟ้า,1
เพื่อฉีดพ่นของเหลวทางการเกษตรทุกชนิด,1
"เพื่อการเล่นเป็นงานอดิเรก ความบันเทิง หรือ เพื่อการกีฬา,เพื่อการถ่ายภาพ ถ่ายทำหรือการแสดงในภาพยนตร์หรือรายการโทรทัศน์,เพื่อการถ่ายภาพทรัพยากรธรรมชาติ,ป่าไม้ และแม่น้ำ",1
"เพื่อการเล่นเป็นงานอดิเรก ความบันเทิง หรือ เพื่อการกีฬา,ตรวจป่า ลาดตระเวน",1
เพื่อการถ่ายภาพและวีดีโอการทำงานของสินค้า และตรวจดูงานก่อสร้างในมุมสูง,1
"เพื่อการเล่นเป็นงานอดิเรก ความบันเทิง หรือ เพื่อการกีฬา,เพื่อการถ่ายภาพ ถ่ายทำหรือการแสดงในภาพยนตร์หรือรายการโทรทัศน์,เพื่อใช้สำรวจหน้างานในการออกแบบ,ควบคุมงานก่อสร้าง,ถนน,สะพาน,เขื่อน,อาคาร",1
สำรวจและออกแบบทางวิศวกรรม,1
"เพื่อการเล่นเป็นงานอดิเรก ความบันเทิง หรือ เพื่อการกีฬา,เพื่อถ่ายงานก่อสร้าง",1
เพื่องานสำรวจทำแผนที่ภาพถ่ายสำหรับงานโครงการทางด้านวิศวกรรม,1
"เพื่อการเล่นเป็นงานอดิเรก ความบันเทิง หรือ เพื่อการกีฬา,ถ่ายภาพท่องเที่ยว ภาพงาน",1
"เพื่อการเล่นเป็นงานอดิเรก ความบันเทิง หรือ เพื่อการกีฬา,เพื่อการถ่ายภาพ ถ่ายทำหรือการแสดงในภาพยนตร์หรือรายการโทรทัศน์,เพื่อถ่ายภาพประกอบการทำคอนเท้น",1
เพื่อใช้งานด้านการเกษตร,1
"เพื่อการเล่นเป็นงานอดิเรก ความบันเทิง หรือ เพื่อการกีฬา,เพื่องานสำรวจพื้นที่",1
"เพื่อการเล่นเป็นงานอดิเรก ความบันเทิง หรือ เพื่อการกีฬา,เพื่อการรายงานเหตุการณ์หรือรายงานจราจร (สื่อมวลชน),เพื่อการถ่ายภาพ ถ่ายทำหรือการแสดงในภาพยนตร์หรือรายการโทรทัศน์,youtube, facebook",1
ใช้ในการถ่ายภาพงานก่อสร้างทางหลวง,1
"เพื่อการเล่นเป็นงานอดิเรก ความบันเทิง หรือ เพื่อการกีฬา,เพื่อการโปรโมทการท่องเที่ยว",1
"เพื่อการถ่ายภาพ ถ่ายทำหรือการแสดงในภาพยนตร์หรือรายการโทรทัศน์,ตามอำนาจหน้าที่ของเทศบาล",1
"เพื่อการเล่นเป็นงานอดิเรก ความบันเทิง หรือ เพื่อการกีฬา,เพื่อการถ่ายภาพอาคาร บ้าน และที่ดิน",1
เพื่อสำรวจแปลงที่ดินสำหรับจัดทำฐานข้อมูล,1
เพื่อปฏิบัติงานด้านการลาดตระเวนป้องกันรักษาทรัพยากรธรรมชาติ,1
งานวิจัย,1
เพื่อปฏิบัติภารกิจงานด้านการลาดตระเวน,1
"เพื่อการถ่ายภาพ ถ่ายทำหรือการแสดงในภาพยนตร์หรือรายการโทรทัศน์,เพื่อใช้ในการตรวจสอบสถานภาพของกังหันลมผลิตกระแสไฟฟ้า",1
เพื่อถ่ายภาพพื้นที่ก่อสร้างบ้านจัดสรร ก่อน-หลังระหว่างก่อสร้าง,1
"เพื่อการเล่นเป็นงานอดิเรก ความบันเทิง หรือ เพื่อการกีฬา,เพื่อใช้ในการร่วมปฏิบัติงานในที่ทำงาน (เทศบาล)",1
"เพื่อการถ่ายภาพ ถ่ายทำหรือการแสดงในภาพยนตร์หรือรายการโทรทัศน์,อื่น ๆ",1
"เพื่อการเล่นเป็นงานอดิเรก ความบันเทิง หรือ เพื่อการกีฬา,ใช้ในการปฎิบัติหน้าที่ราชการและด้านความมั่นคง",1
"เพื่อการเล่นเป็นงานอดิเรก ความบันเทิง หรือ เพื่อการกีฬา,เพื่อการถ่ายภาพ ถ่ายทำหรือการแสดงในภาพยนตร์หรือรายการโทรทัศน์,กู้ภัยอาสา",1
"เพื่อการเล่นเป็นงานอดิเรก ความบันเทิง หรือ เพื่อการกีฬา,งานวิจัยทรัพยากรชายฝั่งทะเล",1
เพื่อใช้ในงานวิชาชีพ,1
"เพื่อการเล่นเป็นงานอดิเรก ความบันเทิง หรือ เพื่อการกีฬา,ใช้ตรวจสอบความก้าวหน้างานก่อสร้างโรงไฟฟ้าในพื้นที่ของ กฟผ.",1
ใช้ฉีดพ่นของเหลวทางการเกษตรทุกชนิด,1
วัดสัญญาณของระบบโทรศัพท์เคลื่อนที่,1
"เพื่อการเล่นเป็นงานอดิเรก ความบันเทิง หรือ เพื่อการกีฬา,รายงานผลความคืบหน้างานก่อสร้าง",1
"เพื่อการเล่นเป็นงานอดิเรก ความบันเทิง หรือ เพื่อการกีฬา,เพื่อการถ่ายภาพ ถ่ายทำหรือการแสดงในภาพยนตร์หรือรายการโทรทัศน์,ทำแผนที่ภูมิประเทศ",1
เพื่อทำแผนที่จากภาพถ่าย,1
เพื่อใช้ในการสำรวจและติดตามความคืบหน้าของโครงการ,1
"เพื่อการเล่นเป็นงานอดิเรก ความบันเทิง หรือ เพื่อการกีฬา,เพื่อถ่ายภาพงานก่่อสร้าง",1
"เพื่อการเล่นเป็นงานอดิเรก ความบันเทิง หรือ เพื่อการกีฬา,เพื่อการถ่ายภาพ ถ่ายทำหรือการแสดงในภาพยนตร์หรือรายการโทรทัศน์,ภาพมุมสูงบ้านที่ดินเพื่อบันทึกข้อมูลลงใน Youtube",1
"เพื่อการถ่ายภาพ ถ่ายทำหรือการแสดงในภาพยนตร์หรือรายการโทรทัศน์,สื่อการเรียนรู้",1
"เพื่อการเล่นเป็นงานอดิเรก ความบันเทิง หรือ เพื่อการกีฬา,เพื่อการถ่ายภาพ ถ่ายทำหรือการแสดงในภาพยนตร์หรือรายการโทรทัศน์,ถ่ายภาพพื้นที่ ที่ดิน เพื่อจำหน่าย",1
"เพื่อการเล่นเป็นงานอดิเรก ความบันเทิง หรือ เพื่อการกีฬา,ใช้ในงานก่อสร้างและธุรกิจส่วนตัว",1
เพื่อถ่ายภาพมุมสูงไว้โปรโมทงาน,1
"เพื่อการเล่นเป็นงานอดิเรก ความบันเทิง หรือ เพื่อการกีฬา,ส่วนราชการ (สำรวจ)",1
"เพื่อการเล่นเป็นงานอดิเรก ความบันเทิง หรือ เพื่อการกีฬา,Construction site views",1
เพื่อใช้ในการสำรวจพื้นที่ทำงาน,1
เพื่อใช้ภายในกิจการของบริษัท บินสำรวจโครงสร้างวิศวกรรม,1
เพื่อบินสำรวจด้านวิศวกรรมโยธา ใช้ภายในกิจการของบริษัท,1
"เพื่อการเล่นเป็นงานอดิเรก ความบันเทิง หรือ เพื่อการกีฬา,งานโครงสร้างทางวิศวกรรม",1
"เพื่อการเล่นเป็นงานอดิเรก ความบันเทิง หรือ เพื่อการกีฬา,เพื่อกาถ่ายภาพรีวิวการท่องเที่ยว",1
"เพื่อใช้ในการถ่ายภาพอาคารพาณิชย์, อาคารที่พักอาศัย, สถานที่ทำการ, ถนน, สะพาน,เขื่อน,อุโมงค์ และงานก่อสร้างอื่นๆทุกชนิด",1
"เพื่อการเล่นเป็นงานอดิเรก ความบันเทิง หรือ เพื่อการกีฬา,เพื่อการถ่ายภาพ ถ่ายทำหรือการแสดงในภาพยนตร์หรือรายการโทรทัศน์,สำรวจการติดตั้งโซล่าร์เซลล์",1
"เพื่อการเล่นเป็นงานอดิเรก ความบันเทิง หรือ เพื่อการกีฬา,สำรวจงาน",1
สำรวจโรงไฟฟ้า,1
"เพื่อการเล่นเป็นงานอดิเรก ความบันเทิง หรือ เพื่อการกีฬา,เพื่อการถ่ายภาพ ถ่ายทำหรือการแสดงในภาพยนตร์หรือรายการโทรทัศน์,การศึกษา, การเรียนการสอน",1
ใช้บันทึกภาพภายในบริษัท,1
"เพื่อการถ่ายภาพ ถ่ายทำหรือการแสดงในภาพยนตร์หรือรายการโทรทัศน์,ใช้งานภายในบริษัทและนอกสถานที่",1
"เพื่อการเล่นเป็นงานอดิเรก ความบันเทิง หรือ เพื่อการกีฬา,ใช้ในงานราชการเพื่อเก็บข้อมูลรายงานพื้นที่ต่างๆ",1
เพื่อเก็บภาพสำหรับจัดทำรายงานในการบริหารโครงการ,1
ใช้ในงานของส่วนราชการ ตรวจเช็คระดับน้ำและการเพาะปลูก,1
เพื่อถ่ายภาพงานก่อสร้างคลังน้ำมันและแนวท่อน้ำมัน,1
เพื่อถ่ายภาพงานก่อสร้างคลังน้ำมัน และแนวท่อน้ำมัน,1
"เพื่อการเล่นเป็นงานอดิเรก ความบันเทิง หรือ เพื่อการกีฬา,เพื่อการถ่ายภาพ ถ่ายทำหรือการแสดงในภาพยนตร์หรือรายการโทรทัศน์,เพื่อบันทึกภาพ, วิดีโอ สำหรรับบุคคลในโอกาศต่างๆ",1
เพื่อถ่ายภาพและวิดีโอ ในพื้นที่ของบริษัทและในเครือ,1
"เพื่อการถ่ายภาพ ถ่ายทำหรือการแสดงในภาพยนตร์หรือรายการโทรทัศน์,เพื่อตรวจสอบพื้นที่ไร่นาของตนเอง",1
ใช้ในการถ่ายภาพและวีดีโอในงานก่อสร้างทางและงานอื่นๆ,1
"เพื่อการเล่นเป็นงานอดิเรก ความบันเทิง หรือ เพื่อการกีฬา,รับจ้างถ่ายภาพ",1
"สำรวจพื้นที่, อุปกรณ์ และซ้อมแผนฉุกเฉิน",1
"เพื่อการถ่ายภาพ ถ่ายทำหรือการแสดงในภาพยนตร์หรือรายการโทรทัศน์,เพื่องานพิธีส่วนราชการ",1
เพื่อถ่ายภาพ ถ่ายวิดีโอ สำหรับใช้งานในบริษัท ฯ,1
"เพื่อการเล่นเป็นงานอดิเรก ความบันเทิง หรือ เพื่อการกีฬา,เพื่อจัดทำรายงานความก้าวหน้าโครงการก่อสร้าง",1
เพื่อถ่ายภาพความคืบหน้าของโครงการ รวมถึงได้เห็นสภาพและตำแหน่งของวัตถุอุปกรณ์ในบริเวณโรงงาน,1
"เพื่อการเล่นเป็นงานอดิเรก ความบันเทิง หรือ เพื่อการกีฬา,เพื่อการศึกษาเรียนรู้ของเด็กนักเรียน",1
"เพื่อการเล่นเป็นงานอดิเรก ความบันเทิง หรือ เพื่อการกีฬา,เพื่อการถ่ายภาพ ถ่ายทำหรือการแสดงในภาพยนตร์หรือรายการโทรทัศน์,ถ่ายลง youtube",1
"เพื่อการเล่นเป็นงานอดิเรก ความบันเทิง หรือ เพื่อการกีฬา,เพื่อการถ่ายภาพ ถ่ายทำหรือการแสดงในภาพยนตร์หรือรายการโทรทัศน์,เพื่อสาธารณประโยชน์",1
สำรวจภูมิประเทศในงานชลประทาน,1
"เพื่อการเล่นเป็นงานอดิเรก ความบันเทิง หรือ เพื่อการกีฬา,Hobby Vlogs Non-Commercial Purposes",1
"เพื่อการเล่นเป็นงานอดิเรก ความบันเทิง หรือ เพื่อการกีฬา,เก็บภาพเวลาท่องเที่ยว",1
ถ่ายภาพอุตสาหกรรม,1
ถ่ายภาพประกอบการทำงาน,1
"เพื่อการเล่นเป็นงานอดิเรก ความบันเทิง หรือ เพื่อการกีฬา,เพื่อการถ่ายภาพ ถ่ายทำหรือการแสดงในภาพยนตร์หรือรายการโทรทัศน์,เพื่อการถ่ายภาพหน้างาน",1
"เพื่อการเล่นเป็นงานอดิเรก ความบันเทิง หรือ เพื่อการกีฬา,ถ่ายทำลง youtube และสื่อโซเซียลมีเดีย",1
"เพื่อการเล่นเป็นงานอดิเรก ความบันเทิง หรือ เพื่อการกีฬา,ถ่ายภาพสวนเกษตรกรรมของตนเอง",1
เพื่องานสำรวจแผนที่ภาพถ่ายสำหรับงานโครงการทางด้านวิศวกรรม,1
"เพื่อการเล่นเป็นงานอดิเรก ความบันเทิง หรือ เพื่อการกีฬา,ใช้ถ่ายภาพและตรวจงานก่อสร้างที่สูง ที่ไม่สามารถปีนขึ้นไปตรวจงานได้",1
งานสำรวจวิศวกรรม,1
ถ่ายความคืบหน้าของโครงการ,1
"เพื่อการเล่นเป็นงานอดิเรก ความบันเทิง หรือ เพื่อการกีฬา,ถ่ายภาพกิจกรรมของหน่วยงาน",1
ปฏิบัติงานสนับสนุนการควบคุมไฟป่าและสำรวจทรัพยากรป่าไม้,1
"เพื่อการเล่นเป็นงานอดิเรก ความบันเทิง หรือ เพื่อการกีฬา,ตรวจสอบและรายงานเหตุการณ์สาธารณภัย (จิตอาสาภัยพิบัติ)",1
เพื่อถ่ายความคืบหน้าของโครงการ รวมถึงได้เห็นสภาพและตำแหน่งของวัตถุอุปกรณ์ในบริเวณโรงงาน,1
ซื้อตามข้อกำหนด TOR งานก่อสร้างของทางราชการ,1
เพื่อการเล่นเป็นงานอดิเรก ความบันเทิง หรือเพื่อการกีฬา เพื่อถ่ายภาพ และวิดิโอ และกรณีศึกษา,1
"เพื่อการเล่นเป็นงานอดิเรก ความบันเทิง หรือ เพื่อการกีฬา,ใช้ในการดำเนินงานบำรุงรักษา ก่อสร้างทางหลวง",1
"เพื่อการเล่นเป็นงานอดิเรก ความบันเทิง หรือ เพื่อการกีฬา,บินภายในบริเวณสวนมะพร้าว",1
"เพื่อการเล่นเป็นงานอดิเรก ความบันเทิง หรือ เพื่อการกีฬา,ถ่ายรูปลง Facebook",1
ถ่ายรูปโครงการก่อสร้าง,1
เพื่อใช้งานในกิจการของบริษัท,1
ถ่ายภาพบริเวณสถานที่ก่อสร้าง,1
ถ่ายงานติดตั้งกล้องวงจรปิด / ถ่ายบ้านลูกค้า,1
"เพื่อการเล่นเป็นงานอดิเรก ความบันเทิง หรือ เพื่อการกีฬา,เพื่อสำรวจภูมิประเทศ สภาพพื้นที่เพื่อทำโครงการของหน่วยงานต้นสังกัด",1
งานด้านการเกษตร,1
"เพื่อการถ่ายภาพ ถ่ายทำหรือการแสดงในภาพยนตร์หรือรายการโทรทัศน์,เพื่อตรวจสอบความถูกต้องของสินค้า",1
"เพื่อการเล่นเป็นงานอดิเรก ความบันเทิง หรือ เพื่อการกีฬา,งานวิจัยทางการเกษตร",1
"เพื่อการเล่นเป็นงานอดิเรก ความบันเทิง หรือ เพื่อการกีฬา,เพื่อการรายงานเหตุการณ์หรือรายงานจราจร (สื่อมวลชน),เพื่อการถ่ายภาพ ถ่ายทำหรือการแสดงในภาพยนตร์หรือรายการโทรทัศน์,เพื่อการวิจัยและพัฒนาอากาศยาน เพื่อการพาณิชย์,ถ่ายภาพอัพโหลด Youtube ,รับจ้างถ่ายภาพทางอากาศ",1
"เพื่อการเล่นเป็นงานอดิเรก ความบันเทิง หรือ เพื่อการกีฬา,เพื่อตรวจสอบการซ่อมหลังคาบ้าน",1
"เพื่อการเล่นเป็นงานอดิเรก ความบันเทิง หรือ เพื่อการกีฬา,ถ่ายภาพงานที่ทำในมุมสูง",1
"เพื่อการเล่นเป็นงานอดิเรก ความบันเทิง หรือ เพื่อการกีฬา,ใช้ในการเรียน/การสอนนักศึกษา",1
"เพื่อการเล่นเป็นงานอดิเรก ความบันเทิง หรือ เพื่อการกีฬา,สำรวจพื้นที่ติดตั้งระบบโซล่าร์เซลล์",1
"เพื่อการถ่ายภาพ ถ่ายทำหรือการแสดงในภาพยนตร์หรือรายการโทรทัศน์,เพื่อตรวจสอบสภาพปัญหาอัคคีภัย,อุทกภัยและป้องกันบรรเทาสาธารณภัย",1
เพื่อใช้ในงานการสำรวจการก่อสร้าง,1
"เพื่อการวิจัยและพัฒนาอากาศยาน เพื่อการพาณิชย์,การถ่ายภาพในงานตรวจสอบทางวิศวกรรม",1
"เพื่อการเล่นเป็นงานอดิเรก ความบันเทิง หรือ เพื่อการกีฬา,เพื่อการถ่ายภาพ ถ่ายทำหรือการแสดงในภาพยนตร์หรือรายการโทรทัศน์,เพื่อใช้ในงานวิจัยด้านการสำรวจสภาพพื้นที่",1
"เพื่อการเล่นเป็นงานอดิเรก ความบันเทิง หรือ เพื่อการกีฬา,วิจัยป่าไม้",1
เพื่อใช้ตรวจสอบสัญญาณโทรศัพท์มือถือของบริษัททีโอที,1
"เพื่อการเล่นเป็นงานอดิเรก ความบันเทิง หรือ เพื่อการกีฬา,เพื่อการถ่ายภาพ ถ่ายทำหรือการแสดงในภาพยนตร์หรือรายการโทรทัศน์,เพื่อตรวจงานในไร่เกษตร",1
"เพื่อการเล่นเป็นงานอดิเรก ความบันเทิง หรือ เพื่อการกีฬา,สำรวจข้อมูลทางวิศวกรรม ถนน งานก่อสร้าง",1
"เพื่อการถ่ายภาพ ถ่ายทำหรือการแสดงในภาพยนตร์หรือรายการโทรทัศน์,เพื่อการวิจัยและพัฒนาอากาศยาน เพื่อการพาณิชย์,ใช้ถ่ายภาพและเก็บข้อมูลวิดิโอสำหรับสำรวจหน้างานเพื่อทำรายงานด้านพลังงานทดแทน",1
"เพื่อการเล่นเป็นงานอดิเรก ความบันเทิง หรือ เพื่อการกีฬา,เพื่อการรายงานเหตุการณ์หรือรายงานจราจร (สื่อมวลชน),เพื่อการถ่ายภาพ ถ่ายทำหรือการแสดงในภาพยนตร์หรือรายการโทรทัศน์,เพื่อสำรวจ ทำแผนที่",1
"เพื่อการเล่นเป็นงานอดิเรก ความบันเทิง หรือ เพื่อการกีฬา,เพื่อใช้ในการศึกษา",1
เพื่อการถ่ายภาพและวีดีโอ สำรวจพื้นที่การทำงาน,1
เพื่อใช้สำรวจหน้างาน,1
"เพื่อการถ่ายภาพ ถ่ายทำหรือการแสดงในภาพยนตร์หรือรายการโทรทัศน์,เพื่อการวิจัยและพัฒนาอากาศยาน เพื่อการพาณิชย์,เพื่อใช้สำรวจและตรวจสอบอุปกรณ์บนที่สูง",1
สำรวจข้อมูลการก่อสร้างงานราชการ,1
"เพื่อการเล่นเป็นงานอดิเรก ความบันเทิง หรือ เพื่อการกีฬา,ใช้งานทั่วไปในกิจการของมหาวิทยาลัย",1
เพื่อใช้ถ่ายผลงานในด้านการรับเหมาก่อสร้างหรืองานอื่น ๆ,1
"เพื่อการเล่นเป็นงานอดิเรก ความบันเทิง หรือ เพื่อการกีฬา,เพื่อช่วยงานทางราชการ เช่น โรงพยาบาล",1
เพื่อถ่ายภาพงานอุตสาหกรรม,1
"เพื่อการรายงานเหตุการณ์หรือรายงานจราจร (สื่อมวลชน),เพื่อการถ่ายภาพ ถ่ายทำหรือการแสดงในภาพยนตร์หรือรายการโทรทัศน์,เพื่อการวิจัยและพัฒนาอากาศยาน เพื่อการพาณิชย์,เพื่อการเรียนการสอน",1
เพื่ิอสำรวจและจัดทำภาพถ่ายทางอากาศเชิงแผนที่,1
ใช้ถ่ายภาพทำแผนที่,1
"เพื่อการเล่นเป็นงานอดิเรก ความบันเทิง หรือ เพื่อการกีฬา,เพื่อการถ่ายภาพ ถ่ายทำหรือการแสดงในภาพยนตร์หรือรายการโทรทัศน์,เพื่อตรวจสอบอุปกรณ์ระบบไฟฟ้า กฟภ.",1
"ผลิตสื่อออนไลน์, Digital TV, วิทยุโทรทัศน์",1
เพื่อสำรวจที่ดิน,1
เพื่อสำรวจและถ่ายภาพมุมสูงของพื้นที่การดำเนินงานของมูลนิธิไทยรักษ์ป่า,1
"เพื่อการเล่นเป็นงานอดิเรก ความบันเทิง หรือ เพื่อการกีฬา,ถ่ายภาพ/ท่องเที่ยว",1
"เพื่อการเล่นเป็นงานอดิเรก ความบันเทิง หรือ เพื่อการกีฬา,เพื่อการถ่ายภาพ ถ่ายทำหรือการแสดงในภาพยนตร์หรือรายการโทรทัศน์,ถ่ายภาพงาน",1
"เพื่อการเล่นเป็นงานอดิเรก ความบันเทิง หรือ เพื่อการกีฬา,เพื่อการถ่ายภาพ ถ่ายทำหรือการแสดงในภาพยนตร์หรือรายการโทรทัศน์,ใช้สำรวจบูรณะโบราณสถาน",1
เพื่อใช้สำหรับถ่ายภาพวิดีโอความคืบหน้างานก่อสร้างของบริษัท,1
เพื่อใช้ศึกษาพื้นที่ในโครงการของบริษัท,1
"เพื่อการรายงานเหตุการณ์หรือรายงานจราจร (สื่อมวลชน),เพื่อการถ่ายภาพ ถ่ายทำหรือการแสดงในภาพยนตร์หรือรายการโทรทัศน์,สำรวจเส้นทาง",1
เพื่อถ่ายภาพไซท์งาน (มุมสูง),1
"เพื่อการเล่นเป็นงานอดิเรก ความบันเทิง หรือ เพื่อการกีฬา,ถ่ายภาพงานบริษัท",1
"เพื่อการเล่นเป็นงานอดิเรก ความบันเทิง หรือ เพื่อการกีฬา,เพื่องานช่วยเหลือสังคม เช่น น้ำท่วม",1
ติดตามผลงานก่อสร้าง แสดงรูปภาพในที่สูง,1
ถ่ายภาพ Bloger,1
เพื่อใช้ในการตรวจสอบและบันทึกภาพอุปกรณ์บนที่สูงและพื้นที่อับอากาศ,1
"เพื่อการเล่นเป็นงานอดิเรก ความบันเทิง หรือ เพื่อการกีฬา,เพื่อการถ่ายภาพ ถ่ายทำหรือการแสดงในภาพยนตร์หรือรายการโทรทัศน์,เพื่อการวิจัยและพัฒนาอากาศยาน เพื่อการพาณิชย์,เพื่อถ่ายโครงการงานก่อสร้าง",1
"เพื่อการเล่นเป็นงานอดิเรก ความบันเทิง หรือ เพื่อการกีฬา,เพื่อจัดทำสื่อการเรียนการสอนให้กับนักเรียน",1
"เพื่อการเล่นเป็นงานอดิเรก ความบันเทิง หรือ เพื่อการกีฬา,เพื่อใช้ตรวจสอบอาคารสูงและพื้นที่เข้าถึงยาก",1
เพื่อใช้รายงานเหตุการณ์ภายในบริษัทฯ และตรวจสอบพื้นที่อาคารหรือบุคคล,1
เพื่อใช้ตรวจสอบบริเวณรอบบริษัทฯ และตรวจสอบทรัพย์สิน,1
"เพื่อการเล่นเป็นงานอดิเรก ความบันเทิง หรือ เพื่อการกีฬา,เพื่อการถ่ายภาพ ถ่ายทำหรือการแสดงในภาพยนตร์หรือรายการโทรทัศน์,เพื่อตรวจสอบอาคาร คอนโดมิเนียม ส่งเสริมการตลาด ภายในพื้นที่ของสถานที่ทำงาน",1
เพื่อสำรวจพื้นที่ และเก็บภาพหลังการติดตั้งงาน,1
เพื่อสำรวจอาคารก่อนและหลังการติดตั้งโซล่าเซลล์,1
เพื่อตรวจสภาพป่าที่ได้รับมอบหมายให้ดูแล จากกรมป่าไม้ภายใต้พื้นที่ป่าสงวน,1
ถ่ายภาพงานก่อสร้างโครงการก่อสร้าง และงานอื่นๆของบริษัท,1
เพื่องานการเรียนการสอน และงานวิจัยบริการวิชาการ,1
"เพื่อการเล่นเป็นงานอดิเรก ความบันเทิง หรือ เพื่อการกีฬา,เพื่อการเรียนการสอน",1
เพื่อใช้ในงานของโรงเรียน,1
"เพื่อการเล่นเป็นงานอดิเรก ความบันเทิง หรือ เพื่อการกีฬา,เพื่อการถ่ายภาพ ถ่ายทำหรือการแสดงในภาพยนตร์หรือรายการโทรทัศน์,เพื่อใช้ตรวจสอบหลังคา และตรวจสอบงานผู้รับเหมา",1
เพื่อสำรวจงานก่อสร้าง,1
"เพื่อการเล่นเป็นงานอดิเรก ความบันเทิง หรือ เพื่อการกีฬา,เพื่อสำรวจ ออกแบบและควบคุมงานก่อสร้าง",1
"เพื่อการเล่นเป็นงานอดิเรก ความบันเทิง หรือ เพื่อการกีฬา,เพื่อถ่ายภาพบันทึกเทปวิดีโอ",1
เพื่อใช้ปฎิบัติงาน ถ่ายภาพทางอากาศ แผนที่,1
"เพื่อการเล่นเป็นงานอดิเรก ความบันเทิง หรือ เพื่อการกีฬา,เพื่อการถ่ายภาพ ถ่ายทำหรือการแสดงในภาพยนตร์หรือรายการโทรทัศน์,เพื่อการถ่ายภาพและวีดีโอ ลงยูทูป",1
เพื่อถ่ายภาพพื้นที่ก่อสร้างของโครงการที่ควบคุมงาน,1
เพื่อใช้ในกิจกรรมการเกษตร,1
"เพื่อการเล่นเป็นงานอดิเรก ความบันเทิง หรือ เพื่อการกีฬา,เพื่อการถ่ายภาพ ถ่ายทำหรือการแสดงในภาพยนตร์หรือรายการโทรทัศน์,การเรียนการสอนและการวิจัย",1
งานอดิเรก ถ่ายรูปที่ดิน,1
วิจัย พัฒนางานด้านความปลอดภัย,1
"เพื่อการเล่นเป็นงานอดิเรก ความบันเทิง หรือ เพื่อการกีฬา,เพื่อการถ่ายภาพ ถ่ายทำหรือการแสดงในภาพยนตร์หรือรายการโทรทัศน์,เก็บภาพผลงานการทำงาน",1
เพื่อใช้ตรวจสอบสภาพพื้นที่โรงงาน,1
"เพื่อการเล่นเป็นงานอดิเรก ความบันเทิง หรือ เพื่อการกีฬา,เพื่อการถ่ายภาพ ถ่ายทำหรือการแสดงในภาพยนตร์หรือรายการโทรทัศน์,สำรวจโรงงาน",1
"เพื่อการเล่นเป็นงานอดิเรก ความบันเทิง หรือ เพื่อการกีฬา,ถ่ายภาพสำรวจงานเหมืองเเร่",1
ตรวจสอบและวิเคราะห์อุปกรณ์ไฟฟ้า,1
"เพื่อการเล่นเป็นงานอดิเรก ความบันเทิง หรือ เพื่อการกีฬา,รับจ้างถ่ายภาพสื่อออนไลน์รูปแบบต่างๆ",1
ใช้ในการสำรวจดูงานสิ่งก่อสร้างอาคาร และเก็บภาพไชต์งานสิ่งก่อสร้าง,1
สำหรับพ่นของเหลวเพื่อการเกษตร,1
ใช้สำหรับสำรวจพื้นที่,1
เพื่อใช้ทำการเกษตรในพื้นที่มีสิทธิ์,1
"เพื่อการเล่นเป็นงานอดิเรก ความบันเทิง หรือ เพื่อการกีฬา,ใช้เก็บภาพงานก่อสร้างภายในบริษัท วอลล์ เทคโนโลยี จำกัด",1
"เพื่อการเล่นเป็นงานอดิเรก ความบันเทิง หรือ เพื่อการกีฬา,เพื่อการถ่ายภาพ ถ่ายทำหรือการแสดงในภาพยนตร์หรือรายการโทรทัศน์,ถ่ายภาพและวีดีโอไว้ใช้งานด้านอหังสาริมทรัพย์",1
"เพื่อการเล่นเป็นงานอดิเรก ความบันเทิง หรือ เพื่อการกีฬา,เพื่อใช้ประกอบในการเรียน",1
"เพื่อการเล่นเป็นงานอดิเรก ความบันเทิง หรือ เพื่อการกีฬา,เพื่อการถ่ายภาพ ถ่ายทำหรือการแสดงในภาพยนตร์หรือรายการโทรทัศน์,งานวิจัยด้านนิเวศวิทยา ของภาควิชาชีววิทยา",1
"เพื่อการเล่นเป็นงานอดิเรก ความบันเทิง หรือ เพื่อการกีฬา,ถ่ายภาพประกอบแผนที่ในงานคดี",1
"เพื่อการถ่ายภาพ ถ่ายทำหรือการแสดงในภาพยนตร์หรือรายการโทรทัศน์,เพื่อพัฒนา/จัดการการเกษตร",1
เพื่อถ่ายภาพหลังคาและบริเวณพื้นที่ภายนอกบ้านลูกค้าสำหรับให้คำปรึกษาในการปรับปรุงบ้าน,1
"เพื่อการเล่นเป็นงานอดิเรก ความบันเทิง หรือ เพื่อการกีฬา,ถ่ายภาพเคลื่อนไหวในการทำงานของเทศบาลตำบลพยุหะ",1
"เพื่อการเล่นเป็นงานอดิเรก ความบันเทิง หรือ เพื่อการกีฬา,เพื่อประกอบการทำงานตกแต่งภายใน, ภายนอก",1
นำเสนอภาพกิจกรรมภายในวัด,1
เพื่อการถ่ายภาพและถ่ายวีดีทัศน์สภาพอาคารโรงงาน,1
เพื่อถ่ายภาพและถ่ายทำแสดงในเฟซบุ๊ก ยูทูป,1
"เพื่อการเล่นเป็นงานอดิเรก ความบันเทิง หรือ เพื่อการกีฬา,เพื่อการรายงานเหตุการณ์หรือรายงานจราจร (สื่อมวลชน),เพื่อการถ่ายภาพ ถ่ายทำหรือการแสดงในภาพยนตร์หรือรายการโทรทัศน์,เพื่อภาระกิจงานสำรวจกรมชลประทาน",1
เพื่อใช้งานสำรวจ ถ่ายภาพทางอากศ,1
เพื่อถ่ายภาพตัวสินค้า นำเสนอลูกค้า,1
"เพื่อการเล่นเป็นงานอดิเรก ความบันเทิง หรือ เพื่อการกีฬา,เพื่อใช้ตรวจสอบหลังคาบ้านตนเอง",1
"เพื่อการเล่นเป็นงานอดิเรก ความบันเทิง หรือ เพื่อการกีฬา,เพื่อการศึกษา และประชาสัมพันธ์หน่วยงาน",1
"เพื่อการเล่นเป็นงานอดิเรก ความบันเทิง หรือ เพื่อการกีฬา,ถ่ายงานที่เกี่ยวข้องกับงานออกแบบงานสถาปนิก/อาคาร",1
เพื่อการ จักการเรียน การสอน,1
"เพื่อการวิจัยและพัฒนาอากาศยาน เพื่อการพาณิชย์,เพื่อการถ่ายภาพ งานลาดตะเวน งานวิจัยป่าไม้ และสัตว์ป่า",1
"เพื่อการเล่นเป็นงานอดิเรก ความบันเทิง หรือ เพื่อการกีฬา,เก็บภาพกิจกรรมงานบุญในวัด",1
"เพื่อการถ่ายภาพ ถ่ายทำหรือการแสดงในภาพยนตร์หรือรายการโทรทัศน์,เพื่อบันทึกความคืบหน้าของสถานที่ก่อสร้าง/โครงการก่อสร้าง",1
เพื่อใช้ในการถ่ายภาพอาคารพาณิชย์ อาคารที่พักอาศัย ถนน สะพาน เขื่อน อุโมงค์ และงานก่อสร้างอื่น ๆ ทุกชนิด,1
ถ่ายภาพ ท่องเที่ยว,1
"เพื่อการเล่นเป็นงานอดิเรก ความบันเทิง หรือ เพื่อการกีฬา,ใช้ทำงานด้านแผนที่ภาษีกับองค์การบริหารส่วนตำบล",1
"เพื่อการถ่ายภาพ ถ่ายทำหรือการแสดงในภาพยนตร์หรือรายการโทรทัศน์,ประกอบการถ่ายรูปภาพ เพื่อการดำเนินคดีในชั้นศาล",1
เพื่อถ่ายภาพประกอบเอกสารทำรายงานสรุปความคืบหน้าของโครงการทุกเดือน ส่งสำนักงานใหญ่ และเจ้าของโครงการ,1
"เพื่อการเล่นเป็นงานอดิเรก ความบันเทิง หรือ เพื่อการกีฬา,เพื่อถ่ายภาพ วีดีโอ กิจกรรมภายในโรงเรียน",1
"เพื่อการเล่นเป็นงานอดิเรก ความบันเทิง หรือ เพื่อการกีฬา,เพื่อการถ่ายภาพ ถ่ายทำหรือการแสดงในภาพยนตร์หรือรายการโทรทัศน์,เพื่อประกอบอาชีพตรวจสอบที่ดินและสิ่งปลูกสร้าง",1
เพื่อการศึกษา ประชาสัมพันธ์,1
"เพื่อการเล่นเป็นงานอดิเรก ความบันเทิง หรือ เพื่อการกีฬา,เพื่อประกอบอาชีพ",1
"เพื่อการเล่นเป็นงานอดิเรก ความบันเทิง หรือ เพื่อการกีฬา,ตรวจสอบไฟไหม้ป่า",1
เพื่อการสำรวจความเสี่ยงภัย สำรวจความเสียหาย และอื่น ๆ,1
เพื่อถ่ายภาพในบริเวณไซต์งานก่อสร้าง,1
ใช้ในการบันทึกกิจกรรมของโรงพยาบาลลำปาง,1
"เพื่อการเล่นเป็นงานอดิเรก ความบันเทิง หรือ เพื่อการกีฬา,เพื่อการถ่ายภาพ ถ่ายทำหรือการแสดงในภาพยนตร์หรือรายการโทรทัศน์,เพื่อถ่ายภาพทางอากาศ โดยจิตอาสาช่วยเหลือทางจังหวัด",1
"เพื่อการเล่นเป็นงานอดิเรก ความบันเทิง หรือ เพื่อการกีฬา,ถ่ายภาพประกอบการตรวจสอบงานวิศวกรรม (อาคาร)",1
เพื่อใช้ประกอบการเรียน การสอนวิชาวิทยาศาสตร์อากาศยาน,1
เพื่อการถ่ายภาพและวีดีโอ ในคลังสินค้า,1
เพื่อถ่ายภาพและบินสำรวจ,1
ใช้ในงานวิจัยและพัฒนาโครงการภายในของบริษัท,1
"เพื่อการรายงานเหตุการณ์หรือรายงานจราจร (สื่อมวลชน),เพื่อใช้ออกแบบทางหลวงและงานตามภารกิจของกรมทางหลวง",1
"เพื่อการเล่นเป็นงานอดิเรก ความบันเทิง หรือ เพื่อการกีฬา,ถ่ายโครงสร้างอาคารสิ่งปลูกสร้าง",1
"เพื่อการเล่นเป็นงานอดิเรก ความบันเทิง หรือ เพื่อการกีฬา,จัดทำฐานข้อมูลพื้นที่ในการปฏิบัติงานด้านสาธารณสุข",1
"เพื่อการเล่นเป็นงานอดิเรก ความบันเทิง หรือ เพื่อการกีฬา,เพื่อการรายงานเหตุการณ์หรือรายงานจราจร (สื่อมวลชน),เพื่อการถ่ายภาพ ถ่ายทำหรือการแสดงในภาพยนตร์หรือรายการโทรทัศน์,เพื่อตรวจสอบงานก่อสร้าง/ซื้อขายที่ดินและบ้าน",1
"เพื่อการเล่นเป็นงานอดิเรก ความบันเทิง หรือ เพื่อการกีฬา,การป้องกันและปราบปรามอาชญากรรม การสืบสวนฯ",1
เพื่อถ่ายภาพ ถ่ายวีดีโอ ประกอบการจัดทำรายงานประเมินผลกระทบสิ่งแวดล้อมให้กับหน่ายงานราชการและเอกชน,1
"เพื่อการเล่นเป็นงานอดิเรก ความบันเทิง หรือ เพื่อการกีฬา,ใช้ในการปฏิบัติหน้าที่ในงานราชการของหน่วยงานทางหลวงชนบท",1
เพื่อถ่ายกิจกรรมและสำรวจพื้นที่ในเขตตำบล,1
เพื่อใช้ทางการเกษตร,1
"เพื่อการเล่นเป็นงานอดิเรก ความบันเทิง หรือ เพื่อการกีฬา,ถ่ายถาพอาคาร",1
"เพื่อการถ่ายภาพ ถ่ายทำหรือการแสดงในภาพยนตร์หรือรายการโทรทัศน์,ถ่ายวีดีโอเพื่อทำ Presentation",1
"เพื่อการถ่ายภาพ ถ่ายทำหรือการแสดงในภาพยนตร์หรือรายการโทรทัศน์,กู้ภัย",1
"เพื่อการเล่นเป็นงานอดิเรก ความบันเทิง หรือ เพื่อการกีฬา,เพื่อการถ่ายภาพ ถ่ายทำหรือการแสดงในภาพยนตร์หรือรายการโทรทัศน์,ตรวจสอบอาคาร เช่นรอยร้าวผนังตึกด้านนอก",1
ประกอบงานวิจัย และงานวิศวกรรมขนส่ง,1
"เพื่อการถ่ายภาพ ถ่ายทำหรือการแสดงในภาพยนตร์หรือรายการโทรทัศน์,เพื่อการจัดทำแผนที่ และสำรวจภัยพิบัติ",1
"เพื่อการเล่นเป็นงานอดิเรก ความบันเทิง หรือ เพื่อการกีฬา,เพื่อการถ่ายภาพ ถ่ายทำหรือการแสดงในภาพยนตร์หรือรายการโทรทัศน์,เพื่อทำ Yutube",1
"เพื่อการเล่นเป็นงานอดิเรก ความบันเทิง หรือ เพื่อการกีฬา,เพื่อการถ่ายภาพ ถ่ายทำหรือการแสดงในภาพยนตร์หรือรายการโทรทัศน์,สนับสนุนงานราชการ",1
"เพื่อการเล่นเป็นงานอดิเรก ความบันเทิง หรือ เพื่อการกีฬา,เพื่อการรายงานเหตุการณ์หรือรายงานจราจร (สื่อมวลชน),เพื่อการถ่ายภาพ ถ่ายทำหรือการแสดงในภาพยนตร์หรือรายการโทรทัศน์,ถ่ายภาพ/วิดีโอ แปลงปลูกสร้างสวนป่า",1
"เพื่อการเล่นเป็นงานอดิเรก ความบันเทิง หรือ เพื่อการกีฬา,เพื่อการถ่ายภาพ ถ่ายทำหรือการแสดงในภาพยนตร์หรือรายการโทรทัศน์,บรรเทาสาธารณภัย อุทกภัย อุบัติภัย",1
"เพื่อการเล่นเป็นงานอดิเรก ความบันเทิง หรือ เพื่อการกีฬา,non commercial photography",1
เพื่อการเก็บข้อมูล site survey และตรวจสอบการติดตั้งระบบ,1
ถ่ายภาพบนหลังคา,1
เพื่อการเรียนรู้ของพนักงานและการนำข้อมูลจากการถ่ายภาพมาพัฒนาในการให้บริการ,1
ใช้เพื่อสำรวจหลังคาโรงงาน,1
"เพื่อการเล่นเป็นงานอดิเรก ความบันเทิง หรือ เพื่อการกีฬา,เพื่อการถ่ายภาพ ถ่ายทำหรือการแสดงในภาพยนตร์หรือรายการโทรทัศน์,ประกอบและสนับสนุนการทำงานของบริษัท",1
เพื่อการเกษตร ในพื้นที่เฉพาะซึ่งตนเองมีสิทธิ์ ในการใช้ประโยชน์เท่านั้น,1
"เพื่อการเล่นเป็นงานอดิเรก ความบันเทิง หรือ เพื่อการกีฬา,สำรวจพื่นที่",1
เพื่อวิจัยเเละพัฒนาทางด้านการเกษตร(อ้อย),1
เพื่อวิจัยเเละพัฒนาด้านการเกษตร(อ้อย),1
"เพื่อการเล่นเป็นงานอดิเรก ความบันเทิง หรือ เพื่อการกีฬา,เพื่อการถ่ายภาพอสังหาริมทรัพย์ในการจำหน่าย",1
สำรวจหลังคา เพื่อติดตั้งตัว solar cell,1
จัดกิจกรรมขององค์กรณ์,1
"เพื่อการเล่นเป็นงานอดิเรก ความบันเทิง หรือ เพื่อการกีฬา,เพื่อการถ่ายภาพนิ่ง ภาพวิดีโอ ในการท่องเที่ยว",1
เพื่อการศึกษาและวิจัยทางธรณีวิทยา,1
"เพื่อการเล่นเป็นงานอดิเรก ความบันเทิง หรือ เพื่อการกีฬา,เพื่อเก็บข้อมูลงานก่อสร้าง ไซต์งานในบริษัท",1
ใช้ตรวจสอบโครงสร้างอาคาร,1
"เพื่อการเล่นเป็นงานอดิเรก ความบันเทิง หรือ เพื่อการกีฬา,เพื่อการถ่ายภาพ ถ่ายทำหรือการแสดงในภาพยนตร์หรือรายการโทรทัศน์,เพื่อใชในการประกอบอาชีพ",1
"เพื่อการเล่นเป็นงานอดิเรก ความบันเทิง หรือ เพื่อการกีฬา,เพื่อการรายงานเหตุการณ์หรือรายงานจราจร (สื่อมวลชน),เพื่อการถ่ายภาพ ถ่ายทำหรือการแสดงในภาพยนตร์หรือรายการโทรทัศน์,เพื่อใช้ในการประกอบอาชีพ",1
สำรวจเพื่อจัดทำแผนที่ภาษีที่ดินและสิ่งปลูกสร้าง,1
"เพื่อการเล่นเป็นงานอดิเรก ความบันเทิง หรือ เพื่อการกีฬา,ใช้งานกู้ชีพและกู้ภัย",1
เพื่อใช้ในงานของมหาวิทยาลัยนวมินทราธิราช,1
"เพื่อการเล่นเป็นงานอดิเรก ความบันเทิง หรือ เพื่อการกีฬา,ใช้ในงานสถาปัตยกรรมม, Landscape และ Studio",1
"เพื่อการเล่นเป็นงานอดิเรก ความบันเทิง หรือ เพื่อการกีฬา,้ถ่ายแปลนงานก่อสร้างด้านโยธา",1
"เพื่อการถ่ายภาพ ถ่ายทำหรือการแสดงในภาพยนตร์หรือรายการโทรทัศน์,ถ่ายภาพทางการกีฬา (กีฬาจักรยาน)",1
"เพื่อการเล่นเป็นงานอดิเรก ความบันเทิง หรือ เพื่อการกีฬา,เพื่อการตรวจสอบที่ดิน",1
"เพื่อการถ่ายภาพ ถ่ายทำหรือการแสดงในภาพยนตร์หรือรายการโทรทัศน์,ผลิตสื่อภายในองค์กร",1
"เพื่อการเล่นเป็นงานอดิเรก ความบันเทิง หรือ เพื่อการกีฬา,เพื่อการถ่ายภาพ ถ่ายทำหรือการแสดงในภาพยนตร์หรือรายการโทรทัศน์,ใช้สนับสนุนงานหน่วยงานเฉพาะกิจสันติสุข และกองพันปฏิบัติการจิตวิทยา",1
"เพื่อการเล่นเป็นงานอดิเรก ความบันเทิง หรือ เพื่อการกีฬา,เพื่อการถ่ายภาพ ถ่ายทำหรือการแสดงในภาพยนตร์หรือรายการโทรทัศน์,สนับสนุนการปฏิบัติงานของ ฉก.สันติสุข และ พัน.ปจว.",1
ถ่ายภาพงานที่ทำ,1
"เพื่อการเล่นเป็นงานอดิเรก ความบันเทิง หรือ เพื่อการกีฬา,ถ่ายภาพที่ดินไร่นา สถานที่ก่อสร้าง",1
"เพื่อการเล่นเป็นงานอดิเรก ความบันเทิง หรือ เพื่อการกีฬา,ใช้ในการตรวจสอบอาคารและบ้านของตนเอง",1
protected Area Research(R/S reseach for public purpose),1
"เพื่อการเล่นเป็นงานอดิเรก ความบันเทิง หรือ เพื่อการกีฬา,เพื่อสำรวจและจัดการมลพิษและสิ่งแวดล้อม",1
"เพื่อการเล่นเป็นงานอดิเรก ความบันเทิง หรือ เพื่อการกีฬา,เพื่อการถ่ายภาพ ถ่ายทำหรือการแสดงในภาพยนตร์หรือรายการโทรทัศน์,ถ่ายงานรับเหมา",1
"เพื่อการถ่ายภาพ ถ่ายทำหรือการแสดงในภาพยนตร์หรือรายการโทรทัศน์,ตรวจสอบงานก่อสร้างที่ไม่สามารถเดินเข้าถึงได้",1
เพื่อใช้การประชาสัมพันธ์ของบริษัท,1
"เพื่อการเล่นเป็นงานอดิเรก ความบันเทิง หรือ เพื่อการกีฬา,เพื่อการถ่ายภาพ ถ่ายทำหรือการแสดงในภาพยนตร์หรือรายการโทรทัศน์,เพื่อรายงานเหตุการณ์ อื่นที่จำเป็น",1
"เพื่อการเล่นเป็นงานอดิเรก ความบันเทิง หรือ เพื่อการกีฬา,เพื่อการถ่ายภาพงานระบบส่งน้ำ",1
"เพื่อการเล่นเป็นงานอดิเรก ความบันเทิง หรือ เพื่อการกีฬา,ถ่ายภาพในการทำงาน",1
เพื่อสำรวจธรณีวิทยา สำรวจธรณีวิทยาสิ่งแวดล้อม และสำรวจธรณีพิบัติภัย,1
"เพื่อการเล่นเป็นงานอดิเรก ความบันเทิง หรือ เพื่อการกีฬา,เพื่อการถ่ายภาพ ถ่ายทำหรือการแสดงในภาพยนตร์หรือรายการโทรทัศน์,ใช้ในงานก่อสร้างและสำรวจพื้นที่",1
เพื่อใช้เป็นเครื่องมือในการศึกษาวิจัย,1
"เพื่อการเล่นเป็นงานอดิเรก ความบันเทิง หรือ เพื่อการกีฬา,เพื่อการถ่ายภาพ ถ่ายทำหรือการแสดงในภาพยนตร์หรือรายการโทรทัศน์,ดูแปลงที่ดิน",1
"เพื่อการถ่ายภาพ ถ่ายทำหรือการแสดงในภาพยนตร์หรือรายการโทรทัศน์,เพื่อการวิจัยและพัฒนาอากาศยาน เพื่อการพาณิชย์,เพื่อศึกษาค้นคว้าวิจัย และสนับสนุน ภารกิจตรวจสอบติดตามอุปกรณ์โครงสร้างในภาคอุตสาหกรรม และในด้านเกษตร",1
"เพื่อการเล่นเป็นงานอดิเรก ความบันเทิง หรือ เพื่อการกีฬา,สำรวจ ตรวจสอบ วิเคราะห์ การใช้ประโยชน์ที่ดิน",1
"เพื่อการเล่นเป็นงานอดิเรก ความบันเทิง หรือ เพื่อการกีฬา,เพื่อบันทึกผลงานของบริษัท ขณะและหลังการติดตั้งสินค้าแล้วเสร็จ",1
"เพื่อการเล่นเป็นงานอดิเรก ความบันเทิง หรือ เพื่อการกีฬา,เพื่อบันทึกผลงานของบริษัท  ขณะและหลังการติดตั้งสินค้าแล้วเสร็จ",1
"เพื่อการเล่นเป็นงานอดิเรก ความบันเทิง หรือ เพื่อการกีฬา,ใช้ในการสำรวจพื้นที่การใช้ทรัพยากรบริเวณมหาวิทยาลัยสงขลานครินทร์",1
"เพื่อการเล่นเป็นงานอดิเรก ความบันเทิง หรือ เพื่อการกีฬา,เพื่องานศาสนา",1
"เพื่อการเล่นเป็นงานอดิเรก ความบันเทิง หรือ เพื่อการกีฬา,ใช้ถ่ายภาพในแปลงสวนทุเรียน",1
"เพื่อการเล่นเป็นงานอดิเรก ความบันเทิง หรือ เพื่อการกีฬา,เพื่อการถ่ายภาพ ถ่ายทำหรือการแสดงในภาพยนตร์หรือรายการโทรทัศน์,สำรวจอุปกรณ์ไฟฟ้าในโรงงาน",1
"เพื่อการเล่นเป็นงานอดิเรก ความบันเทิง หรือ เพื่อการกีฬา,เพื่อถ่ายภาพในการตรวจสอบงานก่อสร้าง",1
"เพื่อการเล่นเป็นงานอดิเรก ความบันเทิง หรือ เพื่อการกีฬา,ถ่ายงาน / เที่ยว",1
ใช้ในการสำรวจความพร้อมในการใช้งานของอาคาร,1
เพื่อสำรวจสภาพแวดล้อมอาคารที่รับประกันภัย,1
เพื่อการถ่ายภาพหรือวีดีโอ ประกอบการทำรายงานด้านอสังหาริมทรัพย์และกิจกรรมทางการตลาดของบริษัท,1
"เพื่อการเล่นเป็นงานอดิเรก ความบันเทิง หรือ เพื่อการกีฬา,เพื่อการถ่ายภาพ ถ่ายทำหรือการแสดงในภาพยนตร์หรือรายการโทรทัศน์,ช่วยในการสำรวจแหล่งน้ำของหน่วยงานราชการ",1
การเรียนการสอนและวิจัยด้านพืชศาสตร์,1
ใช้บินตรวจงานบริษัท,1
"เพื่อการเล่นเป็นงานอดิเรก ความบันเทิง หรือ เพื่อการกีฬา,เพื่อทำรายการลง youtobe",1
"เพื่อการเล่นเป็นงานอดิเรก ความบันเทิง หรือ เพื่อการกีฬา,เพื่อตรวจสอบงาน โครงการก่อสร้าง",1
ดูความคืบหน้าของโครงการพื้นที่ดิน,1
ศาสนกิจงานพระศาสนา,1
"เพื่อการถ่ายภาพ ถ่ายทำหรือการแสดงในภาพยนตร์หรือรายการโทรทัศน์,เพื่อถ่ายภาพ ถ่ายทำ ลง youtube หรือ social media",1
"เพื่อการเล่นเป็นงานอดิเรก ความบันเทิง หรือ เพื่อการกีฬา,ถ่ายภาพกิจกรรมทางพระพุทธศาสนา",1
"เพื่อการเล่นเป็นงานอดิเรก ความบันเทิง หรือ เพื่อการกีฬา,ถ่ายทำภารกิจของหน่วยงาน สถานีพัฒนาที่ดิน",1
เพื่อการถ่ายภาพและวีดีโอ เพื่อตรวจสอบแนวท่อส่งก๊าซและเครื่องจักร,1
เพื่อการถ่ายภาพและวีดีโอ กิจกรรมโครงการต่างๆ ของสำนักงานฯ,1
"เพื่อการวิจัยและพัฒนาอากาศยาน เพื่อการพาณิชย์,การวิจัยทาด้านศิลปะและวัฒนะธรรม",1
"เพื่อการเล่นเป็นงานอดิเรก ความบันเทิง หรือ เพื่อการกีฬา,เพื่อการถ่ายภาพ ถ่ายทำหรือการแสดงในภาพยนตร์หรือรายการโทรทัศน์,ใช้งานด้านการออกแบบก่อสร้าง",1
ถ่ายกิจกรรมและสินค่าของบริษัท,1
"เพื่อการเล่นเป็นงานอดิเรก ความบันเทิง หรือ เพื่อการกีฬา,เพื่อการถ่ายภาพ ถ่ายทำหรือการแสดงในภาพยนตร์หรือรายการโทรทัศน์,เพื่อสำรวจ ถ่ายภาพหน้างาน ประกอบการส่งมอบงาน",1
"เพื่อการเล่นเป็นงานอดิเรก ความบันเทิง หรือ เพื่อการกีฬา,ถ่ายที่ดินหรือสถานที่เกิดเหตุเพื่อประกอบการดำเนินคดี",1
ใช้ในการสำรวจของทางราชการ (แหล่งน้ำ),1
เพื่อทำรายงานความก้าวกน้าของโครงการต่างๆ,1
"เพื่อการเล่นเป็นงานอดิเรก ความบันเทิง หรือ เพื่อการกีฬา,ตรวจสอบอาคาร ผังโครการจัดสรร",1
"เพื่อการเล่นเป็นงานอดิเรก ความบันเทิง หรือ เพื่อการกีฬา,เพื่อใช้ในโครงการวิจัย การพัฒนาโปรแกรมจำลองแบบและสร้างภาพจากการจราจรเพื่อประยุกต์สำหรับรูปแบบการควบคุมสัญญาณการจราจร",1
ถ่ายไซต์งานก่อสร้าง,1
สำรวจรังวัดจัดทำแผนที่ภาพถ่ายทางภูมิศาสตร์,1
"เพื่อการเล่นเป็นงานอดิเรก ความบันเทิง หรือ เพื่อการกีฬา,ถ่ายภาพโฆษณาสินค้า",1
"เพื่อการเล่นเป็นงานอดิเรก ความบันเทิง หรือ เพื่อการกีฬา,เพื่อบินตรวจมุมสูงในการลาดตระเวณในการป้องกันไฟป่า",1
ใช้ในภารกิจงานการไฟฟ้าฝ่ายผลิตแห่งประเทศไทย (กฟผ.) เขื่อนศรีนครินทร์,1
"เพื่อการเล่นเป็นงานอดิเรก ความบันเทิง หรือ เพื่อการกีฬา,เพื่อการเกษต",1
ใช้ประกอบภาพถ่ายคดีความ,1
เพื่อสำรวจ ออกแบบโครงการของแขวงทางหลวงชนบทนราธิวาส,1
"เพื่อการเล่นเป็นงานอดิเรก ความบันเทิง หรือ เพื่อการกีฬา,เพื่อการถ่ายภาพ ถ่ายทำหรือการแสดงในภาพยนตร์หรือรายการโทรทัศน์,ปฏิบัติหน้าที่ราชการ",1
ตรวจงานก่อสร้าง,1
"เพื่อการเล่นเป็นงานอดิเรก ความบันเทิง หรือ เพื่อการกีฬา,เพื่อรายงานเหตุการณ์ชุมชนและความปลอดภัย",1
ใช้ถ่ายภาพ ฯลฯ ในโครงการ,1
"เพื่อการเล่นเป็นงานอดิเรก ความบันเทิง หรือ เพื่อการกีฬา,เพื่อการถ่ายภาพ ถ่ายทำหรือการแสดงในภาพยนตร์หรือรายการโทรทัศน์,วิจัยและการศึกษา",1
"เพื่อการถ่ายภาพ ถ่ายทำหรือการแสดงในภาพยนตร์หรือรายการโทรทัศน์,บินสำรวจ",1
เพื่อบันทึกภาพการก่อสร้างอาคารโรงงาน,1
เพื่อถ่ายภาพความคืบหน้าของโครงการรวมถึงได้เห็นสภาพและตำแหน่งของวัตถุอุปกรณ์ในบริเวณโรงงาน,1
สำรวจและจัดทำแผนที่,1
"เพื่อการเล่นเป็นงานอดิเรก ความบันเทิง หรือ เพื่อการกีฬา,ใช้บินสำรวจงานก่อสร้างและโรงงาน",1
"เพื่อการเล่นเป็นงานอดิเรก ความบันเทิง หรือ เพื่อการกีฬา,เพื่อการถ่ายภาพ ถ่ายทำหรือการแสดงในภาพยนตร์หรือรายการโทรทัศน์,บินเพื่อถ่ายภาพ ซื้อขายที่ดิน บ้าน และอาคารพาณิชย์",1
เพื่อใช้ในการทำงานสำรวจก่อสร้าง,1
"เพื่อการเล่นเป็นงานอดิเรก ความบันเทิง หรือ เพื่อการกีฬา,เพื่อการถ่ายภาพ ถ่ายทำหรือการแสดงในภาพยนตร์หรือรายการโทรทัศน์,เพื่อใช้รายงานเหตุการณ์ที่จำเป็น",1
สำรวจออกแบบทางหลวง ตรวจสอบสภาพปัญหาจราจรความปลอดภัยทางถนนในช่วงเทศกาล เหตุการณ์ฉุกเฉิน ภัยพิบัติและอื่นๆตามภารกิจ,1
เพื่อใช้ในงานของสำนักงานสิ่งแวดล้อมภาคที่ 1,1
เพื่อใช้ในงานศึกษา สำรวจพื้นที่ที่ตั้งโรงไฟฟ้า,1
"เพื่อการเล่นเป็นงานอดิเรก ความบันเทิง หรือ เพื่อการกีฬา,เพื่อการถ่ายภาพ ถ่ายทำหรือการแสดงในภาพยนตร์หรือรายการโทรทัศน์,เพื่อการวิจัยและพัฒนาอากาศยาน เพื่อการพาณิชย์,การเรียนการสอนอบรมและแนะแนวการศึกษา",1
สำรวจ ถ่ายภาพ ระบบผลิตไฟฟ้าพลังงานแสงอาทิตย์(โซลาร์เซลล์),1
"เพื่อการเล่นเป็นงานอดิเรก ความบันเทิง หรือ เพื่อการกีฬา,ใช้สำรวจเพื่อบำรุงรักษาและก่อสร้างอาคาร",1
"เพื่อการเล่นเป็นงานอดิเรก ความบันเทิง หรือ เพื่อการกีฬา,เพื่อการถ่ายภาพ ถ่ายทำหรือการแสดงในภาพยนตร์หรือรายการโทรทัศน์,เพื่อการถ่ายภาพและวีดีโอลงระบบแผนที่ เช่น Google Map แล Google Street View",1
"เพื่อการเล่นเป็นงานอดิเรก ความบันเทิง หรือ เพื่อการกีฬา,สำหรับถ่ายภาพงานก่อสร้าง,การปฏิบัติงานของบริษัท",1
"เพื่อการรายงานเหตุการณ์หรือรายงานจราจร (สื่อมวลชน),เพื่อการถ่ายภาพ ถ่ายทำหรือการแสดงในภาพยนตร์หรือรายการโทรทัศน์,ออกเเบบทางหลวง",1
"เพื่อการรายงานเหตุการณ์หรือรายงานจราจร (สื่อมวลชน),สำรวจเส้นทาง",1
ใช้สำหรับบ้าน อาคารในการติดตั้งซ่อมหลังคา และระบบ Solar,1
ใช้สำหรับบ้าน อาคาร ในการติดตั้งซ่อมหลังคา และระบบ Solar,1
ตรวจตราพื้นที่รอบบริษัท,1
"เพื่อการเล่นเป็นงานอดิเรก ความบันเทิง หรือ เพื่อการกีฬา,เพื่อการถ่ายภาพและวีดีโอ สำหรับการปฏิบัติงาน",1
เพื่อใช้งานภายในองค์การบริหารส่วนตำบลทาเหนือ,1
ถ่ายภาพ สำรวจทำผัง-แผนที่ โบราณสถาน และแหล่งโบราณคดี,1
"เพื่อการเล่นเป็นงานอดิเรก ความบันเทิง หรือ เพื่อการกีฬา,สำรวจสภาพภูมิประเทศ จัดทำแผนที่ภาพถ่าย วิเคราะห์พื้นที่",1
ใช้บินสำรวจโรงงาน,1
การสำรวจพื้นที่,1
"เพื่อการถ่ายภาพ ถ่ายทำหรือการแสดงในภาพยนตร์หรือรายการโทรทัศน์,เพื่อการถ่ายภาพสินค้าคงคลัง และเก็บข้อมูล reference",1
"เพื่อการถ่ายภาพ ถ่ายทำหรือการแสดงในภาพยนตร์หรือรายการโทรทัศน์,เพื่อการสำรวจ ออกแบบ ก่อสร้าง ติดตั้ง ระบบพลังงานทดแทน และจัดการด้านสิ่งแวดล้อม",1
"เพื่อการเล่นเป็นงานอดิเรก ความบันเทิง หรือ เพื่อการกีฬา,เพื่อการถ่ายภาพ ถ่ายทำหรือการแสดงในภาพยนตร์หรือรายการโทรทัศน์,ถ่ายวิดีโอทำสื่อในโครงการพระธรรมจาริก วัดศรีโสดาพระอารามหลวง",1
ใช้ในการสำรวจพื้นที่ก่อสร้างบ้านลูกค้าและสำรวจหลังคา,1
เพื่อการถ่ายภาพและวีดีโอ การก่อสร้างเขื่อนกันทรายและคลื่นและกิจกรรมอื่นๆ ที่เกี่ยวกับการก่อสร้างลงยูทูป,1
"เพื่อการเล่นเป็นงานอดิเรก ความบันเทิง หรือ เพื่อการกีฬา,ดูแลทรัพย์สิน",1
"เพื่อการเล่นเป็นงานอดิเรก ความบันเทิง หรือ เพื่อการกีฬา,เพื่อการถ่ายภาพ ถ่ายทำหรือการแสดงในภาพยนตร์หรือรายการโทรทัศน์,กิจกรรมของหน่วยงานราชการ",1
"เพื่อการรายงานเหตุการณ์หรือรายงานจราจร (สื่อมวลชน),ใช้ในการบำรุงรักษาทางหลวง",1
ใช้ในการปฎิบัติงานด้านการสำรวจเส้นทาง,1
สำรวจถ่ายภาพทางอากาศ ทำวีดีทัศน์ ใช้ในกิจการของบริษัท,1
งานวิจัยและสำรวจทางผังเมือง,1
เพื่อการถ่ายภาพ ถายวิดีโอ ภายในโรงงานอุตสาหกรรม,1
"เพื่อการเล่นเป็นงานอดิเรก ความบันเทิง หรือ เพื่อการกีฬา,ใช้ตรวจสภาพป่า",1
"เพื่อการเล่นเป็นงานอดิเรก ความบันเทิง หรือ เพื่อการกีฬา,เพื่อการรายงานเหตุการณ์หรือรายงานจราจร (สื่อมวลชน),เพื่อการถ่ายภาพ ถ่ายทำหรือการแสดงในภาพยนตร์หรือรายการโทรทัศน์,เพื่อการวิจัยและพัฒนาอากาศยาน เพื่อการพาณิชย์,ใช้ในราชการเป็นครั้งคราว เพื่อดูพื้นที่ของการปลูกกัญชา",1
รายงานสภาพการจราจรและงานในหน่วยงานแขวงทางหลวงนครราชสีมาที่ 3,1
"เพื่อการเล่นเป็นงานอดิเรก ความบันเทิง หรือ เพื่อการกีฬา,เพื่อการถ่ายภาพ ถ่ายทำหรือการแสดงในภาพยนตร์หรือรายการโทรทัศน์,ปราบปรามยาเสพติด",1
"เพื่อการเล่นเป็นงานอดิเรก ความบันเทิง หรือ เพื่อการกีฬา,เพื่อการสำรวจและตรวจสอบสภาพหน้างานของบริษัท",1
การเผยแผ่ธรรม,1
"เพื่อการเล่นเป็นงานอดิเรก ความบันเทิง หรือ เพื่อการกีฬา,ประชาสัมพันธ์ การดำเนินงาน สำนักงานพัฒนาชุมชน",1
"เพื่อการเล่นเป็นงานอดิเรก ความบันเทิง หรือ เพื่อการกีฬา,เพื่อบันทึกภาพกิจกรรมของการศึกษา",1
"เพื่อการวิจัยและพัฒนาอากาศยาน เพื่อการพาณิชย์,เพื่อการเกษตร",1
"เพื่อการวิจัยและพัฒนาอากาศยาน เพื่อการพาณิชย์,เพื่อ เป็นสือการสอนประกอบการศึกษา",1
เพื่อใช้สาธิตการใช้งาน สำหรับการจำหน่าย,1
"เพื่อการเล่นเป็นงานอดิเรก ความบันเทิง หรือ เพื่อการกีฬา,เพื่อการสำรวจประกอบการออกแบบก่อสร้าง",1
"ใช้ในงานมหาวิทยาลัย , งานบริการวิชาการ , การเรียนการสอน",1
ใช้สำรวจสถานที่กำจัดขยะและเฝ้าระวังคุณภาพสิ่งแวดล้อม,1
เพื่อใช้ในการศึกษา วิเคราะห์  ทดลอง ฝึกอบรม ประกอบภารกิจในการจัดทำกฎเกณฑ์ในการกำกับดูแลเครื่องวิทยุคมนาคมที่ใช้ในอากาศยานไม่มีนักบิน,1
นำเสนอสถานที่ท่องเที่ยวภายในเขตเทศบาลตำบลปากน้ำประแส,1
"เพื่อการเล่นเป็นงานอดิเรก ความบันเทิง หรือ เพื่อการกีฬา,เพื่อการรายงานเหตุการณ์หรือรายงานจราจร (สื่อมวลชน),เพื่อการถ่ายภาพ ถ่ายทำหรือการแสดงในภาพยนตร์หรือรายการโทรทัศน์,เพื่อการวิจัยและพัฒนาอากาศยาน เพื่อการพาณิชย์,Quadcopter/GPS/RTF เพื่อการถ่ายภาพ ถ่ายทำ หรือสำรวจพื้นที่",1
"เพื่อการเล่นเป็นงานอดิเรก ความบันเทิง หรือ เพื่อการกีฬา,เพื่อการถ่ายภาพสำรวจที่ดิน (อสังหาริมทรัพย์)",1
การทำแผนที่ภาพถ่ายทางอากาศ,1
"เพื่อการถ่ายภาพ ถ่ายทำหรือการแสดงในภาพยนตร์หรือรายการโทรทัศน์, สำรวจหลังคาอาคารทั้งใช้ติดตั้งระบบผลิตพลังงานไฟฟ้าจากแสงอาทิตย์",1
"เพื่อการเล่นเป็นงานอดิเรก ความบันเทิง หรือ เพื่อการกีฬา,เพื่อการรายงานเหตุการณ์หรือรายงานจราจร (สื่อมวลชน),ตรวจท้องที่ สืบสวนสอบสวน รปภ. กู้ภัยและฝึก",1
เพื่อใช้ในการสำรวจ รังวัด และเก็บข้อมูลในงานวิศวกรรม,1
เพื่อใช้ในงานกู้ชีพ กู้ภัย และบรรเทาสาธารณภัย,1
เพื่อเป็นการตรวจสอบสถานที่เอาประกันภัยก่อนการพิจารณารับประกันภัย,1
"เพื่อการเล่นเป็นงานอดิเรก ความบันเทิง หรือ เพื่อการกีฬา,ไว้บินถ่ายหน้างานก่อสร้าง",1
"เพื่อการถ่ายภาพ ถ่ายทำหรือการแสดงในภาพยนตร์หรือรายการโทรทัศน์,เพื่อถ่ายภาพในการตรวจสอบงานก่อสร้าง",1
ใช้ในภารกิจของมูลนิธิ,1
"เพื่อการเล่นเป็นงานอดิเรก ความบันเทิง หรือ เพื่อการกีฬา,เพื่อถ่ายภาพทางงานก่อสร้าง",1
ใช้ในภารกิจงานการไฟฟ้าฝ่ายผลิตแห่งประเทศไทย (กฟผ.) เขื่อนบางลาง,1
"เพื่อการเล่นเป็นงานอดิเรก ความบันเทิง หรือ เพื่อการกีฬา, ใช้เพื่อการศึกษาการเรียนการสอน",1
เพื่อการถ่ายภาพ รายงานกิจกรรมที่เกี่ยวข้องกับบริษัท,1
สำรวจพื้นที่ร่วมกับหน่วยงานทหาร,1
"เพื่อการเล่นเป็นงานอดิเรก ความบันเทิง หรือ เพื่อการกีฬา,เพื่อการถ่ายภาพ ถ่ายทำหรือการแสดงในภาพยนตร์หรือรายการโทรทัศน์,สำรวจพื้นที่,แปลงที่ดิน",1
เพื่อการถ่ายภาพที่ดินและสิ่งปลูกสร้าง,1
"เพื่อการถ่ายภาพ ถ่ายทำหรือการแสดงในภาพยนตร์หรือรายการโทรทัศน์,เพื่อการตรวจสอบระบบไฟฟ้าและแผงโซลาร์เซลล์",1
ใช้ในภารกิจงานการไฟฟ้าฝ่ายผลิตแห่งประเทศไทย (กฟผ.) เขื่อนวชิราลงกรณ,1
ตรวจความคืบหน้างานก่อสร้าง,1
เครื่องพ่นยาการเกษตร,1
ใช้สำรวจที่ดิน,1
สนับสนุนภาระกิจการปฎิบัติหน้าที่,1
ใช้ในภารกิจการไฟฟ้าฝ่ายผลิตแห่งประเทศไทย (กฟผ),1
"เพื่อการถ่ายภาพ ถ่ายทำหรือการแสดงในภาพยนตร์หรือรายการโทรทัศน์,กิจกรรมของส่วนราชการ",1
"เพื่อการเล่นเป็นงานอดิเรก ความบันเทิง หรือ เพื่อการกีฬา,เพื่อการถ่ายภาพ ถ่ายทำหรือการแสดงในภาพยนตร์หรือรายการโทรทัศน์,เพื่อการวิจัยและพัฒนาอากาศยาน เพื่อการพาณิชย์,ใช้ถ่ายภาพและเก็บข้อมูลวิดิโอสำหรับสำรวจหน้างานเพื่อทำรายงานด้านพลังงานทดแทน",1
ภารกิจหน่วย ร. 112 พัน 1,1
"เพื่อการเล่นเป็นงานอดิเรก ความบันเทิง หรือ เพื่อการกีฬา,เพื่อการถ่ายภาพ ถ่ายทำหรือการแสดงในภาพยนตร์หรือรายการโทรทัศน์,ใช้ในราชการตำรวจ สภภ.เมืองนราธิวาส",1
ตรวจสอบการทำงานของโซล่าร์ และกิจกรรมของบริษัมฯ,1
"เพื่อการเล่นเป็นงานอดิเรก ความบันเทิง หรือ เพื่อการกีฬา,ตรวจตราป้องกันไฟป่า การลักลอบตัดไม้ในป่าชุมชน",1
เพื่อถ่ายภาพผลงานภาพติดตั้งระบบ ผลิตไฟฟ้า ด้วยโซล่าเซลล์ จากพลังงานแสงอาทิตย์,1
"เพื่อการเล่นเป็นงานอดิเรก ความบันเทิง หรือ เพื่อการกีฬา, ถ่ายภาพมุมสูงของพื้นที่ในบางโอกาส",1
"เพื่อการเล่นเป็นงานอดิเรก ความบันเทิง หรือ เพื่อการกีฬา,เพื่อการรายงานเหตุการณ์หรือรายงานจราจร (สื่อมวลชน),ป้องกันและปราบปรามอาชญกรรม งานจราจร งานสืบสวนสอบสวน และงานรักษาความปลอดภัยบุคคล สถานที่ในงานตำรวจ",1
"เพื่อการเล่นเป็นงานอดิเรก ความบันเทิง หรือ เพื่อการกีฬา,เพื่อการดูแลปศุสัตว์",1
สำรวจและส่งเสริมด้านการเกษตร,1
ใช้สำรวจพื่นที่โครงสร้างของบ้าน,1
"เพื่อการเล่นเป็นงานอดิเรก ความบันเทิง หรือ เพื่อการกีฬา,เพื่อการถ่ายภาพ ถ่ายทำหรือการแสดงในภาพยนตร์หรือรายการโทรทัศน์,เพื่อใช้สำหรับงานสำรวจและทำแผนที่โดยเฉพาะ",1
"เพื่อการเล่นเป็นงานอดิเรก ความบันเทิง หรือ เพื่อการกีฬา,เพื่อการถ่ายภาพ ถ่ายทำหรือการแสดงในภาพยนตร์หรือรายการโทรทัศน์,เพื่อถ่ายรูปที่ดิน งานสำรวจ งานตรวจสอบเขื่อนและอ่างเก็บน้ำ",1
กล้องถ่ายภาพเคลื่อนไหว(กล้องวิดิโอ),1
"เพื่อการเล่นเป็นงานอดิเรก ความบันเทิง หรือ เพื่อการกีฬา,เพื่อการวิจัยในการศึกษาระดับปริญญาเอก",1
"เพื่อการเล่นเป็นงานอดิเรก ความบันเทิง หรือ เพื่อการกีฬา,เพื่อการถ่ายภาพ ถ่ายทำหรือการแสดงในภาพยนตร์หรือรายการโทรทัศน์,ถ่ายภาพในกิจการของบริษัท",1
"เพื่อการเล่นเป็นงานอดิเรก ความบันเทิง หรือ เพื่อการกีฬา,เพื่อการถ่ายภาพ ถ่ายทำหรือการแสดงในภาพยนตร์หรือรายการโทรทัศน์,ถ่ายการท่องเที่ยว , รีวิวสถานที่ท่องเที่ยว",1
สำรวจ ตรวจสอบ แนวท่อส่งก๊าซฯ,1
"ถ่ายไซด์งานเพื่อการออกแบบ Landscape ,ดูพื้นที่ดิน",1
เพื่อใช้ในงานของ โรงเรียนนวมินทราชินูิทศ สตรีวิทยา 2,1
บันทึกภาพ และวีดีโอ และสำรวจพื้นที่ติดตั้งระบบโซล่าเซลล์,1
เพื่อสำรวจพื้นที่,1
"เพื่อการเล่นเป็นงานอดิเรก ความบันเทิง หรือ เพื่อการกีฬา,บินสำรวจพื้นเพื่อป้องกันไฟป่า",1
"เพื่อการเล่นเป็นงานอดิเรก ความบันเทิง หรือ เพื่อการกีฬา,เพื่อการรายงานเหตุการณ์หรือรายงานจราจร (สื่อมวลชน),เพื่อการถ่ายภาพ ถ่ายทำหรือการแสดงในภาพยนตร์หรือรายการโทรทัศน์,ถ่ายภาพ ,การท่องเที่ยว",1
"เพื่อการเล่นเป็นงานอดิเรก ความบันเทิง หรือ เพื่อการกีฬา,เพื่อการถ่ายภาพ ถ่ายทำหรือการแสดงในภาพยนตร์หรือรายการโทรทัศน์,ทำงานโคกหนองนาในการสำรวจพื้นที่",1
"เพื่อการเล่นเป็นงานอดิเรก ความบันเทิง หรือ เพื่อการกีฬา,เพื่อการถ่ายภาพ ถ่ายทำหรือการแสดงในภาพยนตร์หรือรายการโทรทัศน์,เพื่อการถ่ายภาพนิ่ง ภาพวิดีโอ ในการท่องเที่ยว",1
"เพื่อการเล่นเป็นงานอดิเรก ความบันเทิง หรือ เพื่อการกีฬา,เพื่อการถ่ายภาพ ถ่ายทำหรือการแสดงในภาพยนตร์หรือรายการโทรทัศน์,เพื่อการศึกษา และการเรียนการสอน",1
"เพื่อการเล่นเป็นงานอดิเรก ความบันเทิง หรือ เพื่อการกีฬา,เพื่อการถ่ายภาพ ถ่ายทำหรือการแสดงในภาพยนตร์หรือรายการโทรทัศน์,Real Estate",1
ตรวจสอบรอยแตกร้าวอาคาร,1
"เพื่อการเล่นเป็นงานอดิเรก ความบันเทิง หรือ เพื่อการกีฬา,ถ่ายภาพทำแผนที่สำรวจ Photogrammetry",1
"เพื่อการเล่นเป็นงานอดิเรก ความบันเทิง หรือ เพื่อการกีฬา,สำรวจอาคารสำนักงานส่วนตัว เพื่อการซ่อมแซม",1
"เพื่อการเล่นเป็นงานอดิเรก ความบันเทิง หรือ เพื่อการกีฬา,ถ่ายภาพที่ดิน และถ่ายทำ VDO",1
"เพื่อการเล่นเป็นงานอดิเรก ความบันเทิง หรือ เพื่อการกีฬา,เก็บภาพบรรยากาศ?การท่องเที่ยว",1
"เพื่อการเล่นเป็นงานอดิเรก ความบันเทิง หรือ เพื่อการกีฬา,ศึกษาภูมิประเทศ/ ไซต์งาน",1
"เพื่อการเล่นเป็นงานอดิเรก ความบันเทิง หรือ เพื่อการกีฬา,เพื่อการรายงานเหตุการณ์หรือรายงานจราจร (สื่อมวลชน),เพื่อการถ่ายภาพ ถ่ายทำหรือการแสดงในภาพยนตร์หรือรายการโทรทัศน์,เพื่อภารกิจค้นหาและกู้ภัย",1
"เพื่อการเล่นเป็นงานอดิเรก ความบันเทิง หรือ เพื่อการกีฬา,เพื่อการรายงานเหตุการณ์หรือรายงานจราจร (สื่อมวลชน),เพื่อการวิจัยและพัฒนาอากาศยาน เพื่อการพาณิชย์,เพื่อการเกษตรกรรม",1
ถ่ายภาพพื้นที่ทำงาน,1
"เพื่อการเล่นเป็นงานอดิเรก ความบันเทิง หรือ เพื่อการกีฬา,เพื่อการถ่ายภาพ ถ่ายทำหรือการแสดงในภาพยนตร์หรือรายการโทรทัศน์,ถ่ายภาพพนักงานเวลาทำงาน",1
"เพื่อการเล่นเป็นงานอดิเรก ความบันเทิง หรือ เพื่อการกีฬา,ใช้เก็บภาพมุมสูงของงานที่ทำ",1
ถ่ายภาพรายงานเหตุการณ์ ในพื้นที่บริษัท,1
"เพื่อการเล่นเป็นงานอดิเรก ความบันเทิง หรือ เพื่อการกีฬา,เพื่อการถ่ายภาพ ถ่ายทำหรือการแสดงในภาพยนตร์หรือรายการโทรทัศน์,ซื้อเพื่อใช้ในการท่องเที่ยวถ่ายภาพวิวสวยงาม",1
เพื่อใช้ในงานด้านความปลอดภัยของพื้นที่ภายในบริษัท,1
เพื่อใช้ในการปฏิบัติภาระหน้าที่ขององค์การบริหารส่วนตำบลโคกขาม,1
"เพื่อการเล่นเป็นงานอดิเรก ความบันเทิง หรือ เพื่อการกีฬา,เพื่อการถ่ายภาพ ถ่ายทำหรือการแสดงในภาพยนตร์หรือรายการโทรทัศน์,สำรวจสภาพภูมิประเทศ / สำรวจพื้นที่เพาะปลูก",1
"เพื่อการถ่ายภาพ ถ่ายทำหรือการแสดงในภาพยนตร์หรือรายการโทรทัศน์,เพื่อเป็นสื่อการเรียนการสอน",1
เพื่อการถ่ายภาพบ้านและที่ดินในการทำงานเท่านั้น,1
ใช้ในงานสำรวจและงานแผนที่,1
เพื่อใช้ในการกิจด้านป่าไม้,1
ผลิตสื่อภายในองค์กร,1
"ถ่ายรูปอาคารในจุดที่ต้องการซ่อมแซมในที่สูง เช่น หลังคา,ผนังตึก ถ่ายรูปกิจกรรมต่างๆของผู้อยู่อาศัยในโครงการ",1
เพื่อการถ่ายภาพรายละเอียดและความคืบหน้างานก่อสร้างคลังสินค้า,1
"เพื่อการเล่นเป็นงานอดิเรก ความบันเทิง หรือ เพื่อการกีฬา,เพื่อการถ่ายภาพ ถ่ายทำหรือการแสดงในภาพยนตร์หรือรายการโทรทัศน์,เพื่อสำรวจในงานวิศวกรรมที่ปรึกษา",1
"เพื่อการเล่นเป็นงานอดิเรก ความบันเทิง หรือ เพื่อการกีฬา,เพื่อการรายงานเหตุการณ์หรือรายงานจราจร (สื่อมวลชน),เพื่อการถ่ายภาพ ถ่ายทำหรือการแสดงในภาพยนตร์หรือรายการโทรทัศน์,กรณีเพื่อการศึกษา",1
"เพื่อการเล่นเป็นงานอดิเรก ความบันเทิง หรือ เพื่อการกีฬา,เพื่อการรายงานเหตุการณ์หรือรายงานจราจร (สื่อมวลชน),เพื่อการถ่ายภาพ ถ่ายทำหรือการแสดงในภาพยนตร์หรือรายการโทรทัศน์,ใช้ถ่ายภาพในหน่วยงานก่อสร้างเพื่อตรวจสอบงาน",1
"เพื่อการเล่นเป็นงานอดิเรก ความบันเทิง หรือ เพื่อการกีฬา,ถ่ายภาพ และ วีดีโอ",1
เพื่อใช้ในการบริการจัดการงานในบริษัท ในการเก็บภาพถ่ายโครงการต่างๆ,1
เก็บภาพการก่อสร้างถนนและสะพาน,1
"เพื่อการเล่นเป็นงานอดิเรก ความบันเทิง หรือ เพื่อการกีฬา,สำรวจพื้นที่ก่อสร้าง",1
ใช้สำหลับถ่ายภาพในเขตบริษัท เพื่องานด้านความปลอดภัยในพื้นที่ และสอบอาคารที่สูง,1
"เพื่อการเล่นเป็นงานอดิเรก ความบันเทิง หรือ เพื่อการกีฬา,เพื่อการถ่ายภาพ ถ่ายทำหรือการแสดงในภาพยนตร์หรือรายการโทรทัศน์,ใช้อัพเดตตรวจสอบสภาพหน้างานในมุมสูง",1
"เพื่อการเล่นเป็นงานอดิเรก ความบันเทิง หรือ เพื่อการกีฬา,ถ่ายภาพวิวทิวทัศน์",1
ใช้เพื่อถ่ายภาพในโครงการอสังหาทรัพย์,1
"เพื่อการเล่นเป็นงานอดิเรก ความบันเทิง หรือ เพื่อการกีฬา,เพื่อการถ่ายภาพ ถ่ายทำหรือการแสดงในภาพยนตร์หรือรายการโทรทัศน์,ใช้ในการตรวจสอบหน้างานในพื้นที่สูง",1
เพื่อใช้ในงานตรวจสอบและบำรุงรักษาระบบงาน Solar Rooftop ของโรงไฟฟ้าในกลุ่มบริษัท กัลฟ์ เจพี ยูที จำกัด,1
เพื่อใช้ในงานตรวจสอบและบำรุงรักษาระบบงาน Solar Rooftop ของโรงไฟฟ้าในกลุ่มบริษัท กัลฟ์ เพาเวอร์ เจเนอเรชั่น จำกัด,1
"เพื่อการเล่นเป็นงานอดิเรก ความบันเทิง หรือ เพื่อการกีฬา,เพื่อใช้ประชาสัมพันธ์กิจการ , ตรวจสอบงานของกิจการ",1
"เพื่อการเล่นเป็นงานอดิเรก ความบันเทิง หรือ เพื่อการกีฬา,เพื่อการรายงานเหตุการณ์หรือรายงานจราจร (สื่อมวลชน),เพื่อการถ่ายภาพ ถ่ายทำหรือการแสดงในภาพยนตร์หรือรายการโทรทัศน์,เพื่อการวิจัยและพัฒนาอากาศยาน เพื่อการพาณิชย์,เพื่อการเกษตรกรรม,เพื่อการวิจัย ทดลอง ทดสอบ ตามประกาศ กสทช.,ใช้ในธุรกิจส่วนตัว",1
ใช้งานสำรวจบ้าน อาคาร ในวิจการงานติดตั้ง ซ่อมแซม และระบบSolar Cell,1
"เพื่อการเล่นเป็นงานอดิเรก ความบันเทิง หรือ เพื่อการกีฬา,อนาคตจะทำเพจท่องเที่ยว",1
"เพื่อการถ่ายภาพ ถ่ายทำหรือการแสดงในภาพยนตร์หรือรายการโทรทัศน์,การศึกษา",1
"เพื่อการเล่นเป็นงานอดิเรก ความบันเทิง หรือ เพื่อการกีฬา,ถ่ายภาพงานก่อสร้างมุมสูง",1
"เพื่อการเล่นเป็นงานอดิเรก ความบันเทิง หรือ เพื่อการกีฬา,เพื่อการถ่ายภาพ ถ่ายทำหรือการแสดงในภาพยนตร์หรือรายการโทรทัศน์,Promotion Real Estate",1
เพื่อรายงานเหตุการณ์ความคืบหน้างานก่อสร้าง,1
ใช้ในการสำรวจงานราชการ,1
เพื่อใช้ในงานซ่อมและเปลี่ยนหลังคา สำหลับสำรวจงานที่สูง,1
ประกอบกิจการค้าและจำหน่ายวัตถุดิบ ผลิตภัณฑ์เพื่อใช้ในการก่อสร้าง ควบคุมการดูแลการก่อสร้าง การติดตั้งและวางระบบสาธารณูปโภค,1
"เพื่อการเล่นเป็นงานอดิเรก ความบันเทิง หรือ เพื่อการกีฬา,เพื่อการวิจัยและพัฒนาอากาศยาน เพื่อการพาณิชย์,เพื่อพัฒนาเป็นอุปกรณ์ช่วยทางการเกษตร",1
"เพื่อการเล่นเป็นงานอดิเรก ความบันเทิง หรือ เพื่อการกีฬา,เพื่อการถ่ายภาพ ถ่ายทำหรือการแสดงในภาพยนตร์หรือรายการโทรทัศน์,ถ่ายภาพนิ่งและวีดีโอเพื่อเผยแพร่ประชาสัมพันธ์ตามวิชาชีพสื่ิมวลชน",1
"เพื่อการเล่นเป็นงานอดิเรก ความบันเทิง หรือ เพื่อการกีฬา,รับงานต่างๆ",1
เพื่อใช่ในงานตรวจสอบและบำรุงรักษาระบบงาน Solar rooftop ของโรงไฟฟ้าในกลุ่มบริษัท กัลฟ์,1
เพื่อสำรวจ ท่าแผนที่ เพื่อการศึกษา,1
"เพื่อการเล่นเป็นงานอดิเรก ความบันเทิง หรือ เพื่อการกีฬา,เพื่อการถ่ายภาพ ถ่ายทำหรือการแสดงในภาพยนตร์หรือรายการโทรทัศน์,เพื่อภ่ายภาพ และวีดีโอ เพื่อทำการตลาดออนไลน์",1
ตรวจคนงาน,1
"เพื่อการเล่นเป็นงานอดิเรก ความบันเทิง หรือ เพื่อการกีฬา,เพื่อใช้ในการทำงานรักษาทรัพยากรป่าไม้",1
"เพื่อการเกษตรกรรม,สำรวจพื้นที่ป้องการไฟป่า สำรวจพื้นที่เพื่อออกแบบบริการสาธารณะ สำรวจการรุกล้ำพื้นที่ป่า",1
"เพื่อการเล่นเป็นงานอดิเรก ความบันเทิง หรือ เพื่อการกีฬา,เพื่อใช้ถ่ายภาพของโครงการ เพื่อพรีเซ้นต์งาน",1
"เพื่อการเล่นเป็นงานอดิเรก ความบันเทิง หรือ เพื่อการกีฬา,ใช้บินสำรวจเพื่อดับไฟป่า",1
"เพื่อการเล่นเป็นงานอดิเรก ความบันเทิง หรือ เพื่อการกีฬา,ดูความเรียบร้อยหลังคาโกดังและที่ดิน",1
ความก้าวหน้าของงาน (โครงการก่อส้ราง),1
เพื่อใช้ในการทำงานในราชการ,1
สำรวจและจัดทำภาพถ่ายทางอากาศเชิงแผนที่,1
เพื่อถ่ายภาพงานก่อสร้าง,1
ใช้เพื่อการสำรวจ ตรวจสอบ งานด้านธรณีวิทยา วิศวกรรม การชลประทาน การคมนาคม,1
ใช้ถ่ายภาพสถานที่ก่อสร้าง,1
"เพื่อการเล่นเป็นงานอดิเรก ความบันเทิง หรือ เพื่อการกีฬา,ถ่ายโปรโมทบ้าน",1
"เพื่อการถ่ายภาพ ถ่ายทำหรือการแสดงในภาพยนตร์หรือรายการโทรทัศน์,เพื่อการเกษตรกรรม,เพื่อการวิจัย ทดลอง ทดสอบ ตามประกาศ กสทช.",1
"เพื่อการเล่นเป็นงานอดิเรก ความบันเทิง หรือ เพื่อการกีฬา,ประชาสัมพัรธ์งานพัฒนาชุมชน",1
เพื่อสำรวจสภาพพื้นที่ลำคลองสาธารณะ พื้นที่สาธารณะ,1
"เพื่อการเล่นเป็นงานอดิเรก ความบันเทิง หรือ เพื่อการกีฬา,เพื่อการเกษตรกรรม,เพื่อการออกแบบภูมิสถาปัตยกรรม / Architectural Landscape Design",1
"เพื่อการเล่นเป็นงานอดิเรก ความบันเทิง หรือ เพื่อการกีฬา,ใช้ในการถ่ายภาพและประชาสัมพันธ์ของมหาวิทยาลัย",1
"เพื่อการเล่นเป็นงานอดิเรก ความบันเทิง หรือ เพื่อการกีฬา,ตรวจสอบคุณภาพบ้าน",1
"เพื่อการถ่ายภาพ ถ่ายทำหรือการแสดงในภาพยนตร์หรือรายการโทรทัศน์,เพื่อการถ่ายภาพหรือใช้ในงานของโครงการของบริษัท",1
"เพื่อการเล่นเป็นงานอดิเรก ความบันเทิง หรือ เพื่อการกีฬา,เพื่อการถ่ายภาพ ถ่ายทำหรือการแสดงในภาพยนตร์หรือรายการโทรทัศน์,ใช้เพื่อถ่ายงานวางท่อก๊าซขอแง ปตท",1
ถ่ายภาพ สำรวจที่ดิน,1
"เพื่อการเล่นเป็นงานอดิเรก ความบันเทิง หรือ เพื่อการกีฬา,เพื่อการถ่ายภาพ ถ่ายทำหรือการแสดงในภาพยนตร์หรือรายการโทรทัศน์,เพื่อการศึกษาและการสอนเขียนโปรแกรมควบคุมโดรน",1
"เพื่อการเล่นเป็นงานอดิเรก ความบันเทิง หรือ เพื่อการกีฬา,เพื่อการรายงานเหตุการณ์หรือรายงานจราจร (สื่อมวลชน),เพื่อการถ่ายภาพ ถ่ายทำหรือการแสดงในภาพยนตร์หรือรายการโทรทัศน์,สำหรับถ่ายภาพมุมสูง ติดตามความคืบหน้าไซท์งานก่อสร้าง",1
"เพื่อการเล่นเป็นงานอดิเรก ความบันเทิง หรือ เพื่อการกีฬา,สำรวจบริเวณบ้านพัก และพื้นที่การเกษตร",1
เพื่อการถ่ายภาพที่ดินที่ทำการขาย,1
"เพื่อการเล่นเป็นงานอดิเรก ความบันเทิง หรือ เพื่อการกีฬา,งานตรวจหลังคาบ้าน",1
เพื่อการถ่ายภาพ ถ่ายภาพยนตร์ เพื่อใช้ในงานก่อสร้าง,1
"เพื่อการวิจัย ทดลอง ทดสอบ ตามประกาศ กสทช.,การศึกษา",1
"เพื่อการเล่นเป็นงานอดิเรก ความบันเทิง หรือ เพื่อการกีฬา,เพื่อการถ่ายภาพ ถ่ายทำหรือการแสดงในภาพยนตร์หรือรายการโทรทัศน์,ตรวจงาน",1
"เพื่อการเล่นเป็นงานอดิเรก ความบันเทิง หรือ เพื่อการกีฬา,ถ่ายหน้างาน โครงการก่อสร้างบ้านจัดสรร",1
เพื่อถ่ายภาพในงานราชการ,1
"เพื่อการเล่นเป็นงานอดิเรก ความบันเทิง หรือ เพื่อการกีฬา,ถ่ายภาพกิจกรรมและโครงการ สื่อการเรียนการสอนของนักศึกษา",1
"เพื่อการเล่นเป็นงานอดิเรก ความบันเทิง หรือ เพื่อการกีฬา,ถ่ายบ้านตัวอย่าง เพื่อให้ได้มุมมองที่แตกต่างและสวยงาม",1
เพื่อการถ่ายภาพ ถ่ายทำหรือการแสดงกิจกรรมในโรงเรียน,1
"เพื่อการเล่นเป็นงานอดิเรก ความบันเทิง หรือ เพื่อการกีฬา,เพื่อการถ่ายภาพ ถ่ายทำหรือการแสดงในภาพยนตร์หรือรายการโทรทัศน์,travel / holiday videos",1
"เพื่อการเล่นเป็นงานอดิเรก ความบันเทิง หรือ เพื่อการกีฬา,ถ่ายบรรยากาศการเดินทางลงเพจส่วนตัว",1
"เพื่อการถ่ายภาพ ถ่ายทำหรือการแสดงในภาพยนตร์หรือรายการโทรทัศน์,ถ่ายภาพนิ่งทำหนังสือท่องเที่ยว",1
เพื่อการถ่ายภาพมุมสูงในกิจกรรมภายในวัด การปรพกอบศาสนกิจเวียนเทียนรอบพระบรมสารีริทธาตุ เพื่อการเผยแผ่พระพุทธศาสนา,1
เพื่อดูความคืบหน้าของการทำธุรกิจ (ธุรกิจปั้มน้ำมัน),1
"เพื่อการเล่นเป็นงานอดิเรก ความบันเทิง หรือ เพื่อการกีฬา,เพื่อการถ่ายภาพ ถ่ายทำหรือการแสดงในภาพยนตร์หรือรายการโทรทัศน์,ใช้ในงานชลประทาน จังหวัดนครราชสีมา",1
"เพื่อการเล่นเป็นงานอดิเรก ความบันเทิง หรือ เพื่อการกีฬา,ใช้ตรวจสอบอาคารและโครงสร้าง",1
"เพื่อการเล่นเป็นงานอดิเรก ความบันเทิง หรือ เพื่อการกีฬา,ใช้ถ่ายภาพ(มุมสูง)งานประกอบการทำรายงานที่เกี่ยวข้อง ในพื้นที่รับผิดชอบ",1
"เพื่อการเล่นเป็นงานอดิเรก ความบันเทิง หรือ เพื่อการกีฬา,ถ่ายงานก่อสร้าง",1
"เพื่อการเล่นเป็นงานอดิเรก ความบันเทิง หรือ เพื่อการกีฬา,ตรวจสอบแนวสายสื่อสาร",1
สำรวจพิ้นที่ก่อสร้าง ถ่ายภาพ,1
"เพื่อการเล่นเป็นงานอดิเรก ความบันเทิง หรือ เพื่อการกีฬา,เพื่อการรายงานเหตุการณ์หรือรายงานจราจร (สื่อมวลชน),เพื่อการถ่ายภาพ ถ่ายทำหรือการแสดงในภาพยนตร์หรือรายการโทรทัศน์,เพื่อการวิจัยและพัฒนาอากาศยาน เพื่อการพาณิชย์,เพื่อการวิจัย ทดลอง ทดสอบ ตามประกาศ กสทช.,ทำงานด้านSolar cell ตรวจสอบพื้นที่อาคาร และแหล่งน้ำตามธรรมชาติเพื่อทำงาน",1
เพื่อถ่ายโฆษณาสินค้า,1
"ปฎิบัติภาระกิจด้านปศุสัตร์ (สำรวจสิ่งแวดล้อม,พื้นที่ฟาร์ม)",1
"เพื่อการเล่นเป็นงานอดิเรก ความบันเทิง หรือ เพื่อการกีฬา,เพื่อการถ่ายภาพ ถ่ายทำหรือการแสดงในภาพยนตร์หรือรายการโทรทัศน์,เพื่อสำรวจ ตรวจสอบความคืบหน้าของไซต์งานก่อสร้าง",1
สแกนความร้อนแผงโซล่าร์เซลล์,1
"สำรวจและจัดทำแผนที่ภาพถ่ายทางอากาศของสถานีไฟฟ้าแรงสูง, ระบบส่ง, เขื่อน และโรงไฟฟ้า ของการไฟฟ้าฝ่ายผลิตแห่งประเทศไทย",1
เพื่อสำรวจแผง Solar cell บนอาคารในโรงงาน และสำรวจพื้นที่ในโรงงาน,1
"เพื่อการเล่นเป็นงานอดิเรก ความบันเทิง หรือ เพื่อการกีฬา,ใช้ในงานทางด้านวิศวกรรม",1
"เพื่อการวิจัย ทดลอง ทดสอบ ตามประกาศ กสทช.,งานวิจัยเพื่อพัฒนาชุมชน",1
"เพื่อการเล่นเป็นงานอดิเรก ความบันเทิง หรือ เพื่อการกีฬา,เพื่อการรายงานเหตุการณ์หรือรายงานจราจร (สื่อมวลชน),เพื่อการถ่ายภาพ ถ่ายทำหรือการแสดงในภาพยนตร์หรือรายการโทรทัศน์,เพื่อการตรวจสอบระบบจำหน่ายของการไฟฟ้า(Patrol)",1
"เพื่อการเล่นเป็นงานอดิเรก ความบันเทิง หรือ เพื่อการกีฬา,เพื่อการรายงานเหตุการณ์หรือรายงานจราจร (สื่อมวลชน),เพื่อการถ่ายภาพ ถ่ายทำหรือการแสดงในภาพยนตร์หรือรายการโทรทัศน์,เพื่อการเกษตรกรรม,เพื่อสื่อการเรียนการสอน",1
"เพื่อการเล่นเป็นงานอดิเรก ความบันเทิง หรือ เพื่อการกีฬา,เพื่อการถ่ายภาพ ถ่ายทำหรือการแสดงในภาพยนตร์หรือรายการโทรทัศน์,ถ่ายภาพเวลาไปท่องเที่ยว",1
"เพื่อการเล่นเป็นงานอดิเรก ความบันเทิง หรือ เพื่อการกีฬา,เพื่อการถ่ายภาพ ถ่ายทำหรือการแสดงในภาพยนตร์หรือรายการโทรทัศน์,เพื่อการเกษตรกรรม,YOTUBER",1
เพื่อการบันทึกภาพ/วีดีทัศน์ ที่เกี่ยวข้องกับภารกิจหน่วยงาน,1
"เพื่อการเล่นเป็นงานอดิเรก ความบันเทิง หรือ เพื่อการกีฬา,YouTube",1
"เพื่อการเล่นเป็นงานอดิเรก ความบันเทิง หรือ เพื่อการกีฬา,ถ่ายมุมสูงงานก่อสร้าง",1
เพื่อบันทึกข้อมูลการก่อสร้างของทางองค์กร,1
"เพื่อการเล่นเป็นงานอดิเรก ความบันเทิง หรือ เพื่อการกีฬา,สำรวจพื้นที่โครงการก่อสร้าง",1
เพื่อการถ่ายภาพมุมสูงและมุมกว้างในกิจการของหน่วยงาน,1
เพื่อถ่ายภาพ ถ่ายวิดิโอความคืบหน้าของโครงการก่อสร้าง,1
เพื่อการวิจัยและพัฒนาด้านวิศวกรรม,1
เพื่อจัดทำคลิปวิดีโองานประชาสัมพันธ์ในความรู้ ข่าวสารด้านธุรกิจของบริษัท,1
"เพื่อการเล่นเป็นงานอดิเรก ความบันเทิง หรือ เพื่อการกีฬา,เพื่อการถ่ายภาพ ถ่ายทำหรือการแสดงในภาพยนตร์หรือรายการโทรทัศน์,เพื่อใช้ในการสนับสนุนภารกิจตำรวจในด้านการสืบสวนและป้องกันปราบปรามผู้กระทำความผิดตามกฎหมาย",1
"เพื่อการเล่นเป็นงานอดิเรก ความบันเทิง หรือ เพื่อการกีฬา,เพื่อใช้สนับสนุนภาระกิจ การปฏิบัติราชการ ตำรวจ",1
"เพื่อการเล่นเป็นงานอดิเรก ความบันเทิง หรือ เพื่อการกีฬา,ถ่ายภาพเพื่อเป็นการพรีเซนผลงาน",1
สำหรับการถ่ายภาพทางอากาศ เพื่อสำรวจศึกษาวิจัยด้านแผ่นดินไหว ประเมินความเสียหายจากภัยแผ่นดินไหวและสึนามิ,1
เพื่องานวิจัยทางวิทยาศาสตร์,1
"เพื่อการเกษตรกรรม,ใช้กับงานเกษตร ถ่ายภาพ งานการเกษตรในโรงงาน",1
ใช้สำหรับถ่ายภาพมุมสูง และสร้างพื้นที่ภายในบริษัท,1
"เพื่อการถ่ายภาพ ถ่ายทำหรือการแสดงในภาพยนตร์หรือรายการโทรทัศน์,ใช้ในการถ่ายภาพที่บริษัทซีเฟรช เพื่อ Up date progress ในการทำงาน",1
เพื่อทำการติดตามสถานการณ์ไฟป่า,1
เพื่อการถ่ายภาพ ตรวจสอบความเรียบร้อย โครงการก่อสร้าง,1
บันทึกภาพเพื่อจัดทำรายงานความก้าวหน้างาน,1
ใช้ถ่ายความคืบหน้าของงานในมุมสูง,1
"เพื่อการเล่นเป็นงานอดิเรก ความบันเทิง หรือ เพื่อการกีฬา,เพื่อใช้บันทึกภาพตรวจสอบสถานะโครงการก่อสร้างต่างๆ บริเวณโรงกลั่นน้ำมันของบริษัท ไทยออยล์ จำกัด (มหาชน)",1
"เพื่อการวิจัยและพัฒนาอากาศยาน เพื่อการพาณิชย์,เพื่อสำรวจสภาพบ่อน้ำ",1
เพื่อถ่ายภาพและสำรวจสถานที่ติดตั้งระบบไฟฟ้าและงานก่อสร้าง,1
เพื่อใช้ตรวจสอบความผิดปกติของแผงโซลาร์เซลล์และอุปกรณ์อื่น ๆ ที่เกี่ยวข้องกับการผลิตกระแสไฟฟ้าภายในโครงการผลิตไฟฟ้าจากเซลล์แสงอาทิตย์,1
เพื่อใช้ประโยชน์ในการทำการเกษตร ในพื้นที่ที่ตัวเองมีสิทธิ์,1
"เพื่อการเล่นเป็นงานอดิเรก ความบันเทิง หรือ เพื่อการกีฬา,เพื่อการถ่ายภาพ ถ่ายทำหรือการแสดงในภาพยนตร์หรือรายการโทรทัศน์,เพื่อการเกษตรกรรม,เพื่อการวิจัย ทดลอง ทดสอบ ตามประกาศ กสทช.,เก็บภาพท่องเที่ยว",1
"เพื่อการเล่นเป็นงานอดิเรก ความบันเทิง หรือ เพื่อการกีฬา,เพื่อการถ่ายภาพ ถ่ายทำหรือการแสดงในภาพยนตร์หรือรายการโทรทัศน์,ใช้ในการประกอบอาชีพ และ ธุรกิจส่วนตัว",1
"เพื่อการเล่นเป็นงานอดิเรก ความบันเทิง หรือ เพื่อการกีฬา,ถ่ายรูปบ้านและที่ดินเพื่องานขายอสังหาริมทรัพย์",1
"เพื่อการถ่ายภาพ ถ่ายทำหรือการแสดงในภาพยนตร์หรือรายการโทรทัศน์,งานวิจัยทางภูมิศาสตร์และสำรวจพื้นที่เพื่อการพัฒนา/ป้องกันภัยพิบัติทางธรรมชาติ/แผนที่การเกษตร",1
"เพื่อการเล่นเป็นงานอดิเรก ความบันเทิง หรือ เพื่อการกีฬา,เพื่อการถ่ายภาพ ถ่ายทำหรือการแสดงในภาพยนตร์หรือรายการโทรทัศน์,เพื่อการถ่ายภาพภายในวัด",1
เพื่อการสำรวจทางวิศวกรรม,1
เพื่อปรับปรุงภูมิทัศน์,1
"เพื่อการเล่นเป็นงานอดิเรก ความบันเทิง หรือ เพื่อการกีฬา,ท่องเที่ยวถ่ายภาพ",1
"เพื่อการวิจัย ทดลอง ทดสอบ ตามประกาศ กสทช.,เพื่อถ่ายสำหรับการทำวิทยานิพนธ์ในระดับปริญญาเอก",1
"เพื่อการรายงานเหตุการณ์หรือรายงานจราจร (สื่อมวลชน),เพื่อการถ่ายภาพ ถ่ายทำหรือการแสดงในภาพยนตร์หรือรายการโทรทัศน์,เพื่อการใช้งานทั่วไปในกรมชลประทาน",1
"เพื่อการเล่นเป็นงานอดิเรก ความบันเทิง หรือ เพื่อการกีฬา,ใช้ประกอบการทำงานในภาคสนาม",1
"เพื่อการเล่นเป็นงานอดิเรก ความบันเทิง หรือ เพื่อการกีฬา,เพื่อการถ่ายภาพ ถ่ายทำหรือการแสดงในภาพยนตร์หรือรายการโทรทัศน์,เพื่อการศึกษาและการเรียนการสอน",1
"เพื่อการเล่นเป็นงานอดิเรก ความบันเทิง หรือ เพื่อการกีฬา,เพื่อประเมินพื้นที่สำหรับออกแบบและติดตั้ง Solar Roof",1
ถ่ายภาพความคืบหน้างานก่อสร้าง,1
"เพื่อการเล่นเป็นงานอดิเรก ความบันเทิง หรือ เพื่อการกีฬา,เพื่อการถ่ายภาพ ถ่ายทำหรือการแสดงในภาพยนตร์หรือรายการโทรทัศน์,ถ่ายภาพที่ดิน เพื่อการซื้อขาย",1
ประกอบการศึกษาด้านสิ่งแวดล้อม,1
"เพื่อการถ่ายภาพ ถ่ายทำหรือการแสดงในภาพยนตร์หรือรายการโทรทัศน์,เพื่อถ่ายภาพรอยร้าวของอาคาร",1
ใช้ผลิตสื่อในองค์กร,1
เพื่อการศึกษาวิจัย,1
"เพื่อการถ่ายภาพ ถ่ายทำหรือการแสดงในภาพยนตร์หรือรายการโทรทัศน์,บินสำรวจพื้นที่และแผงโซล่าเซลล์",1
"เพื่อการเล่นเป็นงานอดิเรก ความบันเทิง หรือ เพื่อการกีฬา,เพื่อการถ่ายภาพ ถ่ายทำหรือการแสดงในภาพยนตร์หรือรายการโทรทัศน์,ทำคลิปลง Youtube",1
"เพื่อการเล่นเป็นงานอดิเรก ความบันเทิง หรือ เพื่อการกีฬา,เพื่อการวิจัย",1
"เพื่อการเล่นเป็นงานอดิเรก ความบันเทิง หรือ เพื่อการกีฬา,เพื่อการรายงานเหตุการณ์หรือรายงานจราจร (สื่อมวลชน),เพื่อการถ่ายภาพ ถ่ายทำหรือการแสดงในภาพยนตร์หรือรายการโทรทัศน์,เพื่อการวิจัยและพัฒนาอากาศยาน เพื่อการพาณิชย์,ใช้เก็บภาพถ่ายโครงการก่อสร้าง",1
"เพื่อการเล่นเป็นงานอดิเรก ความบันเทิง หรือ เพื่อการกีฬา,ถ่ายรูปผลงานก่อสร้างในมุมสูง",1
"เพื่อการเล่นเป็นงานอดิเรก ความบันเทิง หรือ เพื่อการกีฬา,เพื่อการรายงานเหตุการณ์หรือรายงานจราจร (สื่อมวลชน),ใช้ในงานสืบสวนแรงงานต่างด้าว",1
เพื่อใช้ในการเรียนการสอน งานวิจัย และงานบริการวิชาการ ของคณะเกษตรศาสตร์ฯม.นเรศวร,1
"เพื่อการเล่นเป็นงานอดิเรก ความบันเทิง หรือ เพื่อการกีฬา,ถ่ายทำประกอบการทำงาน",1
ใช้ในการทำงานในไซด์งาน,1
เพื่อตรวจดูการทำงานภายในโรงงาน,1
"เพื่อการเล่นเป็นงานอดิเรก ความบันเทิง หรือ เพื่อการกีฬา,เพื่อใช้ในงานผลักดันช้างป่าและสำรวจช้างบาดเจ็บ",1
"เพื่อการเล่นเป็นงานอดิเรก ความบันเทิง หรือ เพื่อการกีฬา,ใช้ในการทำงาน ตรวจสอบ (งานก่อสร้างโครงการ)",1
งานสำรวจ,1
"เพื่อการเล่นเป็นงานอดิเรก ความบันเทิง หรือ เพื่อการกีฬา,เพื่อการถ่ายภาพ ถ่ายทำหรือการแสดงในภาพยนตร์หรือรายการโทรทัศน์,เพื่อใช้งานภายในบริษัท",1
บินสำรวจดูความคืบหน้าของการก่อสร้างอาคารมุมสูง และรอบตัวอาคาร,1
ถ่ายงานส่งลูกค้า งานปรับดิน ขุดไร่นา งานแมดโด,1
ใช้เมื่อปฏิบัติงาน,1
เพื่อสำรวจป่าสำหรับการตรวจสอบพื้นที่บุกรุกในเขตป่าสงวนแห่งชาติ,1
"เพื่อการเล่นเป็นงานอดิเรก ความบันเทิง หรือ เพื่อการกีฬา,เพื่อการถ่ายภาพ ถ่ายทำหรือการแสดงในภาพยนตร์หรือรายการโทรทัศน์,ตรวจสอบงานก่อสร้าง",1
ใช้ถ่ายภาพทางอากาศในภารกิจของกรมโยธาธิการและผังเมือง,1
"เพื่อการรายงานเหตุการณ์หรือรายงานจราจร (สื่อมวลชน),ถ่ายถาพ / VDO ทางหลวง กรมทางหลวง และกิจกรรมประชาสัมพันธ์",1
"เพื่อการเล่นเป็นงานอดิเรก ความบันเทิง หรือ เพื่อการกีฬา,เพื่อการวิจัยและพัฒนาอากาศยาน เพื่อการพาณิชย์,เพื่อการเกษตร และสหกรณ์การเกษตร",1
1. เพื่อระบบจัดทำแผนที่ภาพถ่ายทางอากาศด้วยอากาศยานไร้คนขับ 2.เพื่อใช้งานในภารกิจต่าง ๆ ของ กฟผ.,1
เพื่อถ่ายภาพบริเวณเขตประกอบการสยามอีสเทิร์นอินดัสเตรียลพาร์ค,1
ใช้ในงานตรวจสอบแผงพลังงานไฟฟ้าจากแสงอาทิตย์ และงานของบริษัท,1
"เพื่อการเล่นเป็นงานอดิเรก ความบันเทิง หรือ เพื่อการกีฬา,เพื่อใช้ถ่ายทำในการขายที่ดิน",1
"เพื่อการถ่ายภาพ ถ่ายทำหรือการแสดงในภาพยนตร์หรือรายการโทรทัศน์,ตรวจการก่อสร้าง/ตรวจสภาพพื้นที่ก่อสร้าง",1
"เพื่อการเล่นเป็นงานอดิเรก ความบันเทิง หรือ เพื่อการกีฬา,เพื่อถ่ายภาพการพัฒนาที่ดินส่วนบุคคล",1
เพื่อใช้ทำการเกษตรในพื้นที่ที่มีสิทธิ์,1
เพื่อการสำรวจอาคาร หลังคา พื้นที่สูง เพื่อการบำรุงรักษา ซ่อมแซม,1
"เพื่อการเล่นเป็นงานอดิเรก ความบันเทิง หรือ เพื่อการกีฬา,เพื่อการถ่ายภาพ ถ่ายทำหรือการแสดงในภาพยนตร์หรือรายการโทรทัศน์,การเรียนการสอน",1
"เพื่อการเล่นเป็นงานอดิเรก ความบันเทิง หรือ เพื่อการกีฬา,ถ่ายภาพอาคารสถารที่,ภูมิทัศน์",1
เพื่อใช่ในการสำรวจและติดตามความคืบหน้าของโครงการฯก่อสร้างที่ทางห้างได้ดำเนินการก่อสร้างอยู่,1
ใช้ในงานบำรุงรักษาเครื่องจักร,1
"เพื่อการเล่นเป็นงานอดิเรก ความบันเทิง หรือ เพื่อการกีฬา,ตรวจสอบซ่อมแซมหลังคา และเพื่อการศึกษา",1
ประกอบธุรกิจอสังหาริมทรัพย์,1
ถ่ายทำงานด้านวิชาการของมหาวิทยาลัยราชภัฏเชียงราย,1
เพื่อเก็บภาพงานก่อสร้าง,1
"เพื่อการถ่ายภาพ ถ่ายทำหรือการแสดงในภาพยนตร์หรือรายการโทรทัศน์,สำรวจ ออกแบบ ก่อสร้าง",1
สำรวจภูมิประเทศ ชายฝั่งทะเล,1
"เพื่อการเล่นเป็นงานอดิเรก ความบันเทิง หรือ เพื่อการกีฬา,เพื่อประชาสัมพันธ์การศึกษา",1
ตรวจสอบโครงสร้างบริษัท,1
"เพื่อการเล่นเป็นงานอดิเรก ความบันเทิง หรือ เพื่อการกีฬา,เพื่อการถ่ายภาพ ถ่ายทำหรือการแสดงในภาพยนตร์หรือรายการโทรทัศน์,สร้างสื่อออนไลน์ แนะนำชุมชนและประกอบการศึกษา",1
"เพื่อบินดูที่ดิน,ฟาร์ม",1
เพื่อการถ่ายภาพหลังคา โครงสร้างหลังคา เสนองานและออกแบบให้กับลูกค้า,1
"เพื่อการเกษตรกรรม,เพื่อใช้ฉีดพ่นของเหลวทาวการเกษตรทุกชนิด",1
"เพื่อการเล่นเป็นงานอดิเรก ความบันเทิง หรือ เพื่อการกีฬา,เพื่อการทำโฆษณาจำหน่ายที่ดิน,บอกเส้นทาง",1
เพื่อสำรวจประชากรนกอพยพในประเทศไทย,1
"เพื่อการถ่ายภาพ ถ่ายทำหรือการแสดงในภาพยนตร์หรือรายการโทรทัศน์,เพื่อการวิจัย ทดลอง ทดสอบ ตามประกาศ กสทช.,ความมั่นคง , ทางทหาร  และหน่วยทหาร",1
"เพื่อการเล่นเป็นงานอดิเรก ความบันเทิง หรือ เพื่อการกีฬา,ถ่ายรูปมุมใหม่ๆ",1
"เพื่อการเล่นเป็นงานอดิเรก ความบันเทิง หรือ เพื่อการกีฬา,เพื่อการรายงานเหตุการณ์หรือรายงานจราจร (สื่อมวลชน),เพื่อการถ่ายภาพ ถ่ายทำหรือการแสดงในภาพยนตร์หรือรายการโทรทัศน์,เพื่อการวิจัยและพัฒนาอากาศยาน เพื่อการพาณิชย์,เพื่อการเกษตรกรรม,ใช้ในการเกษตรกรรม",1
"เพื่อการเล่นเป็นงานอดิเรก ความบันเทิง หรือ เพื่อการกีฬา,เพื่อการรายงานเหตุการณ์หรือรายงานจราจร (สื่อมวลชน),เพื่อการถ่ายภาพ ถ่ายทำหรือการแสดงในภาพยนตร์หรือรายการโทรทัศน์,เพื่อการวิจัยและพัฒนาอากาศยาน เพื่อการพาณิชย์,เพื่อการเกษตรกรรม,เพื่อการวิจัย ทดลอง ทดสอบ ตามประกาศ กสทช.,เพื่อใช้ในงานราชการ",1
เพื่อการถ่ายภาพการทำงานของผลิตภัณฑ์,1
"เพื่อการเล่นเป็นงานอดิเรก ความบันเทิง หรือ เพื่อการกีฬา,ถ่ายทำ รูป คลิป ประกอบการนำเสนอ สำหรับการลงแชลแนลใน youtube และ อื่นๆ ในระบบอินเตอร์เน็ท",1
"เพื่อการเล่นเป็นงานอดิเรก ความบันเทิง หรือ เพื่อการกีฬา,รับจ้างถ่ายภาพเคลื่อนไหว บันทึกภาพนิ่ง มุมสูง",1
"เพื่อการเล่นเป็นงานอดิเรก ความบันเทิง หรือ เพื่อการกีฬา,เก็บภาพหน้างานเพื่อนำเสนอผู้บังคับบัญชา",1
เพื่อใช้ในการทำการเกษตร ในพื้นที่ที่มีสิทธิ์,1
เพื่อใช้ทำการเกษตร ในพื้นที่ที่มีสิทธิ์,1
"เพื่อการเกษตรกรรม,เพื่อใช้ทำประโยชน์ ในพื้นที่ ที่ตนมีสิทธิ์",1
"เพื่อการเกษตรกรรม,เพื่อใช้ประโยชน์ในการทำเกษตร ในพื้นที่ที่มีสิทธิ์",1
"เพื่อการเล่นเป็นงานอดิเรก ความบันเทิง หรือ เพื่อการกีฬา,รับบริการงานถ่ายภาพมุมสูง ถ่ายวิดีโอมุมสูง",1
"เพื่อการเล่นเป็นงานอดิเรก ความบันเทิง หรือ เพื่อการกีฬา,เพื่อการถ่ายภาพ ถ่ายทำหรือการแสดงในภาพยนตร์หรือรายการโทรทัศน์,เพื่อการวิจัย ทดลอง ทดสอบ ตามประกาศ กสทช.,",1
"เพื่อการตรวจจับความร้อนระบบโซล่าเซลล์ ,ถ่ายภาพโซล่าเซลล์",1
ใช้ปฏิบัติงาน ถ่ายภาพทางอากาศ แผนที่,1
"เพื่อการเล่นเป็นงานอดิเรก ความบันเทิง หรือ เพื่อการกีฬา,ฝึกบินให้เชี่ยวชาญเพื่อใช้ในการประกอบสัมมาอาชีพเช่น โดรนพ่นยา",1
เพื่อใช้สำรวจพืช,1
เพื่อสนับสนุนการทำงานด้านสื่อประชาสัมพันธ์ของหน่วยงาน,1
เพื่อใช้ในงานขององค์การบริหารส่วนตำบลหนองพลับ,1
เพื่อการถ่ายภาพทางอากาศในกิจการของบริษัท,1
"เพื่อการเล่นเป็นงานอดิเรก ความบันเทิง หรือ เพื่อการกีฬา,เพื่อการวิจัยและพัฒนาอากาศยาน เพื่อการพาณิชย์,ถ่ายภาพที่ดินเพื่อทำการขาย โปรโมท",1
ใช้เพื่อกิจกรรมที่เกี่ยวข้องกับบริษัท,1
เพื่อสำรวจหลังคาบ้านในงานสร้างบ้าน,1
"ถ่ายภาพมุมสูง ในการก่อสร้าง ภาพ,VDO",1
"เพื่อการเล่นเป็นงานอดิเรก ความบันเทิง หรือ เพื่อการกีฬา,รังวัดทำแผนที่",1
"เพื่อการเล่นเป็นงานอดิเรก ความบันเทิง หรือ เพื่อการกีฬา,เพื่อการถ่ายภาพ ถ่ายทำหรือการแสดงในภาพยนตร์หรือรายการโทรทัศน์,รับบริการถ่ายภาพและวีดีโอ มุมสูง",1
ถ่ายรูป ถ่ายภาพในไซด์งานก่อสร้าง,1
เพื่อการตรวจตราพื้นที่ในด้านรักษาความปลอดภัย,1
สำรวจพื้นที่ก่อนประมูลงานประกวดราคาจ้างฯ,1
ใช้ในการถ่ายรูปหน้างาน เพื่อคำนวณพื้นที่ในการทำใบเสนอราคา,1
เพื่อตรวจสอบภายในอุปกรณ์,1
"เพื่อการเล่นเป็นงานอดิเรก ความบันเทิง หรือ เพื่อการกีฬา,ประกอบการทำงานเช่น ถ่ายภาพทางรถไฟและอื่นๆ",1
เพื่อผลิตสื่อประชาสัมพันธ์ภารกิจของกรมอุทยานแห่งชาติ,1
"เพื่อการเล่นเป็นงานอดิเรก ความบันเทิง หรือ เพื่อการกีฬา,เพื่อการถ่ายภาพ ถ่ายทำหรือการแสดงในภาพยนตร์หรือรายการโทรทัศน์,เพื่อตรวจหลังคาศาลาที่ชำรุด",1
"เพื่อการเล่นเป็นงานอดิเรก ความบันเทิง หรือ เพื่อการกีฬา,เพื่อการถ่ายภาพ ถ่ายทำหรือการแสดงในภาพยนตร์หรือรายการโทรทัศน์,การศึกษา",1
"เพื่อการเล่นเป็นงานอดิเรก ความบันเทิง หรือ เพื่อการกีฬา,เพื่อการรายงานเหตุการณ์หรือรายงานจราจร (สื่อมวลชน),เพื่อการถ่ายภาพ ถ่ายทำหรือการแสดงในภาพยนตร์หรือรายการโทรทัศน์,เพื่อการวิจัยและพัฒนาอากาศยาน เพื่อการพาณิชย์,เพื่อการเกษตรกรรม,เพื่อการวิจัย ทดลอง ทดสอบ ตามประกาศ กสทช.,เพื่อการถ่ายภาพโครงการที่เกี่ยวข้องกับบริษัท",1
"เพื่อการเล่นเป็นงานอดิเรก ความบันเทิง หรือ เพื่อการกีฬา,เพื่อการถ่ายภาพ ถ่ายทำหรือการแสดงในภาพยนตร์หรือรายการโทรทัศน์,เพื่อตรวจสถานที่เกิดเหตุในคดีต่างๆ",1
"เพื่อการเล่นเป็นงานอดิเรก ความบันเทิง หรือ เพื่อการกีฬา,เพื่อการรายงานเหตุการณ์หรือรายงานจราจร (สื่อมวลชน),เพื่อถ่ายภาพไร่นาและสวนของตนเอง",1
เพื่อใช้ในภารกิจของกรมพัฒนาที่ดิน,1
"เพื่อการเล่นเป็นงานอดิเรก ความบันเทิง หรือ เพื่อการกีฬา,ถ่ายคลิป ท่องเที่ยว",1
"เพื่อการเล่นเป็นงานอดิเรก ความบันเทิง หรือ เพื่อการกีฬา,ใช้ในการค้นหาผู้สูญหาย หลงป่าหรือจมน้ำ",1
"เพื่อการเล่นเป็นงานอดิเรก ความบันเทิง หรือ เพื่อการกีฬา,เพื่อการถ่ายภาพ ถ่ายทำหรือการแสดงในภาพยนตร์หรือรายการโทรทัศน์,ทำคลิปลง Youtube,รับงานถ่ายภาพและวีดีโอ",1
"เพื่อการเล่นเป็นงานอดิเรก ความบันเทิง หรือ เพื่อการกีฬา,เพื่อการถ่ายภาพ ถ่ายทำหรือการแสดงในภาพยนตร์หรือรายการโทรทัศน์,เพื่อบันทึกภาพทรัพย์สิน-อสังหาริมทรัพย์",1
"เพื่อการเล่นเป็นงานอดิเรก ความบันเทิง หรือ เพื่อการกีฬา,เพื่อบันทึกเหตุการณ์การทำโครงการโคกหนองนาโมเดล",1
งานผังเมือง,1
เพื่อถ่ายภาพเเละสำรวจพื้นที่ในโครงการก่อสร้าง,1
ถ่าย ทำข้อมูลโครงการ เก็บ Progress Work,1
ใช้เพื่องานรับเหมาก่อสร้างโครงการต่างๆ,1
"เพื่อการเล่นเป็นงานอดิเรก ความบันเทิง หรือ เพื่อการกีฬา,เพื่อการรายงานเหตุการณ์หรือรายงานจราจร (สื่อมวลชน),ถ่ายภาพทางอากาศ , ที่ดิน , บ้านจัดสรร , บ้านมือสอง เพื่อสื่อการขาย",1
"เพื่อการเล่นเป็นงานอดิเรก ความบันเทิง หรือ เพื่อการกีฬา,เพื่อการศึกษา, เรียนรู้การเขียนโปรแกรมภาษา Scratch, Python และ Swift",1
ตรวจสอบปริมาณสำรอง นับสต๊อคหินหน้าเหมือง และสำรวจหน้างาน,1
บันทึกภาพเหตุการณ์ ของศาลปกครอง,1
"เพื่อการเล่นเป็นงานอดิเรก ความบันเทิง หรือ เพื่อการกีฬา,เพื่อการถ่ายภาพ ถ่ายทำหรือการแสดงในภาพยนตร์หรือรายการโทรทัศน์,เพื่อสนับสนุนการทำงาน / การปฏิบัติราชการ",1
"เพื่อการเล่นเป็นงานอดิเรก ความบันเทิง หรือ เพื่อการกีฬา,เพื่อการถ่ายภาพ ถ่ายทำหรือการแสดงในภาพยนตร์หรือรายการโทรทัศน์,เพื่อการวิจัยและพัฒนาอากาศยาน เพื่อการพาณิชย์,สำรวจสิ่งก่อสร้าง และเพื่อวิจัยโครงสร้างโบราณสถาน",1
"เพื่อการเล่นเป็นงานอดิเรก ความบันเทิง หรือ เพื่อการกีฬา,ใช้เพื่อการตรวจสอบอาคาร",1
"เพื่อการถ่ายภาพ ถ่ายทำหรือการแสดงในภาพยนตร์หรือรายการโทรทัศน์,เกษตรกรรม, การสำรวจและการถ่ายภาพ",1
"เพื่อการถ่ายภาพ ถ่ายทำหรือการแสดงในภาพยนตร์หรือรายการโทรทัศน์,shoot video clips,Vlog",1
เป็นสื่อการเรียนการสอน ถ่ายภาพบันทึกรายการเพื่อการศึกษา และการวิจัยทางการศึกษา,1
เพื่อการถ่ายภาพและวางแผนงาน(ขุดโคกหนองนาตามแบบโครงการ),1
"เพื่อการเล่นเป็นงานอดิเรก ความบันเทิง หรือ เพื่อการกีฬา,Leisure aerial video and photography",1
ใช้สำรวจพื้นที่และหลังคาโรงงาน,1
เพื่อตรวจสอบคุณภาพงานก่อสร้าง ติดตามความคืบหน้า ควบคุมงานก่อสร้าง,1
เพื่องานธุรกิจอสังหาริมทรัพย์,1
"เพื่อการเล่นเป็นงานอดิเรก ความบันเทิง หรือ เพื่อการกีฬา,งานประชาสัมพันธ์โรงเรียน",1
เพื่อสำรวจก่อนและหลังการติดตั้งโซล่าเซลล์,1
เพื่อใช้ในงานรักษาความปลอดภัยในพื้นที่อาคาร โรงงานและพื้นที่ต่างๆของผู้ว่าจ้าง,1
"เพื่อการเล่นเป็นงานอดิเรก ความบันเทิง หรือ เพื่อการกีฬา,ใช้ในงานของบริษัท",1
"เพื่อการถ่ายภาพ ถ่ายทำหรือการแสดงในภาพยนตร์หรือรายการโทรทัศน์,เพื่อใช้ในงานของทางองค์การบริหารส่วนจังหวัดสุราษฎร์ธานี",1
ใช้ในกิจการภายในบริษัท บินสำรวจความคืบหน้างานก่อสร้างต่างๆของบริษัท,1
เพื่อบันทึกความก้าวหน้าในผลการดำเนินงานและแจ้งรายงานต่อหน่วยงานราชการ,1
"เพื่อการเล่นเป็นงานอดิเรก ความบันเทิง หรือ เพื่อการกีฬา,เพื่องานก่อสร้าง โครงการของ กรมทางหลวง",1
เพื่อถ่ายภาพทรัพย์สิน เช่นที่ดิน บ้าน อาคาร เพื่อประกอบการขายทรัพย์สิน,1
"เพื่อการเล่นเป็นงานอดิเรก ความบันเทิง หรือ เพื่อการกีฬา,เพื่อการรายงานเหตุการณ์หรือรายงานจราจร (สื่อมวลชน),เพื่อการถ่ายภาพ ถ่ายทำหรือการแสดงในภาพยนตร์หรือรายการโทรทัศน์,เพื่อการวิจัยและพัฒนาอากาศยาน เพื่อการพาณิชย์,ใช้สำหรับในงานของบริษัทโรบินสัน จำกัด(มหาชน) ทั้งหมด",1
"เพื่อการเล่นเป็นงานอดิเรก ความบันเทิง หรือ เพื่อการกีฬา,ถ่ายที่ดินและบ้านพักอาศัยเพื่อประกาศขาย",1
"เพื่อการเล่นเป็นงานอดิเรก ความบันเทิง หรือ เพื่อการกีฬา,เพื่อการถ่ายภาพ การก่อสร้างทาง กรมทางหลวง",1
เพื่อการถ่ายภาพตรวจสอบงานก่อสร้างสภาพหลังคาในจุดที่มองไม่เห็น,1
สำรวจพื้นที่หน้างานเพื่อบริการให้กับลูกค้าของบริษัทและใช้ในงานอดิเรกต่างๆ,1
เพื่อการติดตามคนหาย,1
เพื่อการศึกษาการทำงาน,1
"เพื่อการเล่นเป็นงานอดิเรก ความบันเทิง หรือ เพื่อการกีฬา,ถ่ายภาพสถานที่ได้ไปท่องเที่ยว ถ้าพื้นนั้นอนุติญาติ",1
"เพื่อการถ่ายภาพ ถ่ายทำหรือการแสดงในภาพยนตร์หรือรายการโทรทัศน์,การถ่ายภาพในงานตรวจสอบทางวิศวกรรม (Industrial Aerial Inspection)",1
"เพื่อการเล่นเป็นงานอดิเรก ความบันเทิง หรือ เพื่อการกีฬา,ถ่ายภาพการทำงาน ใช้ในการทำงาน",1
เพื่อถ่ายทำวิดีโอสั้น ภาพถ่ายและการวิจัยเกี่ยวกับปัญหาแรงงานบังคับและการค้ามนุษย์ในประเทศไทย,1
"เพื่อการเล่นเป็นงานอดิเรก ความบันเทิง หรือ เพื่อการกีฬา,เพื่อการรายงานเหตุการณ์หรือรายงานจราจร (สื่อมวลชน),เพื่อการถ่ายภาพ ถ่ายทำหรือการแสดงในภาพยนตร์หรือรายการโทรทัศน์,เพื่อการวิจัยและพัฒนาอากาศยาน เพื่อการพาณิชย์,เป็นสื่อการเรียนการสอน",1
ใช้ในการตรวจสอบ เครื่องจักร และกิจการบริษัท,1
เพื่อใช้ถ่ายภาพการทำงานและขั้นตอนการก่อสร้างบ้าน,1
"เพื่อการเล่นเป็นงานอดิเรก ความบันเทิง หรือ เพื่อการกีฬา,ถ่ายถาพท่องเที่ยวกับครอบครัว",1
"เพื่อการเล่นเป็นงานอดิเรก ความบันเทิง หรือ เพื่อการกีฬา,ตรวจสอบงานหลังคา ตึก อาคาร",1
"เพื่อการรายงานเหตุการณ์หรือรายงานจราจร (สื่อมวลชน),เพื่อการถ่ายภาพ ถ่ายทำหรือการแสดงในภาพยนตร์หรือรายการโทรทัศน์,เพื่อการวิจัยและพัฒนาอากาศยาน เพื่อการพาณิชย์,เพื่อการเกษตรกรรม,สนับสนุนภารกิจด้านความมั่นคง,และปราบปรามยาเสพติด",1
"เพื่อการเล่นเป็นงานอดิเรก ความบันเทิง หรือ เพื่อการกีฬา,ใช้บันทึกภาพประกอบการรายงานความก้าวหน้าของงานก่อสร้าง",1
"เพื่อการรายงานเหตุการณ์หรือรายงานจราจร (สื่อมวลชน),เพื่อการวิจัยและพัฒนาอากาศยาน เพื่อการพาณิชย์,เพื่อการเกษตรกรรม,เพื่อการวิจัย ทดลอง ทดสอบ ตามประกาศ กสทช.",1
เพื่อถ่ายภาพรายงานความก้าวหน้าโครงการ,1
ใช้ถ่ายภาพทางอากาศในภารกิจขององค์การบริหารส่วนจังหวัดพิจิตร,1
ทำข้อมูลโครงการเก็บ Progress Work,1
เพื่อสนับสนุนการดำเนินธุรกิจ,1
"เพื่อถ่ายภาพอาคาร,ที่ดิน ส่วนบุคคล",1
ถ่ายภาพสนับสนุนงานวิศวกรรม,1
"เพื่อการเล่นเป็นงานอดิเรก ความบันเทิง หรือ เพื่อการกีฬา,เพื่อการถ่ายภาพ ถ่ายทำหรือการแสดงในภาพยนตร์หรือรายการโทรทัศน์,เพื่อการศึกษาในสถานศึกษา",1
"เพื่อการเล่นเป็นงานอดิเรก ความบันเทิง หรือ เพื่อการกีฬา,เพื่อการถ่ายภาพ ถ่ายทำหรือการแสดงในภาพยนตร์หรือรายการโทรทัศน์,เพื่อการเกษตรกรรม,เพื่อรับจ้างบริการ",1
เพื่อถ่ายภาพแนวท่อส่งก๊าซจากที่สูง,1
เพื่อนำไปใช้ในการสนับสนุนงานด้านป้องกันและบรรเทาสาธารณภัย และ นโยบายด้านส่งเสริมการท่องเที่ยวของเทศบาลเมืองปากพูน,1
"เพื่อการเล่นเป็นงานอดิเรก ความบันเทิง หรือ เพื่อการกีฬา,ถ่ายภาพวิว ครอบครัวเวลาไปเที่ยว",1
"เพื่อการถ่ายภาพ ถ่ายทำหรือการแสดงในภาพยนตร์หรือรายการโทรทัศน์,เพื่อถ่ายภาพและวีดีโอ ใช้ผลิตสื่อการศึกษาและสนับสนุนกิจกรรมของมหาวิทยาลัย",1
"เพื่อการเล่นเป็นงานอดิเรก ความบันเทิง หรือ เพื่อการกีฬา,เพื่อถ่ายสภาพงานก่อสร้าง",1
ใช้ถ่ายภาพด้านบนหลังคาโรงงาน กิจกรรมการทำงานในที่สูงที่ไม่สามารถยืนถ่ายจากพื้นที่ปกติได้,1
"เพื่อการเล่นเป็นงานอดิเรก ความบันเทิง หรือ เพื่อการกีฬา,เพื่อการถ่ายภาพ ถ่ายทำหรือการแสดงในภาพยนตร์หรือรายการโทรทัศน์,การฝึกภาคสนาม ด้านการแพทย์ ช่วยเหลือ",1
"เพื่อการเล่นเป็นงานอดิเรก ความบันเทิง หรือ เพื่อการกีฬา,ตรวจงานก่อสร้าง",1
ใช้สำรวจในงานก่อสร้าง,1
เพื่อใช้ในงานราชการสืบสวนข้อมูลผู้กระทำผิดกฏหมาย,1
"เพื่อการเล่นเป็นงานอดิเรก ความบันเทิง หรือ เพื่อการกีฬา,เพื่อการสำรวจงานก่อสร้างถนน งานโยธา",1
"เพื่อการเล่นเป็นงานอดิเรก ความบันเทิง หรือ เพื่อการกีฬา,ถ่ายภาพเพื่อลงเพจเฟสบุครีวิว",1
เพื่อใช้การเรียนการสอนและใช้เก็บบันทึกภาพมุมสูงในงานกิจกรรมต่าง ๆ ของสถานศึกษา,1
เพื่อการสำรวจ ตรวจสอบค่าความร้อนของแผงโซลาร์เซลล์,1
"เพื่อการเล่นเป็นงานอดิเรก ความบันเทิง หรือ เพื่อการกีฬา,ถ่ายภาพในสถานที่ทำงาน",1
"เพื่อการถ่ายภาพ ถ่ายทำหรือการแสดงในภาพยนตร์หรือรายการโทรทัศน์,เพื่อเป็นการเฝ้าระวังช้างป่าในพื้นที่ อ.สนามชัยเขต จ.ฉะเชิงเทรา",1
"เพื่อการเล่นเป็นงานอดิเรก ความบันเทิง หรือ เพื่อการกีฬา,เพื่อการถ่ายภาพ ถ่ายทำหรือการแสดงในภาพยนตร์หรือรายการโทรทัศน์,โปรโมทสถานที่ / การท่องเที่ยว",1
"เพื่อการเล่นเป็นงานอดิเรก ความบันเทิง หรือ เพื่อการกีฬา,ใช้ในการตรวจสอบและดูแลผลผลิตทางการเกษตรเช่นการขโมยผลผลิตในไร่",1
"เพื่อการเล่นเป็นงานอดิเรก ความบันเทิง หรือ เพื่อการกีฬา,เพื่อการถ่ายภาพ ถ่ายทำหรือการแสดงในภาพยนตร์หรือรายการโทรทัศน์,เพื่อการเกษตรกรรม,ตรวจแปลงเกษตร",1
"เพื่อการเล่นเป็นงานอดิเรก ความบันเทิง หรือ เพื่อการกีฬา,เพื่อถ่ายการทำงานของทางร้าน",1
ใช้ในราชการ สำนักงานทางหลวงชนบทที่ 5 (นครราชสีมา),1
"เพื่อการเล่นเป็นงานอดิเรก ความบันเทิง หรือ เพื่อการกีฬา,เพื่อการรายงานเหตุการณ์หรือรายงานจราจร (สื่อมวลชน),เพื่อการถ่ายภาพ ถ่ายทำหรือการแสดงในภาพยนตร์หรือรายการโทรทัศน์,ใช้เพื่อถ่ายภาพมุมสูงของสถานที่ต่างๆที่ได้รับอนุญาติแล้ว เพื่อนำเสนอบนเพจท่องเที่ยวและเพจข่าวสาร เช่น เพจ ""แจ้งข่าวศรีราชา""",1
"เพื่อการเล่นเป็นงานอดิเรก ความบันเทิง หรือ เพื่อการกีฬา,ถ่ายรูปตัวเองและภาพวิว",1
"เพื่อการเล่นเป็นงานอดิเรก ความบันเทิง หรือ เพื่อการกีฬา,เพื่อตรวจสอบหลังคาในการติดตั้งระบบโซลาร์เซลล์",1
"เพื่อการเล่นเป็นงานอดิเรก ความบันเทิง หรือ เพื่อการกีฬา,เพื่อการถ่ายภาพ ถ่ายทำหรือการแสดงในภาพยนตร์หรือรายการโทรทัศน์,เพื่อใช้ในงานของบริษัท",1
"เพื่อการเล่นเป็นงานอดิเรก ความบันเทิง หรือ เพื่อการกีฬา,ถ่ายภาพเชิงท่องเที่ยว",1
"เพื่อการเกษตรกรรม,เพื่อฉีดพ่นของเหลวทางการเกษตรทุกชนิด",1
ถ่ายภาพ ทำข้อมูลโครงการ เก็บ progress Work,1
ใช้ถ่ายความคืบหน้าของงานและถ่ายภาพมุมสูง,1
"เพื่อการเล่นเป็นงานอดิเรก ความบันเทิง หรือ เพื่อการกีฬา,เพื่อถ่ายรูปสวยงาม",1
"เพื่อการเล่นเป็นงานอดิเรก ความบันเทิง หรือ เพื่อการกีฬา,เพื่อประกอบอาชีพเสริมด้านวิศวกรรม",1
"เพื่อการเล่นเป็นงานอดิเรก ความบันเทิง หรือ เพื่อการกีฬา,เพื่อการถ่ายภาพ ถ่ายทำหรือการแสดงในภาพยนตร์หรือรายการโทรทัศน์,ถ่ายภาพประกอบทำ Content",1
สำรวจวัชพืช,1
"เพื่อการเล่นเป็นงานอดิเรก ความบันเทิง หรือ เพื่อการกีฬา,เพื่อการรายงานเหตุการณ์หรือรายงานจราจร (สื่อมวลชน),ช่วยเหลือด้านอุทกภัย และด้านต่างๆ",1
"เพื่อการเล่นเป็นงานอดิเรก ความบันเทิง หรือ เพื่อการกีฬา,รีวิวขาย บ้านและที่ดิน",1
"เพื่อการเล่นเป็นงานอดิเรก ความบันเทิง หรือ เพื่อการกีฬา,เก็บภาพวีดีโอเพื่อ Present และทำรายงาน",1
ใ้ช้เพื่อถ่ายภาพ Site งาน โครงการ ของบริษัท,1
"เพื่อการเล่นเป็นงานอดิเรก ความบันเทิง หรือ เพื่อการกีฬา,เพื่อการรายงานเหตุการณ์หรือรายงานจราจร (สื่อมวลชน),เพื่อการถ่ายภาพ ถ่ายทำหรือการแสดงในภาพยนตร์หรือรายการโทรทัศน์,เพื่อการวิจัยและพัฒนาอากาศยาน เพื่อการพาณิชย์,เพื่อการศึกษา",1
ใช้เพื่อบันทึกข้อมูล รูปภาพ วิดีโอ การดำเนินงานภายในพื้นที่โครงการก่อสร้างของบริษัท,1
"เพื่อการเล่นเป็นงานอดิเรก ความบันเทิง หรือ เพื่อการกีฬา,เพื่อการรายงานเหตุการณ์หรือรายงานจราจร (สื่อมวลชน),ใช้ในงานกู้ชีพและกู้ภัย",1
"เพื่อการเล่นเป็นงานอดิเรก ความบันเทิง หรือ เพื่อการกีฬา,เพื่อถ่ายภาพบนพื้นที่สูง เช่น บนหลังคา",1
"เพื่อการเล่นเป็นงานอดิเรก ความบันเทิง หรือ เพื่อการกีฬา,ถ่ายภาพและวิดีโอ",1
ถ่ายความคืบหน้างานก่อสร้าง,1
ใช้ถ่ายภาพทางอากาศในภารกิจของมหาวิทยาลัยขอนแก่น,1
"เพื่อการถ่ายภาพ ถ่ายทำหรือการแสดงในภาพยนตร์หรือรายการโทรทัศน์,เพื่อถ่ายภาพและวีดีโอเพื่องานวิศวกรรมบนที่สูง",1
"เพื่อการเล่นเป็นงานอดิเรก ความบันเทิง หรือ เพื่อการกีฬา,เพื่อการถ่ายภาพ ถ่ายทำหรือการแสดงในภาพยนตร์หรือรายการโทรทัศน์,ค้นหาผู้ประสบภัยในทะเล",1
"เพื่อการเล่นเป็นงานอดิเรก ความบันเทิง หรือ เพื่อการกีฬา,เพื่อการถ่ายภาพ ถ่ายทำหรือการแสดงในภาพยนตร์หรือรายการโทรทัศน์,Recreational Purpose",1
"เพื่อการเล่นเป็นงานอดิเรก ความบันเทิง หรือ เพื่อการกีฬา,กิจกรรมหรืออีเว้นจัดงาน",1
"เพื่อการเล่นเป็นงานอดิเรก ความบันเทิง หรือ เพื่อการกีฬา,สำรวจพื้นที่เพาะปลูกอ้อยของบริษัท",1
"เพื่อการเล่นเป็นงานอดิเรก ความบันเทิง หรือ เพื่อการกีฬา,เก็บภาพท่องเที่ยว",1
"เพื่อการเล่นเป็นงานอดิเรก ความบันเทิง หรือ เพื่อการกีฬา,เพื่อใช้ควบคุมและตรวจสอบการก่อสร้างต่าง ตามที่ข้าพเจ้าได้รับคำสั่งให้เป็นผู้ควบคุมงานของทางราชการ",1
"เพื่อการเล่นเป็นงานอดิเรก ความบันเทิง หรือ เพื่อการกีฬา,เพื่อการถ่ายภาพ ถ่ายทำหรือการแสดงในภาพยนตร์หรือรายการโทรทัศน์,Just filming beautiful nature",1
"เพื่อการเล่นเป็นงานอดิเรก ความบันเทิง หรือ เพื่อการกีฬา,กิจกรรมยามว่าง",1
"เพื่อการเล่นเป็นงานอดิเรก ความบันเทิง หรือ เพื่อการกีฬา,เพื่อดูโครงสร้างทางวิศกรรม",1
"เพื่อการเล่นเป็นงานอดิเรก ความบันเทิง หรือ เพื่อการกีฬา,Self use",1
เพื่อสำรวจสภาพถนนเดิมเพื่อใช้ในการออกแบบก่อสร้างถนนใหม่,1
"เพื่อการเล่นเป็นงานอดิเรก ความบันเทิง หรือ เพื่อการกีฬา,ใช้เพื่อถ่ายภาพมุมสูงในโครงการก่อสร้าง",1
งานสำรวจพื้นที่ขององค์กร,1
"เพื่อใช้ในการสำรวจพื้นที่,ที่ดิน",1
ใช้ในภารกิจของกรมทรัพยากรธรณี,1
"เพื่อการเล่นเป็นงานอดิเรก ความบันเทิง หรือ เพื่อการกีฬา,ใช้ทำคลิปลง Youtube",1
"เพื่อการเล่นเป็นงานอดิเรก ความบันเทิง หรือ เพื่อการกีฬา,เพื่อการถ่ายภาพ ถ่ายทำหรือการแสดงในภาพยนตร์หรือรายการโทรทัศน์,ใช้ในกิจการของบริษัท / Company",1
"เพื่อการเล่นเป็นงานอดิเรก ความบันเทิง หรือ เพื่อการกีฬา,เพื่อตรวจสภาพพื้นที่เพื่อวางผังโครงการ",1
เพื่อสำรวจพื้นที่ก่อนออกแบบติดตั้ง/ถ่ายภาพพื้นที่หน้างาน,1
ถ่ายโกดัง โรงงาน บ้าน ถ่ายงานที่ก่อสร้าง,1
ใช้ในการศึกษาวิจัยโครงการพัฒนาด้านอ้อย,1
"เพื่อการเล่นเป็นงานอดิเรก ความบันเทิง หรือ เพื่อการกีฬา,ถ่ายความก้าวหน้าในที่ดินของข้าพเจ้าที่กำลังจะทำการก่อสร้างบ้าน",1
Taking family picture,1
"เพื่อการเล่นเป็นงานอดิเรก ความบันเทิง หรือ เพื่อการกีฬา,ถ่าย Site งาน ก่อสร้าง",1
"เพื่อการเล่นเป็นงานอดิเรก ความบันเทิง หรือ เพื่อการกีฬา,เพื่อการรายงานเหตุการณ์หรือรายงานจราจร (สื่อมวลชน),เพื่อนำมาทดลองการใช้ปฏิบัติหน้าที่",1
ตรวจสอบสภาพพื้นที่โรงงานและสวนยางพารา,1
"เพื่อการเล่นเป็นงานอดิเรก ความบันเทิง หรือ เพื่อการกีฬา,รายงานความก้าวหน้างานก่อสร้างโครงการ",1
work,1
ถ่ายผลิตภัณฑ์ของบริษัทและหน้าไซต์งานตอกเสาเข็ม,1
ฉีดพ่นยาและหว่านปุ๋ย,1
"เพื่อการเล่นเป็นงานอดิเรก ความบันเทิง หรือ เพื่อการกีฬา,เพื่อถ่ายภาพครอบครัวและถ่ายรูปภาพประกอบธุรกิจร้านค้า",1
"เพื่อการเล่นเป็นงานอดิเรก ความบันเทิง หรือ เพื่อการกีฬา,ตรวจงานก่อสร้างบ้าน",1
"เพื่อการเล่นเป็นงานอดิเรก ความบันเทิง หรือ เพื่อการกีฬา,เพื่อการถ่ายภาพ ถ่ายทำหรือการแสดงในภาพยนตร์หรือรายการโทรทัศน์,ตรวจแปลงปลูกพืชและงานบันเทิง",1
"เพื่อการเล่นเป็นงานอดิเรก ความบันเทิง หรือ เพื่อการกีฬา,ใช้เพื่อบันทึกภาพและวีดีโอที่เกี่ยวข้องกับการทำงาน",1
ทำคลิปให้ความรู้โยคะ ใน social media,1
"เพื่อการเล่นเป็นงานอดิเรก ความบันเทิง หรือ เพื่อการกีฬา, ถ่ายวีดีโอและถ่ายรูปเล่น",1
"เพื่อการวิจัยและพัฒนาอากาศยาน เพื่อการพาณิชย์,ใช้ในงานวิจัยวิทยานิพนธ์/ค้นคว้าอิสระ",1
ขาย อสังหาริมทรัพย์,1
"เพื่อการเล่นเป็นงานอดิเรก ความบันเทิง หรือ เพื่อการกีฬา,เพื่อการถ่ายภาพ ถ่ายทำหรือการแสดงในภาพยนตร์หรือรายการโทรทัศน์,เพื่อใช้ในการศึกษาวิจัยและบริการวิชาการ",1
"เพื่อการถ่ายภาพ ถ่ายทำหรือการแสดงในภาพยนตร์หรือรายการโทรทัศน์,ใช้ในงานของแขวงทางหลวงเพชรบูรณ์ที่ 1",1
"เพื่อการถ่ายภาพ ถ่ายทำหรือการแสดงในภาพยนตร์หรือรายการโทรทัศน์,เพื่อการเกษตรกรรม,Property development",1
"เพื่อการเล่นเป็นงานอดิเรก ความบันเทิง หรือ เพื่อการกีฬา,ทำคอนเทน",1
"เพื่อการเล่นเป็นงานอดิเรก ความบันเทิง หรือ เพื่อการกีฬา,ถ่ายวีดีโองานติดตั้งเครื่องจักร",1
"เพื่อการเล่นเป็นงานอดิเรก ความบันเทิง หรือ เพื่อการกีฬา,ถ่ายภาพท่องเที่ยวทั่วไป",1
"เพื่อการเล่นเป็นงานอดิเรก ความบันเทิง หรือ เพื่อการกีฬา,ตรวจสอบสภาพหน้างาน",1
เพื่อสำรวจพื้นที่งานโครงการ ถ่ายภาพและวีดีโอเพื่อจัดทำวีดีทัศน์,1
"เพื่อการเล่นเป็นงานอดิเรก ความบันเทิง หรือ เพื่อการกีฬา,ใช้ในกิจการ",1
เพื่อใช้ถ่ายภาพและวีดีโอมุมสูงเพื่อใช้ในส่วนราชการ,1
"เพื่อการเล่นเป็นงานอดิเรก ความบันเทิง หรือ เพื่อการกีฬา,ใช้ในงานสำรวจสายส่งไฟฟ้า",1
"เพื่อการเล่นเป็นงานอดิเรก ความบันเทิง หรือ เพื่อการกีฬา,สำรวจพื้นที่เกี่ยวงานวิศวกรรมโยธา",1
"เพื่อการเล่นเป็นงานอดิเรก ความบันเทิง หรือ เพื่อการกีฬา,ใช้เพื่อถ่ายภาพมุมสูงในโครงการก่อสร้างของส่วนงานราชการที่ปฏิบัติงานอยู่",1
"เพื่อการเล่นเป็นงานอดิเรก ความบันเทิง หรือ เพื่อการกีฬา,เพื่อการถ่ายภาพ ถ่ายทำหรือการแสดงในภาพยนตร์หรือรายการโทรทัศน์,ตรวจดูหลังคาบ้านตัวเอง",1
ไช้ในการทำสื่อYoutubeงานสื่อโซเชี่ยวทั่วไปและสื่มวลชน,1
"เพื่อการเล่นเป็นงานอดิเรก ความบันเทิง หรือ เพื่อการกีฬา,้เพื่อใช้ในกิจกรรมของบริษัท",1
"เพื่อการเล่นเป็นงานอดิเรก ความบันเทิง หรือ เพื่อการกีฬา,เพื่อการถ่ายภาพ ถ่ายทำหรือการแสดงในภาพยนตร์หรือรายการโทรทัศน์,On holiday just filming to show my family how beautiful Thailand is",1
ติดตามตรวจสอบเฝ้าระวังคุณภาพสิ่งแวดล้อม และงานทางราชการ,1
เพื่อใช่สำหรับปฎิบัติงานราชการ,1
"เพื่อการเล่นเป็นงานอดิเรก ความบันเทิง หรือ เพื่อการกีฬา,ดูงานทั่วไป",1
"เพื่อการถ่ายภาพ ถ่ายทำหรือการแสดงในภาพยนตร์หรือรายการโทรทัศน์,เพื่อใช้ในโครงการของบริษัทฯ",1
"เพื่อการเล่นเป็นงานอดิเรก ความบันเทิง หรือ เพื่อการกีฬา,ใช้งานราชการบางโอกาสเมื่อมีส่วนร่วมกับทางราชการ",1
"เพื่อการเล่นเป็นงานอดิเรก ความบันเทิง หรือ เพื่อการกีฬา,เพื่อการถ่ายภาพ ถ่ายทำหรือการแสดงในภาพยนตร์หรือรายการโทรทัศน์,เพื่อการเกษตรกรรม,ถ่ายภาพกสิกรรม",1
ใช้ในงานเกี่ยวกับการสำรวจพื้นที่,1
ถ่ายภาพเพื่อใช้ในการก่อสร้าง,1
"เพื่อการเล่นเป็นงานอดิเรก ความบันเทิง หรือ เพื่อการกีฬา,เพื่อการถ่ายภาพ ถ่ายทำหรือการแสดงในภาพยนตร์หรือรายการโทรทัศน์,ใช้ในการศึกษา",1
"เพื่อการเล่นเป็นงานอดิเรก ความบันเทิง หรือ เพื่อการกีฬา,ใช้ในงานชลประทาน",1
"เพื่อการถ่ายภาพ ถ่ายทำหรือการแสดงในภาพยนตร์หรือรายการโทรทัศน์,ข่าว สื่อมวลชน",1
"เพื่อการเล่นเป็นงานอดิเรก ความบันเทิง หรือ เพื่อการกีฬา,ใช้ในการบินลาดตระเวนป่า",1
"เพื่อการเล่นเป็นงานอดิเรก ความบันเทิง หรือ เพื่อการกีฬา,ถ่ายภาพและบันทึกวีดีโอเก็บบรรยากาศเวลาเที่ยว",1
Holiday photos and videos,1
"เพื่อการถ่ายภาพ ถ่ายทำหรือการแสดงในภาพยนตร์หรือรายการโทรทัศน์,ผลิตสื่อวิดีโอท่องเที่ยวในชุมชน",1
"เพื่อการเล่นเป็นงานอดิเรก ความบันเทิง หรือ เพื่อการกีฬา,ได้รับเป็นของขวัญ วันที่ 25 ธันวาคม 2564",1
"เพื่อการรายงานเหตุการณ์หรือรายงานจราจร (สื่อมวลชน),เพื่อการถ่ายภาพ ถ่ายทำหรือการแสดงในภาพยนตร์หรือรายการโทรทัศน์,เพื่อใช้ในภารกิจของกรมทางหลวง",1
"เพื่อการวิจัยและพัฒนาอากาศยาน เพื่อการพาณิชย์,ศึกษาด้านสิ่งแวดล้อม",1
"เพื่อการเล่นเป็นงานอดิเรก ความบันเทิง หรือ เพื่อการกีฬา,ถ่ายสถานที่สวยๆ",1
ตรวจสอบบำรุงรักษาโรงไฟฟ้ากังหันลมลำตะคองทั้งเฟส 1 และ เฟส 2,1
"เพื่อการเล่นเป็นงานอดิเรก ความบันเทิง หรือ เพื่อการกีฬา,ประการเรียนการสอนในโครงการพัฒนาผู้เรียนในโรงเรียน",1
เพื่อการถ่ายภาพ นำมาใช้ในกิจการ,1
"เพื่อการเล่นเป็นงานอดิเรก ความบันเทิง หรือ เพื่อการกีฬา,เพื่อใช้ดูการติดตั้งโซล่าเซลบนหลังคา",1
"เพื่อการเล่นเป็นงานอดิเรก ความบันเทิง หรือ เพื่อการกีฬา,เพื่อการถ่ายภาพ ถ่ายทำหรือการแสดงในภาพยนตร์หรือรายการโทรทัศน์,เพื่อใช้ในภารกิจของกรมทางหลวง",1
สำหรับการเรียนการสอน งานวิจัย ของสาขาวิชาวาริชศาสตร์และนวัตกรรมการจัดการ คณะทรัพยากรธรรมชาติมหาวิทยาลัยสงขลานครินทร์,1
เพื่อใช้ในงานราชการเทศบาลตำบลแม่สายมิตรภาพ,1
"เพื่อการเล่นเป็นงานอดิเรก ความบันเทิง หรือ เพื่อการกีฬา,เพื่อการตรวจหลังคาบ้าน",1
ใช้ในการผลิตสื่อการเรียนการสอนของมหาวิทยาลัย,1
"เพื่อการเล่นเป็นงานอดิเรก ความบันเทิง หรือ เพื่อการกีฬา,ใช้ในการทำงาน เก็บภาพการทำงานจากมุมสูง",1
"เพื่อการเล่นเป็นงานอดิเรก ความบันเทิง หรือ เพื่อการกีฬา,เพื่อการรายงานเหตุการณ์หรือรายงานจราจร (สื่อมวลชน),ทดลองใช้ปฎิบัติหน้าที่ตามความเหมาะสม",1
"เพื่อการเล่นเป็นงานอดิเรก ความบันเทิง หรือ เพื่อการกีฬา,สำรวจพื้นที่ของสวน",1
"เพื่อการเล่นเป็นงานอดิเรก ความบันเทิง หรือ เพื่อการกีฬา,เพื่อการรายงานเหตุการณ์หรือรายงานจราจร (สื่อมวลชน),เพื่อการถ่ายภาพ ถ่ายทำหรือการแสดงในภาพยนตร์หรือรายการโทรทัศน์,เพื่อการวิจัยและพัฒนาอากาศยาน เพื่อการพาณิชย์,เพื่อใช้ในการพระศาสนา",1
ใช้ในงานของแขวงทางหลวงอุดรธานีที่ 2 (หนองหาน),1
ใช้ในการเก็บข้อมูลของบริษัทฯ (ข้าวโพด),1
เพื่อใช้ในการเกษตร สำรวจพื้นที่เกษตรกรรม,1
"เพื่อการเล่นเป็นงานอดิเรก ความบันเทิง หรือ เพื่อการกีฬา,นำไบบินตรวจสอบ? งานตรวจสอบโรงงาน? สถานที่?",1
"เพื่อการเล่นเป็นงานอดิเรก ความบันเทิง หรือ เพื่อการกีฬา,ทำรายงานความก้าวหน้าโครงการไซน์งานก่อสร้าง",1
"เพื่อการเล่นเป็นงานอดิเรก ความบันเทิง หรือ เพื่อการกีฬา,เพื่อการถ่ายภาพ ถ่ายทำหรือการแสดงในภาพยนตร์หรือรายการโทรทัศน์,ถ่ายภาพการฝึกในหน่วยงาน",1
"เพื่อการถ่ายภาพ ถ่ายทำหรือการแสดงในภาพยนตร์หรือรายการโทรทัศน์,Tourism, wanna make videos for my self/ instagram /facebook",1
"เพื่อการเกษตรกรรม,ถ่ายภาพเพื่อการวิเคราะห์พันธุ์พืชทางการเกษตร",1
"เพื่อการเล่นเป็นงานอดิเรก ความบันเทิง หรือ เพื่อการกีฬา,เพื่อการถ่ายภาพ ถ่ายทำหรือการแสดงในภาพยนตร์หรือรายการโทรทัศน์,ถ่ายภาพและวิดีโอในพื้นที่ดินและบ้าน",1
"เพื่อการเล่นเป็นงานอดิเรก ความบันเทิง หรือ เพื่อการกีฬา,เพื่อการรายงานเหตุการณ์หรือรายงานจราจร (สื่อมวลชน),เพื่อการถ่ายภาพ ถ่ายทำหรือการแสดงในภาพยนตร์หรือรายการโทรทัศน์,เพื่อการวิจัยและพัฒนาอากาศยาน เพื่อการพาณิชย์,เพื่อการเกษตรกรรม,เพื่อการวิจัย ทดลอง ทดสอบ ตามประกาศ กสทช.,ตามภาระกิจที่ได้รับมอบหมายจากผู้บังคับบัญชา",1
เพื่อใช้ในงานของเทศบาลตำบลบ้านคลอง,1
เพื่อบริหารจัดการจราจร จัดทำสื่อประชาสัมพันธแนะนำเส้นทาง,1
"เพื่อการเล่นเป็นงานอดิเรก ความบันเทิง หรือ เพื่อการกีฬา,เพื่อการถ่ายภาพ ถ่ายทำหรือการแสดงในภาพยนตร์หรือรายการโทรทัศน์,ถ่ายคลิปตัดต่อเพื่อลง youtube",1
เพื่อสนับสนุนการบริหารจัดการจราจร,1
"เพื่อการเล่นเป็นงานอดิเรก ความบันเทิง หรือ เพื่อการกีฬา,เพื่อใช้ในภารกิจของแขวงทางหลวง",1
"เพื่อการเล่นเป็นงานอดิเรก ความบันเทิง หรือ เพื่อการกีฬา,เพื่อการถ่ายภาพและถ่ายทำภาพยนต์ แปลงอสังหาริมทรัพย์ในการนำเสนอขาย",1
ใช้ในการปฏิบัติงานของบริษัท,1
"เพื่อการเล่นเป็นงานอดิเรก ความบันเทิง หรือ เพื่อการกีฬา,เพื่อการถ่ายภาพ ถ่ายทำหรือการแสดงในภาพยนตร์หรือรายการโทรทัศน์,บันทึกภาพกิจกรรมครอบครัวเวลาไปเที่ยวสถานที่ที่สวยงามบันทึกความทรงจำครอบครัว",1
"เพื่อการเล่นเป็นงานอดิเรก ความบันเทิง หรือ เพื่อการกีฬา,เพื่อการถ่ายภาพ ถ่ายทำหรือการแสดงในภาพยนตร์หรือรายการโทรทัศน์,ใช้ถ่ายภาพ ถ่ายวีดีโอเพื่อตรวจสอบสภาพอาคารการผลิตในโรงงาน",1
"เพื่อการเล่นเป็นงานอดิเรก ความบันเทิง หรือ เพื่อการกีฬา,เพื่อการถ่ายภาพ ถ่ายทำหรือการแสดงในภาพยนตร์หรือรายการโทรทัศน์,ใช้ในการถ่ายภาพและวีดีโอกิจกรรมหน่วยงานของวิทยาลัยการอาชีพศรีสะเกษ",1
"เพื่อการเล่นเป็นงานอดิเรก ความบันเทิง หรือ เพื่อการกีฬา,เพื่อการถ่ายภาพ ถ่ายทำหรือการแสดงในภาพยนตร์หรือรายการโทรทัศน์,เพื่อการสำรวจพื้นที่การทำโครงการ",1
"เพื่อการเล่นเป็นงานอดิเรก ความบันเทิง หรือ เพื่อการกีฬา,สำรวจงานด้านโรงไฟฟ้าพลังงานแสงอาทิตย์",1
เพื่อใช้ในการบริหารจัดการจราจรในภาพรวมของโครงข่ายทางหลวง,1
"เพื่อการเล่นเป็นงานอดิเรก ความบันเทิง หรือ เพื่อการกีฬา,ช่วยเหลือภัยพิบัติและกิจการด้านสาธารณสุข",1
"เพื่อการถ่ายภาพ ถ่ายทำหรือการแสดงในภาพยนตร์หรือรายการโทรทัศน์,เพื่อสำราจจำนวนประชากรสุนัขจรจัด",1
"เพื่อการเล่นเป็นงานอดิเรก ความบันเทิง หรือ เพื่อการกีฬา,เพื่อการถ่ายภาพ ถ่ายทำหรือการแสดงในภาพยนตร์หรือรายการโทรทัศน์,ใช้เพื่อสอนการใช้งานโดรน",1
เพื่อใช้สำรวจภาพถ่ายทางอากาศในการจัดทำแผนที่สำรวจและออกแบบทางหลวง,1
เพื่อการถ่ายภาพ ประกอบการทำงานโครงการต่างๆ รวมไปถึงการสำรวจพื้นที่โครงการ,1
ใช้ออกแบบทางหลวงและงานภารกิจของกรมทางหลวง,1
"เพื่อการเล่นเป็นงานอดิเรก ความบันเทิง หรือ เพื่อการกีฬา,ใช้สำรวจพื้นที่เหมือง",1
ถ่ายภาพ ทำข้อมูลโครงการ เก็บ Progress work,1
"เพื่อการถ่ายภาพ ถ่ายทำหรือการแสดงในภาพยนตร์หรือรายการโทรทัศน์,ถ่ายภาพประกอบกิจการ",1
ถ่ายภาพ และใช้ในกิจกรรมของบริษัท,1
"เพื่อการเล่นเป็นงานอดิเรก ความบันเทิง หรือ เพื่อการกีฬา,เพื่อการรายงานเหตุการณ์หรือรายงานจราจร (สื่อมวลชน),เพื่อการถ่ายภาพ ถ่ายทำหรือการแสดงในภาพยนตร์หรือรายการโทรทัศน์,ใช้ในกิจการและตามวัตถุประสงค์ของบริษัท / Company",1
สำหรับใช้สำรวจเพื่อทำแผนที่พิกัด GIS ทางภูมิศาสตร์ในงานด้านวิศวกรรมโยธา/สำรวจเพื่องานก่อสร้างโดยเฉพาะ,1
"เพื่อการเล่นเป็นงานอดิเรก ความบันเทิง หรือ เพื่อการกีฬา,เพื่อการถ่ายภาพ ถ่ายทำหรือการแสดงในภาพยนตร์หรือรายการโทรทัศน์,Make a video for blog.",1
"เพื่อการเล่นเป็นงานอดิเรก ความบันเทิง หรือ เพื่อการกีฬา,เพื่อการถ่ายภาพ การท่องเที่ยว อัพโหลดลงโซเชี่ยล",1
"เพื่อการเล่นเป็นงานอดิเรก ความบันเทิง หรือ เพื่อการกีฬา,Camera",1
เพื่อใช้บินสำรวจโครงการงานก่อสร้าง ภาพรวมการก่อสร้าง,1
"เพื่อการถ่ายภาพ ถ่ายทำหรือการแสดงในภาพยนตร์หรือรายการโทรทัศน์,เพื่อการเรียนการสอนในหลักสูตรวิทยาศาสตรบัณฑิต สาขาวิชาสื่อสร้างสรรค์และเทคโนโลยีดิจิทัล (หลักสูตรนานาชาติ)",1
ใช้ในการตรวจสอบข้อเท็จจริง กรณีเกิดปัญหาเรื่องร้องเรียนด้านมลพิษเหตุฉุกเฉินสารเคมีรั่วไหล,1
"เพื่อการเล่นเป็นงานอดิเรก ความบันเทิง หรือ เพื่อการกีฬา,ถ่ายภาพ งานก่อสร้าง",1
"เพื่อการเล่นเป็นงานอดิเรก ความบันเทิง หรือ เพื่อการกีฬา,ถ่ายรูปลงโซเชียวมีเดีย",1
ใช้สำรวจ บ้าน อาคาร ในกิจการงานติดตั้ง งานซ่อมหลังคา และระบบ Solar Cell,1
ใช้งานสำรวจบ้าน อาคาร ในกิจการงานติดตั้ง ซ่อมแซม และระบบSolar Cell,1
"เพื่อการเล่นเป็นงานอดิเรก ความบันเทิง หรือ เพื่อการกีฬา,ถ่ายงาน โครงการก่อสร้าง",1
เพื่อการตรวจสอบอาคารในบริษัท,1
เพื่อนำไปใช้ในการบริหารจัดการจราจรในภาพรวมของโครงข่ายทางหลวง ช่วยตรวจสอบสภาพปัญหาการจราจรติดขัดได้อย่างรวดเร็ว เพิ่มประสิทธิสภาพการจัดทำสื่อประชาสัมพันธ์ แนะนำเส้นทาง รายงานปัญหา เพื่อสนับสนุนการอำนวยความปลอดภัยทางถนนในช่วงเทศกาล เหตุฉุกเฉิน ภัยพิบัติและงานตามภารกิจของกรมทางหลวงและสนับสนุนการสำรวจภาพถ่ายทางอากาศ เพื่อใช้ออกแบบทางหลวง,1
"เพื่อการเล่นเป็นงานอดิเรก ความบันเทิง หรือ เพื่อการกีฬา,เพื่อการถ่ายภาพ ถ่ายทำหรือการแสดงในภาพยนตร์หรือรายการโทรทัศน์,สำรวจสายของการไฟฟ้า",1
"เพื่อการเล่นเป็นงานอดิเรก ความบันเทิง หรือ เพื่อการกีฬา,เพื่อการเกษตรกรรม,งานก่อสร้าง",1
ประกอบกิจการค้าและจำหน่ายวัตถุดิบ ผลิตภัณฑ์เพื่อใช้ในการก่อสร้างควบคุมดูแลการก่อสร้าง การติดตั้งและวางระบบสาธารณูโภค,1
เพื่อใช้งานในสถานที่ทำงาน,1
"เพื่อการเล่นเป็นงานอดิเรก ความบันเทิง หรือ เพื่อการกีฬา,เพื่อการเกษตรกรรม,เพื่อช่วยผู้นำชุมชน บินสำรวจความเสียหายที่เกิดจาก อุทกภัย เเละวาตภัย",1
"เพื่อการรายงานเหตุการณ์หรือรายงานจราจร (สื่อมวลชน),เพื่อการถ่ายภาพ ถ่ายทำหรือการแสดงในภาพยนตร์หรือรายการโทรทัศน์,เพื่อการวิจัยและพัฒนาอากาศยาน เพื่อการพาณิชย์,ใช้ในงานกิจกรรมของมหาวิทยาลัย",1
"เพื่อการเล่นเป็นงานอดิเรก ความบันเทิง หรือ เพื่อการกีฬา,เพื่อติดตามรายงานการประกอบกิจกรรมในพื้นที่ส่วนบุคคล",1
"เพื่อการถ่ายภาพบริเวณโรงงาน ,องค์กร",1
"เพื่อการเล่นเป็นงานอดิเรก ความบันเทิง หรือ เพื่อการกีฬา,เพื่อการถ่ายภาพ ถ่ายทำหรือการแสดงในภาพยนตร์หรือรายการโทรทัศน์,วิจัยวิเคราะห์ข้อมูลผลผลิตการเกษตรจากภาพถ่ายผลผลิตการเกษตร",1
"เพื่อการเล่นเป็นงานอดิเรก ความบันเทิง หรือ เพื่อการกีฬา,เพื่อการรายงานเหตุการณ์หรือรายงานจราจร (สื่อมวลชน),เพื่อการถ่ายภาพ ถ่ายทำหรือการแสดงในภาพยนตร์หรือรายการโทรทัศน์,ใช้ในกิจกรรมของมหาวิทยาลัย",1
เพื่อการถ่ายภาพ ประกอบการทำงานโครงการในบริษัท รวมไปถึงการสำรวจพื้นที่บริษัท,1
"เพื่อการเล่นเป็นงานอดิเรก ความบันเทิง หรือ เพื่อการกีฬา,เพื่อการถ่ายภาพ ถ่ายทำหรือการแสดงในภาพยนตร์หรือรายการโทรทัศน์,ใช้ช่วยเหลือราชการ กรณีร้องขอมา ถ้ามีเหตุฉุกเฉิน",1
เพื่อการสำรวจโครงการทางวิศวกรรม,1
สำรวจโครงการฝ่ายทางหลวง รายงานปริมาณจราจร สนับสนุนการอำนวยความปลอดภัยในช่วงยามวิกาล,1
"เพื่อการเกษตรกรรม,เพื่อใช้ในภารกิจการเรียน การสอน และการวิจัยขององค์กร",1
"เพื่อการเล่นเป็นงานอดิเรก ความบันเทิง หรือ เพื่อการกีฬา,เพื่อการถ่ายภาพ ถ่ายทำหรือการแสดงในภาพยนตร์หรือรายการโทรทัศน์,สนับสนุนการตรวจสอบของสำนักงานการตรวจเงินแผ่นดิน",1
Holiday pictures and video,1
"เพื่อการเล่นเป็นงานอดิเรก ความบันเทิง หรือ เพื่อการกีฬา,เพื่อการถ่ายภาพ ถ่ายทำหรือการแสดงในภาพยนตร์หรือรายการโทรทัศน์,สำรวจพื้นที่ , สำรวจป่า /survey",1
เพื่อใช้ในภารกิจการเรียน การสอน และการวิจัยขององค์กร,1
ใช้เพื่อถ่ายภาพมุมสูง ตรวจเช็คบริเวณโรงงาน (โดยเฉพาะในส่วนของ แผงโซลาร์เซลส์ที่ติดอยู่บริเวณหลังคาโรงงาน),1
เผยแผ่งานพระศาสนา,1
เพื่อใช้ในงานทดสอบและสาธิต ภายในบริษัท แอโรสกาย โซลูชั่นส์ จำกัด โดยมิได้มีจุดมุ่งหมายที่ใช้ในเชิงพาณิชย์,1
ถ่ายภาพเพื่อการสำรวจและใช้ในกิจการของบริษัท,1
"เพื่อการเล่นเป็นงานอดิเรก ความบันเทิง หรือ เพื่อการกีฬา,ถ่ายภาพสถานที่ หลังคาบ้าน เพื่อติดตั้งระบบโซล่าร์เซลล์",1
ใช้เพื่อทำงานก่อสร้างโยธา,1
ใช้เมื่อถ่ายภาพงานของบริษัท,1
ใช้สำรวจตรวจสอบแผง Solar Roof,1
ทำสื่อโฆษณา,1
ตรวจสอบเพื่อซ่อมบำรุงโรงไฟฟ้าพลังงานแสงอาทิตย์,1
ใช้ในการทำงาน,1
เพื่อป้องปราบอาชญากรรมต่างๆ,1
หน่วยงานใช้ทำแผนที่ทรัพยากรป่าไม้ จัดทำสื่อประชาสัมพันธ์แหล่งท่องเที่ยว,1
สำรวจแผงโซล่าเซล บริเวณหลังคาโรงงาน,1
"เพื่อการถ่ายภาพ ถ่ายทำหรือการแสดงในภาพยนตร์หรือรายการโทรทัศน์,ตรวจอาคาร ที่สูง สำรวจ",1
"เพื่อการเล่นเป็นงานอดิเรก ความบันเทิง หรือ เพื่อการกีฬา,กรณีเพิ่มเติม",1
"เพื่อการถ่ายภาพ ถ่ายทำหรือการแสดงในภาพยนตร์หรือรายการโทรทัศน์,ถ่ายภาพทางอากาศ งานผลิตสื่อ ประชาสัมพันธ์ และส่งเสริมการท่องเที่ยวเทศบาลตำบลสุเทพ",1
เพื่อตรวจสอบหลังคาโรงงานและแผงโซล่าเซลล์,1
เพื่อบันทึกภาพ และสำรวจมุมสูง,1
"เพื่อการเล่นเป็นงานอดิเรก ความบันเทิง หรือ เพื่อการกีฬา,เพื่อการถ่ายภาพ ถ่ายทำหรือการแสดงในภาพยนตร์หรือรายการโทรทัศน์,รายการท่องเที่ยว",1
"เพื่อการเกษตรกรรม,ถ่ายภาพเพื่อการสำรวจ",1
เพื่อใช้เป็นสื่อการเรียนการสอนในหลักสูตรวิศวกรรมศาสตรบัณฑิตสาขาวิชาวิศวกรรมสำรวจและภูมิสารสนเทศ,1
"เพื่อการถ่ายภาพ ถ่ายทำหรือการแสดงในภาพยนตร์หรือรายการโทรทัศน์,เพื่อเป็นการถ่ายทำวีดีทัศน์ประชาสัมพันธ์ของหน่วยงาน",1
"เพื่อการเล่นเป็นงานอดิเรก ความบันเทิง หรือ เพื่อการกีฬา,เพื่ึอการศึกษาเทคโนโลยี",1
"เพื่อการรายงานเหตุการณ์หรือรายงานจราจร (สื่อมวลชน),การกู้ภัยและบรรเทาสาธารณภัย",1
"เพื่อการเล่นเป็นงานอดิเรก ความบันเทิง หรือ เพื่อการกีฬา,เพื่อการถ่ายภาพ ถ่ายทำหรือการแสดงในภาพยนตร์หรือรายการโทรทัศน์,ใช้เพื่อสำรวจ ตรวจสอบ ประชาสัมพันธ์ ประกอบธุรกิจที่เกี่ยวข้อง",1
"เพื่อการเกษตรกรรม,เพื่อใช้ในประโยชน์ และงานขององค์กร",1
ถ่ายภาพเพื่อการวิเคราะห์และสำรวจ,1
Personal archive photo,1
"เพื่อการเล่นเป็นงานอดิเรก ความบันเทิง หรือ เพื่อการกีฬา,เพื่อการรายงานเหตุการณ์หรือรายงานจราจร (สื่อมวลชน),เพื่อการถ่ายภาพ ถ่ายทำหรือการแสดงในภาพยนตร์หรือรายการโทรทัศน์,เพื่อการวิจัยและพัฒนาอากาศยาน เพื่อการพาณิชย์,ทำแผนที่ทางอากาศ / Inspection",1
เพื่อตรวจสอบส่ง 115 KV ระบบจำหน่ายแรงสูง 22 KV,1
"เพื่อการเล่นเป็นงานอดิเรก ความบันเทิง หรือ เพื่อการกีฬา,Hobby",1
"เพื่อการถ่ายภาพ ถ่ายทำหรือการแสดงในภาพยนตร์หรือรายการโทรทัศน์,เพื่อการวิจัยและพัฒนาอากาศยาน เพื่อการพาณิชย์,เพื่อการตรวจสอบโครงสร้างพื้นฐาน",1
"เพื่อการเล่นเป็นงานอดิเรก ความบันเทิง หรือ เพื่อการกีฬา,เพื่อการถ่ายภาพ ถ่ายทำหรือการแสดงในภาพยนตร์หรือรายการโทรทัศน์,สำรวจและตรวจสอบสายไฟและอุปกรณ์ การไฟฟ้าส่วนภูมิภาค",1
เพื่อการสำรวจ การจัดทำแผนที่ และการสำรวจ,1
ผลิตสื่อการเรียนการสอนและดำเนินการศึกษา,1
สำรวจพื้นที่ในการโม่หิน,1
"เพื่อการเล่นเป็นงานอดิเรก ความบันเทิง หรือ เพื่อการกีฬา,เพื่อทำสื่อวิดีทัศน์ของสถานศึกษา",1
ใช้ในราชการตำรวจ ประจำ สถานีตำรวจภูธรเบตง,1
รักษาความปลอดภัยในชีวิตและทรัพย์สินให้ปลอดภัย รักษาความมั่นคง ความสงบเรียบร้อยและการให้บริการประชาชน,1
"เพื่อการเล่นเป็นงานอดิเรก ความบันเทิง หรือ เพื่อการกีฬา,บินสำรวจทรัพยากรป่าไม้",1
"เพื่อการเล่นเป็นงานอดิเรก ความบันเทิง หรือ เพื่อการกีฬา,เพื่อการวิจัยและพัฒนาอากาศยาน เพื่อการพาณิชย์,เพื่อการวิจัย ทดลอง ทดสอบ ตามประกาศ กสทช.,สำหรับบันทึกภาพติดตั้งโซลาร์เซลล์",1
เพื่อใช้งานใน บริษัท แวนด้าแพค จำกัด,1
ใช้สำรวจพื้นที่การทำงานของบริษัท,1
"เพื่อการเล่นเป็นงานอดิเรก ความบันเทิง หรือ เพื่อการกีฬา,เพื่อการถ่ายภาพ ถ่ายทำหรือการแสดงในภาพยนตร์หรือรายการโทรทัศน์,ถ่ายภาพเพื่อการวิเคราะห์และสำรวจ",1
เพื่อตรวจสอบภาพมุมสูงเมื่อเกิดน้ำท่วม หรือ ภัยเเล้ง,1
"เพื่อการเล่นเป็นงานอดิเรก ความบันเทิง หรือ เพื่อการกีฬา,เพื่อการถ่ายภาพหน้างานก่อสร้างในการประกอบธุรกิจ",1
"เพื่อการเล่นเป็นงานอดิเรก ความบันเทิง หรือ เพื่อการกีฬา,เพื่อการถ่ายภาพ ถ่ายทำหรือการแสดงในภาพยนตร์หรือรายการโทรทัศน์,การท่องเที่ยว",1
"เพื่อการเล่นเป็นงานอดิเรก ความบันเทิง หรือ เพื่อการกีฬา,เพื่อการถ่ายภาพ ถ่ายทำหรือการแสดงในภาพยนตร์หรือรายการโทรทัศน์,Holiday Video",1
ทำสื่อโฆษณา โครงการบ้านจัดสรรของบริษัท,1
เพื่อวิจัยและพัฒนาทางด้านเกษตรกรรม,1
เพื่อถ่ายภาพและวิดีโอการเรียนการสอนสำหรับสำรวจภาคสนามทางธรณีวิทยา,1
"เพื่อการถ่ายภาพ ถ่ายทำหรือการแสดงในภาพยนตร์หรือรายการโทรทัศน์,สำรวจพื้นที่ในเขตเทศบาล",1
เพื่อถ่ายภาพและสำรวจงานติดตั้งโซล่าเซลล์บนหลังคาลูกค้า,1
พัฒนาอสังหาริมทรัพย์,1
On holiday wanting to take beautiful photos of and around Phuket,1
ขึ้นบินตรวจสอบพื้นที่ ธุรกิจส่วนตัว,1
ใช้เพื่อบินสำรวจโครงการ งานก่อสร้าง ภาพรวมการก่อสร้าง,1
การขายอสังหาริมทรัพย์,1
"เพื่อการรายงานเหตุการณ์หรือรายงานจราจร (สื่อมวลชน),สำรวจพื้นที่ ดูแลด้านความปลอดภัยภายในมหาวิทยาลัย",1
เพื่อการถ่ายภาพในงานก่อสร้าง,1
"เพื่อการเล่นเป็นงานอดิเรก ความบันเทิง หรือ เพื่อการกีฬา,สำรวจอาคาร พื้นที่สำหรับงานออกแบบ",1
"เพื่อการถ่ายภาพ ถ่ายทำหรือการแสดงในภาพยนตร์หรือรายการโทรทัศน์,เพื่อใช้ในงานตรวจการติดตั้งระบบผลิตไฟฟ้าพลังงานแสงอาทิตย์แบบติดตั้งบนหลังคา สำรวจระบบจำหน่ายไฟฟ้า ตรวจสอบมาตรฐานการติดตั้งและการก่อสร้างระบบจำหน่ายไฟฟ้าที่ระดับแรงดัน 22 - 115 กิโลโวลต์ รวมไปถึงงานอื่น ๆ ที่อยู่ในความรับผิดชอบของกองวิศวกรรมและวางแผน การไฟฟ้าส่วนภูมิภาคเขต 1 (ภาคใต้) จังหวัดเพชรบุรี",1
"เพื่อการเล่นเป็นงานอดิเรก ความบันเทิง หรือ เพื่อการกีฬา,ใช้ในการถ่ายภาพที่ดิน",1
"เพื่อการถ่ายภาพ ถ่ายทำหรือการแสดงในภาพยนตร์หรือรายการโทรทัศน์,เพื่อการถ่ายภาพเพื่อตรวจอาคาร",1
"เพื่อการถ่ายภาพ ถ่ายทำหรือการแสดงในภาพยนตร์หรือรายการโทรทัศน์,เพื่อใช้ในการเรียนการสอน และกิจกรรม",1
ใช้ถ่ายภาพและวิดีโออาคารก่อสร้างโรงงาน,1
ใช้ในงานของบริษัท,1
"เพื่อการเล่นเป็นงานอดิเรก ความบันเทิง หรือ เพื่อการกีฬา,ทำงานก่อสร้าง",1
ถ่ายภาพกิจกรรมงานพระพุทธศาสนา,1
สำรวจและตัดทำลายพืชเสพติดและสนับสนุนการป้องกันและปราบปรามยาเสพติด,1
"เพื่อการเล่นเป็นงานอดิเรก ความบันเทิง หรือ เพื่อการกีฬา,ถ่ายภาพงานก่อสร้างที่ทำอยู่ (งานก่อสร้างถนน)",1
"เพื่อการถ่ายภาพ ถ่ายทำหรือการแสดงในภาพยนตร์หรือรายการโทรทัศน์,สำรวจพื้นที่ออกแบบภายนอกอาคารหรือพื้นที่โล่งเพื่อการออกแบบงานภายนอก",1
ใช้จัดทำวิดีโอและใช้บันทึกภาพกิจกรรมของบริษัท,1
เพื่อการถ่ายภาพความร้อนของแผงโซลาร์เซลล์,1
"เพื่อการเกษตรกรรม,เพื่อเป็นสื่อการเรียนการสอน",1
"เพื่อการถ่ายภาพ ถ่ายทำหรือการแสดงในภาพยนตร์หรือรายการโทรทัศน์,เพื่อการเกษตรกรรม,เพื่อเป็นสื่อการเรียนการสอน",1
ใช้เพื่องานกู้ชีพ ภู้ภัย,1
"เพื่อการเล่นเป็นงานอดิเรก ความบันเทิง หรือ เพื่อการกีฬา,Tourist, capturing special moments from holiday",1
ถ่ายภาพกิจกรรมของทางวัด,1
ตรวจความเรียบร้อยงานก่อสร้าง ถ่ายรูปและวีดีโอ และบินดูพื้นที่ดิน,1
เพื่อใช้งานเป็นการชั่วคราวไม่เกิน 3 เดือน ระหว่างวันที่ 13 เมษายน 2565 ถึงวันที่ 12 กรกฎาคม 2565 ถ่ายทำภาพยนตร์เรื่อง MEG2,1
"เพื่อการเล่นเป็นงานอดิเรก ความบันเทิง หรือ เพื่อการกีฬา,ศึกษาและฝึกวิธีการใช้งานในการสำรวจ ทำแผนทีโดยสังเขป",1
เพื่อใช้ในการสำรวจพื้นที่ก่อสร้าง,1
"เพื่อการเล่นเป็นงานอดิเรก ความบันเทิง หรือ เพื่อการกีฬา,เพื่อใช้ในการป้องกันอาชญากรรม",1
ใช้สำรวจหลังคาโรงงาน,1
เพื่อถ่ายภาพประกอบเอกสารทำรายงานสรุปความคืบหน้าของโครงการทุกเดือนส่งสำนักงานใหญ่และเจ้าของโครงการ,1
"เพื่อการเล่นเป็นงานอดิเรก ความบันเทิง หรือ เพื่อการกีฬา,เพื่อการถ่ายภาพ ถ่ายทำหรือการแสดงในภาพยนตร์หรือรายการโทรทัศน์,เพื่อการเรียนการสอนสาขาวิศวกรรมโยธา",1
เพื่อการทำแผนที่,1
"เพื่อใช้ตรวจสอบแนวสายไฟฟ้า (Transmission Line), ฉนวน และสภาพเครื่องจักรภายในโรงงาน",1
เพื่อตรวจสอบงานก่อสร้างโครงการ,1
สำรวจแผงพลังงานแสงอาทิตย์,1
"เพื่อการเล่นเป็นงานอดิเรก ความบันเทิง หรือ เพื่อการกีฬา,เพื่อการถ่ายภาพ ถ่ายทำหรือการแสดงในภาพยนตร์หรือรายการโทรทัศน์,ธุรกิจส่วนตัว",1
รักษาความปลอดภัยชีวิตและทรัพย์สิน รักษาความมั่นคงความสงบเรียบร้อยและการให้บริการช่วยเหลือประชาชน,1
"เพื่อการเล่นเป็นงานอดิเรก ความบันเทิง หรือ เพื่อการกีฬา,ถ่ายภาพ ถ่ายทำการปฎิบัติงานขุดลอก",1
"เพื่อการเล่นเป็นงานอดิเรก ความบันเทิง หรือ เพื่อการกีฬา,เพื่อการเกษตรกรรม,ใช้บินตรวจผลิตผลทางการเกษตรในสวน",1
"เพื่อการเล่นเป็นงานอดิเรก ความบันเทิง หรือ เพื่อการกีฬา,เพื่อการถ่ายภาพบ้าน(ก่อสร้างบ้าน)",1
"เพื่อการเล่นเป็นงานอดิเรก ความบันเทิง หรือ เพื่อการกีฬา,เพื่อการถ่ายภาพ ถ่ายทำหรือการแสดงในภาพยนตร์หรือรายการโทรทัศน์,เพื่อการเกษตรกรรม,เพื่อการวิจัย ทดลอง ทดสอบ ตามประกาศ กสทช.,เพื่อสำรวจ และ ตรวจการก่อสร้างของตนเอง หรือ ในสถานที่ที่มีส่วนดูแล",1
"เพื่อการเล่นเป็นงานอดิเรก ความบันเทิง หรือ เพื่อการกีฬา,ถ่ายภาพเพื่อประกอบการปฏิบัติงาน และรายงานผล",1
เพื่อการถ่ายภาพ ถ่ายความร้อนระบบโซล่าเซลล์ บนหลังคาโรงงาน,1
"เพื่อการเล่นเป็นงานอดิเรก ความบันเทิง หรือ เพื่อการกีฬา,เพื่อการถ่ายภาพ ถ่ายทำหรือการแสดงในภาพยนตร์หรือรายการโทรทัศน์,ตรวจสอบพื้นที่ของที่ดิน ที่เป็นเจ้าของกรรมสิทธิ์",1
"เพื่อการเล่นเป็นงานอดิเรก ความบันเทิง หรือ เพื่อการกีฬา,สำรวจพื้นที่รอบๆโรงงาน",1
"เพื่อการเล่นเป็นงานอดิเรก ความบันเทิง หรือ เพื่อการกีฬา,เพื่อการถ่ายภาพ ถ่ายทำหรือการแสดงในภาพยนตร์หรือรายการโทรทัศน์,เพื่อการเกษตรกรรม,เพื่อถ่ายภาพ วีดีโอ review สิ้นค้า รถเกษตร(รถอีแต๋น) ตอนทดสอบการใช้งานหลังประกอบเสร็จ ก่อนทำการพ่นสี",1
เพื่อการใช้ในงานกู้ภัย,1
"เพื่อการเล่นเป็นงานอดิเรก ความบันเทิง หรือ เพื่อการกีฬา,ใช้ถ่ายภาพมุมสูงสถานที่ก่อสร้างของบริษัท",1
เพื่อใช้เก็บบันทึกภาพมุมสูงในงานกิจกรรมต่างๆของ อบจ.พิษณุโลก,1
"เพื่อการเกษตรกรรม,เป็นโดรนสาธิตเพื่อการเกษตร",1
"เพื่อการถ่ายภาพ ถ่ายทำหรือการแสดงในภาพยนตร์หรือรายการโทรทัศน์,เพื่อการทำงาน งานอดิเรก",1
"เพื่อการเล่นเป็นงานอดิเรก ความบันเทิง หรือ เพื่อการกีฬา,เพื่อตรวจงานความเรียบร้อยของการมุงหลังคาโครงการหมู่บ้าน",1
"เพื่อการถ่ายภาพ ถ่ายทำหรือการแสดงในภาพยนตร์หรือรายการโทรทัศน์,ดูสภาพหน้างานก่อสร้าง",1
"เพื่อการเล่นเป็นงานอดิเรก ความบันเทิง หรือ เพื่อการกีฬา,เพื่อการเกษตรกรรม,ถ่ายรูปมุมสูงโครงการจัดสรรที่ดิน",1
"เพื่อการเล่นเป็นงานอดิเรก ความบันเทิง หรือ เพื่อการกีฬา,เพื่อการถ่ายภาพ ถ่ายทำหรือการแสดงในภาพยนตร์หรือรายการโทรทัศน์,เพื่อถ่ายภาพ ถ่ายวิดีโอทำช่อง YUUTUBE และสื่อโซเชียล",1
"เพื่อการเล่นเป็นงานอดิเรก ความบันเทิง หรือ เพื่อการกีฬา,Take Tourist Pictures",1
เพื่อนการถ่ายภาพและวีดีโอไปลง social network,1
ทำแผนที่รังวัดพื้นที่การทำเหมือง,1
"เพื่อการเล่นเป็นงานอดิเรก ความบันเทิง หรือ เพื่อการกีฬา,เพื่อการถ่ายภาพ ถ่ายทำหรือการแสดงในภาพยนตร์หรือรายการโทรทัศน์,ถ่ายภาพไฟป่า น้ำท่วม และขบวนแห่ประเพณีต่างๆตามโอกาศ",1
เพื่อการฉีดพ่นของเหลว ในการเกษตร,1
"ใช้ในงาน Safety งานก่อสร้งที่สูง,Solar rooftop,ตรวจสอบหลังคา พร้อมกับราง น้ําฝน,ใช้ในงานถ่ายรูปพร้อมถ่ายวีดีโอในงานบริษัทเท่านั้น",1
"เพื่อการเล่นเป็นงานอดิเรก ความบันเทิง หรือ เพื่อการกีฬา,เพื่อการถ่ายภาพ ถ่ายทำหรือการแสดงในภาพยนตร์หรือรายการโทรทัศน์,เพื่อการถ่ายภาพวิวทิวทัศน์ตามธรรมชาติ",1
"เพื่อการรายงานเหตุการณ์หรือรายงานจราจร (สื่อมวลชน),ใช้ในการปฏิบัติหน้าที่ปิดล้อมตรวจค้น",1
"เพื่อการถ่ายภาพ ถ่ายทำหรือการแสดงในภาพยนตร์หรือรายการโทรทัศน์,เพื่อใช้ในงานราชการขององค์การบริหารส่วนจังหวัดสุราษฎร์ธานี",1
ถ่ายรูป และวีดีโอ ที่ดิน,1
"เพื่อการเล่นเป็นงานอดิเรก ความบันเทิง หรือ เพื่อการกีฬา,ใช้ในการสืบสวน",1
"เพื่อการเล่นเป็นงานอดิเรก ความบันเทิง หรือ เพื่อการกีฬา,เพื่อการถ่ายภาพ ถ่ายทำหรือการแสดงในภาพยนตร์หรือรายการโทรทัศน์,เพื่อใช้ในการปฏิบัติงานของบริษัท",1
ตรวจสอบบ้าน,1
"ใช้ในงานออกแบบติดตั้งแผงโซล่าเซลล์บนหลังคา,ที่พักอาศัย,โรงงาน,อาคารสูง",1
"เพื่อการเล่นเป็นงานอดิเรก ความบันเทิง หรือ เพื่อการกีฬา,เพื่อการถ่ายภาพ ถ่ายทำหรือการแสดงในภาพยนตร์หรือรายการโทรทัศน์,เพื่อการเกษตรกรรม,ท่องเที่ยว",1
"เพื่อการเล่นเป็นงานอดิเรก ความบันเทิง หรือ เพื่อการกีฬา,เพื่อการถ่ายภาพ ถ่ายทำหรือการแสดงในภาพยนตร์หรือรายการโทรทัศน์,ใช้ในการทำงานกรมทางหลวง",1
"เพื่อการเล่นเป็นงานอดิเรก ความบันเทิง หรือ เพื่อการกีฬา,เพื่อการถ่ายภาพ ถ่ายทำหรือการแสดงในภาพยนตร์หรือรายการโทรทัศน์,เพื่อวิจัยและพัฒนาของบริษัทยันม่าร์ เอส.พี.จำกัด",1
ถ่ายภาพมุมสูงหน้างาน,1
เพื่อถ่ายภาพและทำกิจกรรมของแขวงฯทางหลวง,1
"เพื่อการเล่นเป็นงานอดิเรก ความบันเทิง หรือ เพื่อการกีฬา,เพื่อการถ่ายภาพ ถ่ายทำหรือการแสดงในภาพยนตร์หรือรายการโทรทัศน์,ใช้ในงานบริษัท",1
"เพื่อการเกษตรกรรม,รับจ้างฉีดพ่นยาและปุ๋ย",1
ใช้สำรวจพื้นที่โรงงาน เเละสำรวจกองวัถุดิบ,1
เพื่อใช้อำนวยความสะดวกในการสำรวจพื้นที่หรือการปฏิบัติการแทนเจ้าหน้าที่ในพื้นที่เสี่ยงอันตรายให้กับประชาชนในพื้นที่เทศบาลตำบลสันโป่ง,1
เพื่อใช้ในการบริหารจัดการงานในเทศบาลตำบลเวียงพร้าว ในการเก็บภาพถ่ายการทำงานที่เกี่ยวข้องในการออกสำรวจเหตุการณ์ต่างๆที่เกิดขึ้นจากภัยธรรมชาติ,1
"เพื่อการถ่ายภาพ ถ่ายทำหรือการแสดงในภาพยนตร์หรือรายการโทรทัศน์,Family photo -- do not intend to fly drone far",1
"เพื่อการถ่ายภาพ ถ่ายทำหรือการแสดงในภาพยนตร์หรือรายการโทรทัศน์,เพื่อใช้ในงานการทำสื่อทางการตลาด",1
สำหรับใช้เป็นเครื่องสนับสนุนด้านการเรียนการสอน การทำวิจัยแก่นิสิตทั้งระดับปริญญาตรีและบัณฑิตศึกษา ให้มีความรู้และความสามารถในการใช้เครื่องมือการสำรวจที่ถูกต้อง เพิ่มประสิทธิภาพเครื่องมือที่มีอยู่เดิมให้สามารถนำไปใช้สำรวจให้ดียิ่งขึ้น สนับสนุนการผลิตผลงานวิจัย และเพื่อสนับสนุนการบริการวิชาแก่สังคม,1
เพื่อการถ่ายภาพ เพื่อจัดทำแผนที่,1
เพื่อตรวจการณ์หรือรายงานเหตุการณ์ที่เกียวข้องกับภารกิจหน้าที่ของตำรวจ,1
ประโยชน์ด้านงานวิจัยและปรับปรุงพัฒนาแบบแผนของมหาวิทยาลัย,1
เพื่อถ่ายภาพทางอากาศในการสำรวจสภาพหน้างานและความก้าวหน้าในโครงการก่อสร้าง,1
เพื่อถ่ายการตรวจสอบแบบอาคารก่อสร้าง,1
"เพื่อการถ่ายภาพ ถ่ายทำหรือการแสดงในภาพยนตร์หรือรายการโทรทัศน์,งานด้านวิศวกรรมสำรวจ",1
เพื่อการถ่ายภาพเเละวีดีโอ,1
"เพื่อการเล่นเป็นงานอดิเรก ความบันเทิง หรือ เพื่อการกีฬา,Hobby and Education",1
To take photos of a beautiful country as a tourist,1
"เพื่อการเล่นเป็นงานอดิเรก ความบันเทิง หรือ เพื่อการกีฬา,เพื่อการถ่ายภาพ ถ่ายทำหรือการแสดงในภาพยนตร์หรือรายการโทรทัศน์,ถ่ายภาพพื้นที่โครงการก่อสร้าง หลังคา อาคาร โรงงาน สำนักงาน ที่อยู่อาศัย เพื่อออกแบบก่อสร้างและหรือติดตั้งระบบโซล่าร์",1
"เพื่อการถ่ายภาพ ถ่ายทำหรือการแสดงในภาพยนตร์หรือรายการโทรทัศน์,เพื่อใช้ในงานของบริษัท",1
ประกอบกิจการซื้อ จำหน่าย เครื่องโทรคมนาคม และ ประกอบกิจการให้บริการติดตั้ง บำรุงรักษา ซ่อมแซม เครื่องโทรคมนาคม เรื่องรับ ส่ง วิทยุ เครื่องมือสื่อสาร ตลอดจน เครื่องมือส่งคลื่นความถี่ ใช้ในการสื่อสารทุกชนิด หรือที่เกี่ยวข้องกับกิจการโทรคมนาคม,1
เพื่อใช้ในงานสถานศึกษา,1
"เพื่อการเล่นเป็นงานอดิเรก ความบันเทิง หรือ เพื่อการกีฬา,สำรวจตรวจสอบทรัพย์สินที่ประเมินมูลค่า",1
เพื่อการใช้ตรวจสอบพื้นที่สวนป่า ภายใต้การดูแลขององค์การอุตสาหกรรมป่าไม้ เพื่อเพิ่มประสิทธิภาพการบริหารจัดการพื้นที่สวนป่า,1
เพื่อดำเนินงานด้านการสำรวจ,1
ใช้ในงานราชการตำรวจ เช่น ดูการจารจร ดูสถานที่เกิดเหตุ,1
เพื่อการถ่ายภาพและบันทึกการปฏิบัติงานขนถ่ายสินค้าในเขตท่าเรือน้้ำลึกสงขลา,1
เพื่อใช้ในการติดตามความก้าวหน้าโครงการก่อสร้างโรงไฟฟ้า,1
ใช้วิเคราะห์ประเมินผลเกี่ยวกับการเกษตร,1
"เพื่อการถ่ายภาพ ถ่ายทำหรือการแสดงในภาพยนตร์หรือรายการโทรทัศน์,เพื่อถ่ายภาพมุมสูงสำหรับการสำรวจทางภูมิศาสตร์และการทำแผนที่",1
"เพื่อการเล่นเป็นงานอดิเรก ความบันเทิง หรือ เพื่อการกีฬา,เพื่อการรายงานเหตุการณ์หรือรายงานจราจร (สื่อมวลชน),เพื่อการถ่ายภาพ ถ่ายทำหรือการแสดงในภาพยนตร์หรือรายการโทรทัศน์,Photo Stock",1
"เพื่อการเล่นเป็นงานอดิเรก ความบันเทิง หรือ เพื่อการกีฬา,เพื่อการรายงานเหตุการณ์หรือรายงานจราจร (สื่อมวลชน),เพื่อการถ่ายภาพ ถ่ายทำหรือการแสดงในภาพยนตร์หรือรายการโทรทัศน์,เพื่อการวิจัยและพัฒนาอากาศยาน เพื่อการพาณิชย์,เพื่อการเกษตรกรรม,เพื่อการวิจัย ทดลอง ทดสอบ ตามประกาศ กสทช.,ถ่ายภาพและวิดีโอ โปรโมทบริษัท และทำคอนเท้นโปรเจ็คงาน",1
"เพื่อการเกษตรกรรม,สำหรับสาธิตสินค้าให้เกษตรกรในพื้นที่",1
ใช้สำรวจพื้นที่ในนิคมอุตสาหกรรมฯ,1
เพื่อใช้ดูงานก่อสร้าง,1
"เพื่อการเล่นเป็นงานอดิเรก ความบันเทิง หรือ เพื่อการกีฬา,เพื่อการรายงานเหตุการณ์หรือรายงานจราจร (สื่อมวลชน),เพื่อใช้ในการสำรวจ",1
ใช้ในการสำรวจที่ดินเพื่อนำมาพัฒนาอสังหาริมทรัพย์ต่อไป,1
เพื่อตรวจสอบงานของบริษัท,1
ใช้ถ่ายภาพมุมสูง เพื่อทำแผนที่,1
"เพื่อการเล่นเป็นงานอดิเรก ความบันเทิง หรือ เพื่อการกีฬา,เพื่อการถ่ายภาพ ถ่ายทำหรือการแสดงในภาพยนตร์หรือรายการโทรทัศน์,เพื่อถ่ายภาพ ถ่ายภาพเคลื่อนไหววีดีโอ ขบวนแห่ประเพณีต่างๆตามโอกาส",1
"เพื่อการเล่นเป็นงานอดิเรก ความบันเทิง หรือ เพื่อการกีฬา,ใช้ภาพถ่ายและภาพเคลื่อนไหว เพื่อประกอบเอกสารและติดตามการทำงานในพื้นที่ทำงาน",1
เพื่อถ่ายรูปและวิดิโอ ส่วนตัว ในสถานที่สวยๆ ไม่ใช่เชิงพาณิชย์,1
เพื่อสำรวจหลังคาและสแกนแผ่นโซล่าร์เซลล์,1
เพื่อการถ่ายภาพงานวิศวกรรม,1
สำรวจถนนและสะพานในสายทางของกรมทางหลวงชนบท,1
ใช้ในงานราชการตำรวจ สภ.เมืองสงขลา,1
เพื่อสำรวจสถานภาพแหล่งหญ้าทะเล พะยูนและชนิดของขยะทะเลในแหล่งหญ้าทะเล,1
"เพื่อการเล่นเป็นงานอดิเรก ความบันเทิง หรือ เพื่อการกีฬา,เพื่อการถ่ายภาพ ถ่ายทำหรือการแสดงในภาพยนตร์หรือรายการโทรทัศน์,ถ่ายภาพอาคาร วัตถุ ใช้ในงานบริการเชิงพาณิชย์",1
เพื่อใช้สำรวจพื้นที่ ถ่ายภาพ ในการติดตั้งระบบโซล่าเซลล์,1
"เพื่อการเล่นเป็นงานอดิเรก ความบันเทิง หรือ เพื่อการกีฬา,เพื่อการถ่ายภาพ ถ่ายทำหรือการแสดงในภาพยนตร์หรือรายการโทรทัศน์,สำรวจพื้นที่การเกษตร",1
เพื่อการศึกษา สำรวจข้อมูลด้านสิ่งแวดล้อม,1
"เพื่อการถ่ายภาพ ถ่ายทำหรือการแสดงในภาพยนตร์หรือรายการโทรทัศน์,ใช้ในงานตรวจสอบและบำรุงรักษา Solarcell และเครื่งจักรโรงงานในเครือ SCG และในงานลูกค้าของเครือ SCG",1
"เพื่อการเล่นเป็นงานอดิเรก ความบันเทิง หรือ เพื่อการกีฬา,เพื่อการถ่ายภาพ ถ่ายทำหรือการแสดงในภาพยนตร์หรือรายการโทรทัศน์,งานวิศวกรรม",1
"เพื่อการเล่นเป็นงานอดิเรก ความบันเทิง หรือ เพื่อการกีฬา,เพื่อการถ่ายภาพ ถ่ายทำหรือการแสดงในภาพยนตร์หรือรายการโทรทัศน์,ใช้ตรวจสอบความก้าวหน้าของงานก่อสร้าง",1
เพื่อการถ่ายภาพการทำงาน และสำรวจจัดทำแผนที่,1
"เพื่อการเล่นเป็นงานอดิเรก ความบันเทิง หรือ เพื่อการกีฬา,เพื่อการถ่ายภาพ ถ่ายทำหรือการแสดงในภาพยนตร์หรือรายการโทรทัศน์,เพื่อการเกษตรกรรม,เพื่อใช้ในภารกิจงานต่างๆ ขององค์การบริหารส่วนตำบลทับคล้อ",1
"เพื่อการเล่นเป็นงานอดิเรก ความบันเทิง หรือ เพื่อการกีฬา,เพื่อการถ่ายภาพ ถ่ายทำหรือการแสดงในภาพยนตร์หรือรายการโทรทัศน์,ใช้งานภายในบริษัทสำหรับลง Social Media บริษัท",1
เพื่อการใช้ในงาน Inspection,1
"เพื่อการเล่นเป็นงานอดิเรก ความบันเทิง หรือ เพื่อการกีฬา,เพื่อสำรวจพื้นที่ในการทำงาน",1
"เพื่อการเล่นเป็นงานอดิเรก ความบันเทิง หรือ เพื่อการกีฬา,เพื่อการถ่ายภาพ ถ่ายทำหรือการแสดงในภาพยนตร์หรือรายการโทรทัศน์,ประกอบกิจการรับเหมาก่อสร้าง ตรวจความเรียบร้อยของงานในอาคารที่สูง",1
"เพื่อการเล่นเป็นงานอดิเรก ความบันเทิง หรือ เพื่อการกีฬา,ใช้เพื่อบันทึกภาพถ่ายและวิดีโอความคืบหน้างานก่อสร้างฯ",1
"เพื่อการเล่นเป็นงานอดิเรก ความบันเทิง หรือ เพื่อการกีฬา,เพื่อการรายงานเหตุการณ์หรือรายงานจราจร (สื่อมวลชน),เพื่อการถ่ายภาพ ถ่ายทำหรือการแสดงในภาพยนตร์หรือรายการโทรทัศน์,เพื่อการวิจัยและพัฒนาอากาศยาน เพื่อการพาณิชย์,เพื่อการเกษตรกรรม,เพื่อการวิจัย ทดลอง ทดสอบ ตามประกาศ กสทช.,ใช้ในงานก่อสร้าง",1
"เพื่อการเล่นเป็นงานอดิเรก ความบันเทิง หรือ เพื่อการกีฬา,เพื่อการถ่ายภาพ ถ่ายทำหรือการแสดงในภาพยนตร์หรือรายการโทรทัศน์,ถ่ายภาพเพื่อประกอบอาชีพ",1
"เพื่อการเล่นเป็นงานอดิเรก ความบันเทิง หรือ เพื่อการกีฬา,เพื่อการถ่ายภาพ ถ่ายทำหรือการแสดงในภาพยนตร์หรือรายการโทรทัศน์,เพื่อการถ่ายภาพและวีดีโอ ใช้ในการนำเสนอภายในบริษัท",1
เพื่อการใช้ในงานสำรวจจัดทำแผนที่,1
สำรวจพื้นที่ในด้านธรณีวิทยา การคมนาคม การชลประทาน,1
บันทึกภาพกิจกรรมของโรงเรียนครบุรี อำเภอครบุรี จังหวัดนครราชสีมา,1
"เพื่อการเล่นเป็นงานอดิเรก ความบันเทิง หรือ เพื่อการกีฬา,เพื่อการถ่ายภาพ ถ่ายทำหรือการแสดงในภาพยนตร์หรือรายการโทรทัศน์,private use only during holidays",1
"เพื่อการถ่ายภาพ ถ่ายทำหรือการแสดงในภาพยนตร์หรือรายการโทรทัศน์,ใช้ในงานของบริษัท",1
"เพื่อการเล่นเป็นงานอดิเรก ความบันเทิง หรือ เพื่อการกีฬา,เพื่อการถ่ายภาพ ถ่ายทำหรือการแสดงในภาพยนตร์หรือรายการโทรทัศน์,ใช้ภารกิจของหน่วยงาน สทอภ.",1
1.งานตรวจสอบการติดตั้งโซล่าเซลล์ และทดสอบการเชื่อมต่อระบบบไฟฟ้าเข้ากับระบบไฟฟ้าของ กฟภ. 2.งานตรวจสอบมาตรฐานระบบไฟฟ้า ขนาด 22 เควี และ 115 เควี 3.งานสำรวจออกแบบงานก่อสร้างและปรับปรุงระบบจำหน่าย,1
"เพื่อการเล่นเป็นงานอดิเรก ความบันเทิง หรือ เพื่อการกีฬา,ตรวจสอบสภาพพื้นที่แปลงที่ดิน",1
ใช้ถ่ายภาพงานและกิจการภายในบริษัท,1
เพื่อการถ่ายภาพ ถ่ายวิดีโอ และกิจกรรมต่างๆภายในองค์กร,1
เพื่อการตรวจดูงานบนหลังคาของบริษัท,1
ตรวจเช็คหลังคาบริษัท,1
สำรวจจัดทำแผนที่ภูมิประเทศ ภาพถ่ายทางอากาศ สำรวจภาคพิ้น,1
Holiday pictures,1
"เพื่อการเล่นเป็นงานอดิเรก ความบันเทิง หรือ เพื่อการกีฬา,เพื่อการถ่ายภาพ ถ่ายทำหรือการแสดงในภาพยนตร์หรือรายการโทรทัศน์,ใช้ในงาน และ กิจการของบริษัท  และ ใช้ในงานราชการ",1
"เพื่อการเล่นเป็นงานอดิเรก ความบันเทิง หรือ เพื่อการกีฬา,เพื่อการถ่ายภาพ ถ่ายทำหรือการแสดงในภาพยนตร์หรือรายการโทรทัศน์,เพื่อใช้ร่วมทำงานกับหน่วยงานของ กฟภ. ในบางโอกาศ",1
"เพื่อการถ่ายภาพ ถ่ายทำหรือการแสดงในภาพยนตร์หรือรายการโทรทัศน์,เพื่อการสำรวจใช้ในกิจการของบริษัท",1
เพื่อถ่ายภาพ สำรวจพื้นที่ที่ไม่สามารถสำรวจได้,1
เพื่อใช้ในการถ่ายภาพและวีดีโอในการอัพโหลดขึ้นเว็บไซต์บริษัท,1
"เพื่อการถ่ายภาพ ถ่ายทำหรือการแสดงในภาพยนตร์หรือรายการโทรทัศน์,เพื่อใช้ในกิจกรรมภายในบริษัท",1
"เพื่อการถ่ายภาพ ถ่ายทำหรือการแสดงในภาพยนตร์หรือรายการโทรทัศน์,Drone PoC",1
"เพื่อการเล่นเป็นงานอดิเรก ความบันเทิง หรือ เพื่อการกีฬา,เพื่อการถ่ายภาพ ถ่ายทำหรือการแสดงในภาพยนตร์หรือรายการโทรทัศน์,ถ่ายภาพประกอบการค้าขาย",1
ถ่ายภาพมุมสูงของกิจกรรมต่างๆ ภายในมหาวิทยาลัย กิจกรรมทางวิชาการที่เกี่ยวข้องกับชุมชนที่มหาวิทยาลัยรับผิดชอบ,1
เพื่อถ่ายภาพสำรวจงานโซล่าเซลล์,1
ดูพื้นที่หน้างานก่อสร้าง/การเกษตร,1
"เพื่อการเล่นเป็นงานอดิเรก ความบันเทิง หรือ เพื่อการกีฬา,สนับสนุนงานป้องกันและบรรเทาสาธารณภัย เทศบาลนครเชียงใหม่",1
"เพื่อการเล่นเป็นงานอดิเรก ความบันเทิง หรือ เพื่อการกีฬา,เพื่อการถ่ายภาพ ถ่ายทำหรือการแสดงในภาพยนตร์หรือรายการโทรทัศน์,งานสำรวจ วิจัย พื้นที่เพาะปลูกทางการเกษตร",1
"เพื่อการเล่นเป็นงานอดิเรก ความบันเทิง หรือ เพื่อการกีฬา,เพื่อการรายงานเหตุการณ์หรือรายงานจราจร (สื่อมวลชน),เพื่อการถ่ายภาพ ถ่ายทำหรือการแสดงในภาพยนตร์หรือรายการโทรทัศน์,รับจ้างถ่ายภาพ",1
ทำธุรกิจ สำรวจหน้างาน,1
"เพื่อการเล่นเป็นงานอดิเรก ความบันเทิง หรือ เพื่อการกีฬา,ถ่ายรูปการปฎิบัติงาน มุมสูง ของหน่วย ร.151 พัน.2 เท่านั้น",1
"เพื่อการเล่นเป็นงานอดิเรก ความบันเทิง หรือ เพื่อการกีฬา,เพื่อการถ่ายภาพ ถ่ายทำหรือการแสดงในภาพยนตร์หรือรายการโทรทัศน์,บินสำรวจ หลังคา อาคาร เพื่อติดตั้งโซลาร์เซลล์",1
"เพื่อการเล่นเป็นงานอดิเรก ความบันเทิง หรือ เพื่อการกีฬา,เพื่อการถ่ายภาพ ถ่ายทำหรือการแสดงในภาพยนตร์หรือรายการโทรทัศน์,จัดทำแผนที่ภาพถ่ายทางอากาศ",1
"เพื่อการเล่นเป็นงานอดิเรก ความบันเทิง หรือ เพื่อการกีฬา,เพื่อถ่ายภาพการติดตั้งระบบโซลาร์เซลล์บนหลังคาอาคาร",1
"เพื่อการเล่นเป็นงานอดิเรก ความบันเทิง หรือ เพื่อการกีฬา,ใช้สำรวจค้นหาบุคคลที่สูญหาย, ตรวจสอบไฟป่า",1
สำหรับใช้ปฏิบัติการบินสำรวจลาดตระเวน ระบุพิกัด รวมไปถึงการค้นหาและช่วยเหลือผู้ประสบภัยภายในพื้นที่ที่อยู่ภายใต้การดูแลขององค์การบริหารส่วนจังหวัดเชียงใหม่ เพื่อเพิ่มประสิทธิภาพในด้านงานป้องกันและบรรเทาสาธารณะภัย,1
"เพื่อการถ่ายภาพ ถ่ายทำหรือการแสดงในภาพยนตร์หรือรายการโทรทัศน์,สำรวจใช้ดูหน้างาน",1
"เพื่อการเล่นเป็นงานอดิเรก ความบันเทิง หรือ เพื่อการกีฬา,บินเล่นทั่วไปถ่ายเซลฟี่ ตัวเอง",1
"เพื่อการเล่นเป็นงานอดิเรก ความบันเทิง หรือ เพื่อการกีฬา,เพื่อถ่ายภาพอสังหาริมทรัพย์ที่เกี่ยวข้องกับบริษัท",1
ใช้ในงานขององค์การบริหารส่วนตำบลนาบัว,1
เพื่อการถ่ายภาพและผลิตสื่อภายในองค์กร,1
"เพื่อการเล่นเป็นงานอดิเรก ความบันเทิง หรือ เพื่อการกีฬา,เพื่อการถ่ายภาพ ถ่ายทำหรือการแสดงในภาพยนตร์หรือรายการโทรทัศน์,อ่านแปลภาพถ่ายทางอากาศ และจัดทำแผนที่",1
"เพื่อการเล่นเป็นงานอดิเรก ความบันเทิง หรือ เพื่อการกีฬา,เพื่อการถ่ายภาพ ถ่ายทำหรือการแสดงในภาพยนตร์หรือรายการโทรทัศน์,ถ่ายผลงานติดตั้งสินค้า",1
"เพื่อการเล่นเป็นงานอดิเรก ความบันเทิง หรือ เพื่อการกีฬา,Some Ariel photos of our holiday",1
"เพื่อการเล่นเป็นงานอดิเรก ความบันเทิง หรือ เพื่อการกีฬา,เพื่อการถ่ายภาพ ถ่ายทำหรือการแสดงในภาพยนตร์หรือรายการโทรทัศน์,สำเนาบัตรผู้ขาย และโอนโดรน ไม่ทราบว่าจะโหลด update ไว้ตรงไหน เลย โหลดฝากไว้ตรง เอกสารการดำเนินดดี",1
ถ่ายภาพงานกิจกรรมภายในหน่วยงาน,1
ใช้ในการป้องกันและบรรเทาสาธารณภัยในพื้นที่เพื่อถ่ายภาพ ภ่ายทำ ตามอำนาจหน้าที่และภารกิจ,1
"เพื่อการเล่นเป็นงานอดิเรก ความบันเทิง หรือ เพื่อการกีฬา,เพื่อการรายงานเหตุการณ์หรือรายงานจราจร (สื่อมวลชน),เพื่อการถ่ายภาพ ถ่ายทำหรือการแสดงในภาพยนตร์หรือรายการโทรทัศน์,การเรียนการสอน",1
"เพื่อการเกษตรกรรม,เพื่การตรวจสอบงานและบำรุงรักษา",1
"เพื่อการรายงานเหตุการณ์หรือรายงานจราจร (สื่อมวลชน),เพื่อการสำรวจรังวัดด้วยภาพถ่ายทางอากาศและรองรับการทำงานระบบ BIM",1
เพื่อใช้ในกิจการของการไฟฟ้านครหลวง,1
"เพื่อการเล่นเป็นงานอดิเรก ความบันเทิง หรือ เพื่อการกีฬา,เพื่อการถ่ายภาพ ถ่ายทำหรือการแสดงในภาพยนตร์หรือรายการโทรทัศน์,เพื่อใช้ในการจัดทำสื่อประชาสัมพันธ์การท่องเที่ยว การสำรวจทรัพยากรป่าไม้และสัตว์ป่า รวมถึงใช้ในการตรวจสอบพื้นที่บุกรุก และจัดทำแผนที่ภาพถ่ายทางอากาศอ้างอิงในการปฏิบัติงาน",1
"เพื่อการเล่นเป็นงานอดิเรก ความบันเทิง หรือ เพื่อการกีฬา,เพื่อการถ่ายภาพ ถ่ายทำหรือการแสดงในภาพยนตร์หรือรายการโทรทัศน์,ถ่ายภาพสถานที่ท่องเที่ยว",1
"เพื่อการถ่ายภาพ ถ่ายทำหรือการแสดงในภาพยนตร์หรือรายการโทรทัศน์,ถ่ายภาพมุมสูงเพื่อประกอบการจัดการภายในหน่วยงานก่อสร้าง",1
"เพื่อการเล่นเป็นงานอดิเรก ความบันเทิง หรือ เพื่อการกีฬา,เพื่อการถ่ายภาพ ถ่ายทำหรือการแสดงในภาพยนตร์หรือรายการโทรทัศน์,Honeymoon trip, personal use.",1
"เพื่อการเล่นเป็นงานอดิเรก ความบันเทิง หรือ เพื่อการกีฬา,holiday pictures",1
ใช้สำหรับตรวจสอบข้อเท็จจริง กรณีเกิดปัญหาเรื่องร้องเรียนด้านมลพิษและติดตามควบคุม เฝ้าระวังแก้ไขปัญหามลพิษให้กับประชาชน,1
"เพื่อการเล่นเป็นงานอดิเรก ความบันเทิง หรือ เพื่อการกีฬา,เพื่อการถ่ายภาพ ถ่ายทำหรือการแสดงในภาพยนตร์หรือรายการโทรทัศน์,เพื่องานด้านวิศวกรรม",1
"เพื่อการถ่ายภาพ ถ่ายทำหรือการแสดงในภาพยนตร์หรือรายการโทรทัศน์,เพื่อรองรับและสนับสนุนการจัดการเรียนการสอนภาคทฤษฎีและปฎิบัติในรายวิชาต่างๆ สนับสนุนงานวิจัย ที่เกี่ยวข้อง",1
"เพื่อการเล่นเป็นงานอดิเรก ความบันเทิง หรือ เพื่อการกีฬา,เพื่อการถ่ายภาพ ถ่ายทำหรือการแสดงในภาพยนตร์หรือรายการโทรทัศน์,ใช้ในโรงงานอุตสาหกรรม",1
"เพื่อการเล่นเป็นงานอดิเรก ความบันเทิง หรือ เพื่อการกีฬา,เพื่อการถ่ายภาพ ถ่ายทำหรือการแสดงในภาพยนตร์หรือรายการโทรทัศน์,เพื่อการทําแผนที่ภาพถ่ายทางอากาศ และเพื่องาน สํารวจพื้นที่แปลงที่ดินเพื่อออกแบบ",1
เพื่อถ่ายความคืบหน้าในการก่อสร้างในมุมสูง,1
"เพื่อการเล่นเป็นงานอดิเรก ความบันเทิง หรือ เพื่อการกีฬา,FAMILY HOLIDAY PHOTOS",1
เพื่อการใช้ในงานสำรวจ งานด้านวิศวกรรม ตรวจสอบอาคารก่อสร้าง,1
บินสำรวจแผงโซล่าเซลล์,1
เพื่อจัดทำแผนที่เพื่อการสำรวจและออกแบบทางวิศวกรรม,1
ถ่ายภาพทางอากาศ งานผลิตสื่อ ประชาสัมพันธ์ และส่งเสริมการท่องเที่ยวเทศบาลตำบลสุเทพ,1
เพื่อการถ่ายภาพ NDVI ใช้ในการเกษตร,1
เพื่อสำรวจพื้นที่ เครื่องจักร อาคารและกิจการของบริษัทฯ,1
"เพื่อการเล่นเป็นงานอดิเรก ความบันเทิง หรือ เพื่อการกีฬา,เพื่อการถ่ายภาพ ถ่ายทำหรือการแสดงในภาพยนตร์หรือรายการโทรทัศน์,ใช้ในหน่วยงานราชการสำหรับจัดทำสื่อของหน่วยงาน",1
"เพื่อการเล่นเป็นงานอดิเรก ความบันเทิง หรือ เพื่อการกีฬา,เพื่อการถ่ายงาน",1
"เพื่อการเล่นเป็นงานอดิเรก ความบันเทิง หรือ เพื่อการกีฬา,เพื่อเผยแผ่วัฒนธรรมและประเพณี",1
"เพื่อการเกษตรกรรม,เพื่อใช้เป็นสื่อการเรียนการสอนภายในองค์กร",1
เก็บข้อมูลในการทำงานก่อสร้าง,1
เพื่อตรวจสอบความผิดปกติของสายส่งไฟฟ้าแรงสูง,1
"เพื่อการเล่นเป็นงานอดิเรก ความบันเทิง หรือ เพื่อการกีฬา,เพื่อการถ่ายภาพ ถ่ายทำหรือการแสดงในภาพยนตร์หรือรายการโทรทัศน์,เพื่อการเกษตรกรรม,ทำ รายการท่องเที่ยว FACEBOOK ทำYoutube",1
"เพื่อการเล่นเป็นงานอดิเรก ความบันเทิง หรือ เพื่อการกีฬา,เพื่อการถ่ายภาพ ถ่ายทำหรือการแสดงในภาพยนตร์หรือรายการโทรทัศน์,วิจัยพัฒนาระบบ UTM",1
"เพื่อการเล่นเป็นงานอดิเรก ความบันเทิง หรือ เพื่อการกีฬา,เพื่อการถ่ายภาพ ถ่ายทำหรือการแสดงในภาพยนตร์หรือรายการโทรทัศน์,Taking videos of landscapes and places of interest for personal use only (e.g. holiday photos and videos)",1
เพื่อการตรวจสอบอาคาร สถานที่บริเวณสำหรับก่อสร้าง,1
ตรวจสอบความผิดปกติหรือปัญหาในงานก่อสร้างอาคาร ต่อเติมดัดแปลงอาคารโรงงานและอาคารอื่นๆของบริษัท,1
"เพื่อการเล่นเป็นงานอดิเรก ความบันเทิง หรือ เพื่อการกีฬา,เพื่อการถ่ายภาพ ถ่ายทำหรือการแสดงในภาพยนตร์หรือรายการโทรทัศน์,เพื่อการศึกษา การวิจัยและการท่องเที่ยวเชิงนันทนาการ",1
"เพื่อการเล่นเป็นงานอดิเรก ความบันเทิง หรือ เพื่อการกีฬา,เพื่อการวิจัยและพัฒนาอากาศยาน เพื่อการพาณิชย์,เพื่อสำรวจแผนที่ทางอากาศ",1
"เพื่อการเล่นเป็นงานอดิเรก ความบันเทิง หรือ เพื่อการกีฬา,เพื่อการถ่ายภาพ ถ่ายทำหรือการแสดงในภาพยนตร์หรือรายการโทรทัศน์,ใช้ตรวจหาจุดบกพร่อง/ตรวจงาน หลังคาบ้าน",1
บันทึกภาพกิจกรรมและแหล่งท่องเที่ยวตามภารกิจงานของเทศบาลเมืองคลองแห,1
"เพื่อการเล่นเป็นงานอดิเรก ความบันเทิง หรือ เพื่อการกีฬา,ถ่ายภาพ เพื่อการท่องเที่ยว",1
ใช้ในการบินขึ้นสำรวจบริเวณรอบโรงงาน,1
"เพื่อการถ่ายภาพ ถ่ายทำหรือการแสดงในภาพยนตร์หรือรายการโทรทัศน์,ใช้ทำรายงานเพื่อส่งงาน",1
"เพื่อการเล่นเป็นงานอดิเรก ความบันเทิง หรือ เพื่อการกีฬา,เพื่อการถ่ายภาพ ถ่ายทำหรือการแสดงในภาพยนตร์หรือรายการโทรทัศน์,ถ่ายงานบริษทฯ ที่ได้รับมอบหมาย",1
"เพื่อการเล่นเป็นงานอดิเรก ความบันเทิง หรือ เพื่อการกีฬา,เพื่อใช้ในการเก็บภาพถ่ายในโครงการต่างๆ ที่องค์การบริหารส่วนตำบลโป่งงามได้ดำเนินการและเพื่อใช้ในการอำนวยความสะดวกในการสำรวจพื้นที่เหตุการณ์ต่างๆ ที่เกิดขึ้นจากภัยธรรมชาติ เพื่อแก้ปัญหาในงานได้ทันท่วงทีและบันทึกไว้เป็นข้อมูลตามวัตถุประสงค์ขององค์การบริหารส่วนตำบลโป่งงาม",1
"เพื่อการเล่นเป็นงานอดิเรก ความบันเทิง หรือ เพื่อการกีฬา,เพื่อการวิจัย ทดลอง ทดสอบ ตามประกาศ กสทช.,ทำแปลน",1
"สำรวจงานโซล่าห์เซลล์, ตรวจหาจัดจับความร้อน, ตรวจหาจุดบกพร่องของแผงโซล่าห์",1
เพื่อใช้ในการทำงาน / ปฏิบัติงาน,1
"เพื่อการเล่นเป็นงานอดิเรก ความบันเทิง หรือ เพื่อการกีฬา,Social media",1
"เพื่อการเล่นเป็นงานอดิเรก ความบันเทิง หรือ เพื่อการกีฬา,Aerial video and photo for commercial purpose",1
"เพื่อการเล่นเป็นงานอดิเรก ความบันเทิง หรือ เพื่อการกีฬา,เพื่อการถ่ายภาพ ถ่ายทำหรือการแสดงในภาพยนตร์หรือรายการโทรทัศน์,เพื่องานวิจัยทางการประมวลผลภาพ",1
เพื่อ Survey พื้นที่หน้างาน,1
สนับสนุนการปฎิบัติงานในภารกิจต่างๆ ของกองบัญชาการกองทัพไทย,1
"เพื่อการถ่ายภาพ ถ่ายทำหรือการแสดงในภาพยนตร์หรือรายการโทรทัศน์,ปฎิบัติภารกิจด้านการบริการวิชาการแก่สังคม",1
"เพื่อการเล่นเป็นงานอดิเรก ความบันเทิง หรือ เพื่อการกีฬา,Take photos and videos for tourism purposes",1
"เพื่อการวิจัยและพัฒนาอากาศยาน เพื่อการพาณิชย์,เพื่การตรวจสอบงานและบำรุงรักษา",1
"เพื่อการเล่นเป็นงานอดิเรก ความบันเทิง หรือ เพื่อการกีฬา,เพื่อการสำรวจทำแผนที่",1
ตรวจสอยคุณภาพงานก่อสร้าง,1
"เพื่อการเกษตรกรรม,วัดพื้นที่ในการทำการเกษตรกรรม",1
"เพื่อการถ่ายภาพ ถ่ายทำหรือการแสดงในภาพยนตร์หรือรายการโทรทัศน์,เพื่อการถ่ายภาพในงานสำรวจ รังวัด การทำแผนที่",1
"เพื่อการเล่นเป็นงานอดิเรก ความบันเทิง หรือ เพื่อการกีฬา,ดิฉันอาศัยอยู่ที่อเมริกา ต้องการ นำโดรนที่ซื้อเองจากอเมริกา ไปที่ไทย เพื่อการเล่นเป็นงานอดิเรก เพื่อความบันเทิงเพื่อการถ่ายภาพ หรือถ่ายทำวิดีโอ กับครอบครัวของดิฉันเอง (สรันรัตน์) ในระยะเวลาที่อยู่เมืองไทย ช่วง 21 พย- 9 ธค 2565",1
For personal and family use only.,1
"เพื่อการเล่นเป็นงานอดิเรก ความบันเทิง หรือ เพื่อการกีฬา,ถ่ายรูป วิดิโอ สถานที่ท่องเที่ยว เพื่อ ประชาสัมพันธ์ ธุระกิจท่องเที่ยว",1
"Photos and videos during holiday, personal use only",1
เพื่อการถ่ายภาพและวีดีโิอ สำหรับงานประชาสัมพันธ์ของเทศบาล,1
"เพื่อการรายงานเหตุการณ์หรือรายงานจราจร (สื่อมวลชน),งานประชาสัมพันธ์ภาระกิจของกรมทางหลวง  งานสำรวจพื้นที่สายทางและงานอื่นที่เกี่ยวข้องกับภาระกิจของกรมทางหลวง",1
"เพื่อการเล่นเป็นงานอดิเรก ความบันเทิง หรือ เพื่อการกีฬา,เพื่อการถ่ายภาพ ถ่ายทำหรือการแสดงในภาพยนตร์หรือรายการโทรทัศน์,เพื่อการวิจัยและพัฒนาอากาศยาน เพื่อการพาณิชย์,เพื่อสำรวจงานของบริษัท",1
Aerial video and photo for commercial purpose,1
"เพื่อการเล่นเป็นงานอดิเรก ความบันเทิง หรือ เพื่อการกีฬา,เพื่อตรวจสอบอาคารและสถานที่สูงภายในบริษัทฯ",1
เพื่อใช้สำหรับจัดการเรียนการสอนด้านการสำรวจพันธุ์พืชสมุนไพร,1
"เพื่อการเล่นเป็นงานอดิเรก ความบันเทิง หรือ เพื่อการกีฬา,เพื่อการวิจัยและพัฒนาอากาศยาน เพื่อการพาณิชย์,เพื่อการวิจัย ทดลอง ทดสอบ ตามประกาศ กสทช.,เพื่อสำรวจหน้างานติดตั้งโซล่าเซลล์",1
เพื่อใช้สำรวจแปลงปลูกอ้อย,1
เพื่อใช้สำรวจพื้นที่ที่จะใช้สร้างโครงการ,1
"เพื่อการเล่นเป็นงานอดิเรก ความบันเทิง หรือ เพื่อการกีฬา,เพื่อการถ่ายภาพ ถ่ายทำหรือการแสดงในภาพยนตร์หรือรายการโทรทัศน์,เพื่อการถ่าย ประเพณี ต่างๆ",1
ใช้ในการทำสื่อYoutubeงานสื่อโซเชี่ยวทั่วไปและสื่อมวลชน,1
เพื่อการบันทึกภาพและวีดีโอกิจกรรมภายในโรงพยาบาลทางอากาศและภาพมุมสูง,1
"เพื่อการเล่นเป็นงานอดิเรก ความบันเทิง หรือ เพื่อการกีฬา,ถ่ายภาพหน้างานก่อสร้าง",1
สำรวจถ่ายภาพงานโครงการท่อส่งก๊าซ,1
เพื่อสำรวจพื้นที่ด้านธรณีวิทยา การคมนาคม การชลประทาน,1
เพื่อการถ่ายภาพสำรวจในกิจการของบริษัท,1
"เพื่อการเล่นเป็นงานอดิเรก ความบันเทิง หรือ เพื่อการกีฬา,ตรวจสภาพหลังคาและแผงโซล่าเซลล์",1
ใช้สำหรับสำรวจงานสะพานหรือถนนในพื้นที่ๆบุคคลไม่สามารถเข้าถึงได้,1
"เพื่อการเล่นเป็นงานอดิเรก ความบันเทิง หรือ เพื่อการกีฬา,เพื่อการถ่ายภาพ ถ่ายทำหรือการแสดงในภาพยนตร์หรือรายการโทรทัศน์,Holiday Videos",1
"เพื่อการเล่นเป็นงานอดิเรก ความบันเทิง หรือ เพื่อการกีฬา,เพื่อถ่ายภาพหรือวีดีโองานก่อสร้าง และการขายที่ดิน",1
"เพื่อการเล่นเป็นงานอดิเรก ความบันเทิง หรือ เพื่อการกีฬา,เพื่อการถ่ายภาพ ถ่ายทำหรือการแสดงในภาพยนตร์หรือรายการโทรทัศน์,เพื่อการวิจัยและพัฒนาอากาศยาน เพื่อการพาณิชย์,ถ่ายภาพ ถ่ายวีดีโอ เพื่อใช้ทำโฆษณาจัดเก็บข้อมูลทำรายงานและประเมินงานเดี่ยวกับงานก่อสร้าง",1
ตรวจสอบที่ตั้งทรัพย์,1
"เพื่อการเกษตรกรรม,ถังบรรจุสาร",1
"เพื่อการเล่นเป็นงานอดิเรก ความบันเทิง หรือ เพื่อการกีฬา,ตรวจสอบพื้นที่ต้องสงสัย",1
เพื่อใช้ในงานศึกษา สำรวจที่ตั้งโรงไฟฟ้า,1
เพื่องานสื่อโฆษณา อสังหาริมทรัพย์,1
ใช้การสำรวจอาคาร,1
ใช้ตรวจสอบหลังคาโรงงานและ Solar cell,1
"เพื่อการถ่ายภาพ ถ่ายทำหรือการแสดงในภาพยนตร์หรือรายการโทรทัศน์,เพื่อการบริหารจัดการการทำงานอย่างมีประสิทธิภาพและทันต่อเหตุการณ์",1
"เพื่อการเล่นเป็นงานอดิเรก ความบันเทิง หรือ เพื่อการกีฬา,เพื่อการถ่ายภาพ ถ่ายทำหรือการแสดงในภาพยนตร์หรือรายการโทรทัศน์,Photography is for personal only",1
ใช้ถ่ายภาพในบริษัท งานด้านความปลอดภัยและงานอื่นๆในบริษัท,1
"ใช้ในการภ่ายภาพ,วีดีโอ,ความบันเทิง ที่เกี่ยวกับสินค้าและกิจกรรมของบริษัทฯ",1
เพื่อป้องกันรักษาความสงบเรียบร้อย ความปลอยภัยในชีวิต ทรัพย์สินของประชาชน และชุมชนในพื้นที่จังหวัดเชียงใหม่,1
"เพื่อการเกษตรกรรม,เพื่อใช้ในการดำเนินงานศึกษาและวิจัยตามภารกิจของหน่วยงาน",1
"เพื่อการเล่นเป็นงานอดิเรก ความบันเทิง หรือ เพื่อการกีฬา,เก็บภาพมุมสูงตามแหล่งท่องเที่ยว",1
เพื่อการท่องเที่ยว และประชาสัมพันธ์ สถานที่ท่องเที่ยว ของบริษัท,1
"เพื่อการเล่นเป็นงานอดิเรก ความบันเทิง หรือ เพื่อการกีฬา,Videos and photos from tourism for personal usage",1
เพื่อใช้ถ่ายภาพทางอากาศทำแผนที่,1
เพื่อถ่ายภาพทางอากาศทำแผนที่,1
Aerial video and photo for personal use,1
เพื่อการสำรวจตรวจสอบและบำรุงรักษาระบบผลิตไฟฟ้าจากพลังงานแสงอาทิตย์แบบติดตั้งบนหลังคา ภายในพื้นที่ที่อยู่ภายใต้การดูแลของ กฟน. เพื่อเพิ่มประสิทธิภาพการตรวจสอบ บำรุงรักษาระบบ และเพิ่มความมั่นคงแก่ระบบผลิตไฟฟ้าจากพลังงานแสงอาทิตย์แบบติดตั้งบนหลังคาของ กฟน.,1
ใช้ถ่ายภาพกิจกรรมภายในโรงงาน,1
เพื่อใช้การเก็บภาพถ่ายและวีดีโอ ในพื้นที่ต่างๆในการทำสื่อโฆษณาแนะนำธุรกิจต่างๆ ให้เป็นที่น่าสนใจ ให้เป็นที่นิยม เพื่อดึงดูดนักท่องเที่ยวได้มาเที่ยวในสถานที่นั้น,1
เพื่อจัดแสดงโชว์โดรน จนถึงวันที่ 18 ธันวาคม 2565,1
เพื่อป้องกันและบรรเทาสาธารณภัย,1
"เพื่อการถ่ายภาพ ถ่ายทำหรือการแสดงในภาพยนตร์หรือรายการโทรทัศน์,เพื่อการสาธิตในงานของบริษัทฯ",1
เพื่อการถ่ายภาพ วีดีโอ ลงยูทูป,1
ถ่ายภาพ สื่อภายในร้านค้า,1
"เพื่อการเล่นเป็นงานอดิเรก ความบันเทิง หรือ เพื่อการกีฬา,ส่งภาพ Stock",1
ศึกษา วิเคราะห์ กําหนดแผนปฏิบัติงาน และกํากับติดตามประเมินผลการดําเนินงานที่เกี่ยวข้องกับการป้องกันและแก้ไขปัญหาไฟป่า และการป้องกันและปราบปรามการกระทําผิดตามกฎหมายเกี่ยวกับการป่าไม้ที่อยู่ในความรับผิดชอบ,1
"เพื่อเพิ่มประสิทธิภาพการจัดทำสื่อประชาสัมพันธ์, การแนะนำเส้นทางรายงานปัญหาจราจร, สนับสนุนการสำรวจถ่ายภาพทางอากาศเพื่อใช้ออกแบบทางหลวงและงานตามภารกิจของกรมทางหลวง",1
"เพื่อการเล่นเป็นงานอดิเรก ความบันเทิง หรือ เพื่อการกีฬา,ใช้ในกิการส่วนราชการองค์การบริหารส่วนตำบลสำราญใต้ อำเภอสามชัย จังหวัดกาฬสินธุ์",1
"เพื่อการเล่นเป็นงานอดิเรก ความบันเทิง หรือ เพื่อการกีฬา,เพื่อการถ่ายภาพ ถ่ายทำหรือการแสดงในภาพยนตร์หรือรายการโทรทัศน์,เพื่อส่งเสริมและสนับสนุนองค์กรและส่วนราชการ",1
"เพื่อการเล่นเป็นงานอดิเรก ความบันเทิง หรือ เพื่อการกีฬา,เพื่อการถ่ายภาพ ถ่ายทำหรือการแสดงในภาพยนตร์หรือรายการโทรทัศน์,เพื่อการศึกษา เพื่อกิจกรรมของโรงเรียน",1
Holidays: Nature,1
ตรวจสอบอาคาร บ้านที่บริษัททำการก่อสร้าง,1
ถ่ายภาพความร้อนเพื่อตรวจสอบอุปกรณ์ไฟฟ้าในระบบโชล่าร์เซลล์,1
"เพื่อการเล่นเป็นงานอดิเรก ความบันเทิง หรือ เพื่อการกีฬา,เพื่อการถ่ายภาพ ถ่ายทำหรือการแสดงในภาพยนตร์หรือรายการโทรทัศน์,Taking Memories of Nature",1
เพื่อถ่ายภาพ ถ่ายวิดีโอ สำหรับการจัดทำสื่อประชาสัมพันธ์วิทยาลัย,1
เพื่อการถ่ายภาพ ถ่ายทำ หรือการแสดงภาพยนต์ หรือรายการโทรทัศน์ และเพื่อตรวจสอบอาคารและสิ่งก่อสร้างอื่นภายในบริษัท,1
"เพื่อถ่ายรูปกิจกรรมต่างๆ ของโรงเรียนเช่นกิจกรรมกีฬาสี, กิจกรรมวันวิทยาศาสตร์เป็นต้น",1
"เพื่อการเกษตรกรรม,เพื่อใช้ในงานขององค์กร",1
เพิ่มประสิทธิภาพการทำงาน วิเคราะห์ข้อมูลทางอากาศ เพื่อช่วยเหลือผู้ประสบภัย,1
เพื่อใช้ในการบริหารจัดการการจราจรในภาพรวมของโครงข่ายทางหลวง,1
เพื่องานบรรเทาสาธารณภัยและการกู้ภัย,1
"เพื่อการถ่ายภาพ ถ่ายทำหรือการแสดงในภาพยนตร์หรือรายการโทรทัศน์,เพื่อถ่ายภาพ ถ่ายทำ สำหลับโปรโมทโรงแรม",1
เพื่อการศึกษา สำรวจทรัพยากรระบบนิเวศน์ทางธรรมชาติในพื้นที่,1
"เพื่อการเล่นเป็นงานอดิเรก ความบันเทิง หรือ เพื่อการกีฬา,เพื่อการถ่ายภาพ ถ่ายทำหรือการแสดงในภาพยนตร์หรือรายการโทรทัศน์,เพื่อถ่ายภาพ ถ่ายวีดีโอ ลงโซเชี่ยว",1
เพื่อสำรวจติดตามทรัพยากรทางทะเลและชายฝั่ง,1
Science and Research,1
เพื่อไว้สำรวจไซต์งานของบริษัทฯ,1
เพื่อเพิ่มประสิทธิภาพในการปฎิบัติงานของเจ้าหน้าที่เทศบาลตำบลแม่แรง และพัฒนาการให้บริการ ตามภารกิจ อำนาจหน้าที่ ของเทศบาลตำบลแม่แรง,1
"เพื่อการเล่นเป็นงานอดิเรก ความบันเทิง หรือ เพื่อการกีฬา,เพื่อการถ่ายภาพ ถ่ายทำหรือการแสดงในภาพยนตร์หรือรายการโทรทัศน์,Holiday Photography and Video",1
"เพื่อการเล่นเป็นงานอดิเรก ความบันเทิง หรือ เพื่อการกีฬา,เพื่อการถ่ายภาพ ถ่ายทำหรือการแสดงในภาพยนตร์หรือรายการโทรทัศน์,ภาพประกอบขายอสังหาริมทรัพย์",1
"เพื่อการเล่นเป็นงานอดิเรก ความบันเทิง หรือ เพื่อการกีฬา,เพื่อการถ่ายภาพ ถ่ายทำหรือการแสดงในภาพยนตร์หรือรายการโทรทัศน์,ถ่ายภาพ และวิดีโอลงสื่อโซเซียลมีเดีย",1
"เพื่อการเล่นเป็นงานอดิเรก ความบันเทิง หรือ เพื่อการกีฬา,เพื่อการถ่ายภาพ ถ่ายทำหรือการแสดงในภาพยนตร์หรือรายการโทรทัศน์,ถ่ายภาพ วิดีโอลงสื่อโซเชียล",1
"เพื่อการเล่นเป็นงานอดิเรก ความบันเทิง หรือ เพื่อการกีฬา,เพื่อการถ่ายภาพ ถ่ายทำหรือการแสดงในภาพยนตร์หรือรายการโทรทัศน์,Make video on rest",1
เพื่อให้รวดเร็วในการค้นหาช้างป่า และสามารถเข้าถึงพื้นที่ได้อย่างทันทันเวลาหากมีไฟป่า,1
เพื่อการตรวจสอบอุปกรณ์โรงไฟฟ้า,1
"เพื่อการเล่นเป็นงานอดิเรก ความบันเทิง หรือ เพื่อการกีฬา,เพื่อการถ่ายภาพ ถ่ายทำหรือการแสดงในภาพยนตร์หรือรายการโทรทัศน์,ใช้ถ่ายภาพหน้างานก่อสร้างและงานรื้อถอนสิ่งปลูกสร้าง",1
เพื่อใช้ในการปฏิบัติงานของบริษัทฯ,1
"เพื่อการถ่ายภาพ ถ่ายทำหรือการแสดงในภาพยนตร์หรือรายการโทรทัศน์,เพื่อใช้ดูงานโปรเจ็คในที่มุมสูง และสำหรับเก็บภาพมุมสูง",1
"เพื่อการเล่นเป็นงานอดิเรก ความบันเทิง หรือ เพื่อการกีฬา,เพื่อการถ่ายภาพ ถ่ายทำหรือการแสดงในภาพยนตร์หรือรายการโทรทัศน์,land survey and mapping",1
เพื่อใช้ในการบริหารจัดการในภาพรวมของโครงข่ายทางหลวง ตรวจสอบสภาพปัญหาจราจนติดขัดได้อย่างรวดเร็ว เพิ่มประสิทธิภาพการจัดทำสื่อประชาสัมพันธ์ แนะนำเส้นทาง รายงานปัญหาจราจร สนับสนุนหารอำนวยความปลอยภัยทางถนนในช่วงเทศกาล เหตุการณ์ฉุกเฉิน ภัยพิบัติ สนับสนุนการสำรวจภาพถ่ายทางอากาศเพื่อใช้ออกแบบทางหลวง และงานตามภารกิจของกรมทางหลวง,1
ใช้ลงพรีเซนต์โปรโมทเผยแพร่ในเพจของทางบริษัทตามช่องทางโซเชี่ยลต่างๆ,1
เพื่อใช้ในงานขององค์การบริหารส่วนตำบลบ่อโพธิ์,1
"เพื่อการเล่นเป็นงานอดิเรก ความบันเทิง หรือ เพื่อการกีฬา,เพื่อการรายงานเหตุการณ์หรือรายงานจราจร (สื่อมวลชน),เพื่อการถ่ายภาพ ถ่ายทำหรือการแสดงในภาพยนตร์หรือรายการโทรทัศน์,ช่วยเหลือเจ้าหน้าที่และจิตอาสา",1
"เพื่อการเล่นเป็นงานอดิเรก ความบันเทิง หรือ เพื่อการกีฬา,Recreation, Sport and private Photography",1
"เพื่อการถ่ายภาพ ถ่ายทำหรือการแสดงในภาพยนตร์หรือรายการโทรทัศน์,ถ่ายภาพหลังคาที่จะติดตั้งโซล่าเซลล์",1
"เพื่อการเล่นเป็นงานอดิเรก ความบันเทิง หรือ เพื่อการกีฬา,เพื่อการถ่ายภาพ ถ่ายทำหรือการแสดงในภาพยนตร์หรือรายการโทรทัศน์,Land survey and mapping",1
"เพื่อการเล่นเป็นงานอดิเรก ความบันเทิง หรือ เพื่อการกีฬา,hobby photography",1
"เพื่อการเล่นเป็นงานอดิเรก ความบันเทิง หรือ เพื่อการกีฬา,เพื่อการถ่ายภาพ ถ่ายทำหรือการแสดงในภาพยนตร์หรือรายการโทรทัศน์,เพื่อรายงานเหตุการณ์หรือรายงานจราจร",1
"เพื่อการเล่นเป็นงานอดิเรก ความบันเทิง หรือ เพื่อการกีฬา,เพื่อรายงานและสำรวจโครงสร้างอาคารก่อสร้าง",1
งานสำรวจ และถ่ายภาพ/วีดีทัศน์ประกอบรายงาน,1
"เพื่อการเล่นเป็นงานอดิเรก ความบันเทิง หรือ เพื่อการกีฬา,เพื่อการถ่ายภาพ ถ่ายทำหรือการแสดงในภาพยนตร์หรือรายการโทรทัศน์,เพื่อตรวจพื้นที่ก่อสร้าง ตรวจผลงานก่อสร้าง ตรวจโครงสร้าง-หลังคา",1
"เพื่อการเล่นเป็นงานอดิเรก ความบันเทิง หรือ เพื่อการกีฬา,เพื่อการถ่ายภาพ ถ่ายทำหรือการแสดงในภาพยนตร์หรือรายการโทรทัศน์,Photography, Videography on Social Media.",1
"เพื่อการเล่นเป็นงานอดิเรก ความบันเทิง หรือ เพื่อการกีฬา,เพื่อการถ่ายภาพ ถ่ายทำหรือการแสดงในภาพยนตร์หรือรายการโทรทัศน์,เพื่อใช้ในกิจกรรมของบริษัทฯ",1
เพื่อใช้ในการบริหารจัดการจราจรในภาพรวมของโครงข่ายทางหลวง ตรวจสอบปัญหาจราจรติดขัด และสนับสนุนการสำรวจภาพถ่ายทางอากาศ เพื่อใช้ออกแบบทางหลวงและงานตามภารกิจของกรมทางหลวง,1
"เพื่อการถ่ายภาพ ถ่ายทำหรือการแสดงในภาพยนตร์หรือรายการโทรทัศน์,เพื่อการวิจัย ทดลอง ทดสอบ ตามประกาศ กสทช.,การเรียนการสอนและงานวิจัย",1
"เพื่อการเล่นเป็นงานอดิเรก ความบันเทิง หรือ เพื่อการกีฬา,Vacation pictures and videos",1
"เพื่อการเล่นเป็นงานอดิเรก ความบันเทิง หรือ เพื่อการกีฬา,เพื่อการถ่ายภาพ ถ่ายทำหรือการแสดงในภาพยนตร์หรือรายการโทรทัศน์,ถ่ายเล่นๆไว้ไปเที่ยวไง",1
"เพื่อการเล่นเป็นงานอดิเรก ความบันเทิง หรือ เพื่อการกีฬา,Only for few pictures from the ocean on holidays",1
"เพื่อการเล่นเป็นงานอดิเรก ความบันเทิง หรือ เพื่อการกีฬา,เพื่อการรายงานเหตุการณ์หรือรายงานจราจร (สื่อมวลชน),ใช้ในการดูแนวไฟป่าภายในตำบล",1
"เพื่อการถ่ายภาพ ถ่ายทำหรือการแสดงในภาพยนตร์หรือรายการโทรทัศน์,Instagram blog of worldwide aerial photography. I want to show Thailand and Bangkok also to the people around the world.",1
เพื่อการบันทึกภาพและวีดีโอและกิจกรรมของบริษัท เอสเคเจ เรียลเอสเตท กรุ๊ป จำกัด ทางอากาศและภาพมุมสูง,1
"เพื่อการเล่นเป็นงานอดิเรก ความบันเทิง หรือ เพื่อการกีฬา,Memorie Video of my Vacation",1
"เพื่อการเล่นเป็นงานอดิเรก ความบันเทิง หรือ เพื่อการกีฬา,เพื่อการถ่ายภาพ ถ่ายทำหรือการแสดงในภาพยนตร์หรือรายการโทรทัศน์,เพื่อการวิจัย ทดลอง ทดสอบ ตามประกาศ กสทช.,ตรวจงานก่อสร้าง  สำรวจแปลงที่ดิน",1
"เพื่อการเล่นเป็นงานอดิเรก ความบันเทิง หรือ เพื่อการกีฬา,เพื่อการถ่ายภาพ ถ่ายทำหรือการแสดงในภาพยนตร์หรือรายการโทรทัศน์,เพื่อการสำรวจพื้นที่การก่อสร้างโครงการ",1
ตรวจสอบข้อบกพร่องของชิ้นส่วนกังหันลมไฟฟ้า,1
เพื่อใช้ในภารกิจของสถาบันสารสนเทศทรัพยากรน้ำ (องค์การมหาชน),1
"เพื่อการเล่นเป็นงานอดิเรก ความบันเทิง หรือ เพื่อการกีฬา,เพื่อทำการถ่ายภาพ หรือ วีดีโอ เพื่อลงสื่อโซเชียลมีเดียแพลตฟอร์ม",1
"เพื่อการเล่นเป็นงานอดิเรก ความบันเทิง หรือ เพื่อการกีฬา,เพื่อการถ่ายภาพ ถ่ายทำหรือการแสดงในภาพยนตร์หรือรายการโทรทัศน์,PHOTO AND VIDEO FROM MY TRAVEL",1
"เพื่อการเล่นเป็นงานอดิเรก ความบันเทิง หรือ เพื่อการกีฬา,travelling, recreation",1
เพื่อใช้ประกอบในการทำงานบริการด้านวิศวกรรม,1
"เพื่อการเล่นเป็นงานอดิเรก ความบันเทิง หรือ เพื่อการกีฬา,เพื่อการถ่ายภาพ ถ่ายทำหรือการแสดงในภาพยนตร์หรือรายการโทรทัศน์,ติดตามผู้ต้องสงสัย คนร้าย หรือภารกิจค้นหาตามที่ได้รับมอบหมาย",1
"เพื่อการถ่ายภาพ ถ่ายทำหรือการแสดงในภาพยนตร์หรือรายการโทรทัศน์,เพื่อการวิจัยและพัฒนาอากาศยาน เพื่อการพาณิชย์,เพื่อการวิจัย ทดลอง ทดสอบ ตามประกาศ กสทช.,ใช้ในวัตถุประสงค์ของการบริหารส่วนตำบลยะลา",1
สำรวจและตรวจสอบอาคารและงานด้านวิศวกรรม,1
เพื่อใช้ในการบริหารจัดการจราจรในภาพรวมของโครงข่ายทางหลวงตรวจสอบสภาพปัญหาจราจรติดขัดได้อย่างรวดเร็ว เพิ่มประสิทธิภาพการจัดทำสื่อประชาสัมพันธ์แนะนำเส้นทางรายงานปัญหาจราจร สนับสนุนการอำนวยความปลอดภัยทางถนนในช่วงเทศกาล เหตุการณ์ฉุกเฉิน ภัยพิบัติสนับสนุนการสำรวจภาพถ่ายทางอากาศเพื่อใช้ออกแบบทางหลวง และงานตามภารกิจของกรมทางหลวง,1
ถ่ายภาพความก้าวหน้าโครงการก่อสร้าง,1
1.เพื่อดำเนินการบินถ่ายภาพพื้นที่เพาะปลูกพืชสำหรับวิเคราะห์ค่าดัชนีพืชพรรณ (Vegetation Index: VI) 2.เพื่อวิเคราะห์เนื้อที่เพาะปลูก/ยืนต้น ด้วยเทคโนโลยีปัญญาประดิษฐ์ (Artificial Intelligence: AI),1
สำหรับสำรวจพื้นที่ อาคารเครื่องจักรภายในโรงงานและกิจกรรมของบริษัทมิตรผล,1
"เพื่อการรายงานเหตุการณ์หรือรายงานจราจร (สื่อมวลชน),เพื่อการถ่ายภาพ ถ่ายทำหรือการแสดงในภาพยนตร์หรือรายการโทรทัศน์,เพื่อการวิจัยและพัฒนาอากาศยาน เพื่อการพาณิชย์,เพื่อการวิจัย ทดลอง ทดสอบ ตามประกาศ กสทช.",1
เพื่อใช้งานบันทึกวีดีโอและถ่ายภาพกิจกรรมภายในบริษัท,1
"เพื่อการเล่นเป็นงานอดิเรก ความบันเทิง หรือ เพื่อการกีฬา,เพื่อการถ่ายภาพ ถ่ายทำหรือการแสดงในภาพยนตร์หรือรายการโทรทัศน์,ดูแลความปลอดภัย",1
เพื่อใช้ในการบริหารจัดการงานในองค์การบริหารส่วนตำบลดอนแก้ว ในการเก็บภาพถ่ายการทำงานที่เกี่ยวข้องในการออกสำรวจบันทึกภาพ และวีดีทัศน์เหตุการณ์ต่างๆที่เกิดขึ้น  เพื่อใช้ในงานประชาสัมพันธ์องค์กร และเป็นข้อมูลสำหรับวางแผนในการบำบัดทุกข์บำรุงสุขให้แก่ประชาชนในเขตพื้นที่,1
"เพื่อการถ่ายภาพ ถ่ายทำหรือการแสดงในภาพยนตร์หรือรายการโทรทัศน์,ใช้ในงานของโรงเรียนบางมดวิทยา""สีสุกหวาดจวนอุปถัมภ์""",1
"ใช้ในการสำรวจสภาพบ้าน,อาคาร ในงานบริการของบริษัท",1
"เพื่อการเล่นเป็นงานอดิเรก ความบันเทิง หรือ เพื่อการกีฬา,Vacation Photos",1
การค้าขาย,1
"เพื่อการเล่นเป็นงานอดิเรก ความบันเทิง หรือ เพื่อการกีฬา,เพื่อการถ่ายภาพ ถ่ายทำหรือการแสดงในภาพยนตร์หรือรายการโทรทัศน์,ใช้ในงานวิจัยทางชีววิทยา",1
"เพื่อการเล่นเป็นงานอดิเรก ความบันเทิง หรือ เพื่อการกีฬา,เพื่อการถ่ายภาพ ถ่ายทำหรือการแสดงในภาพยนตร์หรือรายการโทรทัศน์,เพื่อถ่ายภาย ถ่ายวีดีโอ ลงสื่อโซเชึยลมีเดีย",1
"เพื่อการเล่นเป็นงานอดิเรก ความบันเทิง หรือ เพื่อการกีฬา,เพื่อการถ่ายภาพ ถ่ายทำหรือการแสดงในภาพยนตร์หรือรายการโทรทัศน์,เพื่อปฏิบัติงานเกี่ยวข้องกับราชการ",1
"เพื่อการเล่นเป็นงานอดิเรก ความบันเทิง หรือ เพื่อการกีฬา,เพื่อการถ่ายภาพ ถ่ายทำหรือการแสดงในภาพยนตร์หรือรายการโทรทัศน์,I am in Thailand on holiday with my boyfriend from February 15th till March 15th. We will mainly be enjoying beaches and snorkeling in the ocean. I love to make photos while being on holiday, for memory for later. These photos would be taken with my Canon camera and DJI drone. They are purely for private use only, to show to family and friends, they have non-commercial purposes.",1
"เพื่อการเล่นเป็นงานอดิเรก ความบันเทิง หรือ เพื่อการกีฬา,เพื่อการถ่ายภาพ ถ่ายทำหรือการแสดงในภาพยนตร์หรือรายการโทรทัศน์,ถ่ายภาพ ถ่ายวิดิโอ เพื่อลงโซเชี่ยล",1
"เพื่องานโครงการบ้านมั่นคง, โครงการน้ำบาดาลบันดาลสุขและสำรวจเก็บภาพความเป็นไปของโครงการในอนาคตและปัจจุบันเพื่อรายงานผลการดำเนินงาน",1
ถ่ายภาพ ถ่ายทำ เพื่อการพาณิชย์,1
Hobby,1
"เพื่อการเล่นเป็นงานอดิเรก ความบันเทิง หรือ เพื่อการกีฬา,Private Photography of Landscapes",1
เพื่อการถ่ายภาพ รายงานความคืบหน้าโครงการงานก่อสร้างของบริษัท,1
"เพื่อการเล่นเป็นงานอดิเรก ความบันเทิง หรือ เพื่อการกีฬา,ถ่ายที่ดิน",1
ใช้ถ่ายภาพความคืบหน้าของงานมุมสูง,1
ใช้ถ่ายความคืบหน้าของงานมุมสูง,1
เพื่อใช้ในการตรวจสอบ (Patrol) บำรุงรักษาระบบสายส่ง 115 เควี ระบบจำหน่ายทั้ง 22 เควี และ 33 เควี ในพื้นที่รับผิดชอบที่ไม่สามารถเข้าดำเนินการตรวจสอบตามปกติ,1
เพื่อการสำรวจพื้นที่ในการทำงาน,1
"เพื่อการเล่นเป็นงานอดิเรก ความบันเทิง หรือ เพื่อการกีฬา,เพื่อการถ่ายภาพ ถ่ายทำหรือการแสดงในภาพยนตร์หรือรายการโทรทัศน์,เพื่อถ่ายภาพท่องเที่ยว ถ่ายวีดีโอท่องเที่ยว ลงสื่อโซเชียล",1
"เพื่อการเล่นเป็นงานอดิเรก ความบันเทิง หรือ เพื่อการกีฬา,Non Comnercial photography and filming",1
"เพื่อการถ่ายภาพ ถ่ายทำหรือการแสดงในภาพยนตร์หรือรายการโทรทัศน์,เพื่อการวิจัย ทดลอง ทดสอบ ตามประกาศ กสทช.,Photogrammetry for Industrial Environment",1
"เพื่อการเล่นเป็นงานอดิเรก ความบันเทิง หรือ เพื่อการกีฬา,เพื่อการรายงานเหตุการณ์หรือรายงานจราจร (สื่อมวลชน),เพื่อการถ่ายภาพ ถ่ายทำหรือการแสดงในภาพยนตร์หรือรายการโทรทัศน์,ใช้ในกิจการส่วนตัว และ รับงานบินโดรน",1
"เพื่อการเล่นเป็นงานอดิเรก ความบันเทิง หรือ เพื่อการกีฬา,I arrive in Thailand on March 3, 2023, I attach the last stamp about the arrival",1
"เพื่อการเกษตรกรรม,ประกอบธุรกิจ ผลิต นำเข้า ส่งออก จำหน่ายเป็นตัวแทน ให้เช่า เช่าซื้อ",1
เพื่อใช้สำรวจปริมาณจราจรในเขตเมืองพัทยา,1
"เพื่อการเล่นเป็นงานอดิเรก ความบันเทิง หรือ เพื่อการกีฬา,เพื่อการถ่ายภาพ ถ่ายทำหรือการแสดงในภาพยนตร์หรือรายการโทรทัศน์,เพื่อถ่ายภาพ ถ่ายวีดีโอ ลงในสื่อประชาสัมพันธ์ สื่อออนไลน์ สื่อโซเชียล",1
"เพื่อการเล่นเป็นงานอดิเรก ความบันเทิง หรือ เพื่อการกีฬา,Take picture for turism pages in Instagram",1
"เพื่อการเล่นเป็นงานอดิเรก ความบันเทิง หรือ เพื่อการกีฬา,เพื่อการถ่ายภาพ ถ่ายทำหรือการแสดงในภาพยนตร์หรือรายการโทรทัศน์,เพื่อถ่ายภาพ ถ่ายวีดีโอ งานต่างๆลงโซเชียล",1
"เพื่อการเล่นเป็นงานอดิเรก ความบันเทิง หรือ เพื่อการกีฬา,เพื่อถ่ายภาพ วีดีโอ ลงสื่อโซเซียล",1
สำรวจหลังคาเพื่อติดตั้งและตรวจสอบแผงโซล่าเซลล์,1
"เพื่อการเล่นเป็นงานอดิเรก ความบันเทิง หรือ เพื่อการกีฬา,เพื่อการรายงานเหตุการณ์หรือรายงานจราจร (สื่อมวลชน),เพื่อการถ่ายภาพ ถ่ายทำหรือการแสดงในภาพยนตร์หรือรายการโทรทัศน์,เพื่อการเกษตรกรรม,ดับเพลิงสังเกตุกลุ่มไฟ",1
สำรวจและรายงานความคืบหน้าของงานก่อสร้าง,1
"เพื่อการเล่นเป็นงานอดิเรก ความบันเทิง หรือ เพื่อการกีฬา,เพื่อการถ่ายภาพ ถ่ายทำหรือการแสดงในภาพยนตร์หรือรายการโทรทัศน์,เพื่อถ่ายภาพ ถ่ายวิดีโด ลงสื่อโซเชียล",1
เพื่อถ่ายภาพผลงานการติดตั้งโซล่าเซลล์,1
"เพื่อการเล่นเป็นงานอดิเรก ความบันเทิง หรือ เพื่อการกีฬา,aerial video and photo for personal use",1
ใช้เพื่อประกอบอาชีพ,1
เพื่อการเกษตรใช้ในพื้นที่เฉพาะที่ตนเองมีสิทธิ์ในการใช้ประโยชน์เท่านั้น,1
"เพื่อการเล่นเป็นงานอดิเรก ความบันเทิง หรือ เพื่อการกีฬา,เพื่อการถ่ายภาพ ถ่ายทำหรือการแสดงในภาพยนตร์หรือรายการโทรทัศน์,เพื่อใช้หน้างานก่อสร้าง",1
"เพื่อการถ่ายภาพ ถ่ายทำหรือการแสดงในภาพยนตร์หรือรายการโทรทัศน์,วัตถุประสงค์เพื่อมัลติมีเดียและภาพยนต์",1
"เพื่อการรายงานเหตุการณ์หรือรายงานจราจร (สื่อมวลชน),กิจการของท่าเรือแหลมฉบัง การท่าเรือแห่งประเทศไทย",1
การถ่ายภาพเพื่อใช้ในการโฆษณาสื่อสาร และเก็บข้อมูลผลิตภัณฑ์,1
เก็บภาพถ่ายการทำงานที่เกี่ยวข้องในการออกแบบสำรวจเหตุการณ์ต่างๆที่เกิดจากภัยธรรมชาติ เพื่อแก้ปัญหาได้ทันท่วงที และบันทึกภาพไว้เป็นข้อมูล ตามวัตถุประสงค์ ของเทศบาลเมืองต้นเปา,1
เพื่อบันทึกภาพและวีดีโอ และกิจกรรมของทางบริษัทพี.เอ.คอนกรีต จำกัด ทางอากาศและภาพมุมสูง,1
Filming for my YouTube Channel,1
ถ่ายภาพใน Site งาน,1
ถ่ายภาพผลงานและอัพเดทสภาพหน้างานรับเหมา,1
"ใช้ในการบันทึกภาพมุมสูงเพื่อนำมาประกอบภาพสำหรับการประชาสัมพันธ์โรงเรียน , เพื่อใช้เป็นสื่อการเรียนการสอนให้กับนักเรียน",1
"เพื่อการเล่นเป็นงานอดิเรก ความบันเทิง หรือ เพื่อการกีฬา,เพื่อการถ่ายภาพ ถ่ายทำหรือการแสดงในภาพยนตร์หรือรายการโทรทัศน์,เพื่อตรวจงานและดูงานของภาครัฐ",1
"เพื่อการเล่นเป็นงานอดิเรก ความบันเทิง หรือ เพื่อการกีฬา,เพื่อถ่ายภาพนิ่ง และวิดีโอ ลงสื่อโซเชี่ยล",1
"เพื่อการถ่ายภาพ ถ่ายทำหรือการแสดงในภาพยนตร์หรือรายการโทรทัศน์,เพื่อบันทึกภาพกิจกรรมงานประชาสัมพันธ์ เทศบาลนครลำปาง",1
"เพื่อการเล่นเป็นงานอดิเรก ความบันเทิง หรือ เพื่อการกีฬา,เพื่อการถ่ายภาพ ถ่ายทำหรือการแสดงในภาพยนตร์หรือรายการโทรทัศน์,ถ่ายภาพ ถ่ายวิดีโอ ลงโซเชียวมีเดีย",1
Just make some holiday pictures.,1
"เพื่อการถ่ายภาพ ถ่ายทำหรือการแสดงในภาพยนตร์หรือรายการโทรทัศน์,ใช้ในกิจการของห้างหุ้นส่วนจำกัด แฮมม์รีเสิร์ช",1
เพื่อใช้ในงานถ่ายภาพงานก่อสร้าง,1
ใช้เพื่อเป็นเครื่องมือการทำงานภายในบริษัท ซี พี ออลล์ จำกัด (มหาชน),1
"เพื่อการรายงานเหตุการณ์หรือรายงานจราจร (สื่อมวลชน),เพื่อการถ่ายภาพ ถ่ายทำหรือการแสดงในภาพยนตร์หรือรายการโทรทัศน์,เพื่อบันทึกภาพกิจกรรมประชาสัมพันธ์ เทศบาลนครลำปาง",1
สำรวจพื้นที่เพื่อวิจัยในทางธุรกิจ,1
ผลิตสื่อประชาสัมพันธ์ด้านการเรียนการสอน,1
"เพื่อการเล่นเป็นงานอดิเรก ความบันเทิง หรือ เพื่อการกีฬา,เพื่อการถ่ายภาพ ถ่ายทำหรือการแสดงในภาพยนตร์หรือรายการโทรทัศน์,สื่อท่องเที่ยว",1
"เพื่อการรายงานเหตุการณ์หรือรายงานจราจร (สื่อมวลชน),เพื่อการถ่ายภาพ ถ่ายทำหรือการแสดงในภาพยนตร์หรือรายการโทรทัศน์,เพื่อการวิจัยและพัฒนาอากาศยาน เพื่อการพาณิชย์,เพื่อการเกษตรกรรม,เพื่อการวิจัย ทดลอง ทดสอบ ตามประกาศ กสทช.,สำรวจภูมิประเทศ",1
"เพื่อการเล่นเป็นงานอดิเรก ความบันเทิง หรือ เพื่อการกีฬา,บินถ่ายภาพเพื่อจัดทำแผนที่ทางอากาศ",1
"เพื่อการถ่ายภาพ ถ่ายทำหรือการแสดงในภาพยนตร์หรือรายการโทรทัศน์,เพื่อใช้ปฏิบัติงานตามภารกิจของบริษัท ตามเงื่อนไขการบังคับหรือปล่อยอากาศยาน",1
"เพื่อการเล่นเป็นงานอดิเรก ความบันเทิง หรือ เพื่อการกีฬา,รับจ้างถ่ายภาพ เชิงพาณิชย์ รับถายภาพบ้าน ที่ดิน และอื่นๆ",1
เพื่อการสำรวจแผนที่ภาพถ่ายสำหรับงานโ๕รงการทางด้านวิศวกรรม,1
"เพื่อการเล่นเป็นงานอดิเรก ความบันเทิง หรือ เพื่อการกีฬา,เพื่อการถ่ายภาพ ถ่ายทำหรือการแสดงในภาพยนตร์หรือรายการโทรทัศน์,เพื่อการถ่ายภาพ ถ่ายวิดีโอ ลงสื่อโซเซียล",1
"เพื่อการเล่นเป็นงานอดิเรก ความบันเทิง หรือ เพื่อการกีฬา,เพื่อการถ่ายภาพ ถ่ายทำหรือการแสดงในภาพยนตร์หรือรายการโทรทัศน์,Just Personal Use",1
"เพื่อการเล่นเป็นงานอดิเรก ความบันเทิง หรือ เพื่อการกีฬา,เพื่อการถ่ายภาพ ถ่ายทำหรือการแสดงในภาพยนตร์หรือรายการโทรทัศน์,เพื่อถ่ายภาพ วิดีโอ ลงสื่อโซเซียล",1
"เพื่อการวิจัยและพัฒนาอากาศยาน เพื่อการพาณิชย์,เพื่อวัดค่าความเข้มของแสงระบบไฟฟ้าสนามบิน",1
"เพื่อการเล่นเป็นงานอดิเรก ความบันเทิง หรือ เพื่อการกีฬา,เพื่อการถ่ายภาพ ถ่ายทำหรือการแสดงในภาพยนตร์หรือรายการโทรทัศน์,ถ่ายภาพ ถ่ายวีดีโอลงสื่อโซเชียล",1
"เพื่อการเล่นเป็นงานอดิเรก ความบันเทิง หรือ เพื่อการกีฬา,เพื่อการถ่ายภาพ ถ่ายทำหรือการแสดงในภาพยนตร์หรือรายการโทรทัศน์,เพื่อถ่ายภาพหรือบันทึกวีดีโอที่ Site ก่อสร้าง",1
Saving great holiday impressions,1
เพือบันทึกภาพหรือเหตุการณ์จากมุมสูงในการนำเสนอการดำเนินงานกิจกรรม ผลงานเพื่อเผยแพร่ให้กับผู้เยี่ยมชมศึกษาดูงานและประชาชนได้รับทราบ รวมไปถึงการสำรวจจัดเก็บข้อมูลพื้นฐานต่างๆ,1
เพื่อใช้ในการบริหารจัดการงานในองค์การบริหารส่วนตำบลแม่แวน ในการเก็บภาพถ่ายการทำงานที่เกี่ยวข้องในการออกสำรวจเหตุการณ์ต่างๆที่เกิดจากภัยธรรมชาติ เพื่อแก้ไขปัญหาในงานได้ทันท่วงทีและบันทึกไว้เป็นข้อมูลตามวัตถุประสงค์ขององค์การบริหารส่วนตำบลแม่แวน,1
เพื่อการเก็บข้อมูลสำหรับใช้ทำรายงาน,1
เพื่อใช้ในการเรียนการสอนและการปฏิบัติงานราชการของคณะสังคมศาสตร์ มหาวิทยาลัยนเรศวร,1
เพื่องานสำรวจและทำแผนที่,1
เพื่องานสำรวจพื้นที่เกษตรกรรม,1
"เพื่อการเล่นเป็นงานอดิเรก ความบันเทิง หรือ เพื่อการกีฬา,เพื่อการถ่ายภาพ ถ่ายทำหรือการแสดงในภาพยนตร์หรือรายการโทรทัศน์,เพื่อใช้สำหรับถ่ายภาพ ถ่ายวิดีโอ ลงสื่อออนไลน์",1
เพื่อการถ่ายภาพในภารกิจของสำนักงานเทศบาลเมืองศรีราชา,1
ใช้สำหรับการเรียนการสอน และภาพถ่าย ถ่ายทำ การประชาสัมพันธ์,1
สำรวจออกแบบระบบโซล่าเซลล์,1
"เพื่อการถ่ายภาพ ถ่ายทำหรือการแสดงในภาพยนตร์หรือรายการโทรทัศน์,ใช้ในการเรียนการสอน",1
ใช้สำหรับถ่ายภาพกระบวนการผลิต,1
"เพื่อการเล่นเป็นงานอดิเรก ความบันเทิง หรือ เพื่อการกีฬา,I want to take some pictures of brothers wedding. This way I could create a wedding photo album as a gift for him.",1
"เพื่อการเล่นเป็นงานอดิเรก ความบันเทิง หรือ เพื่อการกีฬา,เพื่อการบันทึกภาพและวีดีโอกิจกรรมของทางบริษัท ทางอากาศและภาพมุมสูง",1
เพื่อการบันทึกภาพและวีดีโอกิจกรรมต่างภายในโรงเรียน,1
"เพื่อการเล่นเป็นงานอดิเรก ความบันเทิง หรือ เพื่อการกีฬา,เพื่อการถ่ายภาพ ถ่ายทำหรือการแสดงในภาพยนตร์หรือรายการโทรทัศน์,ถ่ายภาพมุมสูงอาคารและสถานที่",1
สำรวจสวน,1
ถ่ายภาพ คลิป พื้นที่บริษัท,1
"เพื่อการเล่นเป็นงานอดิเรก ความบันเทิง หรือ เพื่อการกีฬา,บินหน้างาน",1
"เพื่อการถ่ายภาพ ถ่ายทำหรือการแสดงในภาพยนตร์หรือรายการโทรทัศน์,เพื่อใช้งานในสื่อนวัตกรรมและประชาสัมพันธ์เกี่ยวกับการดำเนินงานของมณฑลทหารบกที่ 31",1
"เพื่อการวิจัย ทดลอง ทดสอบ ตามประกาศ กสทช.,เพื่อวัดความเข้มของแสงระบบไฟฟ้าสนามบิน",1
"เพื่อการเล่นเป็นงานอดิเรก ความบันเทิง หรือ เพื่อการกีฬา,เพื่อการถ่ายภาพ ถ่ายทำหรือการแสดงในภาพยนตร์หรือรายการโทรทัศน์,เพื่อการวิจัยและพัฒนาอากาศยาน เพื่อการพาณิชย์,ใช้ในกิจการของห้างหุ้นส่วนจำกัดแฮมม์รีเสิร์ช",1
เพื่อใช้ในภารกิจของมูลนิธิ,1
"เพื่อการเล่นเป็นงานอดิเรก ความบันเทิง หรือ เพื่อการกีฬา,เพื่อการถ่ายภาพ ถ่ายทำหรือการแสดงในภาพยนตร์หรือรายการโทรทัศน์,เพื่อถ่ายภาพ ถ่ายวีดีโอ ลงโซเซียลมีเดีย",1
"เพื่อการถ่ายภาพ ถ่ายทำหรือการแสดงในภาพยนตร์หรือรายการโทรทัศน์,เพื่อการวิจัยและพัฒนาอากาศยาน เพื่อการพาณิชย์,ใช้ในกิจการของห้างหุ้นส่วนจำกัดแฮมม์รีเสิร์ช",1
"เพื่อการเล่นเป็นงานอดิเรก ความบันเทิง หรือ เพื่อการกีฬา,เพื่อการถ่ายภาพ ถ่ายทำหรือการแสดงในภาพยนตร์หรือรายการโทรทัศน์,use for own non-commercial purpose",1
"เพื่อการเล่นเป็นงานอดิเรก ความบันเทิง หรือ เพื่อการกีฬา,เพื่อการถ่ายภาพ ถ่ายทำหรือการแสดงในภาพยนตร์หรือรายการโทรทัศน์,เพื่อถ่ายภาพ ถ่ายวีดีโอ ลงสื่อสังคมออนไลน์  หมายเหตุ| ไม่สามารถสมัครบัญชีคนไทยได้เนื่องจากระบบ otp มีปัญหา จึงสมัครด้วยบัญชีต่างชาติ รับ otp ผ่านทางอีเมลครับ",1
"เพื่อการเล่นเป็นงานอดิเรก ความบันเทิง หรือ เพื่อการกีฬา,เพื่อการรายงานเหตุการณ์หรือรายงานจราจร (สื่อมวลชน),เพื่อการถ่ายภาพ ถ่ายทำหรือการแสดงในภาพยนตร์หรือรายการโทรทัศน์,เพื่อถ่ายภาพ ถ่ายวีดีโอ ใช้ในการปฏิบัติงานของหน่วยอาสาจราจรตำรวจทางหลวงนครราชสีมา รายงานการจราจรช่วงเทศกาลและช่วงอื่นๆ ลงสื่อโซเชียล ประชาสัมพันธ์ให้ประชาชนได้ทราบสภาพการจราจร และสนับสนุนการทำงานของเจ้าหน้าที่หน่วยงานต่างๆตามการร้องขอ",1
"เพื่อการเล่นเป็นงานอดิเรก ความบันเทิง หรือ เพื่อการกีฬา,เพื่อการถ่ายภาพ ถ่ายทำหรือการแสดงในภาพยนตร์หรือรายการโทรทัศน์,ถ่ายรูป ถ่ายวีดีโอ ลงโซเชียลมีเดีย เฟสบุ๊ค ยูทูบ",1
"เพื่อการเล่นเป็นงานอดิเรก ความบันเทิง หรือ เพื่อการกีฬา,ใช้เพื่อถ่ายภาพ ถ่ายวีดีโอลงสื่อ Social",1
"เพื่อการเล่นเป็นงานอดิเรก ความบันเทิง หรือ เพื่อการกีฬา,เพื่อการถ่ายภาพ ถ่ายทำหรือการแสดงในภาพยนตร์หรือรายการโทรทัศน์,เพื่อถ่ายภาพ วิดีโอ ลงสื่อโซเชียล และสำหรับปรับภุมิทัศน์บริเวณบริษัท",1
"เพื่อการเล่นเป็นงานอดิเรก ความบันเทิง หรือ เพื่อการกีฬา,ถ่ายภาพโครงการ (ประกอบการดำเนินงานก่อสร้าง)",1
"เพื่อการเล่นเป็นงานอดิเรก ความบันเทิง หรือ เพื่อการกีฬา,ถ่ายภาพงานสำรวจหลังคาและงานภาคพื้นดินถ่ายภาพมุมสูงดาดฟ้าอาคาร และงานที่เกี่ยวข้อง",1
Wind Turbine blade inspection internally,1
"เพื่อการเล่นเป็นงานอดิเรก ความบันเทิง หรือ เพื่อการกีฬา,เพื่อการวิจัย ทดลอง ทดสอบ ตามประกาศ กสทช.,เพื่องานวิจัยทางด้านธรณีวิทยาและการสำรวจหิน",1
"เพื่อการเล่นเป็นงานอดิเรก ความบันเทิง หรือ เพื่อการกีฬา,เพื่อการถ่ายภาพ ถ่ายทำหรือการแสดงในภาพยนตร์หรือรายการโทรทัศน์,เพื่อถ่ายภาพและบันทึกวิดีโอลงสื่อ social media ต่างๆ",1
"เพื่อการเล่นเป็นงานอดิเรก ความบันเทิง หรือ เพื่อการกีฬา,เพื่อการถ่ายภาพ ถ่ายทำหรือการแสดงในภาพยนตร์หรือรายการโทรทัศน์,ใช้ในงานตรวจสอบอุปกรณ์ ในงานติดตั้งโทรคมนาคมและโซลาร์เซลล์",1
"เพื่อการเล่นเป็นงานอดิเรก ความบันเทิง หรือ เพื่อการกีฬา,เพื่อการถ่ายภาพ ถ่ายทำหรือการแสดงในภาพยนตร์หรือรายการโทรทัศน์,เพื่อถ่ายภาพ ถ่ายวีดีโอ สำหรับโฆษณา ประชาสัมพันธ์ ในสื่อการตลาดออนไลน์และออฟไลน์",1
ใช้ในงานจัดการพื้นที่ และนับสต็อคสินค้า บริเวณคลังสินค้าภายในพื้นที่โรงงาน,1
เพื่อสำรวจและตรวจสอบความคืบหน้าการก่อสร้างโรงงาน,1
"เพื่อการเล่นเป็นงานอดิเรก ความบันเทิง หรือ เพื่อการกีฬา,เพื่อการรายงานเหตุการณ์หรือรายงานจราจร (สื่อมวลชน),เพื่อการถ่ายภาพ ถ่ายทำหรือการแสดงในภาพยนตร์หรือรายการโทรทัศน์,เพื่อการเกษตรกรรม,บันทึกภาพลงสื่อโซเชียล",1
"เพื่อการเล่นเป็นงานอดิเรก ความบันเทิง หรือ เพื่อการกีฬา,เพื่อการถ่ายภาพ ถ่ายทำหรือการแสดงในภาพยนตร์หรือรายการโทรทัศน์,เพื่อถ่ายภาพ สำรวจพื้นที่ด้านการเกษตรและอสังหาฯ",1
"เพื่อการเล่นเป็นงานอดิเรก ความบันเทิง หรือ เพื่อการกีฬา,เพื่อการถ่ายภาพ ถ่ายทำหรือการแสดงในภาพยนตร์หรือรายการโทรทัศน์,ถ่ายภาพนิ่ง ถ่ายวิดิโอ ลงสื่อโซเชี่ยล",1
"เพื่อการเล่นเป็นงานอดิเรก ความบันเทิง หรือ เพื่อการกีฬา,เพื่อการถ่ายภาพ ถ่ายทำหรือการแสดงในภาพยนตร์หรือรายการโทรทัศน์,ถ่ายภาพ และ วีดีโอ ลง social media YouTube Facebook social media อื่นๆ และรับจ้างถ่ายภาพ เชิงพาณิชย์ รับถายภาพบ้าน ที่ดิน และอื่นๆ...",1
"เพื่อการเล่นเป็นงานอดิเรก ความบันเทิง หรือ เพื่อการกีฬา,เพื่อการถ่ายภาพ ถ่ายทำหรือการแสดงในภาพยนตร์หรือรายการโทรทัศน์,เพื่อถ่ายภาพ",1
"เพื่อการเล่นเป็นงานอดิเรก ความบันเทิง หรือ เพื่อการกีฬา,เพื่อการถ่ายภาพ ถ่ายทำหรือการแสดงในภาพยนตร์หรือรายการโทรทัศน์,บันทึกภาพความทรงจำเวลาไปเที่ยวลงสื่อออนไลน์ช่องส่วนตัว",1
"เพื่อการเล่นเป็นงานอดิเรก ความบันเทิง หรือ เพื่อการกีฬา,เพื่อการถ่ายภาพ ถ่ายทำหรือการแสดงในภาพยนตร์หรือรายการโทรทัศน์,เพื่อใช้ในงานสำรวจ-ตรวจสอบพื้นที่,ที่ดิน,อาคาร,สิ่งปลูกสร้าง,ถนน และวัตถุต่างๆ",1
เพื่องานวิศวกรรมสำรวจ,1
"เพื่อการเล่นเป็นงานอดิเรก ความบันเทิง หรือ เพื่อการกีฬา,เพื่อการรายงานเหตุการณ์หรือรายงานจราจร (สื่อมวลชน),เพื่อการถ่ายภาพ ถ่ายทำหรือการแสดงในภาพยนตร์หรือรายการโทรทัศน์,เพื่อสร้างสื่อการท่องเที่ยว",1
ตรวจสอบโครงสร้างและงานสถาปัตยกรรม บ้าน อาคาร ที่พักอาศัย สิ่งก่อสร้าง,1
สำรวจพื้นที่งานก่อสร้าง,1
"เพื่อการเล่นเป็นงานอดิเรก ความบันเทิง หรือ เพื่อการกีฬา,เพื่อการถ่ายภาพ ถ่ายทำหรือการแสดงในภาพยนตร์หรือรายการโทรทัศน์,สืบสวนในราชการ",1
"เพื่อการเล่นเป็นงานอดิเรก ความบันเทิง หรือ เพื่อการกีฬา,เพื่อการถ่ายภาพ ถ่ายทำหรือการแสดงในภาพยนตร์หรือรายการโทรทัศน์,เพื่อถ่ายภาพ ถ่ายวีดิโอ ลงสื่อโซเเชียล",1
"เพื่อการเล่นเป็นงานอดิเรก ความบันเทิง หรือ เพื่อการกีฬา,ใช้สำหรับปฏิบัติงานในหน้าที่ถ่ายภาพมุมสูงของตัวบ้านตามมาตรฐานการก่อสร้าง",1
"เพื่อการถ่ายภาพ ถ่ายทำหรือการแสดงในภาพยนตร์หรือรายการโทรทัศน์,ใช้บินทดสอบการทำงานเครื่องต่อต้านอากาศยานไร้คนขับ (Anti-Drone)",1
"เพื่อการเล่นเป็นงานอดิเรก ความบันเทิง หรือ เพื่อการกีฬา,เพื่อการถ่ายภาพ ถ่ายทำหรือการแสดงในภาพยนตร์หรือรายการโทรทัศน์,เพื่อถ่ายภาพ ถ่ายวีดีโอ ลงสื่อโซเชียล และสำรวจหน้างาน",1
สำรวจหรือตรวจสอบอาคาร และงานติดตั้ง Solar Rooftop,1
"เพื่อการเล่นเป็นงานอดิเรก ความบันเทิง หรือ เพื่อการกีฬา,เพื่อการถ่ายภาพ ถ่ายทำหรือการแสดงในภาพยนตร์หรือรายการโทรทัศน์,ถ่ายภาพวีดีโอ ลงซื่อโซเซียล",1
"เพื่อการภ่ายภาพ ถ่ายวีดีโอ เพื่อใช้ในการโปรโมทสถานที่ท่องเที่ยวต่างๆภายในประเทศไทย ให้กับชาวไทยและชาวต่างชาติ ผ่านทางเว็บไซต์ของบริษัท และโซเชียลมีเดียอื่นๆ เช่น Youtube, Facebook, Instagram, TikTok เป็นต้น",1
เพื่อสำรวจพรรณไม้และถิ่นที่อยู่อาศัยของพืชสำหรับการอนุรักษ์,1
เพื่อใช้ในการทำงาน/ปฏิบัติงาน/และเพื่อการเล่นเป็นงานอดิเรก,1
"เพื่อการเกษตรกรรม,ถ่ายรูปตรวจงานก่อสร้างบ้าน  และไว้ถ่ายการเกษต สวนตัวเองครับ",1
"เพื่อการเล่นเป็นงานอดิเรก ความบันเทิง หรือ เพื่อการกีฬา,เพื่อการถ่ายภาพ ถ่ายทำหรือการแสดงในภาพยนตร์หรือรายการโทรทัศน์,เพื่อถ่ายภาพนิ่งและวิดีโอวิวทิวทัศน์",1
"เพื่อการเล่นเป็นงานอดิเรก ความบันเทิง หรือ เพื่อการกีฬา,ตรวจสอบความถูกต้องของงานบนที่สูง",1
สำรวจ และรังวัด,1
เพื่อใช้ในการสำรวจกายภาพของที่ดินและเพื่อการอื่นใดที่เกี่ยวข้องกับการดำเนินธุรกิจของบริษัท,1
"เพื่อการเล่นเป็นงานอดิเรก ความบันเทิง หรือ เพื่อการกีฬา,เพื่อใช้ในกิจการธุรกิจประกอบการ งานก่อสร้าง",1
"เพื่อการเล่นเป็นงานอดิเรก ความบันเทิง หรือ เพื่อการกีฬา,เพื่อการถ่ายภาพ ถ่ายทำหรือการแสดงในภาพยนตร์หรือรายการโทรทัศน์,ถ่ายภาพท่องเที่ยว ลงโซเชียลมีเดีย",1
เพื่อสำรวจความเสียหายจากภัยพิบัติธรรมชาติ,1
เพื่อประกอบธุรกิจ ด้านพลังงาน,1
ถ่ายภาพภายในบริษัทอินกริดิออน (ประเทศไทย) จำกัด,1
การบินตรวจระบบสายส่งและการบินสำรวจ,1
"เพื่อการเล่นเป็นงานอดิเรก ความบันเทิง หรือ เพื่อการกีฬา,เพื่อการถ่ายภาพ ถ่ายทำหรือการแสดงในภาพยนตร์หรือรายการโทรทัศน์,ถ่ายภาพ ถ่ายวิดีโอ ลงสื่อโซเชียลมีเดีย",1
"เพื่อการเล่นเป็นงานอดิเรก ความบันเทิง หรือ เพื่อการกีฬา,เพื่อการรายงานเหตุการณ์หรือรายงานจราจร (สื่อมวลชน),เพื่อถ่ายภาพ ถ่ายวีดิโอ งานกู้ภัยลงโซเชียล",1
ถ่ายภาพสำรวจพื้นที่หน้างาน,1
"เพื่อการเล่นเป็นงานอดิเรก ความบันเทิง หรือ เพื่อการกีฬา,เพื่อการถ่ายภาพ ถ่ายทำหรือการแสดงในภาพยนตร์หรือรายการโทรทัศน์,ถ่ายภาพบ้าน อาคาร สิ่งก่อสร้าง",1
เพื่อใช้ตรวจสอบและบำรุงรักษาระบบโซล่าเซลล์,1
"เพื่อการเล่นเป็นงานอดิเรก ความบันเทิง หรือ เพื่อการกีฬา,ใช้ในหน่วยงานด้านป่าไม้",1
"เพื่อการเล่นเป็นงานอดิเรก ความบันเทิง หรือ เพื่อการกีฬา,Only Private Vacation Videos and Photos. Im in Germany a registrated and licensed Drone Pilot. I respect the drone Rules Worldwide and handle with respect to the People and Nature.-",1
"เพื่อการเล่นเป็นงานอดิเรก ความบันเทิง หรือ เพื่อการกีฬา,เพื่อการถ่ายภาพ ถ่ายทำหรือการแสดงในภาพยนตร์หรือรายการโทรทัศน์,ถ่ายภาพและนำวีดิโอลงสื่อ Social",1
ใช้สำหรับงานทางวิศวกรรม,1
เพื่อใช้ปฎิบัติงานด้านการประชาสัมพันธ์  ตามภารกิจขององค์กรปกครองส่วนท้องถิ่น,1
ตรวจงานหลังคาบ้าน ตรวจเช็คความเสียหายหลังคา,1
ถ่ายภาพการก่อสร้างมุมสูง,1
"เพื่อการถ่ายภาพ ถ่ายทำหรือการแสดงในภาพยนตร์หรือรายการโทรทัศน์,สำรวจพื้นที่ และ ทำแผนที่ภาพถ่ายทางกาศ",1
"เพื่อการเล่นเป็นงานอดิเรก ความบันเทิง หรือ เพื่อการกีฬา,เพื่อการวิจัย ทดลอง ทดสอบ ตามประกาศ กสทช.,ตรวจสอบกำกับดูแลในภารกิจสำนัก รส. ตามประกาศ กสทช. เรื่อง การทดสอบการแพร่แปลกปลอมของสถานีวิทยุกระจายเสียงระบบเอฟเอ็ม",1
"เพื่อการเล่นเป็นงานอดิเรก ความบันเทิง หรือ เพื่อการกีฬา,เก็บภาพโรงงานมุมสูง",1
"เพื่อการเล่นเป็นงานอดิเรก ความบันเทิง หรือ เพื่อการกีฬา,เพื่อการถ่ายภาพ ถ่ายทำหรือการแสดงในภาพยนตร์หรือรายการโทรทัศน์,ภาพถ่ายมุมสูงเพื่อติดตั้งโซล่าเซลล์ และ ติดตั้งอุปกรณ์โทรคมนาคม",1
"เพื่อการเล่นเป็นงานอดิเรก ความบันเทิง หรือ เพื่อการกีฬา,เพื่อการถ่ายภาพ ถ่ายทำหรือการแสดงในภาพยนตร์หรือรายการโทรทัศน์,I am on Holiday and would like to take pictures for private use only.",1
เพื่อช่วยเหลือ ค้นหา การดับเพลิง และภารกิจยามค่ำคืน,1
"เพื่อการเล่นเป็นงานอดิเรก ความบันเทิง หรือ เพื่อการกีฬา,เพื่อการถ่ายภาพ ถ่ายทำหรือการแสดงในภาพยนตร์หรือรายการโทรทัศน์,เพื่อถ่ายภาพ ถ่ายวีดีโอ ลงเสื่อโวเชียล",1
Travel/For personal use,1
ใช้ในการจัดกิจกรรมการเรียนการสอน,1
"เพื่อการเล่นเป็นงานอดิเรก ความบันเทิง หรือ เพื่อการกีฬา,เพื่อการถ่ายภาพ ถ่ายทำหรือการแสดงในภาพยนตร์หรือรายการโทรทัศน์,ทำ content YouTube, TikTok และ social network อื่น ๆ",1
"เพื่อการถ่ายภาพ ถ่ายทำหรือการแสดงในภาพยนตร์หรือรายการโทรทัศน์,เพื่อใช้สำรวจพื้นที่ในการทำงาน",1
ตรวจสอบสภาพป่า การตัดไม้ทำลายป่า,1
"เพื่อการรายงานเหตุการณ์หรือรายงานจราจร (สื่อมวลชน),ใช้เพื่อการประชาสัมพันธ์หน่วยงาน",1
เพื่อใช้ในงานการสำรวจสภาพพื้นที่,1
"เพื่อการเล่นเป็นงานอดิเรก ความบันเทิง หรือ เพื่อการกีฬา,เพื่อการรายงานเหตุการณ์หรือรายงานจราจร (สื่อมวลชน),เพื่อการถ่ายภาพ ถ่ายทำหรือการแสดงในภาพยนตร์หรือรายการโทรทัศน์,เพื่อการวิจัยและพัฒนาอากาศยาน เพื่อการพาณิชย์,Inspection Solar Root Top / PEA",1
"เพื่อการถ่ายภาพ ถ่ายทำหรือการแสดงในภาพยนตร์หรือรายการโทรทัศน์,เพื่อถ่ายภาพคลังน้ำมัน และแนวท่อขนส่งน้ำมัน",1
"เพื่อการเล่นเป็นงานอดิเรก ความบันเทิง หรือ เพื่อการกีฬา,เพื่อการถ่ายภาพ ถ่ายทำหรือการแสดงในภาพยนตร์หรือรายการโทรทัศน์,ใช้ในการทำงานต้องมีรูป Top View ติดตั้งโซล่าร์เซลล์",1
"เพื่อการถ่ายภาพ ถ่ายทำหรือการแสดงในภาพยนตร์หรือรายการโทรทัศน์,เพื่อถ่ายภาพ ถ่ายวีดีโฮ ลงสื่อโซเชียล",1
"เพื่อการเล่นเป็นงานอดิเรก ความบันเทิง หรือ เพื่อการกีฬา,เพื่อการถ่ายภาพ ถ่ายทำหรือการแสดงในภาพยนตร์หรือรายการโทรทัศน์,เพื่อถ่ายภาพลงโซเชียล",1
เพื่อถ่ายภาพการทำงานมุมสูง ได้แก่ งานติดตั้งอุปกรณ์ไฟฟ้าแรงสูง งานพาดสายไฟฟ้าเเรงสูง,1
"เพื่อการเล่นเป็นงานอดิเรก ความบันเทิง หรือ เพื่อการกีฬา,เพื่อการถ่ายภาพ ถ่ายทำหรือการแสดงในภาพยนตร์หรือรายการโทรทัศน์,Honeymoon Vacation, Photography",1
เพื่อการทำสื่อโฆษณา,1
"เพื่อการถ่ายภาพ ถ่ายทำหรือการแสดงในภาพยนตร์หรือรายการโทรทัศน์,ใช้สำหรับเพื่อการศึกษา",1
"เพื่อการถ่ายภาพ ถ่ายทำหรือการแสดงในภาพยนตร์หรือรายการโทรทัศน์,เพื่อศึกษาข้อมูลก่อนการออกแบบสถาปัตยกรรมด้วยการถ่ายภาพนิ่ง, ภาพเคลื่อนไหว",1
"เพื่อการเล่นเป็นงานอดิเรก ความบันเทิง หรือ เพื่อการกีฬา,เพื่อการรายงานเหตุการณ์หรือรายงานจราจร (สื่อมวลชน),เพื่อการถ่ายภาพ ถ่ายทำหรือการแสดงในภาพยนตร์หรือรายการโทรทัศน์,ถ่ายทอดสด มุมกล้องทางอากาศผ่านโซเชียลมีเดีย",1
เพื่อใช้ในการตรวจสอบและบำรุงรักษาระบบโซล่าเซลล์,1
"เพื่อการเล่นเป็นงานอดิเรก ความบันเทิง หรือ เพื่อการกีฬา,เพื่อการถ่ายภาพ ถ่ายทำหรือการแสดงในภาพยนตร์หรือรายการโทรทัศน์,เพื่อถ่ายวีดีโอลงโซเชียล",1
เพื่อใช้ในการเรียนการสอนด้านนิเทศศาสตร์และภาพยนตร์,1
"เพื่อการเล่นเป็นงานอดิเรก ความบันเทิง หรือ เพื่อการกีฬา,เพื่อการถ่ายภาพ ถ่ายทำหรือการแสดงในภาพยนตร์หรือรายการโทรทัศน์,เพื่อถ่ายภาพ ถ่ายวิดีโอ ลงสื่อโซเชียว",1
"เพื่อการเล่นเป็นงานอดิเรก ความบันเทิง หรือ เพื่อการกีฬา,เพื่อการถ่ายภาพ ถ่ายทำหรือการแสดงในภาพยนตร์หรือรายการโทรทัศน์,ถ่ายภาพ วิดีโอ ลงสื่อโซเชี่ยล",1
สำหรับตรวจสอบสำรวจระบบผลิตไฟฟ้าจากพลังงานแสงอาทิตย์,1
เพื่อการวิจัย การวิเคราะห์ทางการเกษตร และการทำแผนที่ทางอากาศ,1
"เพื่อการถ่ายภาพ ถ่ายทำหรือการแสดงในภาพยนตร์หรือรายการโทรทัศน์,เพื่อการศึกษาวิจัย",1
เพื่อใช้ทำงานเกี่ยวกับการเคลมประกันวินาศภัย,1
"เพื่อการเล่นเป็นงานอดิเรก ความบันเทิง หรือ เพื่อการกีฬา,เพื่อการถ่ายภาพ ถ่ายทำหรือการแสดงในภาพยนตร์หรือรายการโทรทัศน์,เพื่อถ่ายภาพใช้ในงานอสังหาริมทรัพย์",1
เพื่อใช้ในการบริหารจัดการงานภายในเทศบาลตำบลต้นเปา ในการเก็บภาพถ่ายการทำงานที่เกี่ยวข้องในการออกแบบสำรวจเหตุการณ์ต่างๆที่เกิดจากภัยธรรมชาติ เพื่อแก้ปัญหาในงานได้ทันท่วงที และบันทึกภาพไว้เป็นข้อมูลตามวัตถุประสงค์ของเทศบาลเมืองต้นเปา,1
เพื่อใช้ในภาระกิจของการไฟฟ้าฝ่ายผลิตแห่งประเทศไทย,1
เพื่อใข้ในการถ่ายภาพนิ่งและภาพเคลื่อนไหว ในการทำงานด้านอสังหาริมทรัพย์สำหรับการขายและการเช่า ตามลักษณะการให้บริการของห้างหุ้นส่วนจำกัด เพอร์เฟค โฮมส์ เชียงใหม่ ซึ่งเป็นตัวเทนขายและเช่าอสังหาริมทรัพย์ในจังหวัดเชียงใหม่,1
"เพื่อการเล่นเป็นงานอดิเรก ความบันเทิง หรือ เพื่อการกีฬา,เพื่อการรายงานเหตุการณ์หรือรายงานจราจร (สื่อมวลชน),เพื่อการถ่ายภาพ ถ่ายทำหรือการแสดงในภาพยนตร์หรือรายการโทรทัศน์,เพื่อใช้ในการถ่ายภาพและวิดีโอในโครงการก่อสร้าง",1
"เพื่อการเล่นเป็นงานอดิเรก ความบันเทิง หรือ เพื่อการกีฬา,เพื่อการถ่ายภาพ ถ่ายทำหรือการแสดงในภาพยนตร์หรือรายการโทรทัศน์,เพื่อถ่าย ภาพถ่ายวีดีโอ ลงสื่อโซเชียล",1
"เพื่อการเล่นเป็นงานอดิเรก ความบันเทิง หรือ เพื่อการกีฬา,เพื่อการถ่ายภาพ ถ่ายทำหรือการแสดงในภาพยนตร์หรือรายการโทรทัศน์,เพื่อนำภาพถ่ายหรือวีดีโอลงสื่อโซเชียลมีเดีย",1
เพื่อใช้ในการตรวจสอบพื้นที่บุกรุก แปลงคดี และจัดทำแผนที่ภาพถ่ายทางอากาศอ้างอิงในการปฏิบัติงาน,1
สำรวจป่าไม้,1
"เพื่อการเล่นเป็นงานอดิเรก ความบันเทิง หรือ เพื่อการกีฬา,ถ่ายภาพ และ วิดีโอ ลงโซเชียล มีเดีย",1
"เพื่อการเล่นเป็นงานอดิเรก ความบันเทิง หรือ เพื่อการกีฬา,เพื่อการถ่ายภาพ ถ่ายทำหรือการแสดงในภาพยนตร์หรือรายการโทรทัศน์,เพื่อถ่ายถาพ ถ่ายวีดีโอ ลงชื่อโซเชียล",1
"เพื่อการเล่นเป็นงานอดิเรก ความบันเทิง หรือ เพื่อการกีฬา,เพื่อการถ่ายภาพ ถ่ายทำหรือการแสดงในภาพยนตร์หรือรายการโทรทัศน์,เพื่อถ่ายภาพนิ่ง, ถ่ายวีดีโอ ลงสื่อโซเซียล และงาน Commercial",1
"เพื่อการถ่ายภาพ ถ่ายทำหรือการแสดงในภาพยนตร์หรือรายการโทรทัศน์,เพื่อใช้ในกิจกรรมของบริษัทฯ",1
"เพื่อการเล่นเป็นงานอดิเรก ความบันเทิง หรือ เพื่อการกีฬา,วัดพื้นที่",1
"เพื่อการเล่นเป็นงานอดิเรก ความบันเทิง หรือ เพื่อการกีฬา,เพื่อการถ่ายภาพ ถ่ายทำหรือการแสดงในภาพยนตร์หรือรายการโทรทัศน์,เพื่อการถ่ายภาพ วิดีโอ ลงสื่อโซเชียล",1
เพื่อจุดประสงค์ ใช้สำหรับการสำรวจพื้นที่ การ วางแผน/ออกแบบ และการบันทึกภาพมุมสูงประกอบการดำนินโครงการ กิจกรรม ภารกิจต่างๆ เพื่อประโยชน์ในการเผยแพร่ประชาสัมพันธ์ เพื่อจำหน่ายให้กับ โรงเรียนสาครพิทยาคม ตำบลหางน้ำสาคร อำเภอมโนรมย์ จังหวัดชัยนาท 17170,1
"สำรวจการติดตั้ง Solar rooftop บ้าน,อาคาร,โรงงาน ฯ",1
"เพื่อการเล่นเป็นงานอดิเรก ความบันเทิง หรือ เพื่อการกีฬา,เพื่อการถ่ายภาพ ถ่ายทำหรือการแสดงในภาพยนตร์หรือรายการโทรทัศน์,เพื่อถ่ายภาพ. วิดีโอ ลงสื่อโซเชียล",1
"เพื่อการเล่นเป็นงานอดิเรก ความบันเทิง หรือ เพื่อการกีฬา,เพื่อถ่ายภาพในมุมสูงสำหรับผลิตสื่อประชาสัมพันธ์ขององค์การบริหารส่วนจังหวัดราชบุรี",1
"เพื่อการเล่นเป็นงานอดิเรก ความบันเทิง หรือ เพื่อการกีฬา,เพื่อการถ่ายภาพ ถ่ายทำหรือการแสดงในภาพยนตร์หรือรายการโทรทัศน์,เพื่อนถ่ายภาพ ถ่ายวิดีโอ ลงสื่อโซเชียล",1
"เพื่อการเล่นเป็นงานอดิเรก ความบันเทิง หรือ เพื่อการกีฬา,เพื่อการถ่ายภาพ ถ่ายทำหรือการแสดงในภาพยนตร์หรือรายการโทรทัศน์,เพื่อถ่ายรูป วีดีโอ ลงบนสื่อโซเชียล",1
"เพื่อการเล่นเป็นงานอดิเรก ความบันเทิง หรือ เพื่อการกีฬา,เพื่อการถ่ายภาพ ถ่ายทำหรือการแสดงในภาพยนตร์หรือรายการโทรทัศน์,เพื่อการวิจัยและพัฒนาอากาศยาน เพื่อการพาณิชย์,เพื่อถ่ายภาพ ถ่ายวีดีโอลงสื่อโชเชียล",1
"เพื่อการเล่นเป็นงานอดิเรก ความบันเทิง หรือ เพื่อการกีฬา,ถ่ายรูปทรัพย์สิน(บ้านและที่ดินเปล่า) ของทางธนาคารฯ จุดที่คนไม่สามารถเข้าไปสำรวจได้ และอื่นๆ",1
"เพื่อการเล่นเป็นงานอดิเรก ความบันเทิง หรือ เพื่อการกีฬา,ถ่ายรูปทรัพย์สิน(บ้านและที่ดินเปล่า) ของทางธนาคารฯจุดที่คนไม่สามารถเข้าไปสำรวจได้และอื่นๆ",1
"เพื่อการเล่นเป็นงานอดิเรก ความบันเทิง หรือ เพื่อการกีฬา,เพื่อการถ่ายภาพ ถ่ายทำหรือการแสดงในภาพยนตร์หรือรายการโทรทัศน์,เพื่้อถ่ายภาพ ถ่ายวีดีโอ ลงสื่อโซเชียล",1
"เพื่อการเล่นเป็นงานอดิเรก ความบันเทิง หรือ เพื่อการกีฬา,เพื่อการถ่ายภาพ ถ่ายทำหรือการแสดงในภาพยนตร์หรือรายการโทรทัศน์,ใช้เพื่องานเหมืองแร่กับถ่ายภาพ",1
"เพื่อการเล่นเป็นงานอดิเรก ความบันเทิง หรือ เพื่อการกีฬา,เพื่อการถ่ายภาพ ถ่ายทำหรือการแสดงในภาพยนตร์หรือรายการโทรทัศน์,for family trip and social media video clips",1
เพื่อใช้ในการสำรวจที่อยู่อาศัยและอาคารสูงเพื่อใช้เป็นข้อมูลประกอบการติดตั้งแผงโซล่าร์เซลล์,1
"เพื่อการเล่นเป็นงานอดิเรก ความบันเทิง หรือ เพื่อการกีฬา,สำรวจพื้นที่ การวางแผน/ออกแบบ และการบันทึกภาพมุมสูงประกอบการดำเนินโครงการเพื่อประโยชน์ในการเผยแพร่ประชาสัมพันธ์ และงานป้องกันและบรรเทาสาธารณภัย ตามภารกิจขององค์การบริหารส่วนตำบลตาดกลอย",1
"เพื่อการเล่นเป็นงานอดิเรก ความบันเทิง หรือ เพื่อการกีฬา,เพื่อการถ่ายภาพ ถ่ายทำหรือการแสดงในภาพยนตร์หรือรายการโทรทัศน์,เพื่อบันทึกภาพและวิดีโอเผยแพร่ทางสื่อ social media",1
สำหรับใช้ตรวจสอบและบำรุงรักษาระบบไฟฟ้าภายในพื้นที่ ที่อยู่ภายใต้การดูแลของการไฟฟ้าส่วนภูมิภาค เพื่อเพิ่มประสิทธิภาพการตรวจสอบและบำรุงรักษาระบบไฟฟ้า และเพิ่มความมั่นคงให้แก่ระบบไฟฟ้า ของการไฟฟ้าส่วนภูมิภาค,1
เพื่อใช้สำรวจพื้นที่รอบเกาะล้านเมืองพัทยา,1
"เพื่อการเกษตรกรรม,ถ่ายภาพหลังคาโรงงานเพื่อตรวจสอบสภาพ",1
สำรวจเพื่อออกแบบติดตั้ง และบำรุงรักษาระบบ Solarcell,1
ใช้เพื่อดูมุมสูงของสภาพภูมิประเทศที่ต้องการศึกษา,1
"เพื่อการเล่นเป็นงานอดิเรก ความบันเทิง หรือ เพื่อการกีฬา,ใช้ในการปฏิบัติหน้าที่ราชการ",1
"เพื่อการเล่นเป็นงานอดิเรก ความบันเทิง หรือ เพื่อการกีฬา,เพื่อการถ่ายภาพ ถ่ายทำหรือการแสดงในภาพยนตร์หรือรายการโทรทัศน์,เพื่อถ่ายภาพ ถ่ายวีดิโอ ลงสื่ิอโซเชียล",1
"เพื่อการถ่ายภาพ ถ่ายทำหรือการแสดงในภาพยนตร์หรือรายการโทรทัศน์,เพื่อทำแผนที่ภาพถ่ายทางอากาศยาน",1
"ใช้ในการปฎิบัติงานด้านการประชาสัมพันธ์, งานป้องกันบรรเทาสาธารณภัย",1
"เพื่อการเล่นเป็นงานอดิเรก ความบันเทิง หรือ เพื่อการกีฬา,เพื่อการรายงานเหตุการณ์หรือรายงานจราจร (สื่อมวลชน),เพื่อการถ่ายภาพ ถ่ายทำหรือการแสดงในภาพยนตร์หรือรายการโทรทัศน์,ใช้ในการทำสื่อYoutubeงานสื่อโซเชี่ยวทั่วไป และ ใช้ถ่ายภาพ/วิดีโอ เพื่อส่งประกวด",1
"ใช้สำรวจ,ตรวจสอบ แผงโซล่าและสำรวจพื้นที่ติดตั้ง",1
"เพื่อการเล่นเป็นงานอดิเรก ความบันเทิง หรือ เพื่อการกีฬา,ถ่ายคลิปวิดีโอลงสื่อโซเชียล",1
"เพื่อการเล่นเป็นงานอดิเรก ความบันเทิง หรือ เพื่อการกีฬา,เพื่อสำรวจอาคาร และพื้นที่ก่อสร้าง",1
"เพื่อการเล่นเป็นงานอดิเรก ความบันเทิง หรือ เพื่อการกีฬา,เพื่อการรายงานเหตุการณ์หรือรายงานจราจร (สื่อมวลชน),เพื่อการถ่ายภาพ ถ่ายทำหรือการแสดงในภาพยนตร์หรือรายการโทรทัศน์,เพื่อถ่ายภาพ วีดีโอ ลงสื่อโซเซี่ยล",1
"เพื่อการเล่นเป็นงานอดิเรก ความบันเทิง หรือ เพื่อการกีฬา,เพื่อการถ่ายภาพ ถ่ายทำหรือการแสดงในภาพยนตร์หรือรายการโทรทัศน์,เพื่อถ่ายภาพ ถ่ายภาพเคลื่อนไหว (วิดีโอ) ลงในสื่ออิเล็กทรอนิกส์",1
"เพื่อการเล่นเป็นงานอดิเรก ความบันเทิง หรือ เพื่อการกีฬา,เพื่อการถ่ายภาพ ถ่ายทำหรือการแสดงในภาพยนตร์หรือรายการโทรทัศน์,เพื่อถ่ายภาพโพสลงโซเชียลมีเดีย",1
"เพื่อการเล่นเป็นงานอดิเรก ความบันเทิง หรือ เพื่อการกีฬา,เพื่อผลิตสื่อในองค์กร",1
เพื่อใช้ในงานสำรวจ และปฎิบัติงานเก็บข้อมูลทางการประมงฯ,1
"เพื่อการรายงานเหตุการณ์หรือรายงานจราจร (สื่อมวลชน),เพื่อการถ่ายภาพ ถ่ายทำหรือการแสดงในภาพยนตร์หรือรายการโทรทัศน์,จัดทำแผนที่และป้องกันสาธารณภัย",1
"เพื่อการเล่นเป็นงานอดิเรก ความบันเทิง หรือ เพื่อการกีฬา,เพื่อการถ่ายภาพ ถ่ายทำหรือการแสดงในภาพยนตร์หรือรายการโทรทัศน์,ถ่ายภาพและวีดีโอ ลงสื่อโซเชียล",1
"เพื่อการเล่นเป็นงานอดิเรก ความบันเทิง หรือ เพื่อการกีฬา,เพื่อการรายงานเหตุการณ์หรือรายงานจราจร (สื่อมวลชน),เพื่อการถ่ายภาพ ถ่ายทำหรือการแสดงในภาพยนตร์หรือรายการโทรทัศน์,เพื่อการวิจัยและพัฒนาอากาศยาน เพื่อการพาณิชย์,เพื่อการเกษตรกรรม,เพื่อการวิจัย ทดลอง ทดสอบ ตามประกาศ กสทช.,เพื่อสำรวจหลังคาเพื่อติดตั้ง solar cell",1
ใช้ล้างทำความสะอาดแผงโซล่าเซลล์ในโรงงาน,1
"เพื่อการเล่นเป็นงานอดิเรก ความบันเทิง หรือ เพื่อการกีฬา,เพื่อการถ่ายภาพ ถ่ายทำหรือการแสดงในภาพยนตร์หรือรายการโทรทัศน์,เพื่อถ่ายภาพ ถ่ายวิดีโอ ลงสื่อโฆษณาและโซเซียลมีเดีย",1
"เพื่อการเล่นเป็นงานอดิเรก ความบันเทิง หรือ เพื่อการกีฬา,เพื่อการรายงานเหตุการณ์หรือรายงานจราจร (สื่อมวลชน),เพื่อการวิจัยและพัฒนาอากาศยาน เพื่อการพาณิชย์,สำรวจทาง",1
"เพื่อการเล่นเป็นงานอดิเรก ความบันเทิง หรือ เพื่อการกีฬา,เพื่อการเกษตรกรรม,เพื่อถ่ายภาพ และถ่ายวีดีโอ ลงสื่อโซเซียลต่างๆ",1
เพื่อถ่ายภาพ และบันทึกวิดีโอมุมสูง ในงานกิจกรรม ภารกิจของเทศบาลตำบลโคกจาน,1
"เพื่อการถ่ายภาพ ถ่ายทำหรือการแสดงในภาพยนตร์หรือรายการโทรทัศน์,ใช้ในกิจกรรมของบริษัท",1
"เพื่อการเล่นเป็นงานอดิเรก ความบันเทิง หรือ เพื่อการกีฬา,เพื่อการถ่ายภาพ ถ่ายทำหรือการแสดงในภาพยนตร์หรือรายการโทรทัศน์,Arial photogrammetry",1
"เพื่อการเล่นเป็นงานอดิเรก ความบันเทิง หรือ เพื่อการกีฬา,เพื่อการถ่ายภาพ ถ่ายทำหรือการแสดงในภาพยนตร์หรือรายการโทรทัศน์,เพื่อการถ่ายภาพและบันทึกวิดีโออสังหาริมทรัพย์ นำมาเผยแพร่ในระบบอินเตอร์เน็ต",1
"เพื่อการเล่นเป็นงานอดิเรก ความบันเทิง หรือ เพื่อการกีฬา,เพื่อการถ่ายภาพ ถ่ายทำหรือการแสดงในภาพยนตร์หรือรายการโทรทัศน์,เพื่อการถ่ายภาพและวิดีโอกิจกรรมต่างๆของโรงเรียน",1
ตรวจสอบที่ดิน,1
เพื่อถ่ายภาพบันทึกกิจกรรม และประกอบการทำรายงานประจำเดือนของบริษัท,1
เพื่อการวิจัย ทดลอง ทดสอบ,1
ใช้ถ่ายภาพการติดตั้ง Solar cell,1
"เพื่อการเล่นเป็นงานอดิเรก ความบันเทิง หรือ เพื่อการกีฬา,เพื่อการถ่ายภาพ ถ่ายทำหรือการแสดงในภาพยนตร์หรือรายการโทรทัศน์,เพื่อการเกษตรกรรม,ลงสื่อ สังคมออนไลน์ ต่างๆ",1
ประกอบการทำสื่อVDO ของบริษัท,1
ใช้ปฏิบัติงานด้านการประชาสัมพันธ์ตามภารกิจของโรงเรียน,1
เพื่อสำรวจพื้นที่งานก่อสร้าง งานปรับปรุง และพื้นที่สำหรับตรวจสอบภูมิทัศน์ ของหน่วยงานสํานักงานศาลยุติธรรม,1
"เพื่อการเล่นเป็นงานอดิเรก ความบันเทิง หรือ เพื่อการกีฬา,เพื่อการถ่ายภาพ ถ่ายทำหรือการแสดงในภาพยนตร์หรือรายการโทรทัศน์,ลงสื่อในแอฟ Line",1
"เพื่อการเล่นเป็นงานอดิเรก ความบันเทิง หรือ เพื่อการกีฬา,เพื่อการถ่ายภาพ ถ่ายทำหรือการแสดงในภาพยนตร์หรือรายการโทรทัศน์,เพื่อถ่ายภาพหรือวีดีโอลงโซเชียลต่างๆ",1
"เพื่อการเล่นเป็นงานอดิเรก ความบันเทิง หรือ เพื่อการกีฬา,เพื่อการถ่ายภาพ ถ่ายทำหรือการแสดงในภาพยนตร์หรือรายการโทรทัศน์,ถ่ายภาพ วิดีโอ ลงโซเชียล",1
เพื่อใช้ในการเรียนการสอนนักศึกษามหาวิทยาลัย เเละทดสอบทำวิจัยในกลุ่มวิจัย,1
ใช้ตรวจการและถ่ายภาพเพื่อตรวจวัตถุต้องสงสัยเพื่อพิสูจน์ทราบเก็บกู้วัตถุระเบิด,1
Family Vacation Photos and Videos,1
"เพื่อการเล่นเป็นงานอดิเรก ความบันเทิง หรือ เพื่อการกีฬา,เพื่อการรายงานเหตุการณ์หรือรายงานจราจร (สื่อมวลชน),เพื่อการถ่ายภาพ ถ่ายทำหรือการแสดงในภาพยนตร์หรือรายการโทรทัศน์,เพื่อการวิจัยและพัฒนาอากาศยาน เพื่อการพาณิชย์,เพื่อการเกษตรกรรม,เพื่อการวิจัย ทดลอง ทดสอบ ตามประกาศ กสทช.,เพื่อการถ่ายภาพนิ่งและวีดีโอ แสดงและลงโฆษณาในสื่อโซเชียลออนไลน์ทุกประเภท",1
"เพื่อการถ่ายภาพ ถ่ายทำหรือการแสดงในภาพยนตร์หรือรายการโทรทัศน์,เพื่อใช้ประโยชน์ทางราชการพื้นที่ในเขตเทศบาลเมืองปากพนัง",1
สนับสนุนภาพถ่ายทางอากาศเพื่อใช้ออกแบบทางหลวงและงานภารกิจของกรมทางหลวง,1
ถ่ายภาพผลงานของบริษัท งานโครงการที่ก่อสร้างเสร็จ,1
เพื่อใช้ในการศึกษา วิจัย และบริการวิชาการของคณะ,1
เพื่อถ่ายภาพหน้างาน ถ่ายวีดีโอ และลงสื่อโซเซียล,1
"เพื่อการเล่นเป็นงานอดิเรก ความบันเทิง หรือ เพื่อการกีฬา,Vacation film",1
"เพื่อการเล่นเป็นงานอดิเรก ความบันเทิง หรือ เพื่อการกีฬา,เพื่อการถ่ายภาพ ถ่ายทำหรือการแสดงในภาพยนตร์หรือรายการโทรทัศน์,เพื่อถ่ายภาพและวีดีโอเผยแพร่ทางสื่อโซเชี่ยล",1
"เพื่อการเล่นเป็นงานอดิเรก ความบันเทิง หรือ เพื่อการกีฬา,เพื่อการถ่ายภาพโซลาร์เซลล์ที่ติดตั้งบนหลังคาและภาพถ่ายอาคารสำหรับการออกแบบและติดตั้ง",1
"เพื่อการเล่นเป็นงานอดิเรก ความบันเทิง หรือ เพื่อการกีฬา,เพื่อการถ่ายภาพ ถ่ายทำหรือการแสดงในภาพยนตร์หรือรายการโทรทัศน์,เพื่อถ่ายภาพ ถ่ายวีดีโอ  ลง สื่อโซเชียล",1
"เพื่อการเล่นเป็นงานอดิเรก ความบันเทิง หรือ เพื่อการกีฬา,เพื่อตรวจสอบการติดตั้งอุปกรณ์โทรคมนาคมและโซลาร์เซลล์",1
"เพื่อการถ่ายภาพ ถ่ายทำหรือการแสดงในภาพยนตร์หรือรายการโทรทัศน์,เก็บข้อมูล ขนาดติดตั้งของลูกค้า",1
"เพื่อการเล่นเป็นงานอดิเรก ความบันเทิง หรือ เพื่อการกีฬา,เพื่อการถ่ายภาพ ถ่ายทำหรือการแสดงในภาพยนตร์หรือรายการโทรทัศน์,เพื่อใช้ในธุรกิจส่วนตัว",1
"เพื่อการเล่นเป็นงานอดิเรก ความบันเทิง หรือ เพื่อการกีฬา,เพื่อการถ่ายภาพ ถ่ายทำหรือการแสดงในภาพยนตร์หรือรายการโทรทัศน์,เพื่อถ่ายภาพ ถ่ายวีดีโอลงสื่อออนไลน์",1
เพื่อใช้สำหรับปฎิบัติงานภารกิจหลักของการไฟฟ้าส่วนภูมิภาคเขต 2 (ภาคเหนือ) จ.พิษณุโลก,1
เพื่อใช้ในการตรวจสอบระบบไฟฟ้า,1
ถ่ายภาพหลังคา ติดตั้งโซล่าเซลล์,1
"เพื่อการเล่นเป็นงานอดิเรก ความบันเทิง หรือ เพื่อการกีฬา,เพื่อการถ่ายภาพ ถ่ายทำหรือการแสดงในภาพยนตร์หรือรายการโทรทัศน์,ถ่ายภาพนิ่งและวิดีโอลงสื่อโซเชียล",1
เพื่อการเฝ้าระวังช้าง อำเภอแก่งหางแมว จังหวัดจันทบุรี,1
"เพื่อการเล่นเป็นงานอดิเรก ความบันเทิง หรือ เพื่อการกีฬา,เพื่อใช้งานในหน้าที่ราชการ",1
"เพื่อการเล่นเป็นงานอดิเรก ความบันเทิง หรือ เพื่อการกีฬา,เพื่อการถ่ายภาพ ถ่ายทำหรือการแสดงในภาพยนตร์หรือรายการโทรทัศน์,เพื่อถ่่ายภาพ,วิดีโอ ลงสื่อโซเชี่ยล",1
"เพื่อการเล่นเป็นงานอดิเรก ความบันเทิง หรือ เพื่อการกีฬา,เพื่อการถ่ายภาพ ถ่ายทำหรือการแสดงในภาพยนตร์หรือรายการโทรทัศน์,เพื่อถ่ายภาพ ถ่ายวิดิโอ ลงสื่อโซเชี่ยล",1
"เพื่อการเล่นเป็นงานอดิเรก ความบันเทิง หรือ เพื่อการกีฬา,เพื่อการถ่ายภาพ ประกอบการปฏิบัติงาน",1
"เพื่อการเล่นเป็นงานอดิเรก ความบันเทิง หรือ เพื่อการกีฬา,Photography for personal use only",1
Nature Photo,1
เพื่อสำรวจพื้นที่ภายในเขตรับผิดชอบของเทศบาลฯ เพื่อวางแผนการดำเนินงานบริการประชาชนด้านโครงสร้างพื้นฐาน และการจัดทำแผนที่ภาษี ตลอดจนการบันทึกภาพกิจกรรมต่างๆ เพื่อการประชาสัมพันธ์,1
-,1
"เพื่อการเล่นเป็นงานอดิเรก ความบันเทิง หรือ เพื่อการกีฬา,ถ่ายภาพประกอบรายงาน  เพื่อตรวจสอบรับส่งมอบงานการติดตั้ง",1
"เพื่อการเล่นเป็นงานอดิเรก ความบันเทิง หรือ เพื่อการกีฬา,เพื่อการถ่ายภาพ ถ่ายทำหรือการแสดงในภาพยนตร์หรือรายการโทรทัศน์,เพื่อถ่ายภาพ ถ่ายวีดีโอ ลงสื่อโซเซียล ให้บริการถ่ายภาพมุมสูงกับเจ้าของที่ดินและอาคารสิ่งปลูกสร้าง",1
"เพื่อการถ่ายภาพ ถ่ายทำหรือการแสดงในภาพยนตร์หรือรายการโทรทัศน์,เพื่อจัดทำแผนที่  ใช้งานด้านการป้องกันและบรรเทาสาธารณภัย",1
สำรวจและจัดทำแผนที่ภาพถ่ายทางอากาศ,1
"เพื่อการเล่นเป็นงานอดิเรก ความบันเทิง หรือ เพื่อการกีฬา,เพื่อการถ่ายภาพ ถ่ายทำหรือการแสดงในภาพยนตร์หรือรายการโทรทัศน์,ถ่ายภาพ,วิดีโอลงสื่อโซเชล",1
"เพื่อการเล่นเป็นงานอดิเรก ความบันเทิง หรือ เพื่อการกีฬา,ถ่ายภาพท่องเที่ยวและลงสื่อโซเชียล",1
"เพื่อการวิจัยและพัฒนาอากาศยาน เพื่อการพาณิชย์,เพื่อจำหน่าย",1
"เพื่อการเล่นเป็นงานอดิเรก ความบันเทิง หรือ เพื่อการกีฬา,เพื่อการถ่ายภาพ ถ่ายทำหรือการแสดงในภาพยนตร์หรือรายการโทรทัศน์,ถ่ายภาพและวีดีโอลงสื่อโซเชียล",1
เพื่อเก็บภาพถ่ายและวีดีโอในพื้นที่ของบริษัท เพื่อใช้ส่งเสริมการตลาดและตรวจสอบสภาพแวดล้อมในการทำงานได้ทันท่วงที,1
"เพื่อการเล่นเป็นงานอดิเรก ความบันเทิง หรือ เพื่อการกีฬา,เพื่อการถ่ายภาพ ถ่ายทำหรือการแสดงในภาพยนตร์หรือรายการโทรทัศน์,เพื่อถ่ายวีดีโอ ถ่ายวีดีโอ ลงสื่อโซเชียล",1
"เพื่อการเล่นเป็นงานอดิเรก ความบันเทิง หรือ เพื่อการกีฬา,ถ่ายลงโซเชี่ยวมีเดี่ย",1
"เพื่อการเล่นเป็นงานอดิเรก ความบันเทิง หรือ เพื่อการกีฬา,เพื่อการรายงานเหตุการณ์หรือรายงานจราจร (สื่อมวลชน),เพื่อการถ่ายภาพ ถ่ายทำหรือการแสดงในภาพยนตร์หรือรายการโทรทัศน์,เพื่อการวิจัยและพัฒนาอากาศยาน เพื่อการพาณิชย์,เพื่อการเกษตรกรรม,เพื่อการวิจัย ทดลอง ทดสอบ ตามประกาศ กสทช.,เพื่อการศึกษาและพัฒนาหลักสูตรวิศวกรรมอากาศยานไร้คนขับ",1
"เพื่อการเล่นเป็นงานอดิเรก ความบันเทิง หรือ เพื่อการกีฬา,เพื่อการถ่ายภาพ ถ่ายทำหรือการแสดงในภาพยนตร์หรือรายการโทรทัศน์,เพื่อถ่ายภาพ  ถ่ายวีดีโอลงสื่อโซเชียล",1
"เพื่อการเล่นเป็นงานอดิเรก ความบันเทิง หรือ เพื่อการกีฬา,เพื่อการถ่ายภาพ ถ่ายทำหรือการแสดงในภาพยนตร์หรือรายการโทรทัศน์,เพื่อการวิจัย ทดลอง ทดสอบ ตามประกาศ กสทช.,เพื่อการถ่ายภาพ ถ่ายวีดีโอ ลงสื่อโซเชียลมีเดีย และการทำแผนที่",1
"เพื่อการเล่นเป็นงานอดิเรก ความบันเทิง หรือ เพื่อการกีฬา,เพื่อการถ่ายภาพ ถ่ายทำหรือการแสดงในภาพยนตร์หรือรายการโทรทัศน์,ลงโซเชียลมีเดียส่วนตัว",1
"เพื่อการเล่นเป็นงานอดิเรก ความบันเทิง หรือ เพื่อการกีฬา,เพื่อการถ่ายภาพ ถ่ายทำหรือการแสดงในภาพยนตร์หรือรายการโทรทัศน์,for pictures and Video from our vacation.",1
"เพื่อการเล่นเป็นงานอดิเรก ความบันเทิง หรือ เพื่อการกีฬา,เพื่อการถ่ายภาพ ถ่ายทำหรือการแสดงในภาพยนตร์หรือรายการโทรทัศน์,ถ่ายภาพลงโซเชียลมีเดีย",1
ใช้สำหรับตรวจสภาพเขื่อน,1
ใช้ในทางราชการ,1
"เพื่อการเล่นเป็นงานอดิเรก ความบันเทิง หรือ เพื่อการกีฬา,เพื่อการถ่ายภาพ ถ่ายทำหรือการแสดงในภาพยนตร์หรือรายการโทรทัศน์,เพื่อถ่ายภาพ ถ่ายวิดีโอ ลงซื่อโชเซียล",1
วิจัย พัฒนา ระบบตรวจจับ ช้างป่าโดยรอบชุมชน,1
"เพื่อการเล่นเป็นงานอดิเรก ความบันเทิง หรือ เพื่อการกีฬา,เพื่อลงสื่อโซเชี่ยวออนไลน์",1
"เพื่อการเล่นเป็นงานอดิเรก ความบันเทิง หรือ เพื่อการกีฬา,เพื่อการถ่ายภาพ ถ่ายทำหรือการแสดงในภาพยนตร์หรือรายการโทรทัศน์,เพื่อถ่ายถาพ ถ่าย วีดีโอลงสื่อโซเซียล",1
เผยแผ่งานพระพุทธศาสนา,1
"เพื่อการเล่นเป็นงานอดิเรก ความบันเทิง หรือ เพื่อการกีฬา,เพื่อการถ่ายภาพ ถ่ายทำหรือการแสดงในภาพยนตร์หรือรายการโทรทัศน์,เพื่อถ่ายภาพนิ่ง ถ่ายภาพเคลื่อนไหว เผยแพร่ทางโซเชียล",1
"เพื่อการเล่นเป็นงานอดิเรก ความบันเทิง หรือ เพื่อการกีฬา,แสดงโดรนโชว์ โดรนแปรอักษรหลายลำพร้อมกัน",1
"เพื่อการเล่นเป็นงานอดิเรก ความบันเทิง หรือ เพื่อการกีฬา,เพื่อการถ่ายภาพ ถ่ายทำหรือการแสดงในภาพยนตร์หรือรายการโทรทัศน์,เพื่อถ่ายภาพ และถ่ายวีดีโอ ลงเสื่อโซเชียล",1
เพื่อสนับสนุนภารกิจป้องกันสัตร์ป่าและพื้นที่ป่าเพื่อการอนุรักษ์,1
"เพื่อการเล่นเป็นงานอดิเรก ความบันเทิง หรือ เพื่อการกีฬา,บันทึกภาพและวิดีโอ ลงโซเชียล มีเดีย ต่างๆ เป็นความทรงจำ",1
"เพื่อการเล่นเป็นงานอดิเรก ความบันเทิง หรือ เพื่อการกีฬา,เพื่อการถ่ายภาพ ถ่ายทำหรือการแสดงในภาพยนตร์หรือรายการโทรทัศน์,เพื่อถ่ายภาพ ถ่ายวีดีโอลงสื่อ Social",1
"เพื่อการเล่นเป็นงานอดิเรก ความบันเทิง หรือ เพื่อการกีฬา,เพื่อการถ่ายภาพ ถ่ายทำหรือการแสดงในภาพยนตร์หรือรายการโทรทัศน์,เพื่อการเกษตรกรรม,ช่วยในงานบัญชีและตรวจสอบบัญชี",1
"เพื่อการเล่นเป็นงานอดิเรก ความบันเทิง หรือ เพื่อการกีฬา,ใช้ในงานก่อสร้าง",1
"เพื่อการเล่นเป็นงานอดิเรก ความบันเทิง หรือ เพื่อการกีฬา,เพื่อการถ่ายภาพ ถ่ายทำหรือการแสดงในภาพยนตร์หรือรายการโทรทัศน์,เพื่อถ่ายภาพ ถ่ายวีดีโอลงโซเซียลมีเดีย",1
ถ่ายรูปและวิดีโองานของบริษัท,1
"เพื่อการเล่นเป็นงานอดิเรก ความบันเทิง หรือ เพื่อการกีฬา,เพื่อการถ่ายภาพ ถ่ายทำหรือการแสดงในภาพยนตร์หรือรายการโทรทัศน์,เพื่อการเกษตรกรรม,เพื่อถ่ายภาพ ถ่ายวิดีโอ ลงสื่อโซเซียล",1
"เพื่อการเล่นเป็นงานอดิเรก ความบันเทิง หรือ เพื่อการกีฬา,เพื่อการถ่ายภาพ ถ่ายทำหรือการแสดงในภาพยนตร์หรือรายการโทรทัศน์,เพื่อถ่ายภาพ วีดีโอลงสื่อโซเซียล",1
"เพื่อการเล่นเป็นงานอดิเรก ความบันเทิง หรือ เพื่อการกีฬา,เพื่อการถ่ายภาพ ถ่ายทำหรือการแสดงในภาพยนตร์หรือรายการโทรทัศน์,เพื่อ ถ่ายภาพ ถ่ายวีดีโอ ลงสื่อโซเชียล",1
"เพื่อการเล่นเป็นงานอดิเรก ความบันเทิง หรือ เพื่อการกีฬา,เพื่อการถ่ายภาพ ถ่ายทำหรือการแสดงในภาพยนตร์หรือรายการโทรทัศน์,เพื่อถ่ายภาพ เพื่อถ่ายวิดีโอ ลงสื่อโซเชี่ยลและ สื่อการท่องเที่ยว",1
ใช้ในการสำรวจพื้นที่ถนน ลำคลอง และถ่ายทำวีดีทัศน์งานต่างๆ,1
"เพื่อการเล่นเป็นงานอดิเรก ความบันเทิง หรือ เพื่อการกีฬา,เพื่อการถ่ายภาพ ถ่ายทำหรือการแสดงในภาพยนตร์หรือรายการโทรทัศน์,เพื่อการเกษตรกรรม,ถ่ายรูปลงโซเชียลมีเดีย, ถ่ายรูปตรวจสอบหลัง, ถ่ายรูปตรวจสอบโซล่าเซลล์,ถ่ายรูปที่ดินมุมสูง",1
ตรวจสอบสำรวจอาคาร หลังคาบ้าน โรงแรม พื้นที่เพื่อติดตั้งโซลาร์เซลล์,1
"เพื่อการเล่นเป็นงานอดิเรก ความบันเทิง หรือ เพื่อการกีฬา,เพื่อการถ่ายภาพ ถ่ายทำหรือการแสดงในภาพยนตร์หรือรายการโทรทัศน์,ถ่ายภาพและถ่ายวีดีโอเพื่อลงโซเชียล",1
"เพื่อการเล่นเป็นงานอดิเรก ความบันเทิง หรือ เพื่อการกีฬา,เพื่อการถ่ายภาพ ถ่ายทำหรือการแสดงในภาพยนตร์หรือรายการโทรทัศน์,เผยแพร่สถานที่ท่องเที่ยว",1
"เพื่อการถ่ายภาพ ถ่ายทำหรือการแสดงในภาพยนตร์หรือรายการโทรทัศน์,เพื่อใช้ในถ่ายภาพและงานประชาสัมพันธ์ ตามภารกิจต่างๆ ของเทศบาล",1
"เพื่อการเล่นเป็นงานอดิเรก ความบันเทิง หรือ เพื่อการกีฬา,เพื่อการถ่ายภาพ ถ่ายทำหรือการแสดงในภาพยนตร์หรือรายการโทรทัศน์, เพื่อถ่ายภาพ ถ่ายวีดีโอ ลงซื่อโซเชียล",1
เพื่อเพิ่มประสิทธิภาพการจัดทำสื่อประชาสัมพันธ์ แนะนำเส้นทาง รายงานปัญหาการจราจร สนับสนุนการอำนวยความปลอดภัยทางถนนในช่วงเทศกาล เหตุการณ์ฉุกเฉิน ภัยพิบัติ สนับสุนนการสำรวจภาพถ่ายทางอากาศ เพื่อใช้ออกแบบทางหลวง และงานตามภารกิจของกรมทางหลวง,1
"เพื่อการเล่นเป็นงานอดิเรก ความบันเทิง หรือ เพื่อการกีฬา,เพื่อการถ่ายภาพ ถ่ายทำหรือการแสดงในภาพยนตร์หรือรายการโทรทัศน์,เพื่อทำสื่อโฆษณาออนไลน์",1
"เพื่อการเล่นเป็นงานอดิเรก ความบันเทิง หรือ เพื่อการกีฬา,ใช้เพื่อตรวจสอบพื้นผิวอาคารและพื้นที่สูงเข้าถึงยาก",1
"Golf courses, invited by TAT STockholm",1
"เพื่อการเล่นเป็นงานอดิเรก ความบันเทิง หรือ เพื่อการกีฬา,เพื่อการถ่ายภาพ ถ่ายทำหรือการแสดงในภาพยนตร์หรือรายการโทรทัศน์,ท่องเที่ยว บันทึกภาพ",1
"เพื่อการเล่นเป็นงานอดิเรก ความบันเทิง หรือ เพื่อการกีฬา,เพื่อการถ่ายภาพ ถ่ายทำหรือการแสดงในภาพยนตร์หรือรายการโทรทัศน์,vacation / holiday. no commercial usage.",1
ถ่ายรูปที่ดิน,1
เพื่อใช้ในการบริหารจัดการในองค์การบริหารส่วนตำบลสันทราย ในการเก็บภาพถ่ายในโครงการต่างๆ ที่องค์การบริหารส่วนตำบลสันทรายได้ดำเนินการและเพื่อใช้ในการอำนวยความสะดวกในการสำรวจพื้นที่หรือการปฏิบัติการแทนเจ้าหน้าที่ในพื้นที่เสี่ยงอันตรายให้กับประชาชนในพื้นที่องค์การบริหารส่วนตำบลสันทราย,1
ใช้สำหรับออกแบบวิศวกรรม ดูภาพวิเคราะห์มุมกว้าง,1
"เพื่อการถ่ายภาพ ถ่ายทำหรือการแสดงในภาพยนตร์หรือรายการโทรทัศน์,ถ่ายภาพและวิดีโอโครงการก่อสร้าง",1
"เพื่อการเล่นเป็นงานอดิเรก ความบันเทิง หรือ เพื่อการกีฬา,เพื่อการถ่ายภาพ ถ่ายทำหรือการแสดงในภาพยนตร์หรือรายการโทรทัศน์,เพื่อถ่ายภาพและวีดีโอลงสื่อโซเชี่ยล",1
"เพื่อการเล่นเป็นงานอดิเรก ความบันเทิง หรือ เพื่อการกีฬา,เพื่อการถ่ายภาพ ถ่ายทำหรือการแสดงในภาพยนตร์หรือรายการโทรทัศน์,เพื่อถ่ายภาพ ถ่ายวิดิโอ ลงโซเชี่ยล",1
"เพื่อการเล่นเป็นงานอดิเรก ความบันเทิง หรือ เพื่อการกีฬา,ถ่ายภาพการติดตั้งแผงโซล่าเซลล์",1
"เพื่อการเล่นเป็นงานอดิเรก ความบันเทิง หรือ เพื่อการกีฬา,เพื่อการถ่ายภาพ ถ่ายทำหรือการแสดงในภาพยนตร์หรือรายการโทรทัศน์,ถ่ายภาพเคลื่อนไหว ถ่ายวิดีโอ  ลงสื่อโชเซียล",1
"เพื่อการเล่นเป็นงานอดิเรก ความบันเทิง หรือ เพื่อการกีฬา,เพื่อการถ่ายภาพ ถ่ายทำหรือการแสดงในภาพยนตร์หรือรายการโทรทัศน์,เพื่อสำรวจพื้นที่ก่อสร้าง และสายไฟ",1
"เพื่อการเล่นเป็นงานอดิเรก ความบันเทิง หรือ เพื่อการกีฬา,เพื่อการถ่ายภาพ ถ่ายทำหรือการแสดงในภาพยนตร์หรือรายการโทรทัศน์,ถ่ายภาพเคลื่อนไหว ลงสื่อสังคมออนไลน์",1
ใช้ในการสำรวจและรายงานผลงานโครงการก่อสร้าง,1
เพื่อถ่ายภาพพื้นที่มุมสูงภายในหน่วยงาน,1
ใช้เพื่อการถ่ายสำรวจหลังคาบ้านลูกค้า เพื่อติดตั้ง Solar Cell,1
เพื่อใช้การเก็บภาพถ่ายมุมสูงและสำรวจเหตุการณ์ต่างๆที่เกิดจากภัยธรรมชาติ เพื่อแก้ไขปัญหาในพื้นที่ได้ทันท่วงทีและตรงตามวัตถุประสงค์ รวมถึงบันทึกภาพต่างๆเพื่อใช้ในการประชาสัมพันธ์โครงการและกิจกรรมของเทศบาลตำบลชมภู,1
"เพื่อการเล่นเป็นงานอดิเรก ความบันเทิง หรือ เพื่อการกีฬา,เพื่อการถ่ายภาพ ถ่ายทำหรือการแสดงในภาพยนตร์หรือรายการโทรทัศน์,เพื่อการเกษตรกรรม,เพื่อถ่ายภาพ ถ่ายวีดีโอ ลงซื่อโซเชียล",1
"เพื่อการเล่นเป็นงานอดิเรก ความบันเทิง หรือ เพื่อการกีฬา,ถ่ายภาพ ถ่ายวิดีโอ ลงสื่อโซเชียล",1
ใช้ในการสำรวจ ออกแบบ วิเคราะห์โครงสร้างพื้นฐาน,1
"เพื่อการเล่นเป็นงานอดิเรก ความบันเทิง หรือ เพื่อการกีฬา,เพื่อการถ่ายภาพ ถ่ายทำหรือการแสดงในภาพยนตร์หรือรายการโทรทัศน์,เพื่อการเกษตรกรรม,เพื่อตรวจสอบการติดตั้งโซล่าเซลล์ และตรวจสอบโครงการก่อสร้างต่างๆ",1
"เพื่อการเล่นเป็นงานอดิเรก ความบันเทิง หรือ เพื่อการกีฬา,Photos and videos for private use",1
"เพื่อการเล่นเป็นงานอดิเรก ความบันเทิง หรือ เพื่อการกีฬา,เพื่อการถ่ายภาพ ถ่ายทำหรือการแสดงในภาพยนตร์หรือรายการโทรทัศน์,Wedding",1
"เพื่อการเล่นเป็นงานอดิเรก ความบันเทิง หรือ เพื่อการกีฬา,เพื่อการรายงานเหตุการณ์หรือรายงานจราจร (สื่อมวลชน),เพื่อการถ่ายภาพ ถ่ายทำหรือการแสดงในภาพยนตร์หรือรายการโทรทัศน์,ใช้ในการปฏิบัติงาน",1
"เพื่อการวิจัย ทดลอง ทดสอบ ตามประกาศ กสทช.,เพื่อป้องกันรักษาความสงบเรียบร้อย ความปลอยภัยในชีวิต ทรัพย์สินของประชาชน และชุมชนในพื้นที่จังหวัดเชียงใหม่",1
"เพื่อการเล่นเป็นงานอดิเรก ความบันเทิง หรือ เพื่อการกีฬา,เพื่อการถ่ายภาพ ถ่ายทำหรือการแสดงในภาพยนตร์หรือรายการโทรทัศน์,เพื่อสำรวจพื้นที่อาคาร",1
สำรวจแหล่งน้ำ ทาง ผังเมือง ฯลฯ,1
โดรนต้นแบบเพื่อการเกษตร ในการวิจัยการใช้ประโยชน์จากพลังงานไฮโดรเจน เพื่อช่วยลดการปล่อยก๊าซคาร์บอนไดออกไซด์ในภาคการเกษตรของไทย ระหว่าง โตโยต้า และเครือเจริญโภคภัณฑ์,1
"เพื่อการเล่นเป็นงานอดิเรก ความบันเทิง หรือ เพื่อการกีฬา,เพื่อการถ่ายภาพ ถ่ายทำหรือการแสดงในภาพยนตร์หรือรายการโทรทัศน์,ถ่ายภาพ ถ่ายวีดีโอ ลงสื่อโชเซียล",1
"เพื่อการเล่นเป็นงานอดิเรก ความบันเทิง หรือ เพื่อการกีฬา,เพื่อการรายงานเหตุการณ์หรือรายงานจราจร (สื่อมวลชน),เพื่อการถ่ายภาพ ถ่ายทำหรือการแสดงในภาพยนตร์หรือรายการโทรทัศน์,เพื่อการเกษตรกรรม,ถ่ายหน้าสำรวจที่ดิน",1
"เพื่อการถ่ายภาพ ถ่ายทำหรือการแสดงในภาพยนตร์หรือรายการโทรทัศน์,วัดโครงสร้างหลังคา",1
"เพื่อการเล่นเป็นงานอดิเรก ความบันเทิง หรือ เพื่อการกีฬา,เพื่อการถ่ายภาพ ถ่ายทำหรือการแสดงในภาพยนตร์หรือรายการโทรทัศน์,เพื่อประโยชน์ต่องานราชการ",1
"เพื่อการเล่นเป็นงานอดิเรก ความบันเทิง หรือ เพื่อการกีฬา,เพื่อการถ่ายภาพ ถ่ายทำหรือการแสดงในภาพยนตร์หรือรายการโทรทัศน์,เพื่อใช้ ถ่ายภาพ วีดีโอ ลงสื่อโซเชียล",1
"เพื่อการถ่ายภาพ ถ่ายทำหรือการแสดงในภาพยนตร์หรือรายการโทรทัศน์,สำรวจการติดตั้ง Solar roof top",1
"เพื่อการเล่นเป็นงานอดิเรก ความบันเทิง หรือ เพื่อการกีฬา,เพื่อถ่ายภาพนิ่งและวีดีโอ แสดงในสื่อสังคมออนไลน์",1
"เพื่อการเล่นเป็นงานอดิเรก ความบันเทิง หรือ เพื่อการกีฬา,เพื่อการถ่ายภาพ ถ่ายทำหรือการแสดงในภาพยนตร์หรือรายการโทรทัศน์,เพื่อใช้ในการดูวิวและความบันเทิงลงสื่อโซเซียล",1
"เพื่อการเล่นเป็นงานอดิเรก ความบันเทิง หรือ เพื่อการกีฬา,เพื่อการถ่ายภาพ ถ่ายทำหรือการแสดงในภาพยนตร์หรือรายการโทรทัศน์,เพื่อประชาสัมพันธ์ผลงานของหน่วย/ถ่ายภาพ ถ่ายวีดิโอลงสื่อโซเชียล",1
ใช้ถ่ายรูปงานติดตั้งสายล่อฟ้าและงานติดตั้งแผงพลังงานแสงอาทิตย์,1
"เพื่อการเล่นเป็นงานอดิเรก ความบันเทิง หรือ เพื่อการกีฬา,การสอนและการวิจัยด้านการท่องเที่ยว",1
"เพื่อการถ่ายภาพ ถ่ายทำหรือการแสดงในภาพยนตร์หรือรายการโทรทัศน์,ใช้สำหรับงานก่อสร้าง",1
"เพื่อการเล่นเป็นงานอดิเรก ความบันเทิง หรือ เพื่อการกีฬา,เพื่อการรายงานเหตุการณ์หรือรายงานจราจร (สื่อมวลชน),เพื่อการถ่ายภาพ ถ่ายทำหรือการแสดงในภาพยนตร์หรือรายการโทรทัศน์,เพื่อการเกษตรกรรม,เพื่อถ่ายภาพ ถ่ายวีดีโอ ลงสื่อโชเซียล ลงสื่อโทรทัศน์",1
"เพื่อการเล่นเป็นงานอดิเรก ความบันเทิง หรือ เพื่อการกีฬา,เพื่อการถ่ายภาพ ถ่ายทำหรือการแสดงในภาพยนตร์หรือรายการโทรทัศน์,Uploading the images and/or videos taken on social medias",1
เพื่อถ่ายภาพหลังคาสำหรับประกอบธุรกิจ Solar rooftop,1
"เพื่อการเล่นเป็นงานอดิเรก ความบันเทิง หรือ เพื่อการกีฬา,เพื่อการถ่ายภาพ ถ่ายทำหรือการแสดงในภาพยนตร์หรือรายการโทรทัศน์,เพื่อถ่ายภาพถ่ายวิดีโอสื่อโซเซียล",1
"เพื่อการเล่นเป็นงานอดิเรก ความบันเทิง หรือ เพื่อการกีฬา,เพื่อการถ่ายภาพ ถ่ายทำหรือการแสดงในภาพยนตร์หรือรายการโทรทัศน์,เพื่อถ่ายภาพ ถ่ายวิดีโอลงโซเชียล",1
"เพื่อการเล่นเป็นงานอดิเรก ความบันเทิง หรือ เพื่อการกีฬา,เพื่อการถ่ายภาพ ถ่ายทำหรือการแสดงในภาพยนตร์หรือรายการโทรทัศน์,เพื่อถ่ายภาพ วิดีโอ ลงโซเชียล",1
"เพื่อการเล่นเป็นงานอดิเรก ความบันเทิง หรือ เพื่อการกีฬา,เพื่อการรายงานเหตุการณ์หรือรายงานจราจร (สื่อมวลชน),เพื่อการถ่ายภาพ ถ่ายทำหรือการแสดงในภาพยนตร์หรือรายการโทรทัศน์,ดำเนินงานภายใต้โครงการพระราชดำริ อพ.สธ.",1
"เพื่อการเล่นเป็นงานอดิเรก ความบันเทิง หรือ เพื่อการกีฬา,ถ่ายรูปและวิดีโอลงในโซเชี่ยลมีเดีย",1
"เพื่อการเล่นเป็นงานอดิเรก ความบันเทิง หรือ เพื่อการกีฬา,เพื่อการถ่ายภาพ ถ่ายทำหรือการแสดงในภาพยนตร์หรือรายการโทรทัศน์,เพื่อถ่ายภาพ ถ่ายวิดีโอลง Social Media",1
เพื่อการถ่ายภาพผลงานติดตั้งโซล่าร์เซลล์,1
"เพื่อการเล่นเป็นงานอดิเรก ความบันเทิง หรือ เพื่อการกีฬา,ถ่ายภาพและถ่ายวิดีโอลงโซเชียล",1
"เพื่อการเล่นเป็นงานอดิเรก ความบันเทิง หรือ เพื่อการกีฬา,เพื่อการรายงานเหตุการณ์หรือรายงานจราจร (สื่อมวลชน),เพื่อการถ่ายภาพ ถ่ายทำหรือการแสดงในภาพยนตร์หรือรายการโทรทัศน์,ใช้ในกิจการของบริษัท / Company",1
"เพื่อการเล่นเป็นงานอดิเรก ความบันเทิง หรือ เพื่อการกีฬา, เพื่อถ่ายภาพ ถ่ายวีดีโอ ลงสื่อโซเชียล",1
"เพื่อการเล่นเป็นงานอดิเรก ความบันเทิง หรือ เพื่อการกีฬา,Pictures and video social media",1
"เพื่อการเล่นเป็นงานอดิเรก ความบันเทิง หรือ เพื่อการกีฬา,เพื่อการถ่ายภาพ ถ่ายทำหรือการแสดงในภาพยนตร์หรือรายการโทรทัศน์,เพื่อถ่ายภาพ ถ่ายวิดิโอ เพื่อลงสื่อโซเชียล",1
"เพื่อการเล่นเป็นงานอดิเรก ความบันเทิง หรือ เพื่อการกีฬา,เพื่อสันทนาการณ์ และการท่องเที่ยว",1
"เพื่อการเล่นเป็นงานอดิเรก ความบันเทิง หรือ เพื่อการกีฬา,เพื่อการถ่ายภาพ ถ่ายทำหรือการแสดงในภาพยนตร์หรือรายการโทรทัศน์,Holiday pictures for friends and social media",1
"เพื่อการเล่นเป็นงานอดิเรก ความบันเทิง หรือ เพื่อการกีฬา,เพื่อการถ่ายภาพ ถ่ายทำหรือการแสดงในภาพยนตร์หรือรายการโทรทัศน์,เพื่อถ่าบภาพ ถ่ายวีดีโอ ลงสื้ช่อโซเชียล",1
ใช้สำหรับถ่ายภาพความร้อนแผง Solar Cell  ในช่วงงานบำรุงรักษาระบบ Solar,1
"เพื่อการเล่นเป็นงานอดิเรก ความบันเทิง หรือ เพื่อการกีฬา,เพื่อการถ่ายภาพ ถ่ายทำหรือการแสดงในภาพยนตร์หรือรายการโทรทัศน์,เพื่อการถ่ายภาพ ถ่ายวิดีโอ ลงสื่อโซเชี่ยล",1
"เพื่อการเล่นเป็นงานอดิเรก ความบันเทิง หรือ เพื่อการกีฬา,เพื่อการถ่ายภาพ ถ่ายทำหรือการแสดงในภาพยนตร์หรือรายการโทรทัศน์,เพื่อถ่ายภาพและวีดิโอลงสื่อโชเชียล",1
"เพื่อการเล่นเป็นงานอดิเรก ความบันเทิง หรือ เพื่อการกีฬา,เพื่อการรายงานเหตุการณ์หรือรายงานจราจร (สื่อมวลชน),เพื่อการถ่ายภาพ ถ่ายทำหรือการแสดงในภาพยนตร์หรือรายการโทรทัศน์,รายงานอุทกภัยในพื้นที่จังหวัดขอนแก่น",1
"เพื่อการเล่นเป็นงานอดิเรก ความบันเทิง หรือ เพื่อการกีฬา,เพื่อการรายงานเหตุการณ์หรือรายงานจราจร (สื่อมวลชน),เพื่อการถ่ายภาพ ถ่ายทำหรือการแสดงในภาพยนตร์หรือรายการโทรทัศน์,เพื่อการเกษตรกรรม,เพื่อใช้ในกิจการของบริษัท / Company",1
"เพื่อการเล่นเป็นงานอดิเรก ความบันเทิง หรือ เพื่อการกีฬา,เพื่อการรายงานเหตุการณ์หรือรายงานจราจร (สื่อมวลชน),เพื่อการถ่ายภาพ ถ่ายทำหรือการแสดงในภาพยนตร์หรือรายการโทรทัศน์,เพื่อการวิจัยและพัฒนาอากาศยาน เพื่อการพาณิชย์,เพื่อการเกษตรกรรม,เพื่อใช้ในกิจการของบริษัท / Company",1
"เพื่อการเล่นเป็นงานอดิเรก ความบันเทิง หรือ เพื่อการกีฬา,เพื่อการรายงานเหตุการณ์หรือรายงานจราจร (สื่อมวลชน),กู้ภัยและบรรเทาสาธารณภัย",1
"เพื่อการเล่นเป็นงานอดิเรก ความบันเทิง หรือ เพื่อการกีฬา,เพื่อการถ่ายภาพ ถ่ายทำหรือการแสดงในภาพยนตร์หรือรายการโทรทัศน์,เพื่อการเกษตรกรรม,ถ่ายภาพ ถ่ายวีดีโอ ลงสื่อสังคมออนไลน์",1
"เพื่อการเล่นเป็นงานอดิเรก ความบันเทิง หรือ เพื่อการกีฬา,เพื่อการถ่ายภาพ ถ่ายทำหรือการแสดงในภาพยนตร์หรือรายการโทรทัศน์,เพื่อถ่ายภาพ ถ่ายวีดีโอ ลงสื่อสังคม",1
"เพื่อการเล่นเป็นงานอดิเรก ความบันเทิง หรือ เพื่อการกีฬา,เพื่อการถ่ายภาพ ถ่ายทำหรือการแสดงในภาพยนตร์หรือรายการโทรทัศน์,พื่อถ่ายภาพ ถ่ายวีดีโอ ลงสื่อโซเชียล",1
"เพื่อการเล่นเป็นงานอดิเรก ความบันเทิง หรือ เพื่อการกีฬา,เพื่อการถ่ายภาพ ถ่ายทำหรือการแสดงในภาพยนตร์หรือรายการโทรทัศน์,ถ่าย VDO,ภาพ ลงสื่อโซเซียล",1
"เพื่อการเล่นเป็นงานอดิเรก ความบันเทิง หรือ เพื่อการกีฬา,Recreational",1
เช็คสายสัญญาและสายไฟแรงสูง,1
"เพื่อการเล่นเป็นงานอดิเรก ความบันเทิง หรือ เพื่อการกีฬา,เพื่อการถ่ายภาพ ถ่ายทำหรือการแสดงในภาพยนตร์หรือรายการโทรทัศน์,เพื่อถ่ายภาพ ถ่ายวิดีโอ ลงสื่อโซเชียลมีเดียต่างๆ",1
ถ่ายภาพความร้อนระบบโซล่าร์เซลล์,1
"เพื่อการเล่นเป็นงานอดิเรก ความบันเทิง หรือ เพื่อการกีฬา,เพื่อการถ่ายภาพ ถ่ายทำหรือการแสดงในภาพยนตร์หรือรายการโทรทัศน์,ใช้เพื่อถ่ายรูป ถ่ายวีดีโอ ลงสื่อโซเชียล",1
"เพื่อการเล่นเป็นงานอดิเรก ความบันเทิง หรือ เพื่อการกีฬา,ถ่ายภาพ,ถ่าย Content ลงสื่อ Social media",1
เพื่อการสำรวจ และทำแผนที่,1
"เพื่อการเล่นเป็นงานอดิเรก ความบันเทิง หรือ เพื่อการกีฬา,เพื่อการถ่ายภาพ ถ่ายทำหรือการแสดงในภาพยนตร์หรือรายการโทรทัศน์,เพื่อบันทึกวีดีโอ ภาพถ่ายลงโซเชียลมีเดีย / เพื่อทำแผนที่ภาพถ่ายทางอากาศ",1
"เพื่อการเล่นเป็นงานอดิเรก ความบันเทิง หรือ เพื่อการกีฬา,เพื่อการถ่ายภาพ ถ่ายทำหรือการแสดงในภาพยนตร์หรือรายการโทรทัศน์,เพื่อถ่ายภาพและวิดีโอสำหรับโพสต์ลงสื่อสังคมออนไลน์ (Social Media)",1
"เพื่อการเล่นเป็นงานอดิเรก ความบันเทิง หรือ เพื่อการกีฬา,ถ่ายภาพความคืบหน้าผลงานของบริษัท",1
ตรวจสอบการติดตั้งแผงพลังแสงอาทิตย์,1
"ใช้สำหรับเก็บภาพมุมสูง งานตกแต่งของบริษัท The Mall Group (Emporium,Emquartier และ The Mall ทุกสาขา)",1
ประเมินพื้นที่และผลผลิตอ้อยของบริษัทและโควตาอ้อย,1
"เพื่อการเล่นเป็นงานอดิเรก ความบันเทิง หรือ เพื่อการกีฬา,ถ่ายภาพสำรวจอสังหาริมทรัพย์",1
"Personal use photography and video, memories from holidays",1
โดรนต้นแบบเพื่อการเกษตร ใช้ในการวิจัยการใช้ประโยชน์จากพลังงานไฮโดรเจนเพื่อลดการปล่อยก๊าซคาร์บอนไดออกไซด์ในภาคการเกษตรของไทย ระหว่างโตโยต้าและเครือเจริญโภคภัณฑ์,1
"เพื่อการเล่นเป็นงานอดิเรก ความบันเทิง หรือ เพื่อการกีฬา,เพื่อการถ่ายภาพ ถ่ายทำหรือการแสดงในภาพยนตร์หรือรายการโทรทัศน์,เพื่อใช้ลงระบบอินเตอร์เน็ต และโซเชียลมีเดีย",1
เพื่อใช้ในงานสำรวจพื้นที่สำหรับเสนอราคาและงานซ่อมบำรุง,1
"เพื่อการเล่นเป็นงานอดิเรก ความบันเทิง หรือ เพื่อการกีฬา,เพื่อการถ่ายภาพ ถ่ายทำหรือการแสดงในภาพยนตร์หรือรายการโทรทัศน์,เพื่อถ่ายภาพ ถ่ายวีดีโอ ลงสื่อโซเชียล ใช้สำรวจพัฒนาที่ดิน",1
เพื่อถ่ายภาพหน้างานและนำข้อมูลไปออกแบบระบบยึดโยงของทุ่นลอยน้ำพลังงานแสงอาทิตย์,1
"เพื่อการเล่นเป็นงานอดิเรก ความบันเทิง หรือ เพื่อการกีฬา,เพื่อการถ่ายภาพ ถ่ายทำหรือการแสดงในภาพยนตร์หรือรายการโทรทัศน์,เพื่อใช้ถ่ายภาพ และวีดีโอลงสื่อโซเชียล และออนไลน์",1
"เพื่อการเล่นเป็นงานอดิเรก ความบันเทิง หรือ เพื่อการกีฬา,เพื่อการถ่ายภาพ ถ่ายทำหรือการแสดงในภาพยนตร์หรือรายการโทรทัศน์,เพื่อภาพและวิดีโอ ลงสื่อโซเชียล",1
"เพื่อการเล่นเป็นงานอดิเรก ความบันเทิง หรือ เพื่อการกีฬา,เพื่อการถ่ายภาพ ถ่ายทำหรือการแสดงในภาพยนตร์หรือรายการโทรทัศน์,เพื่อถ่ายภาพลงสื่อ Social ต่างๆ",1
เพื่อใช้ในการปฏิบัติงานของบมจ.โทรคมนาคมแห่งชาติ,1
"เพื่อการเล่นเป็นงานอดิเรก ความบันเทิง หรือ เพื่อการกีฬา,เพื่อการถ่ายภาพ ถ่ายทำหรือการแสดงในภาพยนตร์หรือรายการโทรทัศน์,ถ่ายวีดีโอเพื่อประชาสัมพันธฺวิทยาลัยฯ",1
เพื่อการสำรวจ และวิจัย,1
"เพื่อการเล่นเป็นงานอดิเรก ความบันเทิง หรือ เพื่อการกีฬา,เพื่อการถ่ายภาพ ถ่ายทำหรือการแสดงในภาพยนตร์หรือรายการโทรทัศน์,เพื่อถ่ายภาพนิ่ง ภาพเคลื่อนไหว (วีดิโอ) ลงสื่อโซเซียล",1
"เพื่อการเล่นเป็นงานอดิเรก ความบันเทิง หรือ เพื่อการกีฬา,เพื่อการถ่ายภาพ ถ่ายทำหรือการแสดงในภาพยนตร์หรือรายการโทรทัศน์,ช่วยในการติดตาม ค้นหาผู้กระทำความผิด และคำสั่งอื่นๆที่ได้รับจากผู้บังคับบัญชามอบหมาย",1
เพื่อการสำรวจที่ดิน สิ่งก่อสร้าง และสิ่งสาธารณูปโภคในเขตพื้นที่ขององค์กรปกครองส่วนท้องถิ่น,1
เพื่อการถ่ายภาพและการถ่ายมุมสูง นำมาใช้ออกแบบระบบโซล่าและงานอื่นๆ,1
"เพื่อการเล่นเป็นงานอดิเรก ความบันเทิง หรือ เพื่อการกีฬา,Holiday pictures",1
"เพื่อการเล่นเป็นงานอดิเรก ความบันเทิง หรือ เพื่อการกีฬา,เพื่อการถ่ายภาพ ถ่ายทำหรือการแสดงในภาพยนตร์หรือรายการโทรทัศน์,ถ่ายภาพนิ่ง หรือ วิดีโอ ลงสื่อโซเชียล",1
Demonstration for researchers studying human elephant conflict,1
"เพื่อการเล่นเป็นงานอดิเรก ความบันเทิง หรือ เพื่อการกีฬา,เพื่อการรายงานเหตุการณ์หรือรายงานจราจร (สื่อมวลชน),เพื่อการถ่ายภาพ ถ่ายทำหรือการแสดงในภาพยนตร์หรือรายการโทรทัศน์,เพื่อการวิจัยและพัฒนาอากาศยาน เพื่อการพาณิชย์,เพื่อการเกษตรกรรม,เพื่อการวิจัย ทดลอง ทดสอบ ตามประกาศ กสทช.,สืบสวนคดี",1
สำรวจตรวจสอบโครงสร้างอาคาร สิ่งผิดปกติ เพื่อการซ่อมบำรุง และธุรกิจของบริษัท,1
"เพื่อการถ่ายภาพ ถ่ายทำหรือการแสดงในภาพยนตร์หรือรายการโทรทัศน์,สำรวจภูมิประเทศ สำรวจกรรมสิทธิ์ที่ดิน งานสำรวจอสังหาริมทรัพย์ งานสำรวจเพื่อการเวณคืนที่ดิน งานสำรวจอาคารและสิ่งปลูกสร้าง และงานสำรวจทางวิศวกรรม",1
เพื่อกิจกรรมทางบริษัท,1
"เพื่อการเล่นเป็นงานอดิเรก ความบันเทิง หรือ เพื่อการกีฬา,เพื่อการถ่ายภาพ ถ่ายทำหรือการแสดงในภาพยนตร์หรือรายการโทรทัศน์,เพื่อถ่าย ถ่ายวีดีโอ ลงสื่อโชเชียล",1
"เพื่อการรายงานเหตุการณ์หรือรายงานจราจร (สื่อมวลชน),เพื่อการถ่ายภาพ ถ่ายทำหรือการแสดงในภาพยนตร์หรือรายการโทรทัศน์,เผยแพร่ลงในสื่อโซเชียล",1
"เพื่อการเล่นเป็นงานอดิเรก ความบันเทิง หรือ เพื่อการกีฬา,เพื่อการถ่ายภาพ ถ่ายทำหรือการแสดงในภาพยนตร์หรือรายการโทรทัศน์,ถ่ายภาพและถ่ายวีดีโอ เผยแพร่ลงโซเชียลมีเดีย",1
"เพื่อการเล่นเป็นงานอดิเรก ความบันเทิง หรือ เพื่อการกีฬา,เพื่อการถ่ายภาพ ถ่ายทำหรือการแสดงในภาพยนตร์หรือรายการโทรทัศน์,เพื่อถ่ายภาพ และ วิดีโอ ลงสื่อ Social",1
"เพื่อการเล่นเป็นงานอดิเรก ความบันเทิง หรือ เพื่อการกีฬา,เพื่อการถ่ายภาพ ถ่ายทำหรือการแสดงในภาพยนตร์หรือรายการโทรทัศน์,สำรวจ พร้อมบันทึกภาพที่ดินและอาคาร",1
"เพื่อการเล่นเป็นงานอดิเรก ความบันเทิง หรือ เพื่อการกีฬา,เพื่อการถ่ายภาพ ถ่ายทำหรือการแสดงในภาพยนตร์หรือรายการโทรทัศน์,เพื่อใช้ถ่ายภาพหรือภาพเคลื่อนไหวมุมสูงพื้นที่การก่อสร้าง",1
"เพื่อการเล่นเป็นงานอดิเรก ความบันเทิง หรือ เพื่อการกีฬา,เพื่อการถ่ายภาพ ถ่ายทำหรือการแสดงในภาพยนตร์หรือรายการโทรทัศน์,เพื่อถ่ายภาพและวิดีโอเผยแพร่ทางสื่อโซเชี่ยลมีเดีย",1
"เพื่อการเล่นเป็นงานอดิเรก ความบันเทิง หรือ เพื่อการกีฬา,เพื่อการถ่ายภาพ ถ่ายทำหรือการแสดงในภาพยนตร์หรือรายการโทรทัศน์,เพื่อถ่ายภาพ ถ่ายวีดีโอ ลงสือโชเชียล",1
"เพื่อการเล่นเป็นงานอดิเรก ความบันเทิง หรือ เพื่อการกีฬา,เพื่อการเก็บรวบรวมข้อมูล",1
ใช้ในการสำรวจพื้นที่ ถนนลำคลอง  และถ่ายทำวีดีทัศน์งานต่างๆ,1
"เพื่อการเล่นเป็นงานอดิเรก ความบันเทิง หรือ เพื่อการกีฬา,เพื่อการถ่ายภาพ ถ่ายทำหรือการแสดงในภาพยนตร์หรือรายการโทรทัศน์,เพื่อการเกษตรกรรม,เพื่อตรวจดูพื้นที่และความปลอดภัยในที่การทำงาน",1
เพื่อถ่ายภาพ ถ่ายวิดีทัศน์ จัดทำสื่อประชาสัมพันธ์ให้กับองค์กร,1
"เพื่อการถ่ายภาพ ถ่ายทำหรือการแสดงในภาพยนตร์หรือรายการโทรทัศน์,เพื่อบินดูชิ้นงานโครงสร้างในบริษัท และ บินในบริษัทในการเก็บภาพ",1
ใช้ในการจัดการเรียนการสอน,1
เพื่อถ่ายภาพ ถ่ายวีดีโอ ลงสื่อโซเชี่ยล และใช้ในการดำเนินธุรกิจของบริษัท,1
"เพื่อการเล่นเป็นงานอดิเรก ความบันเทิง หรือ เพื่อการกีฬา,เพื่อการรายงานเหตุการณ์หรือรายงานจราจร (สื่อมวลชน),เพื่อการถ่ายภาพ ถ่ายทำหรือการแสดงในภาพยนตร์หรือรายการโทรทัศน์,เพื่อการเกษตรกรรม,เพื่อถ่ายภาพ ถ่ายวีดีโอ ลงสื่อโซเชียล",1
"เพื่อการเล่นเป็นงานอดิเรก ความบันเทิง หรือ เพื่อการกีฬา,เพื่อการถ่ายภาพ ถ่ายทำหรือการแสดงในภาพยนตร์หรือรายการโทรทัศน์,ถ่ายภาพ ถ่ายวีดีโอ ลงสื่อโซเชียว",1
"เพื่อการเล่นเป็นงานอดิเรก ความบันเทิง หรือ เพื่อการกีฬา,เพื่อการถ่ายภาพ ถ่ายทำหรือการแสดงในภาพยนตร์หรือรายการโทรทัศน์,เพื่อถ่ายภาพ, ถ่ายวีดีโอ ลงสื่อโซเชียล, เว็บไซต์",1
"เพื่อการเล่นเป็นงานอดิเรก ความบันเทิง หรือ เพื่อการกีฬา,เพื่อการถ่ายภาพ ถ่ายทำหรือการแสดงในภาพยนตร์หรือรายการโทรทัศน์,เพื่อการเกษตรกรรม,ถ่ายภาพมุมสูงอาคารงานก่อสร้าง",1
"เพื่อการเล่นเป็นงานอดิเรก ความบันเทิง หรือ เพื่อการกีฬา,เพื่อการถ่ายภาพ ถ่ายทำหรือการแสดงในภาพยนตร์หรือรายการโทรทัศน์,เพื่อการถ่าย ภาพวีดีโอ ลงสื่อโซเซียล",1
"เพื่อการเล่นเป็นงานอดิเรก ความบันเทิง หรือ เพื่อการกีฬา,ใช้ในการจัดการเรียนการสอน และถ่ายภาพ",1
เพื่อสำรวจพื้นที่ในการติดตั้ง solarcell,1
เพื่อการสำรวจ และตรวจสอบ,1
"เพื่อการเล่นเป็นงานอดิเรก ความบันเทิง หรือ เพื่อการกีฬา,เพื่อการรายงานเหตุการณ์หรือรายงานจราจร (สื่อมวลชน),เพื่อการถ่ายภาพ ถ่ายทำหรือการแสดงในภาพยนตร์หรือรายการโทรทัศน์,.ใช้กิจการ สำรวจไซต์งานก่อสร้าง",1
"เพื่อการเล่นเป็นงานอดิเรก ความบันเทิง หรือ เพื่อการกีฬา,just me asnd my wsife want  to take pictures of us with the nature and sea on our vacation in Thailand with DJI Mini 3 pro (249g)",1
"เพื่อการเล่นเป็นงานอดิเรก ความบันเทิง หรือ เพื่อการกีฬา,เพื่อการถ่ายภาพ ถ่ายทำหรือการแสดงในภาพยนตร์หรือรายการโทรทัศน์,อสังหาริมทัพย์",1
"เพื่อการเล่นเป็นงานอดิเรก ความบันเทิง หรือ เพื่อการกีฬา,เพื่อการถ่ายภาพ ถ่ายทำหรือการแสดงในภาพยนตร์หรือรายการโทรทัศน์,เพื่อภ่ายภาพ ถ่ายวิดีโอ ลงสื่อโซเชียล",1
"เพื่อการเล่นเป็นงานอดิเรก ความบันเทิง หรือ เพื่อการกีฬา,เพื่อถ่ายภาพ ถ่ายVDO ลงสื่อSocial",1
เพื่อปฎิบัติภารกิจของสำนักงาน กกพ.,1
เพื่อการสำรวจและตรวจสอบ,1
"เพื่อการเล่นเป็นงานอดิเรก ความบันเทิง หรือ เพื่อการกีฬา,เพื่อการถ่ายภาพ ถ่ายทำหรือการแสดงในภาพยนตร์หรือรายการโทรทัศน์,ถ่ายภาพและวิดีโอท่องเที่ยว",1
"เพื่อการเล่นเป็นงานอดิเรก ความบันเทิง หรือ เพื่อการกีฬา,เพื่อการรายงานเหตุการณ์หรือรายงานจราจร (สื่อมวลชน),เพื่อการถ่ายภาพ ถ่ายทำหรือการแสดงในภาพยนตร์หรือรายการโทรทัศน์,เพื่อการวิจัยและพัฒนาอากาศยาน เพื่อการพาณิชย์,เพื่อการเกษตรกรรม,เพื่อการวิจัย ทดลอง ทดสอบ ตามประกาศ กสทช.,เพื่อใช้ในกิจของวัด",1
"เพื่อการเล่นเป็นงานอดิเรก ความบันเทิง หรือ เพื่อการกีฬา,เพื่อการถ่ายภาพ ถ่ายทำหรือการแสดงในภาพยนตร์หรือรายการโทรทัศน์,ถ่ายภาพนิ่งและวิดิโอลงสื่อโซเชียลมีเดีย",1
"เพื่อการเล่นเป็นงานอดิเรก ความบันเทิง หรือ เพื่อการกีฬา,เพื่อการถ่ายภาพ ถ่ายทำหรือการแสดงในภาพยนตร์หรือรายการโทรทัศน์,เพื่อการเกษตรกรรม,เพื่อการตรวจพื้นที่และความปลอดภัยในที่ทำงาน",1
"เพื่อการเล่นเป็นงานอดิเรก ความบันเทิง หรือ เพื่อการกีฬา,เพื่อการถ่ายภาพ ถ่ายทำหรือการแสดงในภาพยนตร์หรือรายการโทรทัศน์,ถ่ายภาพ ถ่ายวีดีโอ ลงสื่อโซเซี่ยล",1
"เพื่อการเล่นเป็นงานอดิเรก ความบันเทิง หรือ เพื่อการกีฬา,เพื่อการรายงานเหตุการณ์หรือรายงานจราจร (สื่อมวลชน),เพื่อการถ่ายภาพ ถ่ายทำหรือการแสดงในภาพยนตร์หรือรายการโทรทัศน์,เพื่อการวิจัยและพัฒนาอากาศยาน เพื่อการพาณิชย์,เพื่อโปรโมทสถานที่ ลงสื่อในช่องทางโซเชียลต่าง ๆ",1
"เพื่อการเล่นเป็นงานอดิเรก ความบันเทิง หรือ เพื่อการกีฬา,เพื่อการถ่ายภาพ ถ่ายทำหรือการแสดงในภาพยนตร์หรือรายการโทรทัศน์,เพื่อถ่ายรูปและวีดีโอลงสื่อโซเชียล",1
"เพื่อการเล่นเป็นงานอดิเรก ความบันเทิง หรือ เพื่อการกีฬา,เพื่อการถ่ายภาพ ถ่ายทำหรือการแสดงในภาพยนตร์หรือรายการโทรทัศน์,เพื่อการถ่ายภาพถ่ายวิดีโอลงสื่อโซเชียลและประกวด",1
"เพื่อการถ่ายภาพ ถ่ายทำหรือการแสดงในภาพยนตร์หรือรายการโทรทัศน์,เพื่อถ่ายภาพ ถ่ายวีดีโอ ลงสื่อโชียล",1
"เพื่อการเล่นเป็นงานอดิเรก ความบันเทิง หรือ เพื่อการกีฬา,เพื่อการถ่ายภาพ ถ่ายทำหรือการแสดงในภาพยนตร์หรือรายการโทรทัศน์,ถ่ายภาพวีดีโอลงสื่อโซเชียล",1
"เพื่อการถ่ายภาพ ถ่ายทำหรือการแสดงในภาพยนตร์หรือรายการโทรทัศน์,เพื่อการทำงาน",1
"เพื่อการเล่นเป็นงานอดิเรก ความบันเทิง หรือ เพื่อการกีฬา,ถ่ายภาพหรือวิดีโอ บันทึกความทรงจำและลงสื่อออนไลน์ (Social)",1
"เพื่อการเล่นเป็นงานอดิเรก ความบันเทิง หรือ เพื่อการกีฬา,เพื่อการถ่ายภาพ ถ่ายทำหรือการแสดงในภาพยนตร์หรือรายการโทรทัศน์,ถ่ายภาพนิ่ง ภาพวิดีโอ เผยแพร่ทางสื่อโซเชียล",1
"เพื่อการถ่ายภาพ ถ่ายทำหรือการแสดงในภาพยนตร์หรือรายการโทรทัศน์,การพาณิชย์",1
"เพื่อการเล่นเป็นงานอดิเรก ความบันเทิง หรือ เพื่อการกีฬา,เพื่อการเกษตรกรรม,ถ่ายทำสื่อวิดีโอของหน่วยงาน",1
"เพื่อการเล่นเป็นงานอดิเรก ความบันเทิง หรือ เพื่อการกีฬา,เพื่อการถ่ายภาพ ถ่ายทำหรือการแสดงในภาพยนตร์หรือรายการโทรทัศน์,เพื่อถ่ายภาพ ถ่ายวิดีโอ ลงสื่อโซเซียว",1
"เพื่อการเล่นเป็นงานอดิเรก ความบันเทิง หรือ เพื่อการกีฬา,เพื่อการถ่ายภาพ ถ่ายทำหรือการแสดงในภาพยนตร์หรือรายการโทรทัศน์,เพื่อการเกษตรกรรม,เพื่อการถ่ายภาพ ถ่ายทำวีดีโอ ลงสื่อโซเชียล",1
"เพื่อการเล่นเป็นงานอดิเรก ความบันเทิง หรือ เพื่อการกีฬา,เพื่อการถ่ายภาพ ถ่ายทำหรือการแสดงในภาพยนตร์หรือรายการโทรทัศน์,เพื่อถ่ายภาพ ถ่ายวีดี ลงสื่อโซเซียล",1
"เพื่อการเล่นเป็นงานอดิเรก ความบันเทิง หรือ เพื่อการกีฬา,เพื่อการวิจัยและพัฒนาอากาศยาน เพื่อการพาณิชย์,ใช้งานอื่น เช่น ถ่ายทรัพย์หลักประกันเงินกู้",1
"เพื่อการเล่นเป็นงานอดิเรก ความบันเทิง หรือ เพื่อการกีฬา,เพื่อการถ่ายภาพ ถ่ายทำหรือการแสดงในภาพยนตร์หรือรายการโทรทัศน์,เพื่อการถ่ายภาพนิ่ง ภาพเคลื่อนไหว ลงสื่อโซเชียล",1
"เพื่อการเล่นเป็นงานอดิเรก ความบันเทิง หรือ เพื่อการกีฬา,ถ่ายภาพที่ดินมุมสูง",1
"เพื่อการเล่นเป็นงานอดิเรก ความบันเทิง หรือ เพื่อการกีฬา,เก็บบันทึก ภาพในการดำเนินก่อสร้าง",1
"เพื่อการเล่นเป็นงานอดิเรก ความบันเทิง หรือ เพื่อการกีฬา,เพื่อการรายงานเหตุการณ์หรือรายงานจราจร (สื่อมวลชน),เพื่อการถ่ายภาพ ถ่ายทำหรือการแสดงในภาพยนตร์หรือรายการโทรทัศน์,เพื่อลงสื่อโซเชียลทั้งภาพและวีดีโอ",1
"เพื่อการเล่นเป็นงานอดิเรก ความบันเทิง หรือ เพื่อการกีฬา,เพื่อการรายงานเหตุการณ์หรือรายงานจราจร (สื่อมวลชน),เพื่อการถ่ายภาพ ถ่ายทำหรือการแสดงในภาพยนตร์หรือรายการโทรทัศน์,บันทึกภาพและวีดีโอลงสื่อโซเชี่ยล",1
"เพื่อการเล่นเป็นงานอดิเรก ความบันเทิง หรือ เพื่อการกีฬา,THIS ITEM IS IN CUSTOMS AND I CANNOT SCAN QR CODE (CUSTOMS REQUIRE NBTC LICENSE IN ORDER TO RECEIVE ITEM)",1
"เพื่อการเล่นเป็นงานอดิเรก ความบันเทิง หรือ เพื่อการกีฬา,เพื่อการถ่ายภาพ ถ่ายทำหรือการแสดงในภาพยนตร์หรือรายการโทรทัศน์,เพื่อนำเสนอในสื่อ social media",1
"เพื่อการเล่นเป็นงานอดิเรก ความบันเทิง หรือ เพื่อการกีฬา,เพื่อการถ่ายภาพ ถ่ายทำหรือการแสดงในภาพยนตร์หรือรายการโทรทัศน์,Leasure airial photography",1
"เพื่อการเล่นเป็นงานอดิเรก ความบันเทิง หรือ เพื่อการกีฬา,ถ่ายภาพ,ถ่ายวิดีโอลงสื่อโซเชียลมีเดีย",1
"เพื่อการเล่นเป็นงานอดิเรก ความบันเทิง หรือ เพื่อการกีฬา,เพื่อการถ่ายภาพ ถ่ายทำหรือการแสดงในภาพยนตร์หรือรายการโทรทัศน์,เพื่อถ่ายภาพ ถ่ายวิดีโอ ลงสื่อโซเชี่ยลต่างๆ",1
"เพื่อการเล่นเป็นงานอดิเรก ความบันเทิง หรือ เพื่อการกีฬา,เพื่อการถ่ายภาพ ถ่ายทำหรือการแสดงในภาพยนตร์หรือรายการโทรทัศน์,เพื่อใช้ในการถ่ายภาพและวิดิโอลงสื่อโซเชียล",1
"เพื่อการเล่นเป็นงานอดิเรก ความบันเทิง หรือ เพื่อการกีฬา,เพื่อการถ่ายภาพ ถ่ายทำหรือการแสดงในภาพยนตร์หรือรายการโทรทัศน์,ถ่ายภาพและวิดีโอลงสื่อโซเชียลมีเดีย",1
"เพื่อการเล่นเป็นงานอดิเรก ความบันเทิง หรือ เพื่อการกีฬา,เพื่อการถ่ายภาพ ถ่ายทำหรือการแสดงในภาพยนตร์หรือรายการโทรทัศน์,video and photos for social media",1
เพื่อใช้สำหรับปฎิบัติภารกิจหลักการไฟฟ้าส่วนภูมิภาคเขต 1 ภาคเหนือ จ.เชียงใหม่,1
เพื่อใช้ถ่ายภาพในหน่วยงานอสังหา,1
"เพื่อการถ่ายภาพ ถ่ายทำหรือการแสดงในภาพยนตร์หรือรายการโทรทัศน์,เพื่อใช้ในการปฏิบัติงานของบริษัท",1
"เพื่อการเล่นเป็นงานอดิเรก ความบันเทิง หรือ เพื่อการกีฬา,Tourist Photos",1
"เพื่อการเล่นเป็นงานอดิเรก ความบันเทิง หรือ เพื่อการกีฬา,เพื่อการถ่ายภาพ ถ่ายทำหรือการแสดงในภาพยนตร์หรือรายการโทรทัศน์,ถ่ายภาพ ถ่ายวิดีโอลงสื่อโซเชียล",1
"เพื่อการถ่ายภาพ ถ่ายทำหรือการแสดงในภาพยนตร์หรือรายการโทรทัศน์,เพื่อใช้สำหรับการปฎิบัติภารกิจของบริษัทฯ",1
"เพื่อการเล่นเป็นงานอดิเรก ความบันเทิง หรือ เพื่อการกีฬา,เพื่อการถ่ายภาพ ถ่ายทำหรือการแสดงในภาพยนตร์หรือรายการโทรทัศน์,เพื่อถ่ายภาพนิ่งและภาพเคลื่อนไหวลงสื่อโซเชียล",1
"เพื่อการเล่นเป็นงานอดิเรก ความบันเทิง หรือ เพื่อการกีฬา,ท่องเที่ยวและกีฬา",1
"เพื่อการเล่นเป็นงานอดิเรก ความบันเทิง หรือ เพื่อการกีฬา,เพื่อถ่ายภาพ ถ่ายวีดิโอ ลงสื่อโซเชียล",1
"เพื่อการเล่นเป็นงานอดิเรก ความบันเทิง หรือ เพื่อการกีฬา,ใช้ถ่ายภาพการผลิตและการส่งไฟฟ้า และอื่นๆ",1
แสดงโดรนโชว์ โดรนแปรอักษรหลายลำพร้อมกัน,1
"เพื่อการถ่ายภาพ ถ่ายทำหรือการแสดงในภาพยนตร์หรือรายการโทรทัศน์,เพื่อใช้ถ่ายสถานที่หน่วยงาน,กิจกรรมของหน่วยงาน",1
"เพื่อการเล่นเป็นงานอดิเรก ความบันเทิง หรือ เพื่อการกีฬา,เพื่อการถ่ายภาพ ถ่ายทำหรือการแสดงในภาพยนตร์หรือรายการโทรทัศน์,เพื่อใช้ในการบันทึกภาพนิ่ง ภาพเคลื่อนไหว(วีดีโอ) ใช่ลงในสื่อออนไลน์ต่างๆ",1
"เพื่อการรายงานเหตุการณ์หรือรายงานจราจร (สื่อมวลชน),เพื่อใช้ในการตรวจวัดความร้อนกองกากอ้อยและใบอ้อย",1
"เพื่อการเล่นเป็นงานอดิเรก ความบันเทิง หรือ เพื่อการกีฬา,เพื่อการถ่ายภาพ ถ่ายทำหรือการแสดงในภาพยนตร์หรือรายการโทรทัศน์,เพื่อบันทึกภาพถ่ายและวิดีโอลงสื่อโซเชียลมิเดีย",1
"เพื่อการเล่นเป็นงานอดิเรก ความบันเทิง หรือ เพื่อการกีฬา,เพื่อการถ่ายภาพ ถ่ายทำหรือการแสดงในภาพยนตร์หรือรายการโทรทัศน์,ถ่ายภาพ ถายวิดีโอ ลงสื่อลงโซเชียล",1
"เพื่อการเล่นเป็นงานอดิเรก ความบันเทิง หรือ เพื่อการกีฬา,เพื่อถ่ายวีดีโอและถ่ายภาพเพื่อลงสื่อโซเชียล",1
"เพื่อการเล่นเป็นงานอดิเรก ความบันเทิง หรือ เพื่อการกีฬา,เพื่อการถ่ายภาพ ถ่ายทำหรือการแสดงในภาพยนตร์หรือรายการโทรทัศน์,เพื่อการเกษตรกรรม,เพื่อส่งเสริมวัฒนธรรมท้องถิ่นและการท่องเที่ยวของประเทศไทย",1
"เพื่อการเล่นเป็นงานอดิเรก ความบันเทิง หรือ เพื่อการกีฬา,เพื่อการถ่ายภาพ ถ่ายทำหรือการแสดงในภาพยนตร์หรือรายการโทรทัศน์,เพื่อถ่ายภาพและวีดีโอ และเผยแพร่ลงในสื่อโซเชียล",1
selfie video,1
"เพื่อการเล่นเป็นงานอดิเรก ความบันเทิง หรือ เพื่อการกีฬา,เพื่อใช้ในงานก่อสร้างถนน",1
"เพื่อการเล่นเป็นงานอดิเรก ความบันเทิง หรือ เพื่อการกีฬา,เพื่อการถ่ายภาพ ถ่ายทำหรือการแสดงในภาพยนตร์หรือรายการโทรทัศน์,เพื่อถ่ายภาพ ถ่ายวีดีโอ ลงสื่อโซเชียลต่างๆ",1
"เพื่อการเล่นเป็นงานอดิเรก ความบันเทิง หรือ เพื่อการกีฬา,เพื่อการถ่ายภาพ ถ่ายทำหรือการแสดงในภาพยนตร์หรือรายการโทรทัศน์,เพื่อการเกษตรกรรม,เพื่อถ่ายภาพ ถ่ายวีดีโอ ลงสื่อ โซเซียล",1
"เพื่อการเล่นเป็นงานอดิเรก ความบันเทิง หรือ เพื่อการกีฬา,เพื่อการถ่ายภาพ ถ่ายทำหรือการแสดงในภาพยนตร์หรือรายการโทรทัศน์,เพื่อถ่ายภาพและวีดิโอลงสื่อโซเชียล",1
"เพื่อการเล่นเป็นงานอดิเรก ความบันเทิง หรือ เพื่อการกีฬา,เพื่อการรายงานเหตุการณ์หรือรายงานจราจร (สื่อมวลชน),เพื่อการถ่ายภาพ ถ่ายทำหรือการแสดงในภาพยนตร์หรือรายการโทรทัศน์,เพื่อการเกษตรกรรม,บันทึก เผยแพร่ ภาพ กิจกรรม ประวัติศาสตร์ สถานที่ของชุมชน",1
"เพื่อการเล่นเป็นงานอดิเรก ความบันเทิง หรือ เพื่อการกีฬา,ใช้ทำสื่อเพื่อการศึกษา มหาวิทยาลัยราชภัฏพระนครศรีอยุธยา",1
"เพื่อการเล่นเป็นงานอดิเรก ความบันเทิง หรือ เพื่อการกีฬา,เพื่อการถ่ายภาพ ถ่ายทำหรือการแสดงในภาพยนตร์หรือรายการโทรทัศน์,เพื่อการเกษตรกรรม,เพื่อการใช้งานบันทึกสื่อในงานราชการ",1
"เพื่อการเล่นเป็นงานอดิเรก ความบันเทิง หรือ เพื่อการกีฬา,เพื่อการถ่ายภาพ ถ่ายทำหรือการแสดงในภาพยนตร์หรือรายการโทรทัศน์,เพื่อใช้ในการโปรโมทสินค้าเครื่องวิทยุคมนาคมที่ใช้ในอากาศยานซึ่งไม่มีนักบิน (Drone) รุ่นใหม่แบรนด์ DJI รุ่น MINI 3 PRO (RC) โมเดลรุ่น (MT3M3VD)",1
"เพื่อการเล่นเป็นงานอดิเรก ความบันเทิง หรือ เพื่อการกีฬา,HOLIDAY MOVIE AND PICTURE",1
"เพื่อการเล่นเป็นงานอดิเรก ความบันเทิง หรือ เพื่อการกีฬา,ถ่ายภาพและวีดีโออสังหาริมทรัพย์",1
"เพื่อการเล่นเป็นงานอดิเรก ความบันเทิง หรือ เพื่อการกีฬา,ลง social media ที่ตัวเองจัดทำ",1
"เพื่อการเล่นเป็นงานอดิเรก ความบันเทิง หรือ เพื่อการกีฬา,เพื่อการถ่ายภาพ ถ่ายทำหรือการแสดงในภาพยนตร์หรือรายการโทรทัศน์,ปฏิบัติงานในพื้นที่ จชต.",1
เพื่อถ่ายภาพ บันทึกวีดิโอ ในการประชาสัมพันธ์กิจกรรม และสำรวจพื้นที่การทำงานขององค์การบริหารส่วนจังหวัดยโสธร,1
"เพื่อการเล่นเป็นงานอดิเรก ความบันเทิง หรือ เพื่อการกีฬา,ถ่ายภาพที่ดิน สถานที่ มุมสูง",1
"เพื่อการถ่ายภาพ ถ่ายทำหรือการแสดงในภาพยนตร์หรือรายการโทรทัศน์,สำรวจหน้างานสำรวจหลังคา",1
เพื่อการถ่ายภาพและสำรวจพื้นที่,1
เพื่อการถ่ายบันทึกที่ดินของบริษัท,1
เพื่อบินสำรวจพื้นที่,1
"เพื่อการเล่นเป็นงานอดิเรก ความบันเทิง หรือ เพื่อการกีฬา,To take photoes or movies submit to SNS",1
"เพื่อการเล่นเป็นงานอดิเรก ความบันเทิง หรือ เพื่อการกีฬา,เพื่อการถ่ายภาพ ถ่ายทำหรือการแสดงในภาพยนตร์หรือรายการโทรทัศน์,ถ่ายภาพและVDO ลงโซเชียล",1
งานบริษัท เช่น ถ่ายดูงานรับเหมามุงหลังคา โครงหลังคา,1
"เพื่อการเล่นเป็นงานอดิเรก ความบันเทิง หรือ เพื่อการกีฬา,เพื่อการถ่ายภาพ ถ่ายทำหรือการแสดงในภาพยนตร์หรือรายการโทรทัศน์,Travel photo and videography for leisure",1
"เพื่อการเล่นเป็นงานอดิเรก ความบันเทิง หรือ เพื่อการกีฬา,เพื่อการถ่ายภาพ ถ่ายทำหรือการแสดงในภาพยนตร์หรือรายการโทรทัศน์,ถ่ายรูป ถ่ายวีดีโอ ลงสื่อโซเชียล",1
ถ่ายภาพในสถานศึกษา,1
"เพื่อการเล่นเป็นงานอดิเรก ความบันเทิง หรือ เพื่อการกีฬา,ถ่ายภาพมุมสูง เพื่อประชาสัมพันธ์กิจกรรมของหน่วยงานราชการ",1
"เพื่อการเล่นเป็นงานอดิเรก ความบันเทิง หรือ เพื่อการกีฬา,เพื่อการถ่ายภาพ ถ่ายทำหรือการแสดงในภาพยนตร์หรือรายการโทรทัศน์,สำหรับใช้ในการท่องเที่ยว",1
"เพื่อการเล่นเป็นงานอดิเรก ความบันเทิง หรือ เพื่อการกีฬา,for private vacation purposes only",1
"เพื่อการเล่นเป็นงานอดิเรก ความบันเทิง หรือ เพื่อการกีฬา,เพื่อการถ่ายภาพ ถ่ายทำหรือการแสดงในภาพยนตร์หรือรายการโทรทัศน์,ถ่ายภาพ วิดีโอ ลงสื่อโซเชียล",1
Family photo and video,1
"เพื่อการเล่นเป็นงานอดิเรก ความบันเทิง หรือ เพื่อการกีฬา,เพื่อการถ่ายภาพ ถ่ายทำหรือการแสดงในภาพยนตร์หรือรายการโทรทัศน์,ถ่ายภาพถ่ายวีดีโอเพื่อลงสื่อโซเชียล",1
"เพื่อการเล่นเป็นงานอดิเรก ความบันเทิง หรือ เพื่อการกีฬา,เพื่อการถ่ายภาพ ถ่ายทำหรือการแสดงในภาพยนตร์หรือรายการโทรทัศน์,Potentially some of the content could be shared on social media",1
ใช้เพื่อถ่ายภาพกิจกรรมในโรงเรียน,1
"เพื่อการถ่ายภาพ ถ่ายทำหรือการแสดงในภาพยนตร์หรือรายการโทรทัศน์,ใช้เพื่อการทำงาน",1
"เพื่อการเล่นเป็นงานอดิเรก ความบันเทิง หรือ เพื่อการกีฬา,เพื่อการรายงานเหตุการณ์หรือรายงานจราจร (สื่อมวลชน),เพื่อการถ่ายภาพ ถ่ายทำหรือการแสดงในภาพยนตร์หรือรายการโทรทัศน์,เพื่อการเกษตรกรรม,เพื่อถ่ายถาพ ถ่ายวีดีโอ ลงสื่อโชเชียล",1
ใช้เพื่อสนับสนุนภารกิจของสำนักงานฯ,1
"เพื่อการเล่นเป็นงานอดิเรก ความบันเทิง หรือ เพื่อการกีฬา,เพื่อการถ่ายภาพ ถ่ายทำหรือการแสดงในภาพยนตร์หรือรายการโทรทัศน์,เพื่อการเกษตรกรรม,To document & monitor growth of plants & trees on my farmland with video & photography",1
"การสำรวจภูมิประเทศ เพื่อนำมาประกอบในงานก่อสร้างเส้นทางคมนาคม และการจัดหาน้ำกินน้ำใช้, งานการพัฒนาและช่วยเหลือประชาชน, การบรรเทาสาธารณภัยที่อาจเกิดขึ้นในสถานที่ต่าง ๆ",1
"เพื่อการเล่นเป็นงานอดิเรก ความบันเทิง หรือ เพื่อการกีฬา,เพื่อการรายงานเหตุการณ์หรือรายงานจราจร (สื่อมวลชน),ช่วยเหลืองานด้านการบรรเทาสาธารณภัย จิตอาสา",1
เพื่อใช้ในการเก็บภาพถ่ายโครงการต่างๆ ที่องค์การบริหารส่วนตำบลโป่งงามได้ดำเนินการและเพื่อใช้ในการอำนวยความสะดวกในการสำรวจพื้นที่เหตุการณ์ต่างๆที่เกิดขึ้นจากภัยธรรมชาติ เพื่อแก้ไขปัญหาในงานได้ทันท่วงทีและบันทึกไว้เป็นข้อมูลตามวัตถุประสงค์ขององค์การบริหารส่วนตำบลโป่งงาม,1
"เพื่อการเล่นเป็นงานอดิเรก ความบันเทิง หรือ เพื่อการกีฬา,ใช้ในการจัดการเรียนการสอน",1
"เพื่อการเล่นเป็นงานอดิเรก ความบันเทิง หรือ เพื่อการกีฬา,เพื่อการถ่ายภาพ ถ่ายทำหรือการแสดงในภาพยนตร์หรือรายการโทรทัศน์,ถ่ายภาพและวิดิโอลงสื่อโซเชียลมีเดีย",1
"เพื่อการรายงานเหตุการณ์หรือรายงานจราจร (สื่อมวลชน),เพื่อการถ่ายภาพ ถ่ายทำหรือการแสดงในภาพยนตร์หรือรายการโทรทัศน์,เพื่อการวิจัยและพัฒนาอากาศยาน เพื่อการพาณิชย์,บินตรวจสอบพื้นที่กู้ภัยและอื่น ๆ",1
"เพื่อการเล่นเป็นงานอดิเรก ความบันเทิง หรือ เพื่อการกีฬา,เพื่อการถ่ายภาพ ถ่ายทำหรือการแสดงในภาพยนตร์หรือรายการโทรทัศน์,เพื่อถ่ายภาพ ถ่ายวิดีโอ ลงโซเชียล ในแพลตฟอร์มต่าง ๆ",1
"เพื่อการเล่นเป็นงานอดิเรก ความบันเทิง หรือ เพื่อการกีฬา,เพื่อการถ่ายภาพ ถ่ายทำหรือการแสดงในภาพยนตร์หรือรายการโทรทัศน์,ใช้ในการถ่ายภาพ วีดีโอ ลงโซเชียล",1
"เพื่อการเล่นเป็นงานอดิเรก ความบันเทิง หรือ เพื่อการกีฬา,เพื่อการถ่ายภาพ ถ่ายทำหรือการแสดงในภาพยนตร์หรือรายการโทรทัศน์,ถ่ายภาพและvdoลงสื่อโซเชียล",1
"เพื่อการเล่นเป็นงานอดิเรก ความบันเทิง หรือ เพื่อการกีฬา,Vacation Pictures and Video",1
เพื่อเก็บภาพความก้าวหน้าแต่ละสัปดาห์ของโครงการก่อสร้างที่ทางบริษัทฯ เป็นผู้รับผิดชอบงาน,1
"เพื่อการเล่นเป็นงานอดิเรก ความบันเทิง หรือ เพื่อการกีฬา,เพื่อบันเทิงและลงวีดีโอและภาพลงสื่อโซเชียล",1
เพื่อใชในการเก็บภาพวีดีโอ รถยนต์อีซูซุ เพื่อใช้ในการทำสื่อส่งเสริมการขายของบริษัท อีซูซุลำปาง จำกัด,1
"เพื่อการเล่นเป็นงานอดิเรก ความบันเทิง หรือ เพื่อการกีฬา,เพื่อการถ่ายภาพ ถ่ายทำหรือการแสดงในภาพยนตร์หรือรายการโทรทัศน์,ตรวจสอบงานหลังคาตึก/บ้าน ถ่ายวีดีโอ ลงสื่อโซเชี่ยล",1
เพื่อใช้ในการทำแผนที่ภาพถ่ายทางอากาศในพื้นที่ของเทศบาลเมืองศิลา,1
เพื่อใช้ในการเรียนการสอน การทำวิจัย งานกิจกรรมและโครงงาน งานบริการวิชาการ,1
"เพื่อการเล่นเป็นงานอดิเรก ความบันเทิง หรือ เพื่อการกีฬา,เพื่อการถ่ายภาพ ถ่ายทำหรือการแสดงในภาพยนตร์หรือรายการโทรทัศน์,เพื่อใช้ในงานประชาสัมพันธ์ขององค์การบริหารส่วนตำบลคลองสาม",1
"เพื่อการเกษตรกรรม,ถ่ายวีดีโอภาพเคลื่อนไหว(ลงซื่อโซเซียว)",1
"เพื่อการเล่นเป็นงานอดิเรก ความบันเทิง หรือ เพื่อการกีฬา,ถ่ายภาพประชาสัมพันธ์ในหน่วยงาน",1
"เพื่อการเล่นเป็นงานอดิเรก ความบันเทิง หรือ เพื่อการกีฬา,เพื่อการถ่ายภาพ ถ่ายทำหรือการแสดงในภาพยนตร์หรือรายการโทรทัศน์,เพื่อถ่ายภาพ วีดีโอลงโซเชียลมีเดีย",1
"เพื่อการเล่นเป็นงานอดิเรก ความบันเทิง หรือ เพื่อการกีฬา,เพื่อการถ่ายภาพ ถ่ายทำหรือการแสดงในภาพยนตร์หรือรายการโทรทัศน์,เพื่อลงสื่อโซเชียลทั้งภาพและวีดีโอ",1
"เพื่อการเล่นเป็นงานอดิเรก ความบันเทิง หรือ เพื่อการกีฬา,ถ่ายภาพงานสำรวจหลังคาและงานภาคพื้นดิน ถ่ายภาพมุมสูงดาดฟ้าอาคารและงานที่เกี่ยวข้อง",1
"เพื่อการเล่นเป็นงานอดิเรก ความบันเทิง หรือ เพื่อการกีฬา,เพื่อการถ่ายภาพ ถ่ายทำหรือการแสดงในภาพยนตร์หรือรายการโทรทัศน์,เพื่อถ่ายภาพ ถ่ายวีดีโอ ลงสื่อโซเชียล สำรวจพื้นที่การทำงานของกิจการบริษัท",1
"เพื่อการเล่นเป็นงานอดิเรก ความบันเทิง หรือ เพื่อการกีฬา,holiday Videos",1
"เพื่อการถ่ายภาพ ถ่ายทำหรือการแสดงในภาพยนตร์หรือรายการโทรทัศน์,งานวิจัยในประเด็นการพัฒนาการท่องเที่ยวโดยชุมชน",1
"เพื่อการเล่นเป็นงานอดิเรก ความบันเทิง หรือ เพื่อการกีฬา,เพื่อการถ่ายภาพทรัพย์สิน ประเภทอสังหาริมทรัพย์ ใช้ในการประเมินมูลค่าทรัพย์สิน",1
"เพื่อการเล่นเป็นงานอดิเรก ความบันเทิง หรือ เพื่อการกีฬา,เพื่อการถ่ายภาพ ถ่ายทำหรือการแสดงในภาพยนตร์หรือรายการโทรทัศน์,เพื่อถ่ายภาพ ถ่ายวีดีโอ ลงสื่อโซเวียล",1
"เพื่อการเล่นเป็นงานอดิเรก ความบันเทิง หรือ เพื่อการกีฬา,เพื่อการถ่ายภาพ ถ่ายทำหรือการแสดงในภาพยนตร์หรือรายการโทรทัศน์,เพื่อ?ถ่าย?ภาพ? ถ่าย?วีดีโอ? ลงสื่อ?โซเชียล?",1
"เพื่อการเล่นเป็นงานอดิเรก ความบันเทิง หรือ เพื่อการกีฬา,เพื่อการถ่ายภาพ ถ่ายทำหรือการแสดงในภาพยนตร์หรือรายการโทรทัศน์,เพื่อใช้สำรวจหน้างาน",1
ใช้ในงานวิศวกรรมสำรวจ,1
งานประชาสัมพันธ์โรงเรียน,1
เพื่อถ่ายภาพ ถ่ายวีดีโอ เพื่อทำการตลาดและพัฒนาอสังหาริมทรัพย์,1
"เพื่อการเล่นเป็นงานอดิเรก ความบันเทิง หรือ เพื่อการกีฬา,เพื่อการวิจัยและพัฒนาอากาศยาน เพื่อการพาณิชย์,เพื่อถ่ายภาพ ถ่ายวีดีโอ ลงสื่อโซเชียล สำรวจพื้นที่การทำงานของกิจการบริษัท",1
"เพื่อการเล่นเป็นงานอดิเรก ความบันเทิง หรือ เพื่อการกีฬา,ถ่ายงานอสังหาริมทรัพย์",1
"เพื่อการถ่ายภาพ ถ่ายทำหรือการแสดงในภาพยนตร์หรือรายการโทรทัศน์,เพื่อใช้ในกิจการของ บริษัท ฟูจิโคคิ (ประเทศไทย) จำกัด",1
ถ่ายภาพการก่อสร้างโครงการไว้ใช้ในบริษัท,1
ผลิตสื่อประชาสัมพันธ์,1
ถ่ายรูป (เพื่อเป็นประวัติการทำงานมุมสูง),1
"เพื่อการเล่นเป็นงานอดิเรก ความบันเทิง หรือ เพื่อการกีฬา,For my own archve",1
"เพื่อการเล่นเป็นงานอดิเรก ความบันเทิง หรือ เพื่อการกีฬา,เพื่อการถ่ายภาพ ถ่ายทำหรือการแสดงในภาพยนตร์หรือรายการโทรทัศน์,เพื่อการถ่ายภาพหรือวีดีโอลงโซเชียลมีเดีย",1
เพื่อใช้ในงานสำรวจของงานกองช่าง,1
เพื่อการทำระบบแผนที่ GIS,1
เพื่อนำไปใช้ในการปฏิบัติงานตามภารกิจงานของเทศบาลเมืองศรีสะเกษ,1
"เพื่อการเล่นเป็นงานอดิเรก ความบันเทิง หรือ เพื่อการกีฬา,Take photos and videos on social media",1
เพื่อตรวจสอบสภาพแวดล้อมโครงการปลูกป่าของบริษัท,1
"เพื่อการเล่นเป็นงานอดิเรก ความบันเทิง หรือ เพื่อการกีฬา,เพื่อการถ่ายภาพ ถ่ายทำหรือการแสดงในภาพยนตร์หรือรายการโทรทัศน์,โพสลงโซเชียล",1
"เพื่อการเล่นเป็นงานอดิเรก ความบันเทิง หรือ เพื่อการกีฬา,เพื่อการลงสื่อโซเซียล",1
"เพื่อการเล่นเป็นงานอดิเรก ความบันเทิง หรือ เพื่อการกีฬา,เพื่อการรายงานเหตุการณ์หรือรายงานจราจร (สื่อมวลชน),เพื่อการถ่ายภาพ ถ่ายทำหรือการแสดงในภาพยนตร์หรือรายการโทรทัศน์,เพื่อถ่ายภาพ ถ่ายวีดีโอ ลงสื่อสังคมออนไลน์",1
"เพื่อการเล่นเป็นงานอดิเรก ความบันเทิง หรือ เพื่อการกีฬา,ใช้ถ่ายภาพการก่อสร้างอาคารที่ไม่ใช่ที่พักอาศัยและอื่นๆ",1
เพื่อการประเมินสถานการณ์กู้ภัยกู้ชีพ,1
"เพื่อการเล่นเป็นงานอดิเรก ความบันเทิง หรือ เพื่อการกีฬา,เพื่อการรายงานเหตุการณ์หรือรายงานจราจร (สื่อมวลชน),เพื่อการถ่ายภาพ ถ่ายทำหรือการแสดงในภาพยนตร์หรือรายการโทรทัศน์,ถ่ายภาพนิ่ง ภาพวิดีโอ ลงสื่อโซเชียล",1
"เพื่อการเล่นเป็นงานอดิเรก ความบันเทิง หรือ เพื่อการกีฬา,เพื่อถ่ายภาพ/วิดีโอ ลงสื่อโซเชียล",1
"เพื่อการเล่นเป็นงานอดิเรก ความบันเทิง หรือ เพื่อการกีฬา,เพื่อถ่ายภาพ ซื้อขายที่ดิน",1
"เพื่อการเล่นเป็นงานอดิเรก ความบันเทิง หรือ เพื่อการกีฬา,ถ่ายรูปและวีดีโอลงสื่อโซเชียล",1
"เพื่อการเล่นเป็นงานอดิเรก ความบันเทิง หรือ เพื่อการกีฬา,เพื่อการถ่ายภาพ ถ่ายทำหรือการแสดงในภาพยนตร์หรือรายการโทรทัศน์,ถ่ายภาพ ถ่ายวีดีโอ ลงโซเชล",1
"เพื่อการเล่นเป็นงานอดิเรก ความบันเทิง หรือ เพื่อการกีฬา,I do a road trip I start by Ayutthaya, Chiang Mai, Chiang Rai to Laos country (under 30 days)",1
"เพื่อการเล่นเป็นงานอดิเรก ความบันเทิง หรือ เพื่อการกีฬา,เพื่อการถ่ายภาพ ถ่ายทำหรือการแสดงในภาพยนตร์หรือรายการโทรทัศน์,ใช้บินสำรวจหรือตรวจสอบอาคาร",1
"เพื่อการเล่นเป็นงานอดิเรก ความบันเทิง หรือ เพื่อการกีฬา,เพื่อการถ่ายภาพ ถ่ายทำหรือการแสดงในภาพยนตร์หรือรายการโทรทัศน์,เพื่องานวางแผนติดตั้งแผงโซลาเซลล์",1
"เพื่อการเล่นเป็นงานอดิเรก ความบันเทิง หรือ เพื่อการกีฬา,เพื่อการถ่ายภาพ ถ่ายทำหรือการแสดงในภาพยนตร์หรือรายการโทรทัศน์,เพื่อบันทึกภาพนิ่ง และภาพเคลื่อนไหว เข้าสู่ระบบคอมพิวเตอร์ (โดยไม่ขัดต่อกฎหมาย)",1
ใช้สำหรับถ่ายงานก่อสร้าง,1
เพื่อเก็บรูปโซล่าเซลล์,1
"เพื่อการรายงานเหตุการณ์หรือรายงานจราจร (สื่อมวลชน),เพื่อการถ่ายภาพ ถ่ายทำหรือการแสดงในภาพยนตร์หรือรายการโทรทัศน์,เพื่อการวิจัยและพัฒนาอากาศยาน เพื่อการพาณิชย์,เพื่อการเกษตรกรรม,เพื่อการวิจัย ทดลอง ทดสอบ ตามประกาศ กสทช.,ตามภาระกิจ อำนาจหน้าที่ของหน่วยงาน",1
เพื่อการถ่ายภาพงานที่บริษัทรับผิดชอบ เพื่อเก็บเป็นผลงานของบริษัท,1
"เพื่อการเล่นเป็นงานอดิเรก ความบันเทิง หรือ เพื่อการกีฬา,เพื่อการถ่ายภาพ ถ่ายทำหรือการแสดงในภาพยนตร์หรือรายการโทรทัศน์,เพื่อการถ่ายภาพ และวิดีโอ ลงโซเชียล",1
เพื่อการสำรวจแนวเขตที่ดิน และสิ่งปลูกสร้าง ที่อยู่ในเขตที่ดินการรถไฟ ฯ,1
เพื่อใช้ในการบริหารจัดการในองค์การบริหารส่วนตำบลดอนแก้ว ในการเก็บภาพถ่ายการทำงานที่เกี่ยวข้องในการออกสำรวจบันทึกภาพและวีดีทัศน์เหตุการต่างๆที่เกิดขึ้นตลอดจนภารกิจในการกู้ภัย และสำรวจไฟป่า รวมถึงใช้ในการประชาสัมพันองค์กร และเป็นข้อมูลสำหรับวางแผนในการบำบัดทุกข์บำรงสุขให้แก่ประชาชนในเขตพื้นที่,1
"เพื่อการเล่นเป็นงานอดิเรก ความบันเทิง หรือ เพื่อการกีฬา,เพื่อถ่ายภาพและวิดีโอ ลงสื่อโซเชียล",1
"เพื่อการเล่นเป็นงานอดิเรก ความบันเทิง หรือ เพื่อการกีฬา,เพื่อการเกษตรกรรม,ทำวิดิโอเพื่อการประชาสัมพันธ์การทำงานและช่วยเกษตรกรลดการเผาอ้อย ลงยูทูป",1
"เพื่อการเล่นเป็นงานอดิเรก ความบันเทิง หรือ เพื่อการกีฬา,เพื่อการถ่ายภาพ ถ่ายทำหรือการแสดงในภาพยนตร์หรือรายการโทรทัศน์,ถ่ายภาพvdoลงโซเชียล",1
"เพื่อการเล่นเป็นงานอดิเรก ความบันเทิง หรือ เพื่อการกีฬา,เพื่อวิจัย/ศึกษา",1
ถ่ายภาพ / วีดีโอ รับเหมาก่อสร้าง,1
"เพื่อการเล่นเป็นงานอดิเรก ความบันเทิง หรือ เพื่อการกีฬา,เพื่อการถ่ายภาพ ถ่ายทำหรือการแสดงในภาพยนตร์หรือรายการโทรทัศน์,just photos of my family",1
"เพื่อการเล่นเป็นงานอดิเรก ความบันเทิง หรือ เพื่อการกีฬา,เพื่อการรายงานเหตุการณ์หรือรายงานจราจร (สื่อมวลชน),เพื่อการเกษตรกรรม,เพื่อการวิจัย ทดลอง ทดสอบ ตามประกาศ กสทช.",1
"เพื่อการเล่นเป็นงานอดิเรก ความบันเทิง หรือ เพื่อการกีฬา,เพื่อการถ่ายภาพ ถ่ายทำหรือการแสดงในภาพยนตร์หรือรายการโทรทัศน์,เพื่อการเกษตรกรรม,เพื่อถ่ายภาพ ถ่ายวีดีโอลงสื่อโซเชียล",1
"เพื่อการเล่นเป็นงานอดิเรก ความบันเทิง หรือ เพื่อการกีฬา,เพื่อการถ่ายภาพ ถ่ายทำหรือการแสดงในภาพยนตร์หรือรายการโทรทัศน์,กล้องถ่ายภาพเคลื่อนไหว (กล้องวีดีโอ)",1
"เพื่อการเล่นเป็นงานอดิเรก ความบันเทิง หรือ เพื่อการกีฬา,เพื่อการถ่ายภาพ ถ่ายทำหรือการแสดงในภาพยนตร์หรือรายการโทรทัศน์,ถ่ายภาพและวีดีโอลงสื่อโซเชีบล",1
"เพื่อการถ่ายภาพ ถ่ายทำหรือการแสดงในภาพยนตร์หรือรายการโทรทัศน์,เพื่อการเกษตรกรรม,ใส่ปุ๋ยบำรุงพืช",1
"เพื่อการเล่นเป็นงานอดิเรก ความบันเทิง หรือ เพื่อการกีฬา,เพื่อการรายงานเหตุการณ์หรือรายงานจราจร (สื่อมวลชน),เพื่อการถ่ายภาพ ถ่ายทำหรือการแสดงในภาพยนตร์หรือรายการโทรทัศน์,รับถ่ายภาพทั่วไป",1
"เพื่อการเล่นเป็นงานอดิเรก ความบันเทิง หรือ เพื่อการกีฬา,เพื่อการถ่ายภาพ ถ่ายทำหรือการแสดงในภาพยนตร์หรือรายการโทรทัศน์,เพื่อถ่ายภาพ ถายวีดีโอ ลงสื่อโซเชียล",1
เพื่อใช้ถ่ายรูปและวีดีโอ สนับสนุนการดีบเพลิงและกู้ภัย,1
"เพื่อการเล่นเป็นงานอดิเรก ความบันเทิง หรือ เพื่อการกีฬา,เพื่อการถ่ายภาพ ถ่ายทำหรือการแสดงในภาพยนตร์หรือรายการโทรทัศน์,ถ่ายภาพ วิดีโอ เพื่อใช้ทางโซเชียล",1
"เพื่อการเล่นเป็นงานอดิเรก ความบันเทิง หรือ เพื่อการกีฬา,ถ่ายภาพ ถ่ายวีดิโอ ลงสื่อโซเชียล",1
"เพื่อการถ่ายภาพ ถ่ายทำหรือการแสดงในภาพยนตร์หรือรายการโทรทัศน์,เพื่อใช้ในงานประชาสัมพันธ์กิจกรรมต่าง ๆ ที่จัดขึ้นโดยโรงเรียนดอยเต่าวิทยาคม",1
"เพื่อการเล่นเป็นงานอดิเรก ความบันเทิง หรือ เพื่อการกีฬา,ใช้ถ่ายภาพงานก่อสร้าง",1
เพื่อใช้ในงานขององค์การบริหารส่วนจังหวัดอุดรธานี,1
"เพื่อการเล่นเป็นงานอดิเรก ความบันเทิง หรือ เพื่อการกีฬา,เพื่อการรายงานเหตุการณ์หรือรายงานจราจร (สื่อมวลชน),เพื่อการถ่ายภาพ ถ่ายทำหรือการแสดงในภาพยนตร์หรือรายการโทรทัศน์,ถ่ายภาพและวีดิโอลงสื่อโซเชียล",1
"เพื่อการถ่ายภาพ ถ่ายทำหรือการแสดงในภาพยนตร์หรือรายการโทรทัศน์,บันทึกกิจกรรมการเรียนการสอนและกิจกรรมต่างๆ",1
"เพื่อการเล่นเป็นงานอดิเรก ความบันเทิง หรือ เพื่อการกีฬา,เพื่อการถ่ายภาพ ถ่ายทำหรือการแสดงในภาพยนตร์หรือรายการโทรทัศน์,เพื่อการถ่ายภาพ ถ่ายวีดีโอลงสื่อโซเชียล",1
"เพื่อการเล่นเป็นงานอดิเรก ความบันเทิง หรือ เพื่อการกีฬา,เพื่อการถ่ายภาพ ถ่ายทำหรือการแสดงในภาพยนตร์หรือรายการโทรทัศน์,เพื่อการถ่ายภาพ ถ่ายทำการแสดงลงในโซเชียลมีเดีย",1
"เพื่อการเล่นเป็นงานอดิเรก ความบันเทิง หรือ เพื่อการกีฬา,เพื่อการถ่ายภาพ ถ่ายทำหรือการแสดงในภาพยนตร์หรือรายการโทรทัศน์,เพื่อถ่ายภาพ ถ่ายวีดีโอ ลงสื่อ Social",1
"เพื่อการเล่นเป็นงานอดิเรก ความบันเทิง หรือ เพื่อการกีฬา,เพื่อการถ่ายภาพ ถ่ายทำหรือการแสดงในภาพยนตร์หรือรายการโทรทัศน์,ถ่ายภาพมุมสูงงานก่อสร้าง สำรวจตรวจสอบงานอาคารต่างๆ",1
"เพื่อการเล่นเป็นงานอดิเรก ความบันเทิง หรือ เพื่อการกีฬา,เพื่อการถ่ายภาพ ถ่ายทำหรือการแสดงในภาพยนตร์หรือรายการโทรทัศน์,เพื่อถ่ายภาพ ถ่ายวVDO ลงสื่อโซเชี่ยว",1
"เพื่อการเล่นเป็นงานอดิเรก ความบันเทิง หรือ เพื่อการกีฬา,Turism",1
"เพื่อการเล่นเป็นงานอดิเรก ความบันเทิง หรือ เพื่อการกีฬา,เพื่อการถ่ายภาพ ถ่ายทำหรือการแสดงในภาพยนตร์หรือรายการโทรทัศน์,Property",1
"เพื่อการถ่ายภาพ ถ่ายทำหรือการแสดงในภาพยนตร์หรือรายการโทรทัศน์,เพื่อป้องกันภัยไฟป่า",1
ทดสอบรับรองมาตรฐาน,1
"เพื่อการเล่นเป็นงานอดิเรก ความบันเทิง หรือ เพื่อการกีฬา,เพื่อการถ่ายภาพ ถ่ายทำหรือการแสดงในภาพยนตร์หรือรายการโทรทัศน์,เพื่อการถ่ายภาพมุมสูง เพื่อใช้รายงานความคืบหน้างาน",1
เพื่อสำรวจและจัดทำข้อมูลขององค์การบริหารส่วนจังหวัดนครราชสีมา,1
ใช้งานถ่ายภาพมุมสูง เพื่อออกแบบงานระบบโซล่าเซลล์ และระบบสื่อสาร,1
"เพื่อการเล่นเป็นงานอดิเรก ความบันเทิง หรือ เพื่อการกีฬา,เพื่อการถ่ายภาพ ถ่ายทำหรือการแสดงในภาพยนตร์หรือรายการโทรทัศน์,Holiday Footage",1
"เพื่อบริการวิชาการ,การเรียน การสอน,การวิจัย",1
- เพื่อบันทึกภาพมุมสูงที่มีมุมกว้างทั่วถึงและชัดเจนในการประชาสัมพันธ์ข่าวสารในวาระต่างๆ ให้แก่ประชาชนทั่วไปรับทราบเกี่ยวกับการศึกษา -เพื่อใช้ในการผลิตสื่อวีดีทัศน์สำหรับเผยแพร่ประชาสัมพันธ์  ตามนโยบายของกระทรวงศึกษาธิการ,1
"เพื่อการเล่นเป็นงานอดิเรก ความบันเทิง หรือ เพื่อการกีฬา,เพื่อการถ่ายภาพ ถ่ายทำหรือการแสดงในภาพยนตร์หรือรายการโทรทัศน์,เพื่อถ่ายภาพและถ่ายวิดีโอ ลงสื่อโซเซียล",1
"เพื่อการเล่นเป็นงานอดิเรก ความบันเทิง หรือ เพื่อการกีฬา,ถ่ายภาพบรรยาการท่องเที่ยว",1
"เพื่อการเล่นเป็นงานอดิเรก ความบันเทิง หรือ เพื่อการกีฬา,เพื่อการถ่ายภาพ ถ่ายทำหรือการแสดงในภาพยนตร์หรือรายการโทรทัศน์,เพื่อการถ่ายภาพเคลื่อนไหว และภาพนิ่ง สำหรับเผยแพร่ผ่านทางโซเชียลมีเดีย",1
"เพื่อการถ่ายภาพ ถ่ายทำหรือการแสดงในภาพยนตร์หรือรายการโทรทัศน์,ถ่ายภาพ วิดีโอสำหรับการประกอบธุรกิจ",1
"เพื่อการเล่นเป็นงานอดิเรก ความบันเทิง หรือ เพื่อการกีฬา,เพื่อการรายงานเหตุการณ์หรือรายงานจราจร (สื่อมวลชน),เพื่อใช้ในงานอดเรก ความบันเทิง และการสืบสวนสอบสวนเป้าหมายที่เป็นภัยต่อความมั่นคงของชาติ",1
"เพื่อการเล่นเป็นงานอดิเรก ความบันเทิง หรือ เพื่อการกีฬา,เพื่อการถ่ายภาพ ถ่ายทำหรือการแสดงในภาพยนตร์หรือรายการโทรทัศน์,ถ่ายลงโซเชียลมีเดีย Facebook Tiktok IG",1
เพื่อการวางแผนการใช้ประโยชน์ที่ดิน,1
ใช้ตรวจตรา ลาดตระเวน,1
เพื่อสำรวจพื้นที่น้ำท่วมและการจัดทำแผนที่ภาษีและทะเบียนทรัพย์สิน,1
"เพื่อการเล่นเป็นงานอดิเรก ความบันเทิง หรือ เพื่อการกีฬา,เพื่อการถ่ายภาพ ถ่ายทำหรือการแสดงในภาพยนตร์หรือรายการโทรทัศน์,เพื่อถ่ายภาพ ถ่ายวิโอ อำนวยความสะดวกในการบันทึกภาพพื้นที่บริษัท",1
เพื่อใช้ในกิจการตามภารกิจของเทศบาลตำบลลี้ เช่น การถ่ายภาพการจัดกิจกรรม/โครงการ การจัดงานตามประเพณีท้องถิ่น การถ่ายภาพรายงานเหตุการณ์สาธารณภัยต่างๆ ที่เกิดขึ้นในพื้นที่ งานประชาสัมพันธ์เพื่อให้ประชาชนทราบและงานอื่นๆ ตามอำนาจหน้าที่,1
"เพื่อการถ่ายภาพ ถ่ายทำหรือการแสดงในภาพยนตร์หรือรายการโทรทัศน์,ถ่ายภาพ ถ่ายวิดีโอ บริเวณบริษัท",1
ถ่ายสิ่งปลูกสร้างในพื้นที่ตนเอง,1
holiday memories,1
"เพื่อการเล่นเป็นงานอดิเรก ความบันเทิง หรือ เพื่อการกีฬา,เพื่อการถ่ายภาพ ถ่ายทำหรือการแสดงในภาพยนตร์หรือรายการโทรทัศน์,เพื่อถ่ายภาพนิ่ง ถ่ายภาพเคลื่อนไหว ลงสื่อโซเชี่ยล",1
"เพื่อการเล่นเป็นงานอดิเรก ความบันเทิง หรือ เพื่อการกีฬา,Foto and Video for privat purpose.",1
"เพื่อการเล่นเป็นงานอดิเรก ความบันเทิง หรือ เพื่อการกีฬา,ใช้ในการเซอร์เวย์ไซท์งานก่อสร้างและงานโซล่าเซล",1
"เพื่อการเล่นเป็นงานอดิเรก ความบันเทิง หรือ เพื่อการกีฬา,เพื่อการถ่ายภาพ ถ่ายทำหรือการแสดงในภาพยนตร์หรือรายการโทรทัศน์,กิจกรรมงานราชการของสถานศึกษา",1
Aerial video and photo for education purpose,1
"เพื่อการเล่นเป็นงานอดิเรก ความบันเทิง หรือ เพื่อการกีฬา,เพื่อการถ่ายภาพ ถ่ายทำหรือการแสดงในภาพยนตร์หรือรายการโทรทัศน์,เพื่อถ่ายภาพถ่าย วีดีโอลง โซเชียล",1
"เพื่อการเล่นเป็นงานอดิเรก ความบันเทิง หรือ เพื่อการกีฬา,ใช้ถ่ายภาพและวิดีโอลงโซเซียล",1
"เพื่อการเล่นเป็นงานอดิเรก ความบันเทิง หรือ เพื่อการกีฬา,เพื่อการรายงานเหตุการณ์หรือรายงานจราจร (สื่อมวลชน),เพื่อการถ่ายภาพ ถ่ายทำหรือการแสดงในภาพยนตร์หรือรายการโทรทัศน์,บันทึกวีดีโอภาพถ่ายลงโซเชียลมิเดีย และสืบสวนสอบสวนเป้าหมายที่เป็นภัยความมั่นคงของชาติ",1
"เพื่อการเล่นเป็นงานอดิเรก ความบันเทิง หรือ เพื่อการกีฬา,เพื่อการถ่ายภาพ ถ่ายทำหรือการแสดงในภาพยนตร์หรือรายการโทรทัศน์,จำหน่ายภาพสต็อค",1
"เพื่อการเล่นเป็นงานอดิเรก ความบันเทิง หรือ เพื่อการกีฬา,เพื่อการถ่ายภาพ ถ่ายทำหรือการแสดงในภาพยนตร์หรือรายการโทรทัศน์,เพื่อศึกษาการทำงานและเขียนโปรแกรมควบคุมโดรน",1
"เพื่อการเล่นเป็นงานอดิเรก ความบันเทิง หรือ เพื่อการกีฬา,เพื่อการถ่ายภาพ ถ่ายทำหรือการแสดงในภาพยนตร์หรือรายการโทรทัศน์,เพื่อถ่ายภาพ วิดีโอ",1
"เพื่อการเล่นเป็นงานอดิเรก ความบันเทิง หรือ เพื่อการกีฬา,เพื่อการถ่ายภาพ ถ่ายทำหรือการแสดงในภาพยนตร์หรือรายการโทรทัศน์,For my non-monetized YouTube channel.",1
"เพื่อการเล่นเป็นงานอดิเรก ความบันเทิง หรือ เพื่อการกีฬา,เพื่อการถ่ายภาพ ถ่ายทำหรือการแสดงในภาพยนตร์หรือรายการโทรทัศน์,tourism",1
ใช้ในหน่วยงานราชการทหาร,1
เพื่อถ่ายภาพใน Site งาน,1
"เพื่อการเล่นเป็นงานอดิเรก ความบันเทิง หรือ เพื่อการกีฬา,เพื่อการถ่ายภาพ ถ่ายทำหรือการแสดงในภาพยนตร์หรือรายการโทรทัศน์,เพื่อติดตามพื้นที่โครงการและดูการเปลี่ยนแปลง",1
"เพื่อการเล่นเป็นงานอดิเรก ความบันเทิง หรือ เพื่อการกีฬา,เพื่อการถ่ายภาพ ถ่ายทำหรือการแสดงในภาพยนตร์หรือรายการโทรทัศน์,ถ่ายภาพลงสื่อโซเชี่ยลมีเดีย Youtube Facebook Tiktok instagram และอื่นๆ",1
เพื่อใช้ในการตรวจสอบและบำรุงรักษาระบบงาน Solar Rooftop,1
Photography/filming for private use.,1
"เพื่อการเล่นเป็นงานอดิเรก ความบันเทิง หรือ เพื่อการกีฬา,เพื่อการถ่ายภาพ ถ่ายทำหรือการแสดงในภาพยนตร์หรือรายการโทรทัศน์,เพื่อถ่ายภาพ ถ่ายวีดีโอ ลงสื่อโวเชียล",1
"เพื่อการเล่นเป็นงานอดิเรก ความบันเทิง หรือ เพื่อการกีฬา,No commercial use",1
บินตามภารกิจของทางหน่วยงาน,1
เพื่อใช้ในการปฏิบัติราชการของกองช่าง องค์การบริหารส่วนจังหวัดหนองคาย,1
"เพื่อการเล่นเป็นงานอดิเรก ความบันเทิง หรือ เพื่อการกีฬา,เพื่อการถ่ายภาพ ถ่ายทำหรือการแสดงในภาพยนตร์หรือรายการโทรทัศน์,ใช้เพื่อถ่ายรูป ถ่ายวีดีโอ ลงโซเชี่ยว",1
"เพื่อการเล่นเป็นงานอดิเรก ความบันเทิง หรือ เพื่อการกีฬา,เพื่อการถ่ายภาพ ถ่ายทำหรือการแสดงในภาพยนตร์หรือรายการโทรทัศน์,Hobby Photography",1
เพื่อกิจการของบริษัท,1
"เพื่อการเล่นเป็นงานอดิเรก ความบันเทิง หรือ เพื่อการกีฬา,เพื่อการถ่ายภาพ ถ่ายทำหรือการแสดงในภาพยนตร์หรือรายการโทรทัศน์,ถ่ายภาพ วีดีโอ ท่องเที่ยว ลงโซเชียล",1
"เพื่อการเล่นเป็นงานอดิเรก ความบันเทิง หรือ เพื่อการกีฬา,เพื่อการวิจัยและพัฒนาอากาศยาน เพื่อการพาณิชย์,เพื่อถ่ายถาพ ถ่ายวีดิโอ",1
"เพื่อการเล่นเป็นงานอดิเรก ความบันเทิง หรือ เพื่อการกีฬา,เพื่อการถ่ายภาพ ถ่ายทำหรือการแสดงในภาพยนตร์หรือรายการโทรทัศน์,Holidays",1
"เพื่อการเล่นเป็นงานอดิเรก ความบันเทิง หรือ เพื่อการกีฬา,เพื่อการถ่ายภาพ ถ่ายทำหรือการแสดงในภาพยนตร์หรือรายการโทรทัศน์,เพื่อการเกษตรกรรม,ถ่ายภาพนิ่งและภาพเคลื่อนไหว(วิดีโอ)เผยแพร่ในโซเชียล",1
เพื่อใช้ในการเก็บภาพถ่ายมุมสูง และสำรวจเหตุการณ์ต่างๆที่เกิดจากภัยธรรมชาติ เพื่อแก้ไขปัญหาในพื้นที่ได้ทันท่วงทีและตรงตามวัตถุประสงค์ รวมถึงบันทึกภาพต่างๆเพื่อใช้ในการประชาสัมพันธ์โครงการและกิจกรรมของเทศบาลตำบลป่าซาง,1
เพื่อถ่ายภาพหน้างานของการทำงาน (งานถมดิน),1
"เพื่อการเล่นเป็นงานอดิเรก ความบันเทิง หรือ เพื่อการกีฬา,เพื่อการถ่ายภาพ ถ่ายทำหรือการแสดงในภาพยนตร์หรือรายการโทรทัศน์,ถ่ายภาพนิ่ง ภาพเคลื่อนไหว ในพื้นที่ที่มีการออกแบบอาคารและบริบทรอบๆ",1
"เพื่อการเล่นเป็นงานอดิเรก ความบันเทิง หรือ เพื่อการกีฬา,เพื่อการรายงานเหตุการณ์หรือรายงานจราจร (สื่อมวลชน),เพื่อการถ่ายภาพ ถ่ายทำหรือการแสดงในภาพยนตร์หรือรายการโทรทัศน์,เพื่อการวิจัยและพัฒนาอากาศยาน เพื่อการพาณิชย์,เพื่อการวิจัย ทดลอง ทดสอบ ตามประกาศ กสทช.,เพื่องานบริการในการรับจ้างถ่ายภาพ ถ่ายทำ หรือการถ่ายวิดีทัศน์ (เชิงพาณิชย์)",1
ใช้สำหรับถ่ายบันทึกโครงสร้าง สภาพภายนอกของหลังคาบ้าน อาคาร เพื่อการสำรวจ ติดตั้ง และซ่อมแซม ระบบ Solar Roof,1
"เพื่อการเล่นเป็นงานอดิเรก ความบันเทิง หรือ เพื่อการกีฬา,เพื่อการถ่ายภาพ ถ่ายทำหรือการแสดงในภาพยนตร์หรือรายการโทรทัศน์,เพื่อถ่ายภาพ ถ่ายวีดีโอ ถ่ายสารคดี ลงสื่อลงโซเชียล",1
"เพื่อการเล่นเป็นงานอดิเรก ความบันเทิง หรือ เพื่อการกีฬา,เพื่อการถ่ายภาพ ถ่ายทำหรือการแสดงในภาพยนตร์หรือรายการโทรทัศน์,เพื่อถ่ายภาพ ถ่ายวิดีโอลง โซเชียล",1
"เพื่อการเล่นเป็นงานอดิเรก ความบันเทิง หรือ เพื่อการกีฬา,เพื่อการถ่ายภาพ ถ่ายทำหรือการแสดงในภาพยนตร์หรือรายการโทรทัศน์,ถ่ายภาพ ถ่ายวิดีโอ ลงสื่อโซเซียล",1
ใช้สำรวจตรวจสอบที่ดิน เพื่อประกอบการทำงานในการจัดซื้อที่ดิน,1
"เพื่อการเล่นเป็นงานอดิเรก ความบันเทิง หรือ เพื่อการกีฬา,เพื่อการถ่ายภาพ ถ่ายทำหรือการแสดงในภาพยนตร์หรือรายการโทรทัศน์,การถ่ายภาพ ถ่ายวีดีโอ เพื่อการสร้างสรรค์สื่อดิจิทัลเผยแพร่ลงบนเครือข่ายสังคมออนไลน์",1
"เพื่อการเล่นเป็นงานอดิเรก ความบันเทิง หรือ เพื่อการกีฬา,เพื่อการถ่ายภาพ ถ่ายทำหรือการแสดงในภาพยนตร์หรือรายการโทรทัศน์,- เพื่อถ่ายภาพ ถ่ายวีดีโอ งานต่างๆลงสื่อโซเชียล - เพื่อถ่ายภาพ ถ่ายวีดีโอ พิกัดตำแหน่ง แผนที่แปลงที่ดินทางอากาศ",1
เพื่อถ่ายภาพและวีดีทัศน์ของโรงเรียน,1
ประกอบการศึกษารายงาน,1
ใช้ถ่ายรูปเพื่อยืนยันขอขนานไฟ กับการไฟฟ้า และ ใช้ในการถ่ายภาพเพื่อโฆษณาผลงานของบริษัทฯ,1
ถ่ายภาพความคืบหน้าการก่อสร้าง,1
"เพื่อการเล่นเป็นงานอดิเรก ความบันเทิง หรือ เพื่อการกีฬา,เพื่อการถ่ายภาพ ถ่ายทำหรือการแสดงในภาพยนตร์หรือรายการโทรทัศน์,ใช้ถ่ายทำวีดีโอลงสื่อโซเชียล",1
"เพื่อการเล่นเป็นงานอดิเรก ความบันเทิง หรือ เพื่อการกีฬา,ถ่ายภาพนิ่งและวิดิโอบ้านและที่ดิน เพื่อขาย",1
ใช้ในทางราชการทหาร,1
"เพื่อการถ่ายภาพ ถ่ายทำหรือการแสดงในภาพยนตร์หรือรายการโทรทัศน์,Just to film me and my Girlfriend on vacation in Thailand.",1
"เพื่อการเล่นเป็นงานอดิเรก ความบันเทิง หรือ เพื่อการกีฬา,เพื่อการถ่ายภาพ ถ่ายทำหรือการแสดงในภาพยนตร์หรือรายการโทรทัศน์,For social media",1
"เพื่อการเล่นเป็นงานอดิเรก ความบันเทิง หรือ เพื่อการกีฬา,เพื่อการถ่ายภาพ ถ่ายทำหรือการแสดงในภาพยนตร์หรือรายการโทรทัศน์,ถ่ายภาพนิ่ง ถ่ายวิดิโอ ลงสื่อโซเชียล",1
เพื่อใช้ถ่ายภาพหรือบันทึกภาพในงานหรือกิจกรรมขององค์การบริหารส่วนตำบลหนองมะค่าโมง,1
"เพื่อการเล่นเป็นงานอดิเรก ความบันเทิง หรือ เพื่อการกีฬา,เพื่อการถ่ายภาพ ถ่ายทำหรือการแสดงในภาพยนตร์หรือรายการโทรทัศน์,ถ่ายภาพ ถ่ายวิดีโอ ลงโซเชียลมีเดีย",1
เพื่อสำรวจในการก่อสร้าง,1
"เพื่อการเล่นเป็นงานอดิเรก ความบันเทิง หรือ เพื่อการกีฬา,Only private use for photo and video",1
"เพื่อการถ่ายภาพ ถ่ายทำหรือการแสดงในภาพยนตร์หรือรายการโทรทัศน์,ถ่ายภาพ และวีดีโองานภายในบริษัท",1
"เพื่อการเล่นเป็นงานอดิเรก ความบันเทิง หรือ เพื่อการกีฬา,travel record",1
"เพื่อการเล่นเป็นงานอดิเรก ความบันเทิง หรือ เพื่อการกีฬา,ใช้ถ่ายภาพงานกิจกรรมในหน่วยงานและอื่นๆ",1
การเรียนการสอน การทำวิจัย และบริการวิชาการภายใต้การดำเนินงานของมหาวิทยาลัย,1
"เพื่อการเล่นเป็นงานอดิเรก ความบันเทิง หรือ เพื่อการกีฬา,เพื่อการถ่ายภาพ ถ่ายทำหรือการแสดงในภาพยนตร์หรือรายการโทรทัศน์,เพื่อถ่ายภาพ ถ่ายวีดีโอ ลงสื่อโซเชียลมีเดียต์",1
เพื่อการถ่ายภาพในการจัดทำรีวิวอสังหาริมทรัพย์,1
"ใช้ในการบันทึกข้อมูลในหน่วยงาน, ใช้ตรวจสอบต้นพันธุ์ข้าวโพด",1
"เพื่อการเล่นเป็นงานอดิเรก ความบันเทิง หรือ เพื่อการกีฬา,งานกู้ภัย",1
"เพื่อการเล่นเป็นงานอดิเรก ความบันเทิง หรือ เพื่อการกีฬา,เพื่อการถ่ายภาพ ถ่ายทำหรือการแสดงในภาพยนตร์หรือรายการโทรทัศน์,ช่วยงานดับไฟป่า,อาสากู้ภัย",1
เพื่อการเรียนการสอนและการวิจัย,1
"เพื่อการเล่นเป็นงานอดิเรก ความบันเทิง หรือ เพื่อการกีฬา,เพื่อการถ่ายภาพ ถ่ายทำหรือการแสดงในภาพยนตร์หรือรายการโทรทัศน์,สำรวจ ตรวจสอบ ประชาสัมพันธ์ ประกอบธุรกิจที่เกี่ยวข้อง",1
"เพื่อการเล่นเป็นงานอดิเรก ความบันเทิง หรือ เพื่อการกีฬา,เพื่อการถ่ายภาพ ถ่ายทำหรือการแสดงในภาพยนตร์หรือรายการโทรทัศน์,ถ่ายภาพผลงานมุมสูง",1
"เพื่อการเล่นเป็นงานอดิเรก ความบันเทิง หรือ เพื่อการกีฬา,เพื่อการถ่ายภาพ ถ่ายทำหรือการแสดงในภาพยนตร์หรือรายการโทรทัศน์,Holiday video",1
เพื่อใช้การเก็บภาพและถ่ายวีดีโอในพื้นที่หลังคาโรงงานของบริษัท เพื่อทำการตรวจสอบระบบ Solar roof top และรวมถึงการตรวจสอบสภาพของหลังคาโรงงาน,1
"เพื่อการเล่นเป็นงานอดิเรก ความบันเทิง หรือ เพื่อการกีฬา,เพื่อการถ่ายภาพ ถ่ายทำหรือการแสดงในภาพยนตร์หรือรายการโทรทัศน์,เพื่องานชุมชน (ตรวจเฝ้าระวังไฟป่า)",1
"เพื่อการเล่นเป็นงานอดิเรก ความบันเทิง หรือ เพื่อการกีฬา,เพื่อการถ่ายภาพ ถ่ายทำหรือการแสดงในภาพยนตร์หรือรายการโทรทัศน์,เพื่อการวิจัยและพัฒนาอากาศยาน เพื่อการพาณิชย์,เพื่อการเกษตรกรรม,สำรวจและถ่ายภาพมุมสูงสำหรับงานติดตั้ง Solarcell",1
การถ่ายภาพมุมสูงของกิจกรรมต่างๆ ภายในคณะแพทยศาสตร์ศิริราชพยาบาล มหาวิทยาลัยมหิดล และกิจกรรมที่เกี่ยวข้องที่ทางคณะแพทยศาสตร์ศิริราชพยาบาลรับผิดชอบ,1
"เพื่อการเล่นเป็นงานอดิเรก ความบันเทิง หรือ เพื่อการกีฬา,เพื่อการถ่ายภาพ ถ่ายทำหรือการแสดงในภาพยนตร์หรือรายการโทรทัศน์,เพื่อใช้ใน Solar Cell",1
"เพื่อการเล่นเป็นงานอดิเรก ความบันเทิง หรือ เพื่อการกีฬา,ใช้เพื่อตรวจสอบงานก่อสร้าง, เก็บภาพงานมุมสูง",1
"เพื่อการเล่นเป็นงานอดิเรก ความบันเทิง หรือ เพื่อการกีฬา,เพื่อการถ่ายภาพ/ถ่ายVDO ลงช่องทางสื่อโซเชียล",1
"เพื่อการเล่นเป็นงานอดิเรก ความบันเทิง หรือ เพื่อการกีฬา,เพื่อการถ่ายภาพ ถ่ายทำหรือการแสดงในภาพยนตร์หรือรายการโทรทัศน์,ถ่ายภาพเเละวิดิโอ เพื่อสื่อโซเชียล",1
"เพื่อการเล่นเป็นงานอดิเรก ความบันเทิง หรือ เพื่อการกีฬา,เพื่อการถ่ายภาพ ถ่ายทำหรือการแสดงในภาพยนตร์หรือรายการโทรทัศน์,เพื่อถ่ายรูปและวิดีโอลงโซเชียล",1
"เพื่อการเล่นเป็นงานอดิเรก ความบันเทิง หรือ เพื่อการกีฬา,เพื่อการถ่ายภาพ ถ่ายทำหรือการแสดงในภาพยนตร์หรือรายการโทรทัศน์,เพื่อถ่ายภาพ ถ่ายวิดีโอ ลงสื่อโซเชียล youtube facebook tiktok",1
"เพื่อการวิจัยและพัฒนาอากาศยาน เพื่อการพาณิชย์,เพื่อใช้ในกิจกรรมของบริษัท",1
"เพื่อการเล่นเป็นงานอดิเรก ความบันเทิง หรือ เพื่อการกีฬา,โปรโมท Social media",1
"เพื่อการเล่นเป็นงานอดิเรก ความบันเทิง หรือ เพื่อการกีฬา,เพื่อการถ่ายภาพ ถ่ายทำหรือการแสดงในภาพยนตร์หรือรายการโทรทัศน์,ถ่ายภาพสวน,ที่ดิน",1
"เพื่อการเล่นเป็นงานอดิเรก ความบันเทิง หรือ เพื่อการกีฬา,เพื่อการรายงานเหตุการณ์หรือรายงานจราจร (สื่อมวลชน),เพื่อการถ่ายภาพ ถ่ายทำหรือการแสดงในภาพยนตร์หรือรายการโทรทัศน์,เพื่อการเรียนการสอน",1
เพื่อใช้ในการบันทึกภาพและจัดทำสื่อประชาสัมพันธ์ในวัด,1
"เพื่อการเล่นเป็นงานอดิเรก ความบันเทิง หรือ เพื่อการกีฬา,เพื่อการรายงานเหตุการณ์หรือรายงานจราจร (สื่อมวลชน),เพื่อใช้ในกิจงานของตน",1
"เพื่อการเกษตรกรรม,ถ่ายภาพและวีดีโอเพื่อให้ความรู้ทางการเกษตร ผ่านช่องทางออนไลน์",1
"เพื่อการถ่ายภาพ ถ่ายทำหรือการแสดงในภาพยนตร์หรือรายการโทรทัศน์,ตรวจสอบอาคาร",1
"เพื่อการเล่นเป็นงานอดิเรก ความบันเทิง หรือ เพื่อการกีฬา,เพื่อการถ่ายภาพ ถ่ายทำหรือการแสดงในภาพยนตร์หรือรายการโทรทัศน์,เพื่อถ่ายภาพนิ่ง ถ่ายวิดีโอ ลงสื่อโซเชี่ยล",1
"เพื่อการเล่นเป็นงานอดิเรก ความบันเทิง หรือ เพื่อการกีฬา,เพื่อการถ่ายภาพ ถ่ายทำหรือการแสดงในภาพยนตร์หรือรายการโทรทัศน์,เพื่อถ่ายภาพ ถ่ายวิดีโอ ลงสื่อโชเซียล",1
เพื่อการถ่ายภาพและบันทึกภาพที่ใช้ภายในกิจการของบริษัทฯ,1
"เพื่อการเล่นเป็นงานอดิเรก ความบันเทิง หรือ เพื่อการกีฬา,เพื่อการถ่ายภาพ ถ่ายทำหรือการแสดงในภาพยนตร์หรือรายการโทรทัศน์,เพือถ่ายภาพ ถ่ายวีดีโอ ลงสือโชเชียล",1
เพื่อใช้สำรวจงาน,1
"เพื่อการเล่นเป็นงานอดิเรก ความบันเทิง หรือ เพื่อการกีฬา,เพื่อการถ่ายภาพ ถ่ายทำหรือการแสดงในภาพยนตร์หรือรายการโทรทัศน์,เพื่อถ่ายภาพ ถ่ายวิดีโอ ลงโซเชียลออนไลน์ ในแพลตฟอร์มต่าง ๆ",1
"เพื่อสำรวจพื้นที่บริเวณบ่อเก็บน้ำดิบที่1,2และ 3 ของโรงไฟฟ้าพลังงานสะอาดเกาะขนุน",1
"เพื่อการเล่นเป็นงานอดิเรก ความบันเทิง หรือ เพื่อการกีฬา,เพื่อการถ่ายภาพ ถ่ายทำหรือการแสดงในภาพยนตร์หรือรายการโทรทัศน์,เพื่อถ่ายภาพ ถ่ายวีดีโอ ลงสื่อSocial",1
"เพื่อการเล่นเป็นงานอดิเรก ความบันเทิง หรือ เพื่อการกีฬา,เพื่อการถ่ายภาพหรือถ่ายวีดีโอเพื่อทำสื่อประชาสัมพันธ์โรงเรียน",1
"เพื่อการเล่นเป็นงานอดิเรก ความบันเทิง หรือ เพื่อการกีฬา,เพื่อการถ่ายภาพ ถ่ายทำหรือการแสดงในภาพยนตร์หรือรายการโทรทัศน์,เพื่อใช้ในงาน EVENT  ต่างๆ",1
"เพื่อการเล่นเป็นงานอดิเรก ความบันเทิง หรือ เพื่อการกีฬา,เพื่อการถ่ายภาพ ถ่ายทำหรือการแสดงในภาพยนตร์หรือรายการโทรทัศน์,YOUTUBE CHANNEL AND OTHER SOCIAL MEDIA",1
"เพื่อการเล่นเป็นงานอดิเรก ความบันเทิง หรือ เพื่อการกีฬา,เพื่อการถ่ายภาพ ถ่ายทำหรือการแสดงในภาพยนตร์หรือรายการโทรทัศน์,เพื่อภาพและถ่ายวิดีโอ ลงสื่อโซเชียล",1
"เพื่อการเล่นเป็นงานอดิเรก ความบันเทิง หรือ เพื่อการกีฬา,เพื่อการถ่ายภาพ ถ่ายทำหรือการแสดงในภาพยนตร์หรือรายการโทรทัศน์,เพื่อถ่ายภาพ วีดิโอ ลงสื่อโชเชี่ยลมีเดีย",1
"เพื่อการเล่นเป็นงานอดิเรก ความบันเทิง หรือ เพื่อการกีฬา,เพื่อการถ่ายภาพ ถ่ายทำหรือการแสดงในภาพยนตร์หรือรายการโทรทัศน์,เพื่อถ่ายภาพ ถ่ายวีดีโอลงสื่อโซเชียว",1
"เพื่อการเล่นเป็นงานอดิเรก ความบันเทิง หรือ เพื่อการกีฬา,เพื่อการถ่ายภาพ ถ่ายทำหรือการแสดงในภาพยนตร์หรือรายการโทรทัศน์,เพื่อการเกษตรกรรม,สำรวจพื้นที่ไร่นาสวน",1
ใช้เพื่อตรวจสถานที่เกิดเหตุ,1
"เพื่อการเล่นเป็นงานอดิเรก ความบันเทิง หรือ เพื่อการกีฬา,เพื่อการถ่ายภาพ ถ่ายทำหรือการแสดงในภาพยนตร์หรือรายการโทรทัศน์,ถ่ายภาพ ถ่ายวิดีโอ ลงสื่ิิอโซเซียล",1
บันทึกภาพกิจกรรมของเทศบาลตำบลพุเตย,1
"เพื่อการเล่นเป็นงานอดิเรก ความบันเทิง หรือ เพื่อการกีฬา,ในการทำงาน",1
"เพื่อการเล่นเป็นงานอดิเรก ความบันเทิง หรือ เพื่อการกีฬา,เพื่อการถ่ายภาพ ถ่ายทำหรือการแสดงในภาพยนตร์หรือรายการโทรทัศน์,ลงสื่อsocial",1
"เพื่อการเล่นเป็นงานอดิเรก ความบันเทิง หรือ เพื่อการกีฬา,เพื่อการถ่ายภาพ ถ่ายทำหรือการแสดงในภาพยนตร์หรือรายการโทรทัศน์,ถ่ายภาพเคลื่อนไหว  ภาพนิ่ง ลงสื่อโซเชียล",1
เพื่อการถ่ายภาพสำรวจงานจราจร,1
"เพื่อการเล่นเป็นงานอดิเรก ความบันเทิง หรือ เพื่อการกีฬา,เพื่อการรายงานเหตุการณ์หรือรายงานจราจร (สื่อมวลชน),เพื่อถ่ายภาพ ถ่ายวีดีโอ ลงสื่อโซเชียล",1
"เพื่อการเล่นเป็นงานอดิเรก ความบันเทิง หรือ เพื่อการกีฬา,สำรวจหน้างาน",1
"เพื่อการเล่นเป็นงานอดิเรก ความบันเทิง หรือ เพื่อการกีฬา,เพื่อการถ่ายภาพ ถ่ายทำหรือการแสดงในภาพยนตร์หรือรายการโทรทัศน์,เพื่อการเกษตรกรรม,เพื่อใช้ถ่ายรูป วีดิโอ ลงยูทูปและโซเซี่ยลมีเดีย",1
เสริมสร้างความมั่นคง และเพิ่มขีดความสามารถในการป้องกันเหตุอาชญากรรม,1
เพื่อใช้สำรวจหน้างานเพื่อออกแบบการติดตั้งระบบโซล่าเซลล์,1
"เพื่อการเล่นเป็นงานอดิเรก ความบันเทิง หรือ เพื่อการกีฬา,เพื่อการถ่ายภาพ ถ่ายทำหรือการแสดงในภาพยนตร์หรือรายการโทรทัศน์,เพื่อถ่ายภาพถ่ายวีดีโอลงสื่อโซเชี่ยว",1
"เพื่อการเล่นเป็นงานอดิเรก ความบันเทิง หรือ เพื่อการกีฬา,สำรวจหน้างาน และถ่ายภาพการติดตั้ง Solarcell",1
"เพื่อการเล่นเป็นงานอดิเรก ความบันเทิง หรือ เพื่อการกีฬา,เพื่อการถ่ายภาพ ถ่ายทำหรือการแสดงในภาพยนตร์หรือรายการโทรทัศน์,เพื่อถ่ายภาพตรวจงานก่อสร้าง สำรวจพื้นที่ ถ่ายภาพมุมสูงของงานก่อสร้าง",1
"เพื่อการเล่นเป็นงานอดิเรก ความบันเทิง หรือ เพื่อการกีฬา,สำรวจติดตั้งโซลาร์เซลล์",1
"เพื่อการเล่นเป็นงานอดิเรก ความบันเทิง หรือ เพื่อการกีฬา,ถ่ายรูป,คลิปวิดีโอไว้เพื่อเก็บเป็นความทรงจำส่วนบุคคล",1
เพื่อใช้ในภารกิจขององคืการบริหารส่วนตำบลไผ่ขวาง อาทิ การสำรวจและ/หรือบันทึกภาพที่ดินสาธารณประโยชน์,1
สำรวจหน้างานหลังคาเพื่อติดตั้งโซล่าเซลล์,1
เพื่อตรวจสอบแผงโซล่าเซลล์ปล่องระบายอากาศบนหลังคาโรงงาน,1
"เพื่อการเล่นเป็นงานอดิเรก ความบันเทิง หรือ เพื่อการกีฬา,เพื่อการถ่ายภาพ ถ่ายทำหรือการแสดงในภาพยนตร์หรือรายการโทรทัศน์,จำหน่ายภาพและวีดีโอออนไลน์",1
"เพื่อการถ่ายภาพ ถ่ายทำหรือการแสดงในภาพยนตร์หรือรายการโทรทัศน์,เพื่อการถ่ายภาพ หรือ ถ่ายวีดิโอลงสื่อโซเชียลของบริษัท",1
เพื่องานค้นหา และช่วยชีวิต Search And Rescue,1
"เพื่อการเล่นเป็นงานอดิเรก ความบันเทิง หรือ เพื่อการกีฬา,ประชาสัมพันธ์กิจกรรมหน่วยงาน",1
"เพื่อการถ่ายภาพ ถ่ายทำหรือการแสดงในภาพยนตร์หรือรายการโทรทัศน์,ใช้ถ่ายภาพ/เก็บภาพมุมสูง ก่อน ระหว่าง และหลังของโครงการก่อสร้าง",1
"เพื่อการเล่นเป็นงานอดิเรก ความบันเทิง หรือ เพื่อการกีฬา,เพื่อการถ่ายภาพ และวิดีโอ ลงสื่อโซเซียล",1
เพื่อการดำเนินงานป้องกันและบรรเทาสาธารณภัย และช่วยเหลือประชาชนจากเหตุสาธารณภัย,1
"เพื่อการเล่นเป็นงานอดิเรก ความบันเทิง หรือ เพื่อการกีฬา,เพื่อการรายงานเหตุการณ์หรือรายงานจราจร (สื่อมวลชน),เพื่อการถ่ายภาพ ถ่ายทำหรือการแสดงในภาพยนตร์หรือรายการโทรทัศน์,สำรวจพื้นที่และภารกิจตามอำนาจหน้าที่",1
"เพื่อการเล่นเป็นงานอดิเรก ความบันเทิง หรือ เพื่อการกีฬา,เพื่อการถ่ายภาพ ถ่ายทำหรือการแสดงในภาพยนตร์หรือรายการโทรทัศน์,เพื่อการถ่ายภาพ และ วีดีโอส่วนตัวในการท่องเที่ยว",1
ถ่ายภาพเพื่อการพาณิชย์,1
เพื่อใช้เก็บภาพถ่ายมุมสูงและสำรวจเหตุการณ์ต่างๆ ที่เกิดขึ้นจากภัยธรรมชาติ,1
กิจกรรมของโรงเรียน,1
"เพื่อการเล่นเป็นงานอดิเรก ความบันเทิง หรือ เพื่อการกีฬา,เพื่อการถ่ายภาพ ถ่ายทำหรือการแสดงในภาพยนตร์หรือรายการโทรทัศน์,ถ่ายงานบริษัทส่วนตัว",1
"เพื่อการเล่นเป็นงานอดิเรก ความบันเทิง หรือ เพื่อการกีฬา,เพื่อการถ่ายภาพ ถ่ายทำหรือการแสดงในภาพยนตร์หรือรายการโทรทัศน์,เพื่อถ่ายภาพนิ่งและภาพเคลื่อนไหวลง social media",1
"เพื่อการเล่นเป็นงานอดิเรก ความบันเทิง หรือ เพื่อการกีฬา,สังเกตการ (สืบสวน)",1
"เพื่อการเล่นเป็นงานอดิเรก ความบันเทิง หรือ เพื่อการกีฬา,เพื่อการถ่ายภาพ ถ่ายทำหรือการแสดงในภาพยนตร์หรือรายการโทรทัศน์,้เพื่อถ่ายภาพ ถ่ายวิดีโอ ลงสื่อโซเชียล",1
ใช้เพื่อตรวจดูหลังคาอาคารโรงงาน ที่มีการติดตั้งแผง Solar Rooftop ที่หลังคาอาคารโรงงาน,1
"เพื่อการเล่นเป็นงานอดิเรก ความบันเทิง หรือ เพื่อการกีฬา,เพื่อการถ่ายภาพ ถ่ายทำหรือการแสดงในภาพยนตร์หรือรายการโทรทัศน์,เพื่อถ่ายภาพ ถ่ายvdo ลงสื่อโซเชี่ยว",1
"เพื่อการวิจัยและพัฒนาอากาศยาน เพื่อการพาณิชย์,เพื่อการวิจัย ทดลอง ทดสอบ ตามประกาศ กสทช.,สำรวจพื้นที่",1
เพื่อใช้ตรวจดูหลังคาอาคารโรงงาน ที่มีการติดตั้งแผง Solar Rooftop ที่หลังคาโรงงาน,1
"เพื่อการเล่นเป็นงานอดิเรก ความบันเทิง หรือ เพื่อการกีฬา,เพื่อการถ่ายภาพ ถ่ายทำหรือการแสดงในภาพยนตร์หรือรายการโทรทัศน์,เพื่อถ่ายหลังคาที่ติดตั้ง แผงโซล่าเซลล์ และ โซล่าฟาร์ม โรงงานไฟฟ้า",1
"เพื่อการเล่นเป็นงานอดิเรก ความบันเทิง หรือ เพื่อการกีฬา,เพื่อการรายงานเหตุการณ์หรือรายงานจราจร (สื่อมวลชน),เพื่อการถ่ายภาพ ถ่ายทำหรือการแสดงในภาพยนตร์หรือรายการโทรทัศน์,เพื่อการวิจัยและพัฒนาอากาศยาน เพื่อการพาณิชย์,เพื่อการเกษตรกรรม,เพื่อการวิจัย ทดลอง ทดสอบ ตามประกาศ กสทช.,เพื่อทำโครงงานวิทยาศาสตร์ หรือนวัตกรรม",1
"เพื่อการเล่นเป็นงานอดิเรก ความบันเทิง หรือ เพื่อการกีฬา,เพื่อการถ่ายภาพ ถ่ายทำหรือการแสดงในภาพยนตร์หรือรายการโทรทัศน์,ถ่ายภาพ  ถ่ายวีดีโอ  ลงโซเชียล",1
"เพื่อการเล่นเป็นงานอดิเรก ความบันเทิง หรือ เพื่อการกีฬา,creating beautiful videos",1
"เพื่อการเล่นเป็นงานอดิเรก ความบันเทิง หรือ เพื่อการกีฬา,เพื่อการถ่ายภาพ ถ่ายทำหรือการแสดงในภาพยนตร์หรือรายการโทรทัศน์,เพื่อบันทึกภาพหรือวีดีโอลงสื่อโซเชียล",1
"เพื่อการเล่นเป็นงานอดิเรก ความบันเทิง หรือ เพื่อการกีฬา,การบินเพื่อจัดทำแผนที่ภาพถ่าย",1
"เพื่อการเล่นเป็นงานอดิเรก ความบันเทิง หรือ เพื่อการกีฬา,เพื่อการถ่ายภาพ ถ่ายทำหรือการแสดงในภาพยนตร์หรือรายการโทรทัศน์,เพื่อถ่ายภาพ ถ่ายวีดีโอ ลงสื่ิิอโซเซียล",1
"เพื่อการเล่นเป็นงานอดิเรก ความบันเทิง หรือ เพื่อการกีฬา,ถ่ายภาพ บันทึกวิดีโอ ลงสื่อโชเชียล",1
"เพื่อการเล่นเป็นงานอดิเรก ความบันเทิง หรือ เพื่อการกีฬา,ใช้เพื่อการประชาสัมพันธ์ เรียนรู้และปรับปรุงบริษัทและพัฒนาบริษัท ตามส่วนงานต่างๆของบริษัท",1
"เพื่อการเล่นเป็นงานอดิเรก ความบันเทิง หรือ เพื่อการกีฬา,เพื่อการวิจัย ทดลอง ทดสอบ ตามประกาศ กสทช.,สนับสนุนงานทางความมั่นคง",1
เพื่อถ่ายภาพท่องเที่ยว การเล่นเป็นงานอดิเรก ความบันเทิง เพื่อเป็นการกีฬา,1
"เพื่อการเล่นเป็นงานอดิเรก ความบันเทิง หรือ เพื่อการกีฬา,งานราชการ",1
"เพื่อการเล่นเป็นงานอดิเรก ความบันเทิง หรือ เพื่อการกีฬา,เพื่อการถ่ายภาพ ถ่ายทำหรือการแสดงในภาพยนตร์หรือรายการโทรทัศน์,เพื่อถ่ายภาพ ถ่ายวีดีโอ นำเสนอการท่องเที่ยว ลงสื่อโซเชียล",1
เพื่อถ่ายภาพ บันทึกวิดีโอ กิจกรรมต่าง ๆ และเป็นเครื่องช่วยฝกการค้นหาและกู้ภัยทางอากาศ,1
"เพื่อการเล่นเป็นงานอดิเรก ความบันเทิง หรือ เพื่อการกีฬา,เพื่อการถ่ายภาพ ถ่ายทำหรือการแสดงในภาพยนตร์หรือรายการโทรทัศน์,เพื่อบันทึกภาพ บันทึกวีดีโอ ลงสื่อโซเชียล",1
งานสืบสวนสอบสวน ราชการตำรวจ,1
"เพื่อการเล่นเป็นงานอดิเรก ความบันเทิง หรือ เพื่อการกีฬา,เพื่อการถ่ายภาพ ถ่ายทำหรือการแสดงในภาพยนตร์หรือรายการโทรทัศน์,เพื่อถ่ายภาพ เพื่อถ่ายวิดีโอ ลงโซเซียล",1
"เพื่อการเล่นเป็นงานอดิเรก ความบันเทิง หรือ เพื่อการกีฬา,เพื่อการรายงานเหตุการณ์หรือรายงานจราจร (สื่อมวลชน),เพื่อการถ่ายภาพ ถ่ายทำหรือการแสดงในภาพยนตร์หรือรายการโทรทัศน์,เพื่อการเกษตรกรรม,ถ่ายรูป / วีดีโอ สังหาริมทรัพย์และอสังหาริมทรัพย์ ทุกประเภท เผื่อทำประโยชน์ต่อสังคม",1
เพื่อถ่ายภาพ วีดีโอ ในโรงงานอุตสาหกรรม,1
สำหรับการเรียนการสอน งานวิจัยด้านการสำรวจและทำแผนที่,1
เพื่อการบินสำรวจระบบจำหน่ายไฟฟ้า,1
ใชในกิจกรรมของบริษัท,1
"เพื่อการเล่นเป็นงานอดิเรก ความบันเทิง หรือ เพื่อการกีฬา,เพื่อการถ่ายภาพ ถ่ายทำหรือการแสดงในภาพยนตร์หรือรายการโทรทัศน์,ถ่ายภาพและวีดิโอเพื่อลงโซเซียล",1
"เพื่อการเล่นเป็นงานอดิเรก ความบันเทิง หรือ เพื่อการกีฬา,เพื่อการถ่ายภาพ ถ่ายทำหรือการแสดงในภาพยนตร์หรือรายการโทรทัศน์,เพื่อให้เจ้าหน้าที่บันทึกภาพมุมสูงที่มีมุมกว้างทั่วถึงและชัดเจน",1
เพื่อการสำรวจพื้นที่ภูมิศาสตร์สารสนเทศภาพถ่ายทางอากาศ และงานอื่นๆ ที่เกี่ยวข้อง,1
เพื่อใช้ในงานสำรวจอาคาร  สถานที่เเละบำรุงรักษาด้านระบบ Solar Rooftopและงานอื่นๆ,1
"เพื่อการถ่ายภาพ ถ่ายทำหรือการแสดงในภาพยนตร์หรือรายการโทรทัศน์,เพื่อถ่ายภาพ ถ่ายวิดีโอ ลงสื่อโซเซียล",1
"เพื่อการเล่นเป็นงานอดิเรก ความบันเทิง หรือ เพื่อการกีฬา,ถ่ายรูป ถ่ายวิวทิวทัศน์",1
"เพื่อการเล่นเป็นงานอดิเรก ความบันเทิง หรือ เพื่อการกีฬา,ทำ Content ลง Social Media   Youtube  Facebook Tiktok และ IG",1
"เพื่อการเล่นเป็นงานอดิเรก ความบันเทิง หรือ เพื่อการกีฬา,เพื่อการถ่ายภาพ ถ่ายทำหรือการแสดงในภาพยนตร์หรือรายการโทรทัศน์,เพื่อการถ่ายภาพ ถ่ายวิดีโอ ลงสื่อโซเชียลมิเดีย",1
"เพื่อการถ่ายภาพ ถ่ายทำหรือการแสดงในภาพยนตร์หรือรายการโทรทัศน์,ฝึกบินโดรน",1
ใช้สำหรับบินตรวจสอบงานก่อสร้าง,1
เพื่อใช้ในการประชาสัมพันธ์กิจกรรมขององค์การบริหารส่วนจังหวัดร้อยเอ็ด เช่น ถ่ายภาพ การถ่ายทำ,1
"เพื่อการเล่นเป็นงานอดิเรก ความบันเทิง หรือ เพื่อการกีฬา,เพื่อการถ่ายภาพ ถ่ายทำหรือการแสดงในภาพยนตร์หรือรายการโทรทัศน์,เพื่อถ่ายภาพถ่ายวีดีโอลงสื่อโซเซียล",1
"เพื่อการเล่นเป็นงานอดิเรก ความบันเทิง หรือ เพื่อการกีฬา,เพื่อการรายงานเหตุการณ์หรือรายงานจราจร (สื่อมวลชน),เพื่อการถ่ายภาพ ถ่ายทำหรือการแสดงในภาพยนตร์หรือรายการโทรทัศน์,เพื่อการวิจัยและพัฒนาอากาศยาน เพื่อการพาณิชย์,เพื่อการเกษตรกรรม,เพื่อการวิจัย ทดลอง ทดสอบ ตามประกาศ กสทช.,กรณีฉุกเฉินต่างๆ",1
เก็บภาพไซด์งานก่อสร้าง,1
เพื่อใช้เป็นภาพในการประชาสัมพันธ์หน่วยงาน,1
"เพื่อการเล่นเป็นงานอดิเรก ความบันเทิง หรือ เพื่อการกีฬา,บันทึกความทรงจำส่วนบุคคล",1
เพื่อใช้เป็นอุปกรณ์สำรวจพื้นที่และออกแบบงานติดตั้งโซล่าเซลล์,1
"เพื่อการเล่นเป็นงานอดิเรก ความบันเทิง หรือ เพื่อการกีฬา,บันทึกภาพจัดทำแผนผังระงับข้อพิพาท",1
เพื่อใช้ในการสำรวจอุปกรณ์ในทางไฟฟ้าและสำรววจอาคารในการติดตั้ง Solar Roof,1
เพื่อใช้สำรวจอุปกรณ์ทางไฟฟ้าและสำรวจอาคารในการติดตั้ง,1
ใช้ในการทำงานเกี่ยวกับแลนด์สเคป,1
"เพื่อการเล่นเป็นงานอดิเรก ความบันเทิง หรือ เพื่อการกีฬา,เพื่อการถ่ายภาพ ถ่ายทำหรือการแสดงในภาพยนตร์หรือรายการโทรทัศน์,ถ่ายภาพและวีดิโอลงโซเชียล",1
"เพื่อการเล่นเป็นงานอดิเรก ความบันเทิง หรือ เพื่อการกีฬา,เพื่อการถ่ายภาพ ถ่ายทำหรือการแสดงในภาพยนตร์หรือรายการโทรทัศน์,ใช้ในราชการตำรวจและสันทนาการทั่วไป",1
เพื่อใช้ในการถ่ายทำสื่อวีดิโอในการเรียนการสอน ออนไลน์ และงานอื่นๆที่เกี่ยวข้อง,1
"เพื่อการถ่ายภาพ ถ่ายทำหรือการแสดงในภาพยนตร์หรือรายการโทรทัศน์,เพื่อการสำรวจและทำแผนที่ในสวนผลไม้",1
เพื่อการออกแบบ ติดตั้ง ตรวจสอบและบำรุงรักษาระบบ Solar PV Rooftop,1
"เพื่อการเล่นเป็นงานอดิเรก ความบันเทิง หรือ เพื่อการกีฬา,เพื่อใช้ในการทำ Content  Tiktok, IG , etc.",1
"เพื่อการเล่นเป็นงานอดิเรก ความบันเทิง หรือ เพื่อการกีฬา,เพื่อการรายงานเหตุการณ์หรือรายงานจราจร (สื่อมวลชน),เพื่อการถ่ายภาพ ถ่ายทำหรือการแสดงในภาพยนตร์หรือรายการโทรทัศน์,เพื่อการเกษตรกรรม,เพื่อปฏิบัติภารกิจบินถ่ายภาพมุมสูงจิตอาสาให้กับหน่วยงานราชการหรือบุคคล",1
"เพื่อการเล่นเป็นงานอดิเรก ความบันเทิง หรือ เพื่อการกีฬา,เพื่อการถ่ายภาพ ถ่ายทำหรือการแสดงในภาพยนตร์หรือรายการโทรทัศน์,เพื่อการท่องเที่ยวและส่วนที่เกี่ยวข้องกับอาชีพทำงาน",1
"เพื่อการเล่นเป็นงานอดิเรก ความบันเทิง หรือ เพื่อการกีฬา,เพื่อถ่ายภาพ ถ่ายวีดีโอ ลงโซเชียล",1
"เพื่อการเล่นเป็นงานอดิเรก ความบันเทิง หรือ เพื่อการกีฬา,เพื่อการถ่ายภาพ ถ่ายทำหรือการแสดงในภาพยนตร์หรือรายการโทรทัศน์,ใช้เพื่อถ่ายภาพ ถ่ายวีดีโอ ลงสื่อโซเซียล",1
ถ่ายภาพความร้อน,1
ถ่ายภาพโครงการของบริษัท,1
"เพื่อการเล่นเป็นงานอดิเรก ความบันเทิง หรือ เพื่อการกีฬา,เพื่อการถ่ายภาพ ถ่ายทำหรือการแสดงในภาพยนตร์หรือรายการโทรทัศน์,เพื่อการถ่ายภาพ ถ่ายวิดีโอ ลง social media",1
เพื่อใช้ถ่ายภาพงานเพื่อจัดทำแบบและใช้ภาพถ่ายเพื่อจัดทำรายงาน,1
"เพื่อการเล่นเป็นงานอดิเรก ความบันเทิง หรือ เพื่อการกีฬา,ใช้เพื่อการประชาสัมพันธ์ เรียนรู้ ปรับปรุงและพัฒนาบริษัท ตามส่วนงานต่างๆของบริษัท",1
"เพื่อการเล่นเป็นงานอดิเรก ความบันเทิง หรือ เพื่อการกีฬา,เพื่อการรายงานเหตุการณ์หรือรายงานจราจร (สื่อมวลชน),เพื่อการถ่ายภาพ ถ่ายทำหรือการแสดงในภาพยนตร์หรือรายการโทรทัศน์,เพื่อการวิจัยและพัฒนาอากาศยาน เพื่อการพาณิชย์,เพื่อการเกษตรกรรม,เพื่อการวิจัย ทดลอง ทดสอบ ตามประกาศ กสทช.,ใช้ในกิจการของบริษัท",1
"เพื่อการเล่นเป็นงานอดิเรก ความบันเทิง หรือ เพื่อการกีฬา,เพื่อการถ่ายภาพ ถ่ายทำหรือการแสดงในภาพยนตร์หรือรายการโทรทัศน์,เพื่อถ่ายภาพ ถ่ายวีดีโอ ลงสื่อโซเซียลต่างๆ",1
"เพื่อการเล่นเป็นงานอดิเรก ความบันเทิง หรือ เพื่อการกีฬา,เพื่อการถ่ายภาพ ถ่ายทำหรือการแสดงในภาพยนตร์หรือรายการโทรทัศน์,เพื่อถ่ายภาพ หรือวิดีโอลงในสื่อโซเชียลมีเดีย",1
"เพื่อการถ่ายภาพ ถ่ายทำหรือการแสดงในภาพยนตร์หรือรายการโทรทัศน์,เพื่อถ่ายภาพการปลูกป่าโกงกาง",1
เพื่อสำรวจหลังคาโรงงานในการติดตั้งแผงโซล่าเซลล์,1
"เพื่อการเล่นเป็นงานอดิเรก ความบันเทิง หรือ เพื่อการกีฬา,เพื่อการถ่ายภาพ ถ่ายทำหรือการแสดงในภาพยนตร์หรือรายการโทรทัศน์,ถ่ายภาพ/วีดีโอ ลงสื่อโซเชียลส่วนบุคคล",1
"เพื่อการเล่นเป็นงานอดิเรก ความบันเทิง หรือ เพื่อการกีฬา,only for hobby and private photography from 10.08.2024 to 24.08.2024 ! (14 Days)",1
"เพื่อการเล่นเป็นงานอดิเรก ความบันเทิง หรือ เพื่อการกีฬา,เพื่อการถ่ายภาพ ถ่ายทำหรือการแสดงในภาพยนตร์หรือรายการโทรทัศน์,Make family photo",1
"เพื่อการเล่นเป็นงานอดิเรก ความบันเทิง หรือ เพื่อการกีฬา,เพื่อการถ่ายภาพ ถ่ายทำหรือการแสดงในภาพยนตร์หรือรายการโทรทัศน์,ถ่ายภาพ ถ่ายวิดีโอและลงสื่อโซเซียล",1
"เพื่อการเล่นเป็นงานอดิเรก ความบันเทิง หรือ เพื่อการกีฬา,เพื่อถ่ายภาพมุมสูงโครงการก่อสร้างอาคารเอกชนต่างๆ ขณะก่อสร้างเพื่อใช้เป็นรูปถ่ายรายงานความก้าวหน้างาน",1
"เพื่อการเล่นเป็นงานอดิเรก ความบันเทิง หรือ เพื่อการกีฬา,เพื่อการถ่ายภาพ ถ่ายทำหรือการแสดงในภาพยนตร์หรือรายการโทรทัศน์,ตรวจสอบระบบ โซล่าเซลล์ และหลังคาบ้าน",1
เพื่อใช้สำรวจพื้นที่ก่อสร้าง,1
"เพื่อตรวจสอบพื้นที่,การจราจร เขตประกอบการอุตสาหกรรม",1
"เพื่อการเล่นเป็นงานอดิเรก ความบันเทิง หรือ เพื่อการกีฬา,เพื่อการรายงานเหตุการณ์หรือรายงานจราจร (สื่อมวลชน),เพื่อการถ่ายภาพ ถ่ายทำหรือการแสดงในภาพยนตร์หรือรายการโทรทัศน์,เพื่อการวิจัยและพัฒนาอากาศยาน เพื่อการพาณิชย์,เพื่อการเกษตรกรรม,เพื่อการวิจัย ทดลอง ทดสอบ ตามประกาศ กสทช.,การสำรวจ",1
"เพื่อการถ่ายภาพ ถ่ายทำหรือการแสดงในภาพยนตร์หรือรายการโทรทัศน์,ใช้ในงานตรวจสอบและบำรุงรักษา Solar Cell และเครื่องจักรโรงงานในเครือ SCG",1
"เพื่อการเล่นเป็นงานอดิเรก ความบันเทิง หรือ เพื่อการกีฬา,เพื่อการถ่ายภาพ ถ่ายทำหรือการแสดงในภาพยนตร์หรือรายการโทรทัศน์,เพื่อใช้ในงานอาชีพนายหน้าอสังหาริมทรัพย์",1
"เพื่อการเล่นเป็นงานอดิเรก ความบันเทิง หรือ เพื่อการกีฬา,เพื่อการถ่ายภาพ ถ่ายทำหรือการแสดงในภาพยนตร์หรือรายการโทรทัศน์,ถ่ายภาพ และ วิดีโอลงสื่อ social media",1
"เพื่อการเล่นเป็นงานอดิเรก ความบันเทิง หรือ เพื่อการกีฬา,ถ่ายถาพ และ วีดีโอ มุมสูง เพื่อการประกอบโฆษณาและลงในสื่อออนไลน์ทุกชนิด",1
"เพื่อการเล่นเป็นงานอดิเรก ความบันเทิง หรือ เพื่อการกีฬา,เพื่อการถ่ายภาพ ถ่ายทำหรือการแสดงในภาพยนตร์หรือรายการโทรทัศน์,เพื่อการเกษตรกรรม,งานทางด้านราชการและการประกอบอาชีพทางด้านการศึกษา",1
สำรวจพื้นที่หลังคา เพื่อออกแบบระบบโซลาร์เซลล์,1
"เพื่อการเล่นเป็นงานอดิเรก ความบันเทิง หรือ เพื่อการกีฬา,เพื่อการถ่ายภาพ ถ่ายทำหรือการแสดงในภาพยนตร์หรือรายการโทรทัศน์,เพื่อถ่ายภาพและวีดีโอลงโซเชียล",1
"เพื่อการเล่นเป็นงานอดิเรก ความบันเทิง หรือ เพื่อการกีฬา,บันทึกความทรงจำ ภาพเคลื่อนไหว",1
"เพื่อการเล่นเป็นงานอดิเรก ความบันเทิง หรือ เพื่อการกีฬา,เพื่อการถ่ายภาพ ถ่ายทำหรือการแสดงในภาพยนตร์หรือรายการโทรทัศน์,private vacation purpose",1
"เพื่อการเล่นเป็นงานอดิเรก ความบันเทิง หรือ เพื่อการกีฬา,เพื่อการถ่ายภาพ ถ่ายทำหรือการแสดงในภาพยนตร์หรือรายการโทรทัศน์,เพื่อถ่ายภาพ ถ่ายวิดีโอ ลงสื่ิอโซเซียล",1
"เพื่อการเล่นเป็นงานอดิเรก ความบันเทิง หรือ เพื่อการกีฬา,เพื่อการถ่ายภาพ ถ่ายทำหรือการแสดงในภาพยนตร์หรือรายการโทรทัศน์,ใช้เพื่อถ่ายและวิดีโอ ลงสื่อโซเชียล",1
"เพื่อการถ่ายภาพ ถ่ายทำหรือการแสดงในภาพยนตร์หรือรายการโทรทัศน์,เพื่อการเกษตรกรรม,To document & monitor growth of plants & trees on my farmland with video & photography",1
เพื่อตรวจสอบอาคารในบริษัท,1
"เพื่อการเล่นเป็นงานอดิเรก ความบันเทิง หรือ เพื่อการกีฬา,เพื่อการถ่ายภาพ ถ่ายทำหรือการแสดงในภาพยนตร์หรือรายการโทรทัศน์,เพื่อถ่ายภาพ ถ่ายวีดิโอ ลงซื่อโซเชียล",1
เพื่อการขนส่ง (Delivery Drone),1
เพื่อใช้ในหน่วยงานราชการเทศบาลเมืองบางแก้ว,1
เพื่อใช้ในการปฎิบัติงานในการไฟฟ้าส่วนภูมิภาค เขต 3 (ภาคเหนือ จังหวัดลพบุรี),1
เพื่อสนับสนุนการฝึกอบรมกการระงับเหตุด้านอัคคีภัยและการระงับเหตุฉุกเฉิน,1
เพื่อใช้งานภายในคลังสินค้าของบริษัท,1
"เพื่อการเล่นเป็นงานอดิเรก ความบันเทิง หรือ เพื่อการกีฬา,เพื่อการถ่ายภาพ ถ่ายทำหรือการแสดงในภาพยนตร์หรือรายการโทรทัศน์,ถ่ายภาพและวีดีโอ (ลงสื่อโซเชียล)",1
"เพื่อการเล่นเป็นงานอดิเรก ความบันเทิง หรือ เพื่อการกีฬา,เพื่อการถ่ายภาพ ถ่ายทำหรือการแสดงในภาพยนตร์หรือรายการโทรทัศน์,เผยแพร่ลงสือโซเชียลมีเดีย เฟสบูค, ไลน์, IG, Tiktok",1
เพื่อการภ่ายภาพ ถ่ายทำในสำนักงาน สาขา คลังสินค้า ตรวจสอบพื้นที่เปิดสาขา ตรวจสอบงานบ้านลูกค้า,1
"เพื่อการเล่นเป็นงานอดิเรก ความบันเทิง หรือ เพื่อการกีฬา,เพื่อการถ่ายภาพ ถ่ายทำหรือการแสดงในภาพยนตร์หรือรายการโทรทัศน์,ท่องเที่ยวทั่วไป",1
เพื่อใช้สำรวจพื้นที่ก่อสร้างภายในโครงการ,1
"เพื่อการเล่นเป็นงานอดิเรก ความบันเทิง หรือ เพื่อการกีฬา,เพื่อการสำรวจ จัดทำรายงานด้านสิ่งแวดล้อมและวิศวกรรม",1
"เพื่อการถ่ายภาพ ถ่ายทำหรือการแสดงในภาพยนตร์หรือรายการโทรทัศน์,เพื่อใช้ปฎิบัติงานด้านการสำรวจอุปกรณ์ทางไฟฟ้าในพื้นที่ที่เข้าถึงยาก",1
"เพื่อการเล่นเป็นงานอดิเรก ความบันเทิง หรือ เพื่อการกีฬา,เพื่อการถ่ายภาพ ถ่ายทำหรือการแสดงในภาพยนตร์หรือรายการโทรทัศน์,เพื่อใช้ถ่ายภาพ ถ่ายวิดิโอ อสังหาริมทรัพย์ เช่น บ้าน คอนโด ที่ดิน โครงการหมู่บ้าน",1
"เพื่อการเล่นเป็นงานอดิเรก ความบันเทิง หรือ เพื่อการกีฬา,เพื่อการถ่ายภาพ ถ่ายทำหรือการแสดงในภาพยนตร์หรือรายการโทรทัศน์,เพื่อการถ่ายภาพ ถ่ายวีดีโอ การท่องเที่ยว การลงสื่อโชเซียลหรือเหตุการณ์ต่างๆที่จำเป็น",1
เพื่อสนับสนุนภารกิจขององค์กรปกครองส่วนท้องถิ่น,1
"เพื่อการเล่นเป็นงานอดิเรก ความบันเทิง หรือ เพื่อการกีฬา,เพื่อการถ่ายภาพ ถ่ายทำหรือการแสดงในภาพยนตร์หรือรายการโทรทัศน์,เพื่อการถ่ายภาพ หรือวีดีโอ ลงสื่อโซเชียล",1
ตรวจสอบหลังคาก่อนติดตั้งระบบโซลาร์เซลล์,1
"เพื่อการเล่นเป็นงานอดิเรก ความบันเทิง หรือ เพื่อการกีฬา,เพื่อการถ่ายภาพ ถ่ายทำหรือการแสดงในภาพยนตร์หรือรายการโทรทัศน์,ถ่ายภาพ ถ่ายวิดีโอลงโซเซียล",1
เพื่อการถ่ายภาพและวีดีโอกิจกรรมของทางราชการ,1
เพื่อตรวจสอบแผง Solar Cell,1
"เพื่อการเล่นเป็นงานอดิเรก ความบันเทิง หรือ เพื่อการกีฬา,เพื่อการถ่ายภาพ ถ่ายทำหรือการแสดงในภาพยนตร์หรือรายการโทรทัศน์,เพื่อใช้ถ่ายทำสื่อวิดีโอในการประชาสัมพันธ์ เกี่ยวกับการดำเนินงานของโครงการในสถาบัน",1
เพื่อใช้ปฎิบัติงานด้านการประชาสัมพันธ์และงานธุรกิจเสริมตามภารกิจขององค์กร,1
"เพื่อการเล่นเป็นงานอดิเรก ความบันเทิง หรือ เพื่อการกีฬา,เพื่อการถ่ายภาพ ถ่ายทำหรือการแสดงในภาพยนตร์หรือรายการโทรทัศน์,เพื่อการวิจัยและพัฒนาอากาศยาน เพื่อการพาณิชย์,ใช้ช่วยในการปฏิบัติงานด้านวิศวกรรมโยธา และสถาปัตยกรรม",1
การถ่ายภาพในการตรวจสอบทางวิศวกรรม,1
"เพื่อการเล่นเป็นงานอดิเรก ความบันเทิง หรือ เพื่อการกีฬา,เพื่อการรายงานเหตุการณ์หรือรายงานจราจร (สื่อมวลชน),เพื่อการวิจัยและพัฒนาอากาศยาน เพื่อการพาณิชย์,เพื่อการเกษตรกรรม,เพื่อการวิจัย ทดลอง ทดสอบ ตามประกาศ กสทช.,เพื่อสนับสนุนภารกิจของหน่วย / กองทัพบก / ช่วยเหลือประชาชนในทุกสภาวะทุกวิกฤต",1
"เพื่อการเล่นเป็นงานอดิเรก ความบันเทิง หรือ เพื่อการกีฬา,เพื่อการถ่ายภาพ ถ่ายทำหรือการแสดงในภาพยนตร์หรือรายการโทรทัศน์,เพื่อ ถ่ายภาพ วีดีโอลงในช่องทาง social media facebook Tiktok Youtube instagram",1
"เพื่อการเล่นเป็นงานอดิเรก ความบันเทิง หรือ เพื่อการกีฬา,เพื่อการถ่ายภาพ ถ่ายทำหรือการแสดงในภาพยนตร์หรือรายการโทรทัศน์,เพื่อการวิจัยและพัฒนาอากาศยาน เพื่อการพาณิชย์,เพื่อการวิจัย ทดลอง ทดสอบ ตามประกาศ กสทช.,เพื่อการบินสำรวจพื้นที่ในการติดตั้งและบำรุงรักษาแผงผลิตไฟฟ้าจากพลังงานแสงอาทิตย์",1
"เพื่อการเล่นเป็นงานอดิเรก ความบันเทิง หรือ เพื่อการกีฬา,เพื่อการถ่ายภาพ ถ่ายทำหรือการแสดงในภาพยนตร์หรือรายการโทรทัศน์,เพื่อถ่ายภาพ ถ่ายวีดิโอลงสื่อโซเชียล",1
"เพื่อการเล่นเป็นงานอดิเรก ความบันเทิง หรือ เพื่อการกีฬา,เพื่อการถ่ายภาพ ถ่ายทำหรือการแสดงในภาพยนตร์หรือรายการโทรทัศน์,ใช้เพื่อการท่องเที่ยว",1
ใช้สำหรับการเผ้าระวัง ตรวจสอบ และเตือนภัยในเขตนิคมอุตสาหกรรมมาบตาพุด,1
"เพื่อการเล่นเป็นงานอดิเรก ความบันเทิง หรือ เพื่อการกีฬา,เพื่อการถ่ายภาพ ถ่ายทำหรือการแสดงในภาพยนตร์หรือรายการโทรทัศน์,เพื่อถ่ายภาพ ถ่ายวิดีโอลงสื่อโซเชียลมีเดีย",1
เพื่อใช้สำหรับการสำรวจพื้นที่ในงานของกรมทรัพยากรน้ำ,1
เพื่อตรวจสอบการเคลื่อนตัวโครงสร้างพื้นฐาน,1
"เพื่อการถ่ายภาพ ถ่ายทำหรือการแสดงในภาพยนตร์หรือรายการโทรทัศน์,สำรวจหน้างานก่อสร้างของบริษัทฯ",1
Solar cell Inspection,1
เพื่อการถ่ายภาพตามวัตถุประสงค์ของบริษัท และบริษัทในเครือสยามไวเนอรี่,1
"เพื่อการเล่นเป็นงานอดิเรก ความบันเทิง หรือ เพื่อการกีฬา,เพื่อการถ่ายภาพ ถ่ายทำหรือการแสดงในภาพยนตร์หรือรายการโทรทัศน์,เพื่อใช้ปฎิบัติงานด้านการสำรวจอุปกรณ์ทางไฟฟ้าในพื้นที่ที่เข้าถึงยาก",1
"เพื่อการเล่นเป็นงานอดิเรก ความบันเทิง หรือ เพื่อการกีฬา,การประชาสัมพันธ์หน่วยงาน",1
"เพื่อการรายงานเหตุการณ์หรือรายงานจราจร (สื่อมวลชน),เพื่อการถ่ายภาพ ถ่ายทำหรือการแสดงในภาพยนตร์หรือรายการโทรทัศน์,ประชาสัมพันธ์ให้ความรู้ และบันทึกภารกิจผู้บังคับบัญชา",1
เพื่อตรวจสอบเส้นทางและวางแผนก่อสร้างทาง,1
สำหรับถ่ายงานก่อสร้าง,1
"เพื่อการเล่นเป็นงานอดิเรก ความบันเทิง หรือ เพื่อการกีฬา,เพื่อใช้ถ่ายภาพ ถ่ายวีดีโอ ลงสื่อโชเชียล,จัดทำนำเสนองานด้านการศึกษา จัดทำวีดีทัศน์นำเสนอ",1
เพื่อถ่ายภาพสำรวจจัดทำแผนที่ภูมิประเทศ ถ่ายภาพทางอากาศ สำรวจภาคพื้น,1
"เพื่อการเล่นเป็นงานอดิเรก ความบันเทิง หรือ เพื่อการกีฬา,เพื่อใช้ในการตรวจดูหน้างาน และ ถ่ายภาพถ่ายวีดีโอลงโซเชี่ยลมีเดีย",1
เพื่อถ่ายวิดีโอ ถ่ายภาพมุมสูง,1
"เพื่อการเล่นเป็นงานอดิเรก ความบันเทิง หรือ เพื่อการกีฬา,เพื่อการถ่ายภาพ ถ่ายทำหรือการแสดงในภาพยนตร์หรือรายการโทรทัศน์,เพื่อถ่ายภาพ ถ่ายวีดีโอลงโซเชียว",1
"เพื่อการเล่นเป็นงานอดิเรก ความบันเทิง หรือ เพื่อการกีฬา,เพื่อการถ่ายภาพ ถ่ายทำหรือการแสดงในภาพยนตร์หรือรายการโทรทัศน์,เพื่อการวิจัย ทดลอง ทดสอบ ตามประกาศ กสทช.,ถ่ายภาพ ถ่ายวิดีโอ ลงโซเชี่ยล",1
"เพื่อการเล่นเป็นงานอดิเรก ความบันเทิง หรือ เพื่อการกีฬา,เพื่อการถ่ายภาพ ถ่ายทำหรือการแสดงในภาพยนตร์หรือรายการโทรทัศน์,เพื่อการวิจัยและพัฒนาอากาศยาน เพื่อการพาณิชย์,สำรวจที่ดินพื้นที่ตั้งโครงการสำหรับออกแบบสถาปัตยกรรมและวางแผนก่อสร้างอาคาร",1
งานสำรวจ หลังคาอาคารสูง งานเดินสายเน็ตเวิร์ค,1
ภารกิจสนับสนุนภารกิจป้องกันสัตว์ป่าและพื้นที่ป่าเพื่อการอนุรักษ์ของอุทยานแห่งชาติ,1
ใช้ในการเรียนการสอนและงานวิจัย,1
"เพื่อการถ่ายภาพ ถ่ายทำหรือการแสดงในภาพยนตร์หรือรายการโทรทัศน์,เพื่อการถ่ายภาพไว้ใช้ในการประกอบกิจกรรมการโฆษณาธุรกิจ",1
"เพื่อการถ่ายภาพ ถ่ายทำหรือการแสดงในภาพยนตร์หรือรายการโทรทัศน์,เพื่อใช้ถ่ายทอดการจัดกิจกรรมต่างๆ",1
"เพื่อการเล่นเป็นงานอดิเรก ความบันเทิง หรือ เพื่อการกีฬา,เพื่อการรายงานเหตุการณ์หรือรายงานจราจร (สื่อมวลชน),เพื่อการถ่ายภาพ ถ่ายทำหรือการแสดงในภาพยนตร์หรือรายการโทรทัศน์,ทำคลิป VDO ถ่ายภาพ ลง สื่อ โซเซียล",1
"เพื่อการเล่นเป็นงานอดิเรก ความบันเทิง หรือ เพื่อการกีฬา,เพื่อการถ่ายภาพ ถ่ายทำหรือการแสดงในภาพยนตร์หรือรายการโทรทัศน์,เพื่อถ่ายภาพ ถ่ายวีดีโอ ลงIG และ FB",1
"เพื่อการเล่นเป็นงานอดิเรก ความบันเทิง หรือ เพื่อการกีฬา,ถ่ายภาพงานติดตั้งโซล่าเซลล์",1
"เพื่อการเล่นเป็นงานอดิเรก ความบันเทิง หรือ เพื่อการกีฬา,เพื่อการเกษตรกรรม,ถ่ายภาพบันทึกการทำงาน",1
"เพื่อการถ่ายภาพ ถ่ายทำหรือการแสดงในภาพยนตร์หรือรายการโทรทัศน์,เพื่อการโฆษณาที่ดินขาย",1
"เพื่อการถ่ายภาพ ถ่ายทำหรือการแสดงในภาพยนตร์หรือรายการโทรทัศน์,ถ่ายภาพ vdo ลงสื่อโซเชียล",1
"เพื่อการเล่นเป็นงานอดิเรก ความบันเทิง หรือ เพื่อการกีฬา,ถ่ายวีดีโอลงโซเชียล",1
"เพื่อการเล่นเป็นงานอดิเรก ความบันเทิง หรือ เพื่อการกีฬา,เพื่อการถ่ายภาพ การทำงานและผลิตภัณฑ์ของบริษัท",1
"เพื่อการเล่นเป็นงานอดิเรก ความบันเทิง หรือ เพื่อการกีฬา,เพื่อการรายงานเหตุการณ์หรือรายงานจราจร (สื่อมวลชน),เพื่อการถ่ายภาพ ถ่ายทำหรือการแสดงในภาพยนตร์หรือรายการโทรทัศน์,ใช้งานในการประชาสัมพันธ์กิจกรรมในภาพรวมของกระทรวงแรงงานทั้งภายในและภายนอกองค์กร",1
"เพื่อการถ่ายภาพ ถ่ายทำหรือการแสดงในภาพยนตร์หรือรายการโทรทัศน์,ถ่ายภาพความคืบหน้าของโครงการก่อสร้างต่างๆ ที่กิจการร่วมค้า ซีเคเอสทีดำเนินการ",1
"เพื่อการเล่นเป็นงานอดิเรก ความบันเทิง หรือ เพื่อการกีฬา,เพื่อใช้สำรวจถนน และสะพาน ด้านงานโยธาเกี่ยวกับงานตามภารกิจของกรมทางหลวงชนบท",1
เพื่อการบำรุงรักษาโรงไฟฟ้าและสายส่ง,1
เพื่อการสำรวจเก็บข้อมูลที่ดิน,1
เพื่อใช้ตรวจสอบความเสียหายของแผงโซล่าเซลล์ภายในที่ทำการของบริษัท,1
ถ่ายภาพที่ดินปลูกต้นไม้,1
เพื่อการสำรวจพื้นที่และการถ่ายภาพ,1
"เพื่อการเล่นเป็นงานอดิเรก ความบันเทิง หรือ เพื่อการกีฬา,เพื่อการรายงานเหตุการณ์หรือรายงานจราจร (สื่อมวลชน),เพื่อการถ่ายภาพ ถ่ายทำหรือการแสดงในภาพยนตร์หรือรายการโทรทัศน์,ใช้ในงานราชการตำรวจฯ",1
"เพื่อการถ่ายภาพ ถ่ายทำหรือการแสดงในภาพยนตร์หรือรายการโทรทัศน์,จัดทำข่าวสื่อสาร ประชาสัมพันธ์องค์กร",1
เพิ่มทักษะเพื่อใช้ในภารกิจของทีมนักบินโดรน ตร.,1
"เพื่อการเล่นเป็นงานอดิเรก ความบันเทิง หรือ เพื่อการกีฬา,เพื่อการถ่ายภาพ ถ่ายทำหรือการแสดงในภาพยนตร์หรือรายการโทรทัศน์,เพื่อถ่ายภาพถ่ายวีดีโอ(ลงสื่อโซเชียว)",1
"เพื่อการเล่นเป็นงานอดิเรก ความบันเทิง หรือ เพื่อการกีฬา,เพื่อการถ่ายภาพ ถ่ายทำหรือการแสดงในภาพยนตร์หรือรายการโทรทัศน์,เพื่อถ่ายภาพ ถ่ายวิดีโอ ลงสื้อโซเซียล",1
สำรวจความเสี่ยงเพื่อการพาณิชย์,1
"เพื่อการเล่นเป็นงานอดิเรก ความบันเทิง หรือ เพื่อการกีฬา,เพื่อการถ่ายภาพ ถ่ายทำหรือการแสดงในภาพยนตร์หรือรายการโทรทัศน์,เพื่อการติดตามความก้าวหน้างานก่อสร้างภายในโครงการที่รับผิดชอบ",1
เพื่อสำรวจสภาพหลังคา และ พื้นที่สูงที่มีความเสี่ยง ก่อนการติดติตั้งระบบโซล่าเซลล์,1
"เพื่อการเล่นเป็นงานอดิเรก ความบันเทิง หรือ เพื่อการกีฬา,เพื่อการถ่ายภาพ ถ่ายทำหรือการแสดงในภาพยนตร์หรือรายการโทรทัศน์,ใช้ในงานสถานศึกษา",1
เพื่อส่งเสริมการตลาดและตรวจสอบสภาพแวดล้อมการทำงาน ได้ทันท่วงที,1
เพื่อการถ่ายภาพทางอากาศ ตรวจสอบสภาพสิ่งก่อสร้าง,1
Social media  promoting for school,1
เพื่อบันทึกภามุมสูงที่มีมุมกว้างทั่วถึงและชัดเจนเพื่อนำมาประกอบการประชาสัมพันธ์ของโรงเรียน,1
"เพื่อการเล่นเป็นงานอดิเรก ความบันเทิง หรือ เพื่อการกีฬา,เพื่อการถ่ายภาพ ถ่ายทำหรือการแสดงในภาพยนตร์หรือรายการโทรทัศน์,ถ่ายรูปงาน",1
เพื่อจัดทำแผนที่ / เพื่อใช้ในภารกิจของหน่วยงาน,1
"เพื่อการเล่นเป็นงานอดิเรก ความบันเทิง หรือ เพื่อการกีฬา,HOBBY",1
"เพื่อการเล่นเป็นงานอดิเรก ความบันเทิง หรือ เพื่อการกีฬา,เพื่อการถ่ายภาพ ถ่ายทำหรือการแสดงในภาพยนตร์หรือรายการโทรทัศน์,ถ่ายภาพถ่ายวีดีโอลงสื่อโซเชี่ยวมิเดีย",1
ใช้เพื่อถ่ายรูปมุมสูงใช้ในการทำงาน,1
"เพื่อการเล่นเป็นงานอดิเรก ความบันเทิง หรือ เพื่อการกีฬา,เพื่อการถ่ายภาพ ถ่ายทำหรือการแสดงในภาพยนตร์หรือรายการโทรทัศน์,ใช้ถ่ายลงโซเชี่ยล",1
"เพื่อการเล่นเป็นงานอดิเรก ความบันเทิง หรือ เพื่อการกีฬา,เพื่อการรายงานเหตุการณ์หรือรายงานจราจร (สื่อมวลชน),เพื่อการถ่ายภาพ ถ่ายทำหรือการแสดงในภาพยนตร์หรือรายการโทรทัศน์,เพื่อถ่าย ถ่ายวีดีโอ ลงสื่อโซเซียล และ ใช้บินสำรวจพื้นที่โครงการก่อสร้าง",1
"เพื่อการเล่นเป็นงานอดิเรก ความบันเทิง หรือ เพื่อการกีฬา,เพื่อการถ่ายภาพ ถ่ายทำหรือการแสดงในภาพยนตร์หรือรายการโทรทัศน์,เพื่อถ่ายภาพหรือวีดีโอ เพิ่อลงสื่อโซเชียล",1
"เพื่อการเล่นเป็นงานอดิเรก ความบันเทิง หรือ เพื่อการกีฬา,ถ่ายภาพ ถ่ายวีดีโอ เพื่ออัพโหลดทางโซเชียลมัลติมีเดีย",1
สนับสนุนภารกิจของกรมทรัพยากรน้ำ,1
"เพื่อการเล่นเป็นงานอดิเรก ความบันเทิง หรือ เพื่อการกีฬา,เพื่อการถ่ายภาพ ถ่ายทำหรือการแสดงในภาพยนตร์หรือรายการโทรทัศน์,นำมาใช้ในการสร้างสื่อ",1
"เพื่อการเล่นเป็นงานอดิเรก ความบันเทิง หรือ เพื่อการกีฬา,Non proffesional photos and videos, own entretainment.",1
"เพื่อการเล่นเป็นงานอดิเรก ความบันเทิง หรือ เพื่อการกีฬา,เพื่อบินตรวจสอบแผงผลิตไฟฟ้าของบริษัท",1
"เพื่อการเกษตรกรรม,เพื่อการชลประทาน สำรวจแม่น้ำ คลอง",1
"เพื่อการเล่นเป็นงานอดิเรก ความบันเทิง หรือ เพื่อการกีฬา,เพื่อการถ่ายภาพ ถ่ายทำหรือการแสดงในภาพยนตร์หรือรายการโทรทัศน์,การจัดการเรียนการสอน",1
เพื่อการตรวจสอบระบบโซล่าเซลล์,1
"เพื่อการเล่นเป็นงานอดิเรก ความบันเทิง หรือ เพื่อการกีฬา,เพื่อการถ่ายภาพ ถ่ายทำหรือการแสดงในภาพยนตร์หรือรายการโทรทัศน์,เพื่อการเกษตรกรรม,เพื่อถ่ายภาพ เเละวีดีโอลงสื่อสังคมออนไลน์",1
"เพื่อการเล่นเป็นงานอดิเรก ความบันเทิง หรือ เพื่อการกีฬา,เพื่อการศึกษาและเรียนรู้ในห้องเรียนของนักเรียน",1
"เพื่อการเล่นเป็นงานอดิเรก ความบันเทิง หรือ เพื่อการกีฬา,เพื่อถ่ายภาพหรือวีดีโอ ลงสื่อโซเชียล",1
"เพื่อการเล่นเป็นงานอดิเรก ความบันเทิง หรือ เพื่อการกีฬา,ถ่ายภาพและวิดีโอ ภาพถ่ายทางอากาศ ของงานก่อสร้างสำหรับตรวจงาน และพรีเซ้นงาน",1
"เพื่อการวิจัยและพัฒนาอากาศยาน เพื่อการพาณิชย์,เพื่อการสำรวจ",1
เพื่อการเรียนการสอน และสำรวจทำแผนที่,1
ใช้สำรวจงาน,1
"เพื่อการถ่ายภาพ ถ่ายทำหรือการแสดงในภาพยนตร์หรือรายการโทรทัศน์,ส่งเสริมการขายทางการตลาด",1
"เพื่อการเล่นเป็นงานอดิเรก ความบันเทิง หรือ เพื่อการกีฬา,เพื่อการรายงานเหตุการณ์หรือรายงานจราจร (สื่อมวลชน),เพื่อการถ่ายภาพ ถ่ายทำหรือการแสดงในภาพยนตร์หรือรายการโทรทัศน์,เพื่อการเกษตรกรรม,เพื่อการถ่ายภาพและวีดีโอ สำหรับการรีวิวหรือโฆษณา",1
"เพื่อการเล่นเป็นงานอดิเรก ความบันเทิง หรือ เพื่อการกีฬา,เพื่อการถ่ายภาพ ถ่ายทำหรือการแสดงในภาพยนตร์หรือรายการโทรทัศน์,ใช้ถ่ายรูปและบันทึกภาพในการส่งงานในงานก่อสร้าง",1
เพื่อประกอบการทำงานของกิจการ,1
"เพื่อการเล่นเป็นงานอดิเรก ความบันเทิง หรือ เพื่อการกีฬา,เพื่อการถ่ายภาพ ถ่ายทำหรือการแสดงในภาพยนตร์หรือรายการโทรทัศน์,ใช้สำหรับท่องเที่ยวส่วนตัว",1
"เพื่อการถ่ายภาพ ถ่ายทำหรือการแสดงในภาพยนตร์หรือรายการโทรทัศน์,เพื่อถ่ายภาพ ถ่ายวิดีโอ ลงสื่อโซเชียล",1
"เพื่อการเล่นเป็นงานอดิเรก ความบันเทิง หรือ เพื่อการกีฬา,ใช้ในงานสำรวจทางวิศวกรรม",1
"เพื่อการถ่ายภาพ ถ่ายทำหรือการแสดงในภาพยนตร์หรือรายการโทรทัศน์,ถ่ายภาพงานติดตั้งโซลาเซลล์ และ สถานีฐานโทรศัพท์เคลื่อนที่",1
"เพื่อการเล่นเป็นงานอดิเรก ความบันเทิง หรือ เพื่อการกีฬา,เพื่อการถ่ายภาพ ถ่ายทำหรือการแสดงในภาพยนตร์หรือรายการโทรทัศน์,documentation trip my family holiday",1
"เพื่อการถ่ายภาพ ถ่ายทำหรือการแสดงในภาพยนตร์หรือรายการโทรทัศน์,สำหรับเก็บภาพเพื่อใช้งานการทำงาน",1
ถ่ายหน้างานก่อสร้าง,1
"เพื่อการเล่นเป็นงานอดิเรก ความบันเทิง หรือ เพื่อการกีฬา,เพื่อการถ่ายภาพ ถ่ายทำหรือการแสดงในภาพยนตร์หรือรายการโทรทัศน์,เพื่อการถ่ายภาพและวิดีโอในโครงการ NEO 1",1
"เพื่อการเล่นเป็นงานอดิเรก ความบันเทิง หรือ เพื่อการกีฬา,เพื่อการถ่ายภาพ ถ่ายทำหรือการแสดงในภาพยนตร์หรือรายการโทรทัศน์,เพื่อถ่ายภาพ และวีดีโอ ลงโซเซียล",1
"เพื่อการเล่นเป็นงานอดิเรก ความบันเทิง หรือ เพื่อการกีฬา,ใช้สนับสนุนภารกิจการป้องกันและบรรเทาสาธารณภัย",1
"เพื่อการเล่นเป็นงานอดิเรก ความบันเทิง หรือ เพื่อการกีฬา,เพื่อใช้ในหน่วยงาน",1
"เพื่อการเล่นเป็นงานอดิเรก ความบันเทิง หรือ เพื่อการกีฬา,เพื่อการถ่ายภาพ ถ่ายทำหรือการแสดงในภาพยนตร์หรือรายการโทรทัศน์,เพื่อการวิจัย ทดลอง ทดสอบ ตามประกาศ กสทช.,เพื่อถ่ายภาพ วีดีโอ ลงสื่อโซเชียล",1
"เพื่อการเล่นเป็นงานอดิเรก ความบันเทิง หรือ เพื่อการกีฬา,เพื่อการถ่ายภาพ ถ่ายทำหรือการแสดงในภาพยนตร์หรือรายการโทรทัศน์,บินเล่นคลายเครียด",1
"เพื่อการเล่นเป็นงานอดิเรก ความบันเทิง หรือ เพื่อการกีฬา,เพื่อการถ่ายภาพ ถ่ายทำหรือการแสดงในภาพยนตร์หรือรายการโทรทัศน์,เพื่อถ่ายภาพ/วีดีโอลงสื่อโซเชี่ยล",1
เพื่อการถ่ายภาพในพื้นที่รอบเหมืองแร่,1
"เพื่อการเล่นเป็นงานอดิเรก ความบันเทิง หรือ เพื่อการกีฬา,เพื่อการถ่ายภาพ ถ่ายทำหรือการแสดงในภาพยนตร์หรือรายการโทรทัศน์,เพื่อการเรียนการสอน บันทึกภาพและวิดีโอลงโซเชียลมีเดีย",1
"เพื่อการเล่นเป็นงานอดิเรก ความบันเทิง หรือ เพื่อการกีฬา,เพื่อการถ่ายภาพ ถ่ายทำหรือการแสดงในภาพยนตร์หรือรายการโทรทัศน์,เพื่อการเรียนการสอน ถ่ายภาพและวิดีโอลงโซเชียลมีเดีย",1
"เพื่อการเล่นเป็นงานอดิเรก ความบันเทิง หรือ เพื่อการกีฬา,ใช้ในงานสืบสวน",1
"เพื่อการเล่นเป็นงานอดิเรก ความบันเทิง หรือ เพื่อการกีฬา,เพื่อการถ่ายภาพ ถ่ายทำหรือการแสดงในภาพยนตร์หรือรายการโทรทัศน์,เพื่อการเกษตรกรรม,ใชบันทึกภาพ และ วีดีโอ เพื่งลงในสื่อออนไลน์",1
เพื่อใช้งานสนับสนุนภารกิจหน้าที่ขององค์การบริหารส่วนตำบลนาข่า,1
"เพื่อการเล่นเป็นงานอดิเรก ความบันเทิง หรือ เพื่อการกีฬา,เพื่อการถ่ายภาพ ถ่ายทำหรือการแสดงในภาพยนตร์หรือรายการโทรทัศน์,บันทึกภาพและวิดีโอ ลงสื่อโซเชียลมีเดีย",1
เพื่อการรักษาความปลอดภัยในเขตทหารและพัฒนาระบบอากาศยานไร้คนขับของกองทัพอากาศ,1
"เพื่อการเล่นเป็นงานอดิเรก ความบันเทิง หรือ เพื่อการกีฬา,เพื่อถ่ายภาพ และวีดีโอ ลงสื่อโซเชียล",1
"เพื่อการเล่นเป็นงานอดิเรก ความบันเทิง หรือ เพื่อการกีฬา,ใช้ในงานถ่ายภาพมุมสูงสำรวจบนหลังคาบ้านลูกค้า ก่อน-หลังการติดตั้งระบบโซล่าเซลส์",1
"เพื่อการเล่นเป็นงานอดิเรก ความบันเทิง หรือ เพื่อการกีฬา,เพื่อการรายงานเหตุการณ์หรือรายงานจราจร (สื่อมวลชน),งานปกครอง/กู้ภัย",1
"เพื่อการเล่นเป็นงานอดิเรก ความบันเทิง หรือ เพื่อการกีฬา,เพื่อถ่ายภาพ ถ่ายวีดีโอ ลงสื่อโซเชียลมีเดีย",1
"เพื่อการเล่นเป็นงานอดิเรก ความบันเทิง หรือ เพื่อการกีฬา,เพื่อการถ่ายภาพ ถ่ายทำหรือการแสดงในภาพยนตร์หรือรายการโทรทัศน์,เพื่อถ่านภาพ ถ่ายวิดีโอ ลงสื่อโซเชียล",1
"เพื่อการรายงานเหตุการณ์หรือรายงานจราจร (สื่อมวลชน),เพื่อการเกษตรกรรม,เพื่อการจัดเก็บและประมวลผลข้อมูลด้านพื้นที่ตำบลดงขุย",1
"เพื่อการเล่นเป็นงานอดิเรก ความบันเทิง หรือ เพื่อการกีฬา,เพื่อการถ่ายภาพ ถ่ายทำหรือการแสดงในภาพยนตร์หรือรายการโทรทัศน์,เพื่อการเกษตรกรรม,เพื่อการวิจัย ทดลอง ทดสอบ ตามประกาศ กสทช.,การฝึกระบบประสาท ตา กับ แขน",1
"เพื่อการรายงานเหตุการณ์หรือรายงานจราจร (สื่อมวลชน),เพื่อการเรียนการสอน งานวิดีทัศน์และภาพถ่ายทางอากาศเพื่อใช้ในงานสื่อสารองค์กรณ์ของวิทยาลัยฯ",1
"เพื่อการเล่นเป็นงานอดิเรก ความบันเทิง หรือ เพื่อการกีฬา,เพื่อการถ่ายภาพ ถ่ายทำหรือการแสดงในภาพยนตร์หรือรายการโทรทัศน์,เพื่อการบันทึกภาพนิ่งและภาพเคลื่อนไหวลงสื่อโซเชียล",1
"เพื่อการเล่นเป็นงานอดิเรก ความบันเทิง หรือ เพื่อการกีฬา,เพื่อการถ่ายภาพ ถ่ายทำหรือการแสดงในภาพยนตร์หรือรายการโทรทัศน์,เพื่อถ่ายภาพ ถ่ายวิดิโอ ลงชื่อโซเซียล",1
"เพื่อการเล่นเป็นงานอดิเรก ความบันเทิง หรือ เพื่อการกีฬา,เพื่อถ่ายภาพถ่ายวิดีโอ ลงสื่อโซเชียล",1
To film some souvenirs of me and my girlfriend in the beach or in other places. Tourism reason,1
"เพื่อการเกษตรกรรม,ถ่ายภาพมุมสูงเพื่อจัดทำแผนที่ภาพถ่ายทางอากาศแบบออร์โธสี",1
"เพื่อการเล่นเป็นงานอดิเรก ความบันเทิง หรือ เพื่อการกีฬา,เพื่อการถ่ายภาพ ถ่ายทำหรือการแสดงในภาพยนตร์หรือรายการโทรทัศน์,เพื่อการถ่ายภาพ ถ่ายวีดีโอ ลงโชเชียล",1
"เพื่อการเล่นเป็นงานอดิเรก ความบันเทิง หรือ เพื่อการกีฬา,เพื่อบันทึกการปฏิบัติงาน",1
"เพื่อการเล่นเป็นงานอดิเรก ความบันเทิง หรือ เพื่อการกีฬา,ถ่ายภาพ ถ่ายวีดีโอ เพื่อลงสังคมออนไลน์",1
"เพื่อการเล่นเป็นงานอดิเรก ความบันเทิง หรือ เพื่อการกีฬา,การถ่ายภาพ ถ่ายทำวีดีโอ เพื่อเผยแพร่ในโซเชียลมีเดีย",1
"เพื่อการถ่ายภาพ ถ่ายทำหรือการแสดงในภาพยนตร์หรือรายการโทรทัศน์,เพื่อการภาพ และวิดีโอ กิจกรรมทางพระพุทธศาสนา",1
"เพื่อการเล่นเป็นงานอดิเรก ความบันเทิง หรือ เพื่อการกีฬา,เพื่อการถ่ายภาพ ถ่ายทำหรือการแสดงในภาพยนตร์หรือรายการโทรทัศน์,เพื่อถ่ายภาพ ถ่ายวิดีโอ ลงสื่อออนไลน์",1
เพื่อสำรวจแปลงอ้อยโรงงาน,1
เพื่อถ่ายภาพส่วนตัว และสถานที่ท่องเที่ยว,1
เพื่อกายถ่ายภาพและวิดีโอในด้านวิศวกรรมโยธา,1
"เพื่อการเล่นเป็นงานอดิเรก ความบันเทิง หรือ เพื่อการกีฬา,เพื่อการถ่ายภาพ ถ่ายทำหรือการแสดงในภาพยนตร์หรือรายการโทรทัศน์,ถ่ายภาพและถ่ายวีดีโอลงโซเชียล",1
"เพื่อการเล่นเป็นงานอดิเรก ความบันเทิง หรือ เพื่อการกีฬา,เพื่อการถ่ายภาพ ถ่ายทำหรือการแสดงในภาพยนตร์หรือรายการโทรทัศน์,เพื่อการถ่ายภาพ ถ่ายวิดีโอ ลงสื่อโซเชียล",1
"เพื่อการเล่นเป็นงานอดิเรก ความบันเทิง หรือ เพื่อการกีฬา,เพื่อการรายงานเหตุการณ์หรือรายงานจราจร (สื่อมวลชน),เพื่อการถ่ายภาพ ถ่ายทำหรือการแสดงในภาพยนตร์หรือรายการโทรทัศน์,เพื่อใช้ในการทำงานราชการ ของ สภ.ทุ่งตะโก",1
"เพื่อการเล่นเป็นงานอดิเรก ความบันเทิง หรือ เพื่อการกีฬา,เพื่อการรายงานเหตุการณ์หรือรายงานจราจร (สื่อมวลชน),เพื่อการถ่ายภาพ ถ่ายทำหรือการแสดงในภาพยนตร์หรือรายการโทรทัศน์,ถ่ายรูป ถ่าย Vdo ลง Social",1
ใช้ในภารกิจงานราชการ สังกัดองค์การบริหารส่วนตำบลโป่งแดง,1
ใช้เพื่อกิจกรรมของโรงเรียน,1
"เพื่อการเล่นเป็นงานอดิเรก ความบันเทิง หรือ เพื่อการกีฬา,ตรวจสอบระบบจำหน่ายไฟฟ้า",1
"เพื่อการเล่นเป็นงานอดิเรก ความบันเทิง หรือ เพื่อการกีฬา,เพื่อการเกษตรกรรม,เพื่อถ่ายทำคอนเทนต์",1
"เพื่อการเล่นเป็นงานอดิเรก ความบันเทิง หรือ เพื่อการกีฬา,เพื่อการวิจัย ทดลอง ทดสอบ ตามประกาศ กสทช.,ใช้เพื่อการศึกษา",1
"เพื่อการเล่นเป็นงานอดิเรก ความบันเทิง หรือ เพื่อการกีฬา,เพื่อการถ่ายภาพ ถ่ายทำหรือการแสดงในภาพยนตร์หรือรายการโทรทัศน์,เพื่อบันทึกภาพนิ่งและภาพเคลื่อนไหวนำไปเผยแพร่ผ่านสื่อโซเชียล",1
เพื่อการถ่ายภาพ ถ่ายทำวิดีโอนำเสนอผลงานและรีวิวบ้าน,1
"เพื่อการถ่ายภาพ ถ่ายทำหรือการแสดงในภาพยนตร์หรือรายการโทรทัศน์,เพื่อการตรวจสอบความปลอดภัยภายในพื้นที่ของโรงงาน",1
"เพื่อการถ่ายภาพ ถ่ายทำหรือการแสดงในภาพยนตร์หรือรายการโทรทัศน์,เพื่ออำนวยความสะดวกในการพัฒนาที่พำนักสงฆ์และศูนย์พักฟื้นภิกษุอาพาธ (สาขาวัดหนองป่าพง) อโรคธรรม",1
"เพื่อการเล่นเป็นงานอดิเรก ความบันเทิง หรือ เพื่อการกีฬา,เพื่อถ่ายภาพ (ในการท่องเที่ยว)",1
ใช้ในสำนักงานปศุสัตว์จังหวัดปัตตานีในการติดตามสัตว์ที่ยิงยาสลบ,1
"เพื่อการถ่ายภาพ ถ่ายทำหรือการแสดงในภาพยนตร์หรือรายการโทรทัศน์,ใช้เก็บภาพมุมสูง ก่อน ระหว่างและหลังของโครงการก่อสร้าง",1
"เพื่อการเล่นเป็นงานอดิเรก ความบันเทิง หรือ เพื่อการกีฬา,เพื่อการรายงานเหตุการณ์หรือรายงานจราจร (สื่อมวลชน),นำเสนอแหล่งท่องเที่ยวท้องถิ่น",1
"เพื่อการเล่นเป็นงานอดิเรก ความบันเทิง หรือ เพื่อการกีฬา,เพื่อทำแผนที่ภาษีและงานป้องกันบรรเทาสาธารณภัย",1
"เพื่อการเล่นเป็นงานอดิเรก ความบันเทิง หรือ เพื่อการกีฬา,บันทึกภาพนิ่งหรือวีดีโอส่วนตัวเมื่อไปท่องเที่ยวในสถานที่ต่างๆ",1
"เพื่อการเล่นเป็นงานอดิเรก ความบันเทิง หรือ เพื่อการกีฬา,เพื่อปฎิบัติงานด้านการป้องกันและบรรเทาสาธารณภัย และการประชาสัมพันธ์ของเทศบาลตำบลบ่อกวางทอง",1
"เพื่อการเล่นเป็นงานอดิเรก ความบันเทิง หรือ เพื่อการกีฬา,เพื่อการถ่ายภาพ ถ่ายทำหรือการแสดงในภาพยนตร์หรือรายการโทรทัศน์,ถ่ายลงโซเชียล",1
เพื่อถ่ายภาพ/วิดีโอ ภายในพื้นที่บริษัท,1
ใช้ในการทำงานด้านภัยพิบัติ,1
"เพื่อการเล่นเป็นงานอดิเรก ความบันเทิง หรือ เพื่อการกีฬา,เพื่อการรายงานเหตุการณ์หรือรายงานจราจร (สื่อมวลชน),เพื่อการถ่ายภาพ ถ่ายทำหรือการแสดงในภาพยนตร์หรือรายการโทรทัศน์,ใช้ถ่ายVDEO โปรโหมดโรงเรียน",1
"เพื่อการเล่นเป็นงานอดิเรก ความบันเทิง หรือ เพื่อการกีฬา,เพื่อถ่ายภาพลงสื่อออนไลน์ส่วนตัว",1
เพื่อการถ่ายภาพ ใช้ในเชิงพาณิชย์,1
"เพื่อการเกษตรกรรม,เพื่อการเกษตร",1
"เพื่อการถ่ายภาพ ถ่ายทำหรือการแสดงในภาพยนตร์หรือรายการโทรทัศน์,TRAVEL PHOTO FOR SELF",1
"เพื่อการถ่ายภาพ ถ่ายทำหรือการแสดงในภาพยนตร์หรือรายการโทรทัศน์,เพื่อใช้ในงานสำรวจ",1
ใช้ในงานโรงเรียน,1
"เพื่อการเล่นเป็นงานอดิเรก ความบันเทิง หรือ เพื่อการกีฬา,ใช้เพื่อการทำงาน",1
"เพื่อการเล่นเป็นงานอดิเรก ความบันเทิง หรือ เพื่อการกีฬา,เพื่อการถ่ายภาพ ถ่ายทำหรือการแสดงในภาพยนตร์หรือรายการโทรทัศน์,เพื่อการวิจัยและพัฒนาอากาศยาน เพื่อการพาณิชย์,เพื่อการเกษตรกรรม,เพื่อการวิจัย ทดลอง ทดสอบ ตามประกาศ กสทช.,ตรวจสอบการเสื่อมสภาพแผงโซล่าเซล และ ตรวจสอบสภาพเครื่องจักรอุตสาหกรรมขนาดใหญ่",1
"เพื่อการเล่นเป็นงานอดิเรก ความบันเทิง หรือ เพื่อการกีฬา,ใช้ถ่ายภาพและวีดีโอลงโซเชี่ยล",1
"เพื่อการเล่นเป็นงานอดิเรก ความบันเทิง หรือ เพื่อการกีฬา,เพื่อการถ่ายภาพ ถ่ายทำหรือการแสดงในภาพยนตร์หรือรายการโทรทัศน์,เพื่อถ่าพภาย ถ่ายวีดีโอ ลงสื่อโซเชียล",1
เพื่อการเรียนการสอน งานวิจัย และบริการวิชาการ,1
"เพื่อการเล่นเป็นงานอดิเรก ความบันเทิง หรือ เพื่อการกีฬา,เพื่อการถ่ายภาพ ถ่ายทำหรือการแสดงในภาพยนตร์หรือรายการโทรทัศน์,ถ่ายภาพ วีดีโอ ลงโซเชียล",1
ใช้เก็บภาพถ่ายมุมสูงและเหตุการณ์ต่างๆ และประชาสัมพันธ์กิจกรรมขององค์การบริการส่วนตำบลช่างเคิ่ง,1
เพื่อการถ่ายภาพ วีดีโอ กิจกรรมของทางราชการ,1
"เพื่อการเล่นเป็นงานอดิเรก ความบันเทิง หรือ เพื่อการกีฬา,เพื่อถ่ายภาพ วิดีโอ ลงสื่อโซเชียล",1
"เพื่อการถ่ายภาพ ถ่ายทำหรือการแสดงในภาพยนตร์หรือรายการโทรทัศน์,เพื่อการวิจัยและพัฒนาอากาศยาน เพื่อการพาณิชย์,เพื่อการเกษตรกรรม,สำรวจพื้นที่ก่อสร้างและพื้นที่ติดตั้งโซลาร์เซลล์",1
"เพื่อการเล่นเป็นงานอดิเรก ความบันเทิง หรือ เพื่อการกีฬา,เพื่อการรายงานเหตุการณ์หรือรายงานจราจร (สื่อมวลชน),เพื่อการถ่ายภาพ ถ่ายทำหรือการแสดงในภาพยนตร์หรือรายการโทรทัศน์,ถ่ายภาพบ้านและที่ดิน",1
"เพื่อการเล่นเป็นงานอดิเรก ความบันเทิง หรือ เพื่อการกีฬา,เพื่อการถ่ายภาพ ถ่ายทำหรือการแสดงในภาพยนตร์หรือรายการโทรทัศน์,การถ่ายภาพ ถ่ายวีดีโอ เพื่อสร้างสรรค์สื่อดิจิทัลเผยแพร่ลงบนเครือข่ายสังคมออนไลน์",1
"เพื่อการเล่นเป็นงานอดิเรก ความบันเทิง หรือ เพื่อการกีฬา,แสดงสถานที่สำหรับกิจการ",1
"เพื่อการเล่นเป็นงานอดิเรก ความบันเทิง หรือ เพื่อการกีฬา,เพื่อการถ่ายภาพ ถ่ายทำหรือการแสดงในภาพยนตร์หรือรายการโทรทัศน์,เพื่อการถ่ายภาพ ถ่ายวิดีโอลงสื่อSocial Media",1
"เพื่อการเล่นเป็นงานอดิเรก ความบันเทิง หรือ เพื่อการกีฬา,เพื่อการถ่ายภาพ ถ่ายทำหรือการแสดงในภาพยนตร์หรือรายการโทรทัศน์,ถ่ายภาพ และวิดีโอเพื่อลงสื่อสังคมออนไลน์",1
"เพื่อการเล่นเป็นงานอดิเรก ความบันเทิง หรือ เพื่อการกีฬา,โพสลงโซเชียลเช่น เฟซบุ๊ค ไอจี ไลน์ ติ๊กตอก ยูทูป เป็นต้น",1
"เพื่อการเล่นเป็นงานอดิเรก ความบันเทิง หรือ เพื่อการกีฬา,ถ่ายภาพประกวด / บริเวณพื้นที่การออกแบบ",1
"เพื่อการเล่นเป็นงานอดิเรก ความบันเทิง หรือ เพื่อการกีฬา,ถ่ายงานที่ดิน",1
"เพื่อการเล่นเป็นงานอดิเรก ความบันเทิง หรือ เพื่อการกีฬา,การศึกษาและการสำรวจแหล่งทรัพยากรธรรมชาติ ศิลปกรรม และเมือง",1
"เพื่อการเล่นเป็นงานอดิเรก ความบันเทิง หรือ เพื่อการกีฬา,เพื่อการถ่ายภาพ ถ่ายทำหรือการแสดงในภาพยนตร์หรือรายการโทรทัศน์,ใช้เพื่อถ่ายภาพท่องเที่ยว ครอบครัวเก็บความประทับใจ",1
"เพื่อการเล่นเป็นงานอดิเรก ความบันเทิง หรือ เพื่อการกีฬา,ถ่ายวีดีโอลงสื่อโซเชียล",1
"เพื่อการเล่นเป็นงานอดิเรก ความบันเทิง หรือ เพื่อการกีฬา,เพื่อการรายงานเหตุการณ์หรือรายงานจราจร (สื่อมวลชน),เพื่อการถ่ายภาพ ถ่ายทำหรือการแสดงในภาพยนตร์หรือรายการโทรทัศน์,ถ่ายภาพลงสื่อ โซเชียล",1
"เพื่อการเล่นเป็นงานอดิเรก ความบันเทิง หรือ เพื่อการกีฬา,เพื่อการรายงานเหตุการณ์หรือรายงานจราจร (สื่อมวลชน),เพื่อการถ่ายภาพ ถ่ายทำหรือการแสดงในภาพยนตร์หรือรายการโทรทัศน์,เพื่อการเกษตรกรรม,สนับสนุนภารกิจสืบสวนปราบปราบอาชญากรรมและยาเสพติดในพื้นที่ สภ.ขุนหาญ",1
"เพื่อการเล่นเป็นงานอดิเรก ความบันเทิง หรือ เพื่อการกีฬา,ใช้ถ่ายภาพและวีดีโอ กรณีท่องเที่ยวไปตามสถานที่ต่างๆ",1
"เพื่อการเล่นเป็นงานอดิเรก ความบันเทิง หรือ เพื่อการกีฬา,ถ่ายภาพโครงการก่อสร้าง",1
เพื่อใช้งานในการสำรวจพื้นที่ติดตั้งโชลาร์เซล์,1
"เพื่อการเล่นเป็นงานอดิเรก ความบันเทิง หรือ เพื่อการกีฬา,เพื่อการถ่ายภาพ ถ่ายทำหรือการแสดงในภาพยนตร์หรือรายการโทรทัศน์,ถ่ายภาพ ถ่ายวิดีโอ ลงโซเซียล",1
"เพื่อการเล่นเป็นงานอดิเรก ความบันเทิง หรือ เพื่อการกีฬา,เพื่อการถ่ายภาพ ถ่ายทำหรือการแสดงในภาพยนตร์หรือรายการโทรทัศน์,ถ่ายทำเพื่อใช้เป็นสื่อในการประชาสัมพันธ์ข้อมูลของหน่วยงานและเผยแพร่สื่อออนไลน์",1
เพื่อการสำรวจจัดทำแผนที่ และสำรวจภูมิประเทศ,1
"เพื่อการเล่นเป็นงานอดิเรก ความบันเทิง หรือ เพื่อการกีฬา,เพื่อการรายงานเหตุการณ์หรือรายงานจราจร (สื่อมวลชน),เพื่อการถ่ายภาพ ถ่ายทำหรือการแสดงในภาพยนตร์หรือรายการโทรทัศน์,เพื่อถ่ายภาพ / วีดีโอ ลงสื่อโซเชี่ยลมีเดีย",1
"เพื่อการเล่นเป็นงานอดิเรก ความบันเทิง หรือ เพื่อการกีฬา,เพื่อสำรวจพื้นที่ในโรงงาน",1
"เพื่อการเล่นเป็นงานอดิเรก ความบันเทิง หรือ เพื่อการกีฬา,เพื่อการรายงานเหตุการณ์หรือรายงานจราจร (สื่อมวลชน),เพื่อการถ่ายภาพ ถ่ายทำหรือการแสดงในภาพยนตร์หรือรายการโทรทัศน์,เพื่อถ่ายภาพและวิดีโอลงสื่อโซเชียล",1
เพื่อการถ่ายภาพความร้อนแผงโซลาร์เซลล์,1
"เพื่อการเล่นเป็นงานอดิเรก ความบันเทิง หรือ เพื่อการกีฬา,เพื่อการรายงานเหตุการณ์หรือรายงานจราจร (สื่อมวลชน),เพื่อการเกษตรกรรม,งานป้องกันและบรรเทาสาธารณภัย",1
เพื่อรายงานและติดตามความก้าวหน้างานก่อสร้างบ้านในโครงการของบริษัทฯ,1
เพื่อใช้ในการปฏิบัติงานของสถานีตำรวจ การตรวจเหตุการณ์ รายงานสภาพการจราจร และอื่นๆเกี่ยวกับหน้าที่,1
"เพื่อการเล่นเป็นงานอดิเรก ความบันเทิง หรือ เพื่อการกีฬา,เพื่อการรายงานเหตุการณ์หรือรายงานจราจร (สื่อมวลชน),เพื่อการถ่ายภาพ ถ่ายทำหรือการแสดงในภาพยนตร์หรือรายการโทรทัศน์,เพื่อการวิจัยและพัฒนาอากาศยาน เพื่อการพาณิชย์,เพื่อการวิจัย ทดลอง ทดสอบ ตามประกาศ กสทช.,สำรวจสภาพพื้นที่ภาคสนามและทำจำลองระดับความสูงของอาคาร",1
"เพื่อการเล่นเป็นงานอดิเรก ความบันเทิง หรือ เพื่อการกีฬา,เพื่อการถ่ายภาพ ถ่ายทำหรือการแสดงในภาพยนตร์หรือรายการโทรทัศน์,ใช้ในการปฏิบัติหน้าที่ราชการของสถานีตำรวจภูธรศรีเทพ งานสืบสวน งานจราจร งานป้องกันปราบปราม",1
เพื่อใช้งานในงานของเทศบาล,1
"เพื่อการเล่นเป็นงานอดิเรก ความบันเทิง หรือ เพื่อการกีฬา,เพื่อถ่ายภาพและวีดีโอ ลงสื่อโซเชียล",1
"เพื่อการถ่ายภาพ ถ่ายทำหรือการแสดงในภาพยนตร์หรือรายการโทรทัศน์,เพื่อใช้ในงานภารกิจของทางราชการ เทศบาลตำบลต้นธงชัย",1
"เพื่อการเล่นเป็นงานอดิเรก ความบันเทิง หรือ เพื่อการกีฬา,เพื่อการถ่ายภาพ ถ่ายทำหรือการแสดงในภาพยนตร์หรือรายการโทรทัศน์,เพื่อการวิจัย ทดลอง ทดสอบ ตามประกาศ กสทช.,ใช้สอน นักรียนนายร้อยตำรวจ และนักเรียนนายสิบตำรวจ",1
"เพื่อการเล่นเป็นงานอดิเรก ความบันเทิง หรือ เพื่อการกีฬา,เพื่อการถ่ายภาพ ถ่ายทำหรือการแสดงในภาพยนตร์หรือรายการโทรทัศน์,เพื่อถ่ายภาพ ถ่ายวิดีโอ ลงสื่อ Social Facebook Youtube Tiktok",1
"เพื่อการเล่นเป็นงานอดิเรก ความบันเทิง หรือ เพื่อการกีฬา,เพื่อการถ่ายภาพ ถ่ายทำหรือการแสดงในภาพยนตร์หรือรายการโทรทัศน์,เพือถ่ายภาพ ถ่ายวีดีโอ ลงสื่อโซเชียล",1
เผยแผ่งานพระศาสนา ขนบธรรมเนียม วัฒนธรรม,1
"เพื่อการรายงานเหตุการณ์หรือรายงานจราจร (สื่อมวลชน),เพื่อการถ่ายภาพ ถ่ายทำหรือการแสดงในภาพยนตร์หรือรายการโทรทัศน์,1. เพื่อถ่ายภาพ ถ่ายวีดีโอ ลงสื่อโซเชียล, 2. เพื่อถ่ายภาพในงานก่อสร้างและตกแต่งภาพใน",1
"เพื่อการถ่ายภาพ ถ่ายทำหรือการแสดงในภาพยนตร์หรือรายการโทรทัศน์,บันทึกภาพเข้าหอจดหมายเหตุมหาวิทยาลัยและจัดทำสื่อการศึกษา",1
"เพื่อการเล่นเป็นงานอดิเรก ความบันเทิง หรือ เพื่อการกีฬา,เพื่อการถ่ายภาพ ถ่ายทำหรือการแสดงในภาพยนตร์หรือรายการโทรทัศน์,ถ่ายภาพ ถ่ายวีดีโอ",1
"เพื่อการถ่ายภาพ ถ่ายทำหรือการแสดงในภาพยนตร์หรือรายการโทรทัศน์,ถ่ายงานทดสอบรถยนต์",1
"เพื่อการเล่นเป็นงานอดิเรก ความบันเทิง หรือ เพื่อการกีฬา,เพื่อการถ่ายภาพ ถ่ายทำหรือการแสดงในภาพยนตร์หรือรายการโทรทัศน์,เพื่อใช้ถ่ายรูปสำรวจพื้นที่",1
ใช้สำหรับถ่ายภาพและสำรวจหน้างาน,1
"เพื่อการเล่นเป็นงานอดิเรก ความบันเทิง หรือ เพื่อการกีฬา,ทำสื่อประกอบการสอนและการบรรยายเป็นวิทยากร",1
"เพื่อการเล่นเป็นงานอดิเรก ความบันเทิง หรือ เพื่อการกีฬา,เพื่อการถ่ายภาพ ถ่ายทำหรือการแสดงในภาพยนตร์หรือรายการโทรทัศน์,เพื่อใช้ถ่ายงาน EVENT และกิจกรรมต่าง ๆ ของลูกค้าและพนักงาน โรงแรมลากูน่าแกรนด์ แอนด์ สปา สงขลา",1
"เพื่อการเล่นเป็นงานอดิเรก ความบันเทิง หรือ เพื่อการกีฬา,เพื่อการถ่ายภาพ ถ่ายทำหรือการแสดงในภาพยนตร์หรือรายการโทรทัศน์,ใช้เพื่อทำคอนเทนด์เกี่ยวกับรถยนต์และมอเตอร์ไซค์ลงโซเชียล",1
"เพื่อการเล่นเป็นงานอดิเรก ความบันเทิง หรือ เพื่อการกีฬา,ใช้งานการทำงาน",1
"เพื่อการเล่นเป็นงานอดิเรก ความบันเทิง หรือ เพื่อการกีฬา,ถ่ายภาพ,วิดีโอ ลงสื่อโซเชี่ยล",1
"เพื่อการเล่นเป็นงานอดิเรก ความบันเทิง หรือ เพื่อการกีฬา,เพื่อลงโซเชียล",1
ภารกิจงานของกรมทางหลวง เช่น สำรวจทางหลวง,1
ใช้เพื่อการตรวจสอบอุปกรณ์แทนรถกระเช้าของหน่วยงานรัฐวิสหกิจการไฟฟ้าส่วนภูมิภาคสาขาพนัสนิคม เขต กฟก.2,1
เพื่อใช้ในการปฎิบัติงานระบบสารสนเทศทางภูมิศาสตร์จัดทำแผนที่ภาษี,1
"เพื่อการถ่ายภาพ ถ่ายทำหรือการแสดงในภาพยนตร์หรือรายการโทรทัศน์,เพื่อการวิจัยและพัฒนาอากาศยาน เพื่อการพาณิชย์,เพื่อการเรียนการสอน",1
"เพื่อการเล่นเป็นงานอดิเรก ความบันเทิง หรือ เพื่อการกีฬา,เพื่อการถ่ายภาพ ถ่ายทำหรือการแสดงในภาพยนตร์หรือรายการโทรทัศน์,ลงสื่อโซเซียล",1
"เพื่อการถ่ายภาพ ถ่ายทำหรือการแสดงในภาพยนตร์หรือรายการโทรทัศน์,ใช้ในกิจกรรมต่างๆของสถานประกอบการ",1
ทำงาน,1
"เพื่อนำมาประกอบภาพการท่องเที่ยว,ช่วยเหลือประชาชน,สำหรับเกิดเหตุ",1
"เพื่อการเล่นเป็นงานอดิเรก ความบันเทิง หรือ เพื่อการกีฬา,เพื่อการรายงานเหตุการณ์หรือรายงานจราจร (สื่อมวลชน),เพื่อถ่ายภาพ ถ่ายวีดีโอ ลงสื่อโซเชี่ยว",1
"เพื่อการถ่ายภาพ ถ่ายทำหรือการแสดงในภาพยนตร์หรือรายการโทรทัศน์,Tourism",1
มีไว้เพื่อรอจำหน่าย,1
บันทึกภารกิจของเทศบาลตำบลด่านสำโรง,1
"เพื่อการเล่นเป็นงานอดิเรก ความบันเทิง หรือ เพื่อการกีฬา,เพื่อการถ่ายภาพ ถ่ายทำหรือการแสดงในภาพยนตร์หรือรายการโทรทัศน์,ถ่ายภาพ ถ่าย วีดีโอ ลงโซเชียล",1
"เพื่อการเล่นเป็นงานอดิเรก ความบันเทิง หรือ เพื่อการกีฬา,เพื่อการถ่ายภาพ ถ่ายทำหรือการแสดงในภาพยนตร์หรือรายการโทรทัศน์,เพื่อการถ่ายภาพนิ่ง และภาพคลื่นไหว สำหรับลงในสื่อโซเชียลมีเดีย",1
"เพื่อการเล่นเป็นงานอดิเรก ความบันเทิง หรือ เพื่อการกีฬา,ถ่ายภาพประกอบงานของโรงเรียน",1
"เพื่อการเล่นเป็นงานอดิเรก ความบันเทิง หรือ เพื่อการกีฬา,เพื่อการถ่ายภาพ ถ่ายทำหรือการแสดงในภาพยนตร์หรือรายการโทรทัศน์,ถ่ายภาพ ถ่ายวีดีโอ ลงสื่อโซเชี่ยว",1
"เพื่อการเล่นเป็นงานอดิเรก ความบันเทิง หรือ เพื่อการกีฬา,เพื่อการถ่ายภาพ ถ่ายทำหรือการแสดงในภาพยนตร์หรือรายการโทรทัศน์,ถ่ายรูปถ่ายวีดีโอลงสื่อโซเชียล",1
"เพื่อการเล่นเป็นงานอดิเรก ความบันเทิง หรือ เพื่อการกีฬา,ทำคลิปการสอน",1
"เพื่อการเล่นเป็นงานอดิเรก ความบันเทิง หรือ เพื่อการกีฬา,เพื่อการถ่ายภาพ ถ่ายทำหรือการแสดงในภาพยนตร์หรือรายการโทรทัศน์,จิตอาสาช่วยเหลือต่างๆ เช่น อุทกภัย ภัยพิบัติทางธรรมชาติ เหตุฉุกเฉิน",1
"เพื่อการเล่นเป็นงานอดิเรก ความบันเทิง หรือ เพื่อการกีฬา,เพื่อการรายงานเหตุการณ์หรือรายงานจราจร (สื่อมวลชน),ใช้เพิ่มเติมในหน่วยงานราชการ",1
"เพื่อการเล่นเป็นงานอดิเรก ความบันเทิง หรือ เพื่อการกีฬา,เพื่อการถ่ายภาพ ถ่ายทำหรือการแสดงในภาพยนตร์หรือรายการโทรทัศน์,เพื่อถ่ายภาพ ถ่ายวิดีโอ ลงสื่อโซเชียล สำรวจและจัดทำแผนที่พื้นที่ของบริษัทฯ",1
"เพื่อการเล่นเป็นงานอดิเรก ความบันเทิง หรือ เพื่อการกีฬา,เพื่อการถ่ายภาพ ถ่ายทำหรือการแสดงในภาพยนตร์หรือรายการโทรทัศน์,เพื่อการสำรวจLocation ทำกิจกรรม",1
"เพื่อการเล่นเป็นงานอดิเรก ความบันเทิง หรือ เพื่อการกีฬา,เพื่อการถ่ายภาพ ถ่ายทำหรือการแสดงในภาพยนตร์หรือรายการโทรทัศน์,เพื่อถ่ายภาพ ถ่ายวิดิโอ ลงสื่อสังคมออนไลน์ทุกรูปแบบ",1
"เพื่อการเล่นเป็นงานอดิเรก ความบันเทิง หรือ เพื่อการกีฬา,ลงสื่อโซเชี่ยลมีเดียร์",1
เพื่อการตรวจสอบแผงโซล่าเซลล์ และอื่นๆ ที่เกี่ยวข้องกับกิจการ,1
"เพื่อการเล่นเป็นงานอดิเรก ความบันเทิง หรือ เพื่อการกีฬา,เพื่อใช้ลงสื่อfacebook,IGส่วนบุคคล",1
"เพื่อการเล่นเป็นงานอดิเรก ความบันเทิง หรือ เพื่อการกีฬา,ถ่ายกิจกรรมต่างๆของทางสำนักงานเขตทุ่งครุ กรุงเทพมหานคร",1
"เพื่อการเล่นเป็นงานอดิเรก ความบันเทิง หรือ เพื่อการกีฬา,เพื่อถ่ายภาพและวิดีโอ",1
"เพื่อการเล่นเป็นงานอดิเรก ความบันเทิง หรือ เพื่อการกีฬา,เพื่อการถ่ายภาพ ถ่ายทำหรือการแสดงในภาพยนตร์หรือรายการโทรทัศน์,ถ่ายรูปเพื่อเที่ยว โพสโซเชียล บันทึกความทรงจำ",1
"เพื่อการเล่นเป็นงานอดิเรก ความบันเทิง หรือ เพื่อการกีฬา,เพื่อการถ่ายภาพ ถ่ายทำหรือการแสดงในภาพยนตร์หรือรายการโทรทัศน์,ใช้ไว้ถ่าย VDO สถานที่ไปเที่ยวและถ่ายบุคคล",1
"เพื่อการเล่นเป็นงานอดิเรก ความบันเทิง หรือ เพื่อการกีฬา,เพื่อการถ่ายภาพ ถ่ายทำหรือการแสดงในภาพยนตร์หรือรายการโทรทัศน์,ใช้สำหรับถ่ายธรรมชาติ ท่องเที่ยว , สำรวจสวนเกษตรของตัวเอง",1
"เพื่อการถ่ายภาพ ถ่ายทำหรือการแสดงในภาพยนตร์หรือรายการโทรทัศน์,เพื่อถ่ายภาพนิ่ง/ ภาพเคลื่อนไหวในการประชาสัมพันธ์ของเทศบาลเมืองสระบุรี",1
"เพื่อการเล่นเป็นงานอดิเรก ความบันเทิง หรือ เพื่อการกีฬา,ถ่ายภาพกิจกรรมต่าง ๆ ของโรงเรียนพญาลอวิทยาคม และการเรียนการสอน",1
"เพื่อการเล่นเป็นงานอดิเรก ความบันเทิง หรือ เพื่อการกีฬา,เพื่อการถ่ายภาพ ถ่ายทำหรือการแสดงในภาพยนตร์หรือรายการโทรทัศน์,เพื่อการเกษตรกรรม,ทำเอกสารที่ดิน สิ่งปลูกสร้าง",1
"เพื่อการเล่นเป็นงานอดิเรก ความบันเทิง หรือ เพื่อการกีฬา,ถ่ายภาพ,วิดีโอลงโซเซียล",1
"เพื่อการเล่นเป็นงานอดิเรก ความบันเทิง หรือ เพื่อการกีฬา,เพื่อการถ่ายภาพ ถ่ายทำหรือการแสดงในภาพยนตร์หรือรายการโทรทัศน์,ถ่ายภาพและคลิปวีดีโอ เก็บบันทึกลงใน Social Network, Facebook, IG",1
"เพื่อถ่ายภาพ,งานติดตั้ง Solar Cell ของบริษัท",1
"เพื่อการเกษตรกรรม,ประชาสัมพันธ์เทศบาล/ งานสำรวจอุทกภัย / สำรวจการเกษตร",1
"เพื่อการวิจัย ทดลอง ทดสอบ ตามประกาศ กสทช.,เพื่อสำรวจ",1
"เพื่อการเล่นเป็นงานอดิเรก ความบันเทิง หรือ เพื่อการกีฬา,เพื่อการถ่ายภาพ ถ่ายทำหรือการแสดงในภาพยนตร์หรือรายการโทรทัศน์,เพื่อถ่ายภาย วีดิโอ ลงสื่อโซเชียล",1
สาธิตและจัดกิจกรรมทางการตลาดเพื่อการส่งเสริมการขาย,1
"เพื่อการเล่นเป็นงานอดิเรก ความบันเทิง หรือ เพื่อการกีฬา,เพื่อการถ่ายภาพ ถ่ายทำหรือการแสดงในภาพยนตร์หรือรายการโทรทัศน์,ใช้ในงานตำรวจ สืบสวน หาข่าว",1
"เพื่อการเล่นเป็นงานอดิเรก ความบันเทิง หรือ เพื่อการกีฬา,MAKE VDO , PHOTO ON SOCIAL MEDIA",1
"เพื่อการเล่นเป็นงานอดิเรก ความบันเทิง หรือ เพื่อการกีฬา,เพื่อการถ่ายภาพ ถ่ายทำหรือการแสดงในภาพยนตร์หรือรายการโทรทัศน์,เพื่อถ่ายภาพ  ถ่ายวีดีโอ ลงสื่อโซเซียล",1
"เพื่อการเล่นเป็นงานอดิเรก ความบันเทิง หรือ เพื่อการกีฬา,เพื่อการถ่ายภาพ ถ่ายทำหรือการแสดงในภาพยนตร์หรือรายการโทรทัศน์,สื่อออนไลน์ social media",1
"เพื่อการเล่นเป็นงานอดิเรก ความบันเทิง หรือ เพื่อการกีฬา,ถ่ายรูปและวีดีโอเพื่อลงสื่อโซเซียล",1
"เพื่อการเล่นเป็นงานอดิเรก ความบันเทิง หรือ เพื่อการกีฬา,เพื่อการถ่ายภาพ ถ่ายทำหรือการแสดงในภาพยนตร์หรือรายการโทรทัศน์,ถ่ายภาพ คลิปวิดิโอ ลงโซเชียล",1
"เพื่อการเล่นเป็นงานอดิเรก ความบันเทิง หรือ เพื่อการกีฬา,เพื่อการถ่ายภาพ ถ่ายทำหรือการแสดงในภาพยนตร์หรือรายการโทรทัศน์,ถ่ายภาพเพื่อโปรโมทสิ้นค้าตัวเอง",1
"เพื่อการวิจัย ทดลอง ทดสอบ ตามประกาศ กสทช.,สำรวจหน้างานของโซลาเซลล์ และโยธา",1
"เพื่อการวิจัย ทดลอง ทดสอบ ตามประกาศ กสทช.,เพื่อการสำรวจงาน งานโซล่าเซซล์ และงานโยธา",1
"เพื่อการเล่นเป็นงานอดิเรก ความบันเทิง หรือ เพื่อการกีฬา,ใช้ในงานของบริษัทฯ",1
"เพื่อการเล่นเป็นงานอดิเรก ความบันเทิง หรือ เพื่อการกีฬา,เพื่อการเกษตรกรรม,เพื่อถ่ายภาพ ถ่ายวิดิโอ ลงสื่อโซเชียล",1
"เพื่อการเล่นเป็นงานอดิเรก ความบันเทิง หรือ เพื่อการกีฬา,เพื่อการถ่ายภาพ ถ่ายทำหรือการแสดงในภาพยนตร์หรือรายการโทรทัศน์,เพื่อถ่ายภาพนิ่ง และภาพเคลื่อนไหว สำหรับลงในสื่อโซเชียลมีเดีย",1
"เพื่อการเล่นเป็นงานอดิเรก ความบันเทิง หรือ เพื่อการกีฬา,ใช้ในงานสำรวจถนนและภูมิประเทศ",1
"เพื่อการเล่นเป็นงานอดิเรก ความบันเทิง หรือ เพื่อการกีฬา,คลายเครียดเพื่อป้องกันโรคซึมเศร้า",1
เพื่อจัดทำรายงานโครงการ / สำรวจโครงการที่ดำเนินการ,1
เพื่อนำมาใช้ตรวจสอบระบบสายส่ง 115 KV ของการไฟฟ้าส่วนภูมิภาค,1
"เพื่อการเล่นเป็นงานอดิเรก ความบันเทิง หรือ เพื่อการกีฬา,เพื่อการถ่ายภาพ ถ่ายทำหรือการแสดงในภาพยนตร์หรือรายการโทรทัศน์,ใช้ในการถ่ายภาพมุมสูง ถ่ายหนังสั้น และคลิป MV",1
"เพื่อการเล่นเป็นงานอดิเรก ความบันเทิง หรือ เพื่อการกีฬา,เพื่อการถ่ายภาพ ถ่ายทำหรือการแสดงในภาพยนตร์หรือรายการโทรทัศน์,ใช้สำหรับการถ่ายภาพหรือวิดีโอจากมุมสูง เพื่อการท่องเที่ยวส่วนบุคคล",1
"เพื่อการเล่นเป็นงานอดิเรก ความบันเทิง หรือ เพื่อการกีฬา,Photographing for non commercial use",1
"เพื่อการเล่นเป็นงานอดิเรก ความบันเทิง หรือ เพื่อการกีฬา,เพื่อการถ่ายภาพ ถ่ายทำหรือการแสดงในภาพยนตร์หรือรายการโทรทัศน์,ถ่ายภาพ ถ่ายวิด๊โอ ลงสื่อโซเชี่ยล",1
"เพื่อการถ่ายภาพ ถ่ายทำหรือการแสดงในภาพยนตร์หรือรายการโทรทัศน์,ถ่ายรูปลงโซเชียล และลงเฟซบุ๊ก",1
"เพื่อการเล่นเป็นงานอดิเรก ความบันเทิง หรือ เพื่อการกีฬา,ส่งเสริมการขายบ้าน และที่ดิน",1
ถ่ายภาพพื้นที่โรงงาน และกิจกรรมของบริษัท,1
"เพื่อการเล่นเป็นงานอดิเรก ความบันเทิง หรือ เพื่อการกีฬา,เพื่อการถ่ายภาพ ถ่ายทำหรือการแสดงในภาพยนตร์หรือรายการโทรทัศน์,เพื่อถ่ายภาพ ถ่ายวีดีโอ ลงสื่อโซเชียลและเว็บ stock photo",1
"เพื่อการเล่นเป็นงานอดิเรก ความบันเทิง หรือ เพื่อการกีฬา,เพื่อถ่ายภาพและวีดีโอ",1
"เพื่อการเล่นเป็นงานอดิเรก ความบันเทิง หรือ เพื่อการกีฬา,เพื่อการถ่ายภาพ ถ่ายทำหรือการแสดงในภาพยนตร์หรือรายการโทรทัศน์,เพื่อใช้ลงสื่อโซเชียลมีเดีย",1
เพื่อเผยแพร่ภาพถ่ายกิจกรรมโครงการของ อบต.,1
"เพื่อการเล่นเป็นงานอดิเรก ความบันเทิง หรือ เพื่อการกีฬา,เพื่อการถ่ายภาพ ถ่ายทำหรือการแสดงในภาพยนตร์หรือรายการโทรทัศน์,เพื่อทำแผนที่โดยใช้ Drone บินสำรวจเพื่อนำไปออกแบบงาน",1
"เพื่อการรายงานเหตุการณ์หรือรายงานจราจร (สื่อมวลชน),เพื่อการถ่ายภาพ ถ่ายทำหรือการแสดงในภาพยนตร์หรือรายการโทรทัศน์,ถ่ายภาพ วีดีโอ ลงสื่อโซเซียล",1
"เพื่อการเล่นเป็นงานอดิเรก ความบันเทิง หรือ เพื่อการกีฬา,เพื่อการถ่ายภาพ ถ่ายทำหรือการแสดงในภาพยนตร์หรือรายการโทรทัศน์,เพื่อใช้ในการติดตามความคืบหน้าในการทำงานรับเหมา ก่อสร้าง",1
"เพื่อการเล่นเป็นงานอดิเรก ความบันเทิง หรือ เพื่อการกีฬา,งานตามภาระกิจของหน่วยงาน การไฟฟ้าส่วนภูมิภาค",1
"เพื่อการเล่นเป็นงานอดิเรก ความบันเทิง หรือ เพื่อการกีฬา,เพื่อการรายงานเหตุการณ์หรือรายงานจราจร (สื่อมวลชน),เพื่อการถ่ายภาพ ถ่ายทำหรือการแสดงในภาพยนตร์หรือรายการโทรทัศน์,เพื่อการวิจัยและพัฒนาอากาศยาน เพื่อการพาณิชย์,บันทึกสื่อลงโซเชียล",1
"เพื่อการเล่นเป็นงานอดิเรก ความบันเทิง หรือ เพื่อการกีฬา,เพื่อการเกษตรกรรม,สำรวจที่ดินเพื่องานติดตั้งพลังงานแสงอาทิตย์",1
"เพื่อการเล่นเป็นงานอดิเรก ความบันเทิง หรือ เพื่อการกีฬา,เพื่อการถ่ายภาพ ถ่ายทำหรือการแสดงในภาพยนตร์หรือรายการโทรทัศน์,เพื่อถ่ายภาพ ถ่ายทำวิดีโอ ลงสื่อโซเชียล",1
"เพื่อการเล่นเป็นงานอดิเรก ความบันเทิง หรือ เพื่อการกีฬา,เพื่อการถ่ายภาพ ถ่ายทำหรือการแสดงในภาพยนตร์หรือรายการโทรทัศน์,ตรวจสอบงาน ความบกพร่องของงานก่อสร้าง",1
ใช้สำรวจรอยรั่วหลังคาโกดัง และการประชาสัมพันธ์บริษัท,1
"เพื่อการรายงานเหตุการณ์หรือรายงานจราจร (สื่อมวลชน),เพื่อการถ่ายภาพ ถ่ายทำหรือการแสดงในภาพยนตร์หรือรายการโทรทัศน์,สนับสนุนภารกิจและกิจการของทางราชการ (ปฏิบัติหน้าที่ร่วมกับตำรวจ)",1
เพื่อถ่ายภาพงานต่างๆ ที่บริษัทไปทำงานรูปมุมสูง,1
"เพื่อการเล่นเป็นงานอดิเรก ความบันเทิง หรือ เพื่อการกีฬา,เพื่อการสำรวจจัดทำแผนที่ และสำรวจภูมิประเทศ",1
"เพื่อการเล่นเป็นงานอดิเรก ความบันเทิง หรือ เพื่อการกีฬา,เพื่อการรายงานเหตุการณ์หรือรายงานจราจร (สื่อมวลชน),เพื่อการถ่ายภาพ ถ่ายทำหรือการแสดงในภาพยนตร์หรือรายการโทรทัศน์,เพื่อถ่ายภาพ ถ่ายวีดิโอ ลงสื่อโซเชียล",1
"เพื่อการเล่นเป็นงานอดิเรก ความบันเทิง หรือ เพื่อการกีฬา,เพื่อการถ่ายภาพ ถ่ายทำหรือการแสดงในภาพยนตร์หรือรายการโทรทัศน์,เพื่อถ่ายภาพ วิดีโอ ลงโซเชียลมีเดีย",1
ถ่ายภาพ ถ่ายวิดีโอ เพื่อตรวจสอบคุณภาพการก่อสร้างและเพื่อทำการตลาด,1
"เพื่อการเล่นเป็นงานอดิเรก ความบันเทิง หรือ เพื่อการกีฬา,ใช้เก็บภาพเป็นความทรงจำในการท่องเที่ยวส่วนตัวเท่านั้น ไม่ใช้ทางพาณิชย์",1
"เพื่อการเล่นเป็นงานอดิเรก ความบันเทิง หรือ เพื่อการกีฬา,เพื่อการถ่ายภาพ ถ่ายทำหรือการแสดงในภาพยนตร์หรือรายการโทรทัศน์,เพื่อถ่ายภาพความประทับใจในการท่องเที่ยว",1
"เพื่อการเล่นเป็นงานอดิเรก ความบันเทิง หรือ เพื่อการกีฬา,เพื่อถ่ายภาพและวิดีโอมุมสูงของบริษัท",1
ถ่ายภาพมุมสูงกิจกรรมต่างๆของโรงเรียน ร่วมกับชุมชน,1
Youtube,1
"เพื่อการเล่นเป็นงานอดิเรก ความบันเทิง หรือ เพื่อการกีฬา,เพื่อการรายงานเหตุการณ์หรือรายงานจราจร (สื่อมวลชน),แนะนำสถานที่ท่องเที่ยวท้องถิ่น",1
"เพื่อการเล่นเป็นงานอดิเรก ความบันเทิง หรือ เพื่อการกีฬา,เพื่อการถ่ายภาพ ถ่ายทำหรือการแสดงในภาพยนตร์หรือรายการโทรทัศน์,เพื่อถ่ายภาพ ถ่ายวีดีโอ ลงส์่อโซเชียล",1
"เพื่อการเล่นเป็นงานอดิเรก ความบันเทิง หรือ เพื่อการกีฬา,เพื่อตรวจสอบอาคารก่อสร้าง",1
"เพื่อการเล่นเป็นงานอดิเรก ความบันเทิง หรือ เพื่อการกีฬา,เพื่อใช้ประกอบการทำงานออกแบบสถาปัตยกรรม",1
เพื่อประกอบการจัดทำแผนที่ภาษีของอบต.สะเดียง,1
เพื่อถ่ายภาพและถ่ายวิดีโอ เพื่อประกอบการทำรายงาน,1
"เพื่อการเล่นเป็นงานอดิเรก ความบันเทิง หรือ เพื่อการกีฬา,เพื่อการถ่ายภาพ ถ่ายทำหรือการแสดงในภาพยนตร์หรือรายการโทรทัศน์,เพื่อการวิจัยและพัฒนาอากาศยาน เพื่อการพาณิชย์,เพื่อถ่ายภาพวิดีโอลงโซเชียล",1
"เพื่อการเล่นเป็นงานอดิเรก ความบันเทิง หรือ เพื่อการกีฬา,เพื่อการรายงานเหตุการณ์หรือรายงานจราจร (สื่อมวลชน),เพื่อการถ่ายภาพ ถ่ายทำหรือการแสดงในภาพยนตร์หรือรายการโทรทัศน์,เพื่อการถ่ายภาพด้านการท่องเที่ยว ภาพเคลื่อนไหว ภาพยนต์ ถ่ายภาพรายงานข่าว",1
"เพื่อการถ่ายภาพ ถ่ายทำหรือการแสดงในภาพยนตร์หรือรายการโทรทัศน์,เพื่อถ่ายภาพเกี่ยวกับการก่อสร้างและติดตั้ง",1
"เพื่อการเล่นเป็นงานอดิเรก ความบันเทิง หรือ เพื่อการกีฬา,เพื่อติดตามการก่อสร้าง",1
"เพื่อการเล่นเป็นงานอดิเรก ความบันเทิง หรือ เพื่อการกีฬา,เพื่อการถ่ายภาพ ถ่ายทำหรือการแสดงในภาพยนตร์หรือรายการโทรทัศน์,ถ่ายภาพและวีดีโอลงโซเชี่ยลมีเดีย",1
เพื่อถ่ายภาพ ถ่ายวิดิโอ ลงสื่อโซเซียล และใช้งานหน่วยงานราชการทหาร,1
"เพื่อการเล่นเป็นงานอดิเรก ความบันเทิง หรือ เพื่อการกีฬา,เพื่อการถ่ายภาพ ถ่ายทำหรือการแสดงในภาพยนตร์หรือรายการโทรทัศน์,ส่งเสริมการปฏิบัติงานด้านงานโยธา งานก่อสร้าง งานทำแผนที่ งานสำรวจเพื่อการออกแบบก่อสร้าง",1
เพื่องานสำรวจรังวัดขอบเขตที่ดิน พร้อมอาคารและสิ่งปลูกสร้างภายในพื้นที่บริเวณของกองทัพบก,1
"เพื่อการเล่นเป็นงานอดิเรก ความบันเทิง หรือ เพื่อการกีฬา,เพื่อการถ่ายภาพ ถ่ายทำหรือการแสดงในภาพยนตร์หรือรายการโทรทัศน์,ใช้ถ่ายภาพ และ วีดีโอลงสื่อโซเชียล",1
"เพื่อการเล่นเป็นงานอดิเรก ความบันเทิง หรือ เพื่อการกีฬา,เพื่อการถ่ายภาพ ถ่ายทำหรือการแสดงในภาพยนตร์หรือรายการโทรทัศน์,ถ่ายภาพ วีดีโอ ลงโซลเซียล",1
"เพื่อการเล่นเป็นงานอดิเรก ความบันเทิง หรือ เพื่อการกีฬา,เพื่อการถ่ายภาพ ถ่ายทำหรือการแสดงในภาพยนตร์หรือรายการโทรทัศน์,เพื่อถ่ายภาพท่องเที่ยว (ช่างภาพท่องเที่ยว)",1
"เพื่อการเล่นเป็นงานอดิเรก ความบันเทิง หรือ เพื่อการกีฬา,เพื่อการถ่ายภาพ ถ่ายทำหรือการแสดงในภาพยนตร์หรือรายการโทรทัศน์,เพื่อบันทึกภาพ นิ่ง และ วีดีโอ ลงสื่อ โซเชียลทุกชนิด",1
ใช้ออกสำรวจ ถ่ายทำวีดิทัศน์ ในงานราชการ,1
"เพื่อการเล่นเป็นงานอดิเรก ความบันเทิง หรือ เพื่อการกีฬา,เพื่อดำเนินการถ่ายภาพงานก่อสร้าง",1
"เพื่อการเล่นเป็นงานอดิเรก ความบันเทิง หรือ เพื่อการกีฬา,เพื่อสำรวจพื้นที่บนหลังคา  เพื่อนำไปออกแบบการวางแผงโซล่าเซลล์",1
"เพื่อการเล่นเป็นงานอดิเรก ความบันเทิง หรือ เพื่อการกีฬา,เพื่อการรายงานเหตุการณ์หรือรายงานจราจร (สื่อมวลชน),เพื่อการเรียนการสอน บันทึกภาพและคลิบวิดีโอลงสื่อโซเชียลมีเดีย",1
"เพื่อการเล่นเป็นงานอดิเรก ความบันเทิง หรือ เพื่อการกีฬา,เพื่อการถ่ายภาพ ถ่ายทำหรือการแสดงในภาพยนตร์หรือรายการโทรทัศน์,เพื่อสันทนาการ",1
เพื่องานหลังคา,1
"เพื่อการเล่นเป็นงานอดิเรก ความบันเทิง หรือ เพื่อการกีฬา,เพื่อบันทึกใน social media",1
"เพื่อการเล่นเป็นงานอดิเรก ความบันเทิง หรือ เพื่อการกีฬา,เพื่อการถ่ายภาพและวิดีโอ เพื่อนำมาตัดต่อลงสื่อโซเชียลมีเดีย",1
"เพื่อการเล่นเป็นงานอดิเรก ความบันเทิง หรือ เพื่อการกีฬา,เพื่อติดตามถ่ายภาพการเปลี่ยนแปลงพื้นที่ป่า",1
"เพื่อการเล่นเป็นงานอดิเรก ความบันเทิง หรือ เพื่อการกีฬา,เพื่อการรายงานเหตุการณ์หรือรายงานจราจร (สื่อมวลชน),เพื่อการถ่ายภาพ ถ่ายทำหรือการแสดงในภาพยนตร์หรือรายการโทรทัศน์,เพื่อการวิจัยและพัฒนาอากาศยาน เพื่อการพาณิชย์,เพื่อการเกษตรกรรม,เพื่อการวิจัย ทดลอง ทดสอบ ตามประกาศ กสทช.,ช่วยอำนวยประโยชน์แด่มวลชน",1
"เพื่อการเล่นเป็นงานอดิเรก ความบันเทิง หรือ เพื่อการกีฬา,ถ่ายรูปและวีดีโอลงโซเซียล",1
"เพื่อการเล่นเป็นงานอดิเรก ความบันเทิง หรือ เพื่อการกีฬา,เพื่อการถ่ายภาพ ถ่ายทำหรือการแสดงในภาพยนตร์หรือรายการโทรทัศน์,งานสื่อธรรมะ",1
เพื่อการศึกษา ส่งเสริมวิชาการและวิชาชีพ ทำการสอน วิจัย บริการทาง วิชาการและวิชาชีพแก่สังคม,1
"เพื่อการเล่นเป็นงานอดิเรก ความบันเทิง หรือ เพื่อการกีฬา,เพื่อการรายงานเหตุการณ์หรือรายงานจราจร (สื่อมวลชน),เพื่อการถ่ายภาพ ถ่ายทำหรือการแสดงในภาพยนตร์หรือรายการโทรทัศน์,ใช้ในการสำรวจที่ดินและสิ่งปลูกสร้าง ตาม พ.ร.บ.ภาษีที่ดินและสิ่งปลูกสร้าง พ.ศ.2562",1
"เพื่อการเล่นเป็นงานอดิเรก ความบันเทิง หรือ เพื่อการกีฬา,เพื่อการถ่ายภาพ ถ่ายทำหรือการแสดงในภาพยนตร์หรือรายการโทรทัศน์,ถ่ายภาพ วีดีโอลงสื่อโซเชียล",1
"เพื่อการเล่นเป็นงานอดิเรก ความบันเทิง หรือ เพื่อการกีฬา,เพื่อการถ่ายภาพ ถ่ายทำหรือการแสดงในภาพยนตร์หรือรายการโทรทัศน์,เพื่อถ่ายภาพ ถ่ายวีดิโอ ลงชื่อโซเชียล",1
"เพื่อการเล่นเป็นงานอดิเรก ความบันเทิง หรือ เพื่อการกีฬา,ถ่ายรูป และวิดีโอลงสื่อสังคมออนไลน์ โซเชียลเน็ตเวิร์ค",1
"เพื่อการเล่นเป็นงานอดิเรก ความบันเทิง หรือ เพื่อการกีฬา,เพื่อการถ่ายภาพ ถ่ายทำหรือการแสดงในภาพยนตร์หรือรายการโทรทัศน์,ไว้ใช้ตรวจสอบการชำรุดของอาคารในยามจำเป็น",1
"เพื่อการเล่นเป็นงานอดิเรก ความบันเทิง หรือ เพื่อการกีฬา,เพื่อการถ่ายภาพ ถ่ายทำหรือการแสดงในภาพยนตร์หรือรายการโทรทัศน์,เพื่อถ่ายภาพ วีดีโอ ลงสื่อโซเซี่ยล",1
"เพื่อการถ่ายภาพ ถ่ายทำหรือการแสดงในภาพยนตร์หรือรายการโทรทัศน์,* actual entry date is December 24, 2024",1
"เพื่อการเล่นเป็นงานอดิเรก ความบันเทิง หรือ เพื่อการกีฬา,เพื่อการถ่ายภาพ ถ่ายทำหรือการแสดงในภาพยนตร์หรือรายการโทรทัศน์,เพื่อใช้ปฎิบัติหน้าที่",1
เพื่อใช้ในการจัดทำสื่อประชาสัมพันธ์ท่องเที่ยว สำรวจทรัพยากรป่าไม้และสัตว์ป่า และตรวจสอบพื้นที่บุกรุก,1
"เพื่อการเล่นเป็นงานอดิเรก ความบันเทิง หรือ เพื่อการกีฬา,ถ่ายอสังหาริมทรัพย์ ที่ดิน บ้าน",1
เพื่อสำรวจพื้นที่ก่อสร้างภายในโครงการ,1
"เพื่อการเล่นเป็นงานอดิเรก ความบันเทิง หรือ เพื่อการกีฬา,เพื่อการถ่ายภาพ ถ่ายทำหรือการแสดงในภาพยนตร์หรือรายการโทรทัศน์,เพื่อการเกษตรกรรม,ทำสื่อโฆษณาในโซเชียลมิเดีย",1
"เพื่อการเล่นเป็นงานอดิเรก ความบันเทิง หรือ เพื่อการกีฬา,เพื่อการถ่ายภาพ ถ่ายทำหรือการแสดงในภาพยนตร์หรือรายการโทรทัศน์,เพื่อการถ่ายภาพถ่ายทำวีดีโอลง YouTube Social",1
"เพื่อการเล่นเป็นงานอดิเรก ความบันเทิง หรือ เพื่อการกีฬา,เพื่อการถ่ายภาพ ถ่ายทำหรือการแสดงในภาพยนตร์หรือรายการโทรทัศน์,เพื่อถ่ายวิดีโอ/ถ่ายภาพลงสื่อโซเชียล",1
"เพื่อการเล่นเป็นงานอดิเรก ความบันเทิง หรือ เพื่อการกีฬา,ทำคลิปลงใน social media",1
"เพื่อการเล่นเป็นงานอดิเรก ความบันเทิง หรือ เพื่อการกีฬา,ถ่ายภาพและถ่ายวีดีโอ",1
"เพื่อการเล่นเป็นงานอดิเรก ความบันเทิง หรือ เพื่อการกีฬา,เพื่อการถ่ายภาพ ถ่ายทำหรือการแสดงในภาพยนตร์หรือรายการโทรทัศน์,ทำสื่อการสอน และเผยแพร่กิจกรรมต่างต่าง",1
เพื่อใช้ปฎิบัติงานสำรวจ งานวางแผนและออกแบบการก่อสร้าง ตามภารกิจของเทศบาลตำบลทุ่งทอง,1
เพื่อใช้ดำเนินงานในธุรกิจของบริษัทฯ,1
"เพื่อการเล่นเป็นงานอดิเรก ความบันเทิง หรือ เพื่อการกีฬา,ใช้ในการอำนวยความสะดวกในงานที่ทำอยู่ (รับราชการ กระทรวงสาธารณสุข)",1
"เพื่อการเล่นเป็นงานอดิเรก ความบันเทิง หรือ เพื่อการกีฬา,เพื่อการรายงานเหตุการณ์หรือรายงานจราจร (สื่อมวลชน),เพื่อการถ่ายภาพ ถ่ายทำหรือการแสดงในภาพยนตร์หรือรายการโทรทัศน์,เพื่อการศึกษา",1
"เพื่อการเล่นเป็นงานอดิเรก ความบันเทิง หรือ เพื่อการกีฬา,บินถ่ายวิวเล่น",1
"เพื่อการเล่นเป็นงานอดิเรก ความบันเทิง หรือ เพื่อการกีฬา,เพื่อการถ่ายภาพ ถ่ายทำหรือการแสดงในภาพยนตร์หรือรายการโทรทัศน์,ถ่ายภาพถ่ายวีดีโอลงสื่อโซเชี่ยล",1
เพื่อใช้งานการดำเนินงานของโรงเรียน,1
เพื่อใช้ปฏิบัติงานภายในหน่วยงาน และความมั่นคงตามแนวชายแดนในพื้นที่จังหวัดตาก,1
"เพื่อการเล่นเป็นงานอดิเรก ความบันเทิง หรือ เพื่อการกีฬา,เพื่อการรายงานเหตุการณ์หรือรายงานจราจร (สื่อมวลชน),เพื่อการถ่ายภาพ ถ่ายทำหรือการแสดงในภาพยนตร์หรือรายการโทรทัศน์,เพื่อการวิจัยและพัฒนาอากาศยาน เพื่อการพาณิชย์,เพื่อการเกษตรกรรม,การสำรวจพื้นที่ขององค์กรและทำสื่อวีดีทัศน์ของบริษัท",1
"เพื่อการเล่นเป็นงานอดิเรก ความบันเทิง หรือ เพื่อการกีฬา,เพื่อการถ่ายภาพ ถ่ายทำหรือการแสดงในภาพยนตร์หรือรายการโทรทัศน์,ตรวจงาน ทำรายงานความคืบหน้าของงาน",1
"เพื่อการเล่นเป็นงานอดิเรก ความบันเทิง หรือ เพื่อการกีฬา,ลงโซเชี่ยว ต่างๆ",1
"เพื่อการเล่นเป็นงานอดิเรก ความบันเทิง หรือ เพื่อการกีฬา,เพื่อการถ่ายภาพ ถ่ายทำหรือการแสดงในภาพยนตร์หรือรายการโทรทัศน์,เพื่อการถ่ายภาพ และถ่ายวีดีโอ ลงสื่อโซเชียลมีเดียทุกช่องทาง",1
"เพื่อการถ่ายภาพ ถ่ายทำหรือการแสดงในภาพยนตร์หรือรายการโทรทัศน์,เพื่อการวิจัยและพัฒนาอากาศยาน เพื่อการพาณิชย์,เพื่อการวิจัย ทดลอง ทดสอบ ตามประกาศ กสทช.",1
"เพื่อการเล่นเป็นงานอดิเรก ความบันเทิง หรือ เพื่อการกีฬา,เพื่อการรายงานเหตุการณ์หรือรายงานจราจร (สื่อมวลชน),เพื่อการถ่ายภาพ ถ่ายทำหรือการแสดงในภาพยนตร์หรือรายการโทรทัศน์,เพื่อการวิจัย ทดลอง ทดสอบ ตามประกาศ กสทช.,กรณีสำรวจพื้นที่บ้าน",1
"เพื่อการเล่นเป็นงานอดิเรก ความบันเทิง หรือ เพื่อการกีฬา,เพื่อการถ่ายภาพ ถ่ายทำหรือการแสดงในภาพยนตร์หรือรายการโทรทัศน์,ใชภาพ Social media",1
"เพื่อการเล่นเป็นงานอดิเรก ความบันเทิง หรือ เพื่อการกีฬา,เพื่อการถ่ายภาพ ถ่ายทำหรือการแสดงในภาพยนตร์หรือรายการโทรทัศน์,ถ่ายลงโซเซียล",1
"เพื่อการเล่นเป็นงานอดิเรก ความบันเทิง หรือ เพื่อการกีฬา,ถ่ายภาพ ถ่ายวีดีโอส่งสื่อโซเซียล",1
"เพื่อการเล่นเป็นงานอดิเรก ความบันเทิง หรือ เพื่อการกีฬา,ถ่ายภาพการติดตั้งระบบไฟฟ้าแรงสูง",1
"เพื่อการเล่นเป็นงานอดิเรก ความบันเทิง หรือ เพื่อการกีฬา,เพื่อการถ่ายภาพ ถ่ายทำหรือการแสดงในภาพยนตร์หรือรายการโทรทัศน์,ถ่ายภาพ ลงโซเชียลมีเดีย",1
เพื่อเก็บภาพมุมสูงสำหรับงานsurveyและเพื่อความบรรเทิง,1
"เพื่อการเล่นเป็นงานอดิเรก ความบันเทิง หรือ เพื่อการกีฬา,เพื่อการถ่ายภาพ ถ่ายทำหรือการแสดงในภาพยนตร์หรือรายการโทรทัศน์,เพื่อภาพ วีดีโอ ลงสื่อโซเชียล",1
"เพื่อการเล่นเป็นงานอดิเรก ความบันเทิง หรือ เพื่อการกีฬา,เพื่อถ่ายภาพ วิดีโอ และแสดงบน Social? media?",1
"เพื่อการเล่นเป็นงานอดิเรก ความบันเทิง หรือ เพื่อการกีฬา,เพื่อการถ่ายภาพ ถ่ายทำหรือการแสดงในภาพยนตร์หรือรายการโทรทัศน์,ทำคลิปการสอน",1
"เพื่อการเล่นเป็นงานอดิเรก ความบันเทิง หรือ เพื่อการกีฬา,Uploading footage to my social media",1
"เพื่อการเล่นเป็นงานอดิเรก ความบันเทิง หรือ เพื่อการกีฬา,ถ่ายรูปการท่องเที่ยวธรรมชาติ",1
"เพื่อการเล่นเป็นงานอดิเรก ความบันเทิง หรือ เพื่อการกีฬา,สำหรับสำรวจพื้นที่หน้างานติดตั้งกล้องรักษาความปลอดภัย และระบบโซล่าห์เซลล์บนหลังคา บนที่สูง",1
"เพื่อการเล่นเป็นงานอดิเรก ความบันเทิง หรือ เพื่อการกีฬา,ถ่ายภาพลงสื่อโซเชียลมีเดีย",1
"เพื่อการเล่นเป็นงานอดิเรก ความบันเทิง หรือ เพื่อการกีฬา,ตรวจสอบรอยร้าวผนังอาคาร",1
"เพื่อการเล่นเป็นงานอดิเรก ความบันเทิง หรือ เพื่อการกีฬา,เพื่อใช้ในการควบคุมงานก่อสร้าง",1
"เพื่อการเล่นเป็นงานอดิเรก ความบันเทิง หรือ เพื่อการกีฬา,เพื่อการถ่ายภาพ ถ่ายทำหรือการแสดงในภาพยนตร์หรือรายการโทรทัศน์,งานอดิเรก , ถ่ายภาพวีดีโอลงสื่อโซเชียล",1
"เพื่อการเล่นเป็นงานอดิเรก ความบันเทิง หรือ เพื่อการกีฬา,เพื่อการถ่ายภาพ ถ่ายทำหรือการแสดงในภาพยนตร์หรือรายการโทรทัศน์,รับถ่ายคลิปโดรนให้กับลูกค้า",1
ความมั่นคง การลาดตระเวนพื้นที่ และใช้ในการฝึก ศึกษา,1
"เพื่อการเล่นเป็นงานอดิเรก ความบันเทิง หรือ เพื่อการกีฬา,โปรโมททำคลิปวีดีโอ ในออนไลน์",1
"เพื่อการเล่นเป็นงานอดิเรก ความบันเทิง หรือ เพื่อการกีฬา,เพื่อการถ่ายภาพ ถ่ายทำหรือการแสดงในภาพยนตร์หรือรายการโทรทัศน์,เพื่อกํารถ่ํายภําพ หรือ วีดีโอ ลง Social Media",1
"เพื่อการถ่ายภาพ ถ่ายทำหรือการแสดงในภาพยนตร์หรือรายการโทรทัศน์,เพื่อบันทึกถ่ายภาพนิ่ง หรือวิดีโอ ประชาสัมพันธ์กิจกรรมของสถานศึกษา",1
เพื่อใช้ในการสำรวจพื้นที่ก่อนติดตั้งระบบผลิตพลังงานไฟฟ้าจากพลังแสงอาทิตย์,1
"เพื่อการเล่นเป็นงานอดิเรก ความบันเทิง หรือ เพื่อการกีฬา,เพื่อการถ่ายภาพ ถ่ายทำหรือการแสดงในภาพยนตร์หรือรายการโทรทัศน์,เพื่อถ่ายภาพหรือวีดีโอ ลงโซเชี่ยว",1
ตรวจสอบที่ดิน และประเมินราคาของธนาคาร,1
ใช้ตรวจดูหลังคา,1
"เพื่อการเล่นเป็นงานอดิเรก ความบันเทิง หรือ เพื่อการกีฬา,เพื่อการถ่ายภาพ ถ่ายทำหรือการแสดงในภาพยนตร์หรือรายการโทรทัศน์,งานสืบสวน",1
"เพื่อการเล่นเป็นงานอดิเรก ความบันเทิง หรือ เพื่อการกีฬา,เพื่อการถ่ายภาพ ถ่ายทำหรือการแสดงในภาพยนตร์หรือรายการโทรทัศน์,เพื่อการเกษตรกรรม,ตรวจสอบงานก่อสร้างอาคารและหลังคา",1
สำรวจและตรวจสอบงานเชิงวิศวกรรม,1
เพื่อใช้ในการทำงานของบริษัท,1
"เพื่อการเล่นเป็นงานอดิเรก ความบันเทิง หรือ เพื่อการกีฬา,ถ่ายรูปวิวทิวทัศน์ บันทึกวิดีโอ",1
"เพื่อการเล่นเป็นงานอดิเรก ความบันเทิง หรือ เพื่อการกีฬา,เพื่อการถ่ายภาพ ถ่ายทำหรือการแสดงในภาพยนตร์หรือรายการโทรทัศน์,เพื่อถ่ายภาพ ถ่ายวีดิโอ ลงสื่อโซเซียลมีเดีย",1
"เพื่อการเล่นเป็นงานอดิเรก ความบันเทิง หรือ เพื่อการกีฬา, ใช้เพื่อถ่ายรูปและวิดีโอ (ภาพเคลื่อนไหว) ลงสู่สังคมออนไลน์",1
"เพื่อการเล่นเป็นงานอดิเรก ความบันเทิง หรือ เพื่อการกีฬา,สำรวจและรายงานการก่อสร้าง",1
เพื่อปฏิบัติงานขององค์การบริหารส่วนจังหวัดสระบุรี,1
"เพื่อการเล่นเป็นงานอดิเรก ความบันเทิง หรือ เพื่อการกีฬา,เพื่อการถ่ายภาพ ถ่ายทำหรือการแสดงในภาพยนตร์หรือรายการโทรทัศน์,เพื่อถ่ายภาพนิ่ง ถ่ายวีดีโอลง สื่อโซเชียล หรือสื่อสิ่งพิมพ์",1
ถ่ายวีดีโอลงโซเชียร์มิเดีย,1
"เพื่อการเล่นเป็นงานอดิเรก ความบันเทิง หรือ เพื่อการกีฬา,เพื่อการถ่ายภาพ ถ่ายทำหรือการแสดงในภาพยนตร์หรือรายการโทรทัศน์,เพื่อถ่ายทำวิดีโอขั้นตอนการก่อสร้างและการทำงาน",1
"เพื่อการเล่นเป็นงานอดิเรก ความบันเทิง หรือ เพื่อการกีฬา,เพื่อการถ่ายภาพ ถ่ายทำหรือการแสดงในภาพยนตร์หรือรายการโทรทัศน์,ถ่ายภาพและวีดีโอลงสื่อโชเชียล",1
"เพื่อการเล่นเป็นงานอดิเรก ความบันเทิง หรือ เพื่อการกีฬา,เพื่อการถ่ายภาพ ถ่ายทำหรือการแสดงในภาพยนตร์หรือรายการโทรทัศน์,ถ่ายงานติดตั้งป้ายโฆษณาของบริษัท ลงสื่อโซเชียล",1
"เพื่อการเล่นเป็นงานอดิเรก ความบันเทิง หรือ เพื่อการกีฬา,เพื่อการถ่ายภาพ ถ่ายทำหรือการแสดงในภาพยนตร์หรือรายการโทรทัศน์,ฝึกหัดบินพร้อมทั้งถ่ายภาพทั่วไปลงบนโซเชียล และส่งภาพถ่ายหรือวีดีโอส่งหรือฝากขายในโฟโต้สต๊อกออนไลน์",1
"เพื่อการเล่นเป็นงานอดิเรก ความบันเทิง หรือ เพื่อการกีฬา,เพื่อการเกษตรกรรม,เพื่อใช้ในงานวิศวกรรม, งานซ่อมบำรุง, ปรับปรุงแก้ไขเครื่องจักรอุตสาหกรรมในพื้นที่ที่ยากต่อการเข้าถึง",1
"เพื่อการเล่นเป็นงานอดิเรก ความบันเทิง หรือ เพื่อการกีฬา,เพื่อการถ่ายภาพ ถ่ายทำหรือการแสดงในภาพยนตร์หรือรายการโทรทัศน์,การถ่ายภาพเเละวีดีโอลงสื่อโซเชียล",1
"เพื่อการเล่นเป็นงานอดิเรก ความบันเทิง หรือ เพื่อการกีฬา,ถ่ายภาพท่องเที่ยว อับโหลดลงสื่อโซเชี่ยว",1
"เพื่อการเล่นเป็นงานอดิเรก ความบันเทิง หรือ เพื่อการกีฬา,เพื่อการถ่ายภาพ ถ่ายทำหรือการแสดงในภาพยนตร์หรือรายการโทรทัศน์,สร้าง content ลง youtube Tiktok Facebook",1
"เพื่อการเล่นเป็นงานอดิเรก ความบันเทิง หรือ เพื่อการกีฬา,เพื่อการถ่ายภาพ ถ่ายทำหรือการแสดงในภาพยนตร์หรือรายการโทรทัศน์,ใช้งานส่วนตัว เพื่อการศึกษาเรียนรู้",1
"เพื่อการเล่นเป็นงานอดิเรก ความบันเทิง หรือ เพื่อการกีฬา,เพื่อการถ่ายภาพ ถ่ายทำหรือการแสดงในภาพยนตร์หรือรายการโทรทัศน์,เพื่อใช้งานในเชิงท่องเที่ยว เก็บภาพบรรยกาศสถานที่ต่างๆ",1
"เพื่อการเล่นเป็นงานอดิเรก ความบันเทิง หรือ เพื่อการกีฬา,เพื่อการถ่ายภาพ ถ่ายทำหรือการแสดงในภาพยนตร์หรือรายการโทรทัศน์,ลง facebook และสื้อโซเชียลต่างๆ",1
"เพื่อการเล่นเป็นงานอดิเรก ความบันเทิง หรือ เพื่อการกีฬา,เพื่อการถ่ายภาพ ถ่ายทำหรือการแสดงในภาพยนตร์หรือรายการโทรทัศน์,เพื่อการวิจัย ทดลอง ทดสอบ ตามประกาศ กสทช.,เพื่อใช้ประกอบการนำเสนองานและเพื่อการสำรวจพื้นที่เบื้องต้น",1
"เพื่อการเล่นเป็นงานอดิเรก ความบันเทิง หรือ เพื่อการกีฬา,การทหาร",1
"เพื่อการเล่นเป็นงานอดิเรก ความบันเทิง หรือ เพื่อการกีฬา,ถ่ายภาพ  ถ่ายวีดีโอ ลงสื่อโซเซียล",1
"เพื่อการเล่นเป็นงานอดิเรก ความบันเทิง หรือ เพื่อการกีฬา,เพื่อการถ่ายภาพ ถ่ายทำหรือการแสดงในภาพยนตร์หรือรายการโทรทัศน์,ถ่ายYoutube",1
"เพื่อการเล่นเป็นงานอดิเรก ความบันเทิง หรือ เพื่อการกีฬา,เพื่อการศึกษาสำหรับนักเรียนในโรงเรียน",1
เพื่อการทำแผนที่ภาพถ่ายทางอากาศความละเอียดสูงมาก ในการสนับสนุนการเรียน การสอน,1
ใช้ในการถ่ายภาพมุมสูงภายในไซต์งานก่อสร้าง,1
"เพื่อการเล่นเป็นงานอดิเรก ความบันเทิง หรือ เพื่อการกีฬา,เพื่อการถ่ายภาพ ถ่ายทำหรือการแสดงในภาพยนตร์หรือรายการโทรทัศน์,ถ่ายภาพ/วีดิโอ ลงสื่อโซเชียล",1
"เพื่อการเล่นเป็นงานอดิเรก ความบันเทิง หรือ เพื่อการกีฬา,เพื่อการถ่ายภาพ ถ่ายทำหรือการแสดงในภาพยนตร์หรือรายการโทรทัศน์,Vlog",1
เพื่อการเรียนการสอน,1
"เพื่อการเล่นเป็นงานอดิเรก ความบันเทิง หรือ เพื่อการกีฬา,เพื่อการถ่ายภาพ ถ่ายทำหรือการแสดงในภาพยนตร์หรือรายการโทรทัศน์,ถ่ายภาพ ถ่ายวีดีโอ ลงโซเชียล",1
"เพื่อการเล่นเป็นงานอดิเรก ความบันเทิง หรือ เพื่อการกีฬา,เพื่อการถ่ายภาพ ถ่ายทำหรือการแสดงในภาพยนตร์หรือรายการโทรทัศน์,ถ่ายภาพประกอบการส่งงาน",1
"เพื่อการเล่นเป็นงานอดิเรก ความบันเทิง หรือ เพื่อการกีฬา,ใช้ในงานสำรวจแปลงที่ดิน ของงานแผนที่ภาษี",1
"เพื่อการเล่นเป็นงานอดิเรก ความบันเทิง หรือ เพื่อการกีฬา,เพื่อการถ่ายภาพ ถ่ายทำหรือการแสดงในภาพยนตร์หรือรายการโทรทัศน์,เพื่อถ่ายภาพ ถ่ายวีดีโอ ลงโซลเชี่ยล",1
"เพื่อการเล่นเป็นงานอดิเรก ความบันเทิง หรือ เพื่อการกีฬา,เพื่อการถ่ายภาพ ถ่ายทำหรือการแสดงในภาพยนตร์หรือรายการโทรทัศน์,ลงโซเชียล เฟส",1
ถ่ายภาพขณะท่องเที่ยว,1
"เพื่อการเล่นเป็นงานอดิเรก ความบันเทิง หรือ เพื่อการกีฬา,เพื่อการถ่ายภาพ ถ่ายทำหรือการแสดงในภาพยนตร์หรือรายการโทรทัศน์,เพื่อใช้ในใช้งานส่วนบุคคล และถ่ายวีดีโอสถานที่ท่องเที่ยว",1
"เพื่อการเล่นเป็นงานอดิเรก ความบันเทิง หรือ เพื่อการกีฬา,เพื่อการถ่ายภาพ ถ่ายทำหรือการแสดงในภาพยนตร์หรือรายการโทรทัศน์,เพื่อการทำงานประชาสัมพันธ์ภายในสถานศึกษาและการท่องเที่ยว",1
"เพื่อการเล่นเป็นงานอดิเรก ความบันเทิง หรือ เพื่อการกีฬา,เพื่อการถ่ายภาพ ถ่ายทำหรือการแสดงในภาพยนตร์หรือรายการโทรทัศน์,เพื่อใช้ถ่ายภาพและVDOมุมสูง ในการท่องเที่ยวธรรมชาติ /กิจกรรม Outdoor ต่างๆ",1
"เพื่อการเล่นเป็นงานอดิเรก ความบันเทิง หรือ เพื่อการกีฬา,เพื่อการถ่ายภาพ ถ่ายทำหรือการแสดงในภาพยนตร์หรือรายการโทรทัศน์,ใช้ในการถ่ายวีดีโอในงานส่วนตัวและครอบครัว",1
"เพื่อการเล่นเป็นงานอดิเรก ความบันเทิง หรือ เพื่อการกีฬา,ถ่ายกิจกรรมนักเรียน เข้าค่ายลูกเสือ บำเพ็ญประโยชน์",1
"เพื่อการเล่นเป็นงานอดิเรก ความบันเทิง หรือ เพื่อการกีฬา,เพื่อการถ่ายภาพ ถ่ายทำหรือการแสดงในภาพยนตร์หรือรายการโทรทัศน์,เพื่อสันทนาการ ถ่ายรูป VDO ตอนไปเที่ยวกับครอบครัว",1
"เพื่อการเล่นเป็นงานอดิเรก ความบันเทิง หรือ เพื่อการกีฬา,เพื่อการถ่ายภาพ ถ่ายทำหรือการแสดงในภาพยนตร์หรือรายการโทรทัศน์,ถ่ายภาพนิ่งและวีดีโอลงสื่อโซเชียล",1
"เพื่อการเล่นเป็นงานอดิเรก ความบันเทิง หรือ เพื่อการกีฬา,เพื่อถ่ายภาพ  ถ่ายวีดีโอ",1
"ถ่ายทำทิวทัศน์ ทำคลิป Reel, Youtube, Tiktok",1
"เพื่อการเล่นเป็นงานอดิเรก ความบันเทิง หรือ เพื่อการกีฬา,เพื่อการถ่ายภาพ ถ่ายทำหรือการแสดงในภาพยนตร์หรือรายการโทรทัศน์,เพื่อถ่ายภาพและวิดีโอลงสื้อโซเชียล",1
เพื่อถ่ายภาพมุมสูงของพื้นที่ก่อสร้าง บ้าน เเละ อาคาร,1
"เพื่อการเล่นเป็นงานอดิเรก ความบันเทิง หรือ เพื่อการกีฬา,ถ่ายภาพถ่ายวีดีโอ ลงสื่อโซเซียว",1
"เพื่อการเล่นเป็นงานอดิเรก ความบันเทิง หรือ เพื่อการกีฬา,เพื่อการถ่ายภาพ ถ่ายทำหรือการแสดงในภาพยนตร์หรือรายการโทรทัศน์,ถ่ายภาพ  ถ่ายวีดีโอ ลงโซเชียล",1
"เพื่อการเล่นเป็นงานอดิเรก ความบันเทิง หรือ เพื่อการกีฬา,เพื่อการถ่ายภาพ ถ่ายทำหรือการแสดงในภาพยนตร์หรือรายการโทรทัศน์,ถ่ายภาพประชาสัมพันธ์",1
"เพื่อการเล่นเป็นงานอดิเรก ความบันเทิง หรือ เพื่อการกีฬา,เพื่อการถ่ายภาพ ถ่ายทำหรือการแสดงในภาพยนตร์หรือรายการโทรทัศน์,ใช้บินถ่ายภาพเป็นสันทนาการ",1
"เพื่อการเล่นเป็นงานอดิเรก ความบันเทิง หรือ เพื่อการกีฬา,เพื่อการถ่ายภาพ ถ่ายทำหรือการแสดงในภาพยนตร์หรือรายการโทรทัศน์,ใช้ในงานพระพุทธศาสนา เเละโปรโมทกิจกรรมของพุทธศาสนา",1
"เพื่อการเล่นเป็นงานอดิเรก ความบันเทิง หรือ เพื่อการกีฬา,เพื่อการถ่ายภาพ ถ่ายทำหรือการแสดงในภาพยนตร์หรือรายการโทรทัศน์,ใช้งานถ่ายรูป ถ่ายวิวท่องเที่ยวตามสถานที่ต่างๆที่ได้รับอนุญาต",1
"เพื่อการเล่นเป็นงานอดิเรก ความบันเทิง หรือ เพื่อการกีฬา,ไม่มี",1
"เพื่อการเล่นเป็นงานอดิเรก ความบันเทิง หรือ เพื่อการกีฬา,เพื่อการถ่ายภาพ ถ่ายทำหรือการแสดงในภาพยนตร์หรือรายการโทรทัศน์,ใช้ถ่ายภาพเพื่อทำ Content ลงใน SOCIAL MEDIA เพื่อการตลาด",1
"เพื่อการเล่นเป็นงานอดิเรก ความบันเทิง หรือ เพื่อการกีฬา,เพื่อการถ่ายภาพ ถ่ายทำหรือการแสดงในภาพยนตร์หรือรายการโทรทัศน์,เพื่อการวิจัย ทดลอง ทดสอบ ตามประกาศ กสทช.,ประชาสัมพันธ์เผยแพร่ธรรมจาริก",1
เพื่อถ่ายภาพ และ ตรวจสอบคุณภาพหลังคาหลังติดตั้ง,1
"เพื่อการเล่นเป็นงานอดิเรก ความบันเทิง หรือ เพื่อการกีฬา,เพื่อการถ่ายภาพ ถ่ายทำหรือการแสดงในภาพยนตร์หรือรายการโทรทัศน์,เพื่อถ่ายภาพ ถ่ายวีดีโิอ ลงสื่อโซเซียล",1
"เพื่อการเล่นเป็นงานอดิเรก ความบันเทิง หรือ เพื่อการกีฬา,เพื่อการถ่ายภาพ ถ่ายทำหรือการแสดงในภาพยนตร์หรือรายการโทรทัศน์,เพื่อใช้ในการถ่ายภาพนิ่งและวีดีโอโครงการก่อสร้างบ้านของข้าพเจ้า, เพื่อการศึกษา",1
"เพื่อการถ่ายภาพ ถ่ายทำหรือการแสดงในภาพยนตร์หรือรายการโทรทัศน์,เพื่อสำรวจตรวจสอบการปฏิบัติงานในการประกอบกิจการโรงงานและกิจกรรมงานต่างๆ ที่ทางบริษัทฯ จัดขึ้น",1
"เพื่อการเล่นเป็นงานอดิเรก ความบันเทิง หรือ เพื่อการกีฬา,เพื่อการถ่ายภาพ ถ่ายทำหรือการแสดงในภาพยนตร์หรือรายการโทรทัศน์,ถ่ายสันทนาการเพื่อนำลงโซเชี่ยล",1
"เพื่อการเล่นเป็นงานอดิเรก ความบันเทิง หรือ เพื่อการกีฬา,เพื่อการถ่ายภาพ ถ่ายทำหรือการแสดงในภาพยนตร์หรือรายการโทรทัศน์,ใช้ถ่ายเก็บบรรยากาศรีวิวนอกและในสถานที่พักและล่องแก่ง",1
"เพื่อการเล่นเป็นงานอดิเรก ความบันเทิง หรือ เพื่อการกีฬา,เพื่อการถ่ายภาพ ถ่ายทำหรือการแสดงในภาพยนตร์หรือรายการโทรทัศน์,ถ่ายวิดีโอลงสื่อโซเชียล",1
เพื่อถ่ายภาพภาพ / วีดีทัศน์ ในการประชาสัมพันธ์การท่องเที่ยวไทยในสโลวีเนียทางสื่อโซเชียล,1
"เพื่อการเล่นเป็นงานอดิเรก ความบันเทิง หรือ เพื่อการกีฬา,เพื่อการรายงานเหตุการณ์หรือรายงานจราจร (สื่อมวลชน),เพื่อการถ่ายภาพ ถ่ายทำหรือการแสดงในภาพยนตร์หรือรายการโทรทัศน์,เพื่อการวิจัยและพัฒนาอากาศยาน เพื่อการพาณิชย์,เพื่อการเกษตรกรรม,เพื่อการวิจัย ทดลอง ทดสอบ ตามประกาศ กสทช.,ใช่ร่วมกับงานก่อสร้าง",1
"เพื่อการเล่นเป็นงานอดิเรก ความบันเทิง หรือ เพื่อการกีฬา,เพื่อการถ่ายภาพ ถ่ายทำหรือการแสดงในภาพยนตร์หรือรายการโทรทัศน์,เพื่อการถ่ายภาพ หรือ วีดีโอลงสื่อโซเชียล",1
"เพื่อการเล่นเป็นงานอดิเรก ความบันเทิง หรือ เพื่อการกีฬา,เพื่อการถ่ายภาพ ถ่ายทำหรือการแสดงในภาพยนตร์หรือรายการโทรทัศน์,Drone Academy Russia",1
เพื่อปฎิบัติงานด้านการสำรวจอุปกรณ์ไฟฟ้าในพื้นที่เข้าถึงยาก,1
"เพื่อการถ่ายภาพ ถ่ายทำหรือการแสดงในภาพยนตร์หรือรายการโทรทัศน์,เพื่อการสำรวจรังวัด ตรวจสอบโครงสร้าง เพื่อป้องกัน และบรรเทาสาธารณภัย",1
Dron not be used in Thailand. Registration needs because i plan stay longer then 30days.,1
"เพื่อการเล่นเป็นงานอดิเรก ความบันเทิง หรือ เพื่อการกีฬา,เพื่อการถ่ายภาพ ถ่ายทำหรือการแสดงในภาพยนตร์หรือรายการโทรทัศน์,ใช้ถ่ายภาพวิดิโอมุมสูง",1
"เพื่อการเล่นเป็นงานอดิเรก ความบันเทิง หรือ เพื่อการกีฬา,เพื่อการถ่ายภาพ ถ่ายทำหรือการแสดงในภาพยนตร์หรือรายการโทรทัศน์,ใช้งานถ่ายภาพ รีวิว",1
"เพื่อการเล่นเป็นงานอดิเรก ความบันเทิง หรือ เพื่อการกีฬา,เพื่อการถ่ายภาพ ถ่ายทำหรือการแสดงในภาพยนตร์หรือรายการโทรทัศน์,ใช้ท่องเที่ยว ถ่ายภาพทั่วไป",1
"เพื่อการเล่นเป็นงานอดิเรก ความบันเทิง หรือ เพื่อการกีฬา,กิจกรรมต่าง ๆ ของทางที่ทำงาน (โรงเรียน)",1
"เพื่อการเล่นเป็นงานอดิเรก ความบันเทิง หรือ เพื่อการกีฬา,เพื่อการถ่ายภาพ ถ่ายทำหรือการแสดงในภาพยนตร์หรือรายการโทรทัศน์,เพื่อถ่ายทอดสื่อลงบนโซเชียล และนำเสนอสื่อในหน่วยงาน",1
"เพื่อการเล่นเป็นงานอดิเรก ความบันเทิง หรือ เพื่อการกีฬา,เพื่อการรายงานเหตุการณ์หรือรายงานจราจร (สื่อมวลชน),เพื่อการถ่ายภาพ ถ่ายทำหรือการแสดงในภาพยนตร์หรือรายการโทรทัศน์,เพื่อการเกษตรกรรม,ถ่ายภาพมุมสูง วีดิโอ สำหรับเผยแพร่ผ่านโซเชียลมีเดีย",1
"เพื่อการเล่นเป็นงานอดิเรก ความบันเทิง หรือ เพื่อการกีฬา,เพื่อการถ่ายภาพ ถ่ายทำหรือการแสดงในภาพยนตร์หรือรายการโทรทัศน์,เพื่อถ่ายภาพ ถ่ายวิดีโด ลงสื่อโซเชี่ยว",1
"เพื่อการเล่นเป็นงานอดิเรก ความบันเทิง หรือ เพื่อการกีฬา,เพื่อการถ่ายภาพ ถ่ายทำหรือการแสดงในภาพยนตร์หรือรายการโทรทัศน์,ใช้ในการเรียนการสอน บันทึกภาพและวิดีโอลงสื่อโซเชียลมีเดีย",1
"เพื่อการเล่นเป็นงานอดิเรก ความบันเทิง หรือ เพื่อการกีฬา,เพื่อการถ่ายภาพ ถ่ายทำหรือการแสดงในภาพยนตร์หรือรายการโทรทัศน์,ถ่ายรูป วีดีโอ ลงโซเชี่ยลมีเดี่ย",1
"เพื่อการเล่นเป็นงานอดิเรก ความบันเทิง หรือ เพื่อการกีฬา,เพื่อการถ่ายภาพ ถ่ายทำหรือการแสดงในภาพยนตร์หรือรายการโทรทัศน์,ใช้โดรนถ่ายวิดีโอทำคอนเทนต์",1
"เพื่อการเล่นเป็นงานอดิเรก ความบันเทิง หรือ เพื่อการกีฬา,เพื่อการรายงานเหตุการณ์หรือรายงานจราจร (สื่อมวลชน),เพื่อการถ่ายภาพ ถ่ายทำหรือการแสดงในภาพยนตร์หรือรายการโทรทัศน์,ถ่ายภาพที่ดิน",1
"เพื่อการเล่นเป็นงานอดิเรก ความบันเทิง หรือ เพื่อการกีฬา,เพื่อการถ่ายภาพ ถ่ายทำหรือการแสดงในภาพยนตร์หรือรายการโทรทัศน์,ใช้ถ่ายภาพเเละวีดีโอลงสื่อโซเชียล",1
เพื่อการรักษาความปลอดภัย,1
"เพื่อการเล่นเป็นงานอดิเรก ความบันเทิง หรือ เพื่อการกีฬา,เพื่อการถ่ายภาพ ถ่ายทำหรือการแสดงในภาพยนตร์หรือรายการโทรทัศน์,เพื่อการเกษตรกรรม,เพื่อถ่ายภาพ ถ่ายวิดีโอ (ลงสือโชเสี่ยว)",1
"เพื่อการเล่นเป็นงานอดิเรก ความบันเทิง หรือ เพื่อการกีฬา,เพื่อการถ่ายภาพ ถ่ายทำหรือการแสดงในภาพยนตร์หรือรายการโทรทัศน์,ถ่ายรูปเเละวีดีโอลงสื่อโซเชียล",1
"เพื่อการเล่นเป็นงานอดิเรก ความบันเทิง หรือ เพื่อการกีฬา,เพื่อการถ่ายภาพ ถ่ายทำหรือการแสดงในภาพยนตร์หรือรายการโทรทัศน์,ใช้ในธุรกิจ ติดตั้ง Solar Rooftop",1
"เพื่อการเล่นเป็นงานอดิเรก ความบันเทิง หรือ เพื่อการกีฬา,เพื่อการถ่ายภาพ ถ่ายทำหรือการแสดงในภาพยนตร์หรือรายการโทรทัศน์,สืบสวน และเพื่อถ่ายภาพ ถ่ายวีดีโอ ลงสื่อโซเซียล",1
"เพื่อการถ่ายภาพ ถ่ายทำหรือการแสดงในภาพยนตร์หรือรายการโทรทัศน์,เพื่อตรวจวัดผลิตภัณฑ์",1
เพื่อการถ่ายภาพเฉยๆ,1
"เพื่อการเล่นเป็นงานอดิเรก ความบันเทิง หรือ เพื่อการกีฬา,เพื่อการถ่ายภาพ ถ่ายทำหรือการแสดงในภาพยนตร์หรือรายการโทรทัศน์,เพื่อถ่ายภาพ ถ่ายวีดีโอ ลงสื่อสังคมออนไลน์",1
เพื่อถ่ายภาพ ถ่ายวีดีโอ  กิจกรรมต่างๆของหน่วยงาน เพื่อประชาสัมพันธ์,1
"เพื่อการถ่ายภาพ ถ่ายทำหรือการแสดงในภาพยนตร์หรือรายการโทรทัศน์,เพื่อสำรวจพื้นที่ปฏิบัติงาน และอุปกรณ์ติดตั้งหน้างาน",1
การสำรวจเพื่ิอประกอบธุรกิจ,1
"เพื่อการเล่นเป็นงานอดิเรก ความบันเทิง หรือ เพื่อการกีฬา,Personal travel",1
"เพื่อการเล่นเป็นงานอดิเรก ความบันเทิง หรือ เพื่อการกีฬา,Vacation",1
"เพื่อการเล่นเป็นงานอดิเรก ความบันเทิง หรือ เพื่อการกีฬา,เพื่อการถ่ายภาพ ถ่ายทำหรือการแสดงในภาพยนตร์หรือรายการโทรทัศน์,ถ่ายวีดีโอลงโซเซียล",1
"เพื่อการเล่นเป็นงานอดิเรก ความบันเทิง หรือ เพื่อการกีฬา,เพื่อการถ่ายภาพ ถ่ายทำหรือการแสดงในภาพยนตร์หรือรายการโทรทัศน์,เพื่อถ่ายภาพและถ่ายวิดิโอลงสื่อโซเชี่ยลมีเดีย",1
ถ่ายวิดีโอ มุมสูงในหน่วยงาน หรือ กิจกรรม ภายในองค์กร,1
เพื่อใช้ในการเรียนการสอนของ ภาควิชาภูมิศาสตร์,1
"เพื่อการเล่นเป็นงานอดิเรก ความบันเทิง หรือ เพื่อการกีฬา,เพื่อการถ่ายภาพ ถ่ายทำหรือการแสดงในภาพยนตร์หรือรายการโทรทัศน์,สำหรับถ่ายภาพตรวจเช็คงานในที่สูง (รถปั้นจั่น)",1
"เพื่อการเล่นเป็นงานอดิเรก ความบันเทิง หรือ เพื่อการกีฬา,เพื่อการถ่ายภาพ ถ่ายทำหรือการแสดงในภาพยนตร์หรือรายการโทรทัศน์,ใช้เพื่อ ฝึกบินและถ่ายรูปวิว",1
For filming social media content,1
"เพื่อการเล่นเป็นงานอดิเรก ความบันเทิง หรือ เพื่อการกีฬา,เพื่อถ่ายภาพ ถ่ายวีดีโอ ในการไปท่องเที่ยว",1
เพื่อบันทึกภาพมุมสูงเพื่อนำมาสำหรับการประชาสัมพันธ์ และใช้ในภารกิจอื่นๆ ที่เกี่ยวข้องของหน่วนงาน,1
เพื่อถ่ายภาพกิจกรรมและประชาสัมพันธ์กิจกรรมของโรงเรียน,1
"เพื่อการเล่นเป็นงานอดิเรก ความบันเทิง หรือ เพื่อการกีฬา,เพื่อการถ่ายภาพ ถ่ายทำหรือการแสดงในภาพยนตร์หรือรายการโทรทัศน์,เพื่อกิจกรรมทางการตลาด และการถ่ายภาพ เพื่อนำเสนอผ่าน Social Media",1
"เพื่อการเล่นเป็นงานอดิเรก ความบันเทิง หรือ เพื่อการกีฬา,เพื่อใช้ทำคอนเทนต์ เผยแพร่คลิป",1
"เพื่อการเล่นเป็นงานอดิเรก ความบันเทิง หรือ เพื่อการกีฬา,เพื่อการถ่ายภาพ ถ่ายทำหรือการแสดงในภาพยนตร์หรือรายการโทรทัศน์,เพื่อการเกษตรกรรม,เพื่อถ่ายภาพ ถ่ายวิดีโอลงโซเชียล",1
"เพื่อการเล่นเป็นงานอดิเรก ความบันเทิง หรือ เพื่อการกีฬา,เพื่อการถ่ายภาพ ถ่ายทำหรือการแสดงในภาพยนตร์หรือรายการโทรทัศน์,ถ่ายภาพและวีดีโอ เพื่อลงสื่อโซเชียล",1
"เพื่อการเล่นเป็นงานอดิเรก ความบันเทิง หรือ เพื่อการกีฬา,เพื่อการถ่ายภาพ ถ่ายทำหรือการแสดงในภาพยนตร์หรือรายการโทรทัศน์,ถ่ายภาพและวีดีโอเพื่อลงโซเชียลมีเดีย",1
"เพื่อการเล่นเป็นงานอดิเรก ความบันเทิง หรือ เพื่อการกีฬา,เพื่อการถ่ายภาพ ถ่ายทำหรือการแสดงในภาพยนตร์หรือรายการโทรทัศน์,ถ่ายวิดีโอ งานอดิเรก",1
"เพื่อการเล่นเป็นงานอดิเรก ความบันเทิง หรือ เพื่อการกีฬา,เพื่อการถ่ายภาพ ถ่ายทำหรือการแสดงในภาพยนตร์หรือรายการโทรทัศน์,เพื่อถ่ายภาพวิดีโอลงสื่อโซเชียล",1
ใช้ในการถ่ายภาพ และสำรวจพื้นที่ภาคสนาม,1
"เพื่อการเล่นเป็นงานอดิเรก ความบันเทิง หรือ เพื่อการกีฬา,เพื่อการรายงานเหตุการณ์หรือรายงานจราจร (สื่อมวลชน),เพื่อการถ่ายภาพ ถ่ายทำหรือการแสดงในภาพยนตร์หรือรายการโทรทัศน์,เพื่อการเกษตรกรรม,เพื่อถ่ายภาพและวีดีโอลงสื่อโซเชิยล",1
เพื่อใช้ในงานการประชาสัมพันธ์แหล่งเรียนรู้,1
"เพื่อการเล่นเป็นงานอดิเรก ความบันเทิง หรือ เพื่อการกีฬา,เพื่อการถ่ายภาพ ถ่ายทำหรือการแสดงในภาพยนตร์หรือรายการโทรทัศน์,เป็นพื่อถ่ายภาพ ถ่ายวีดีโอ ลงสื่อโซเชียล",1
"เพื่อการเล่นเป็นงานอดิเรก ความบันเทิง หรือ เพื่อการกีฬา,เพื่อการรายงานเหตุการณ์หรือรายงานจราจร (สื่อมวลชน),เพื่อถ่ายภาพและวีดีโอลง social",1
"เพื่อการเล่นเป็นงานอดิเรก ความบันเทิง หรือ เพื่อการกีฬา,เพื่อการถ่ายภาพ ถ่ายทำหรือการแสดงในภาพยนตร์หรือรายการโทรทัศน์,นำเสนอภาพและภาพเคลื่อนไหวทางสื่อ Social media ช่องทางต่างๆ",1
"เพื่อการเล่นเป็นงานอดิเรก ความบันเทิง หรือ เพื่อการกีฬา,เพื่อถ่ายภาพ ลงสื่อโซเชียล",1
"เพื่อการเล่นเป็นงานอดิเรก ความบันเทิง หรือ เพื่อการกีฬา,ใช้บินถ่ายภาพการฝึกภายในค่ายทหาร",1
"เพื่อการเล่นเป็นงานอดิเรก ความบันเทิง หรือ เพื่อการกีฬา,เพื่อถ่ายภาพ ถ่ายทำหรือการแสดงในการจัดทำสื่อวิดีทัศน์ของส่วนบุคคลและสถานศึกษา",1
"เพื่อการถ่ายภาพ ถ่ายทำหรือการแสดงในภาพยนตร์หรือรายการโทรทัศน์,Nur Privataufnahme",1
"เพื่อการเล่นเป็นงานอดิเรก ความบันเทิง หรือ เพื่อการกีฬา,เพื่อการถ่ายภาพ ถ่ายทำหรือการแสดงในภาพยนตร์หรือรายการโทรทัศน์,ใช้เพื่อถ่ายรูปที่ดิน อาคาร และหน้างานติดตั้งระบบโซลาร์เซลส์",1
"เพื่อการเล่นเป็นงานอดิเรก ความบันเทิง หรือ เพื่อการกีฬา,เพื่อการถ่ายภาพ ถ่ายทำหรือการแสดงในภาพยนตร์หรือรายการโทรทัศน์,สันทนาการ",1
"เพื่อการเล่นเป็นงานอดิเรก ความบันเทิง หรือ เพื่อการกีฬา,เพื่อการถ่ายภาพ ถ่ายทำหรือการแสดงในภาพยนตร์หรือรายการโทรทัศน์,ถ่ายภาพ ถ่ายวิดีโอไว้ดูเอง หรือทำงาน",1
"เพื่อการเล่นเป็นงานอดิเรก ความบันเทิง หรือ เพื่อการกีฬา,เพื่อการถ่ายภาพ ถ่ายทำหรือการแสดงในภาพยนตร์หรือรายการโทรทัศน์,สำหรับงานด้านสื่อประชาสัมพันธ์, สำรวจพื้นที่, เก็บข้อมูลเพื่อการวิจัย, หรือกิจกรรมอื่นที่เกี่ยวข้อง",1
"เพื่อการเล่นเป็นงานอดิเรก ความบันเทิง หรือ เพื่อการกีฬา,เพื่อการถ่ายภาพ ถ่ายทำหรือการแสดงในภาพยนตร์หรือรายการโทรทัศน์,ใช้ถ่ายรูปบ่อเลี้ยงกุ้ง",1
"เพื่อการเล่นเป็นงานอดิเรก ความบันเทิง หรือ เพื่อการกีฬา,เพื่อติดตามในการศึกษาวิจัยความหลากหลายทางชีวภาพ",1
ท่องเที่ยว ถ่ายภาพ วีดีโด ในครอบครัว,1
"เพื่อการเล่นเป็นงานอดิเรก ความบันเทิง หรือ เพื่อการกีฬา,ใช้เพื่อการถ่ายภาพ การสำรวจพื้นที่หลังคาสำหรับงานติดตั้งโซล่าเซลล์บนหลังคา",1
เพื่อใช้ตรวจสอบสภาพพื้นที่การทำงาน ขอบริษัท,1
"เพื่อการเล่นเป็นงานอดิเรก ความบันเทิง หรือ เพื่อการกีฬา,ทำงานด้านการตรวจอาคาร",1
"เพื่อการเล่นเป็นงานอดิเรก ความบันเทิง หรือ เพื่อการกีฬา,ใช้ในการเรียนการสอน ถ่ายภาพ ถ่ายคลิปวิดีโอ ลงสื่อโซเชียลมีเดีย",1
"เพื่อการเล่นเป็นงานอดิเรก ความบันเทิง หรือ เพื่อการกีฬา,เพื่อการรายงานเหตุการณ์หรือรายงานจราจร (สื่อมวลชน),เพื่อการถ่ายภาพ ถ่ายทำหรือการแสดงในภาพยนตร์หรือรายการโทรทัศน์,เพื่อการวิจัยและพัฒนาอากาศยาน เพื่อการพาณิชย์,เพื่อการเกษตรกรรม,เพื่อการวิจัย ทดลอง ทดสอบ ตามประกาศ กสทช.,เพื่อถ่ายภาพนิ่ง วิดีโอ ลงสื่อโซเซียลและการโฆษณา",1
เพื่องานทางวิศวกรรม,1
"เพื่อการเล่นเป็นงานอดิเรก ความบันเทิง หรือ เพื่อการกีฬา,เพื่อการถ่ายภาพ ถ่ายทำหรือการแสดงในภาพยนตร์หรือรายการโทรทัศน์,เพื่อใช้ทำงาน และสันทนาการ",1
"เพื่อการเล่นเป็นงานอดิเรก ความบันเทิง หรือ เพื่อการกีฬา,เพื่อการถ่ายภาพ ถ่ายทำหรือการแสดงในภาพยนตร์หรือรายการโทรทัศน์,ถ่ายภาพเก็บบรรยากาศ , สร้างสรรค์งานศิลปะ",1
"เพื่อการเล่นเป็นงานอดิเรก ความบันเทิง หรือ เพื่อการกีฬา,เพื่อการถ่ายภาพ ถ่ายทำหรือการแสดงในภาพยนตร์หรือรายการโทรทัศน์,ใช้เพื่อท่องเที่ยว",1
"เพื่อการเล่นเป็นงานอดิเรก ความบันเทิง หรือ เพื่อการกีฬา,เพื่อการถ่ายภาพ ถ่ายวีดีโอ สำหรับลงสื่อโซเชียล (Line, Tiktok, Facebook, Youtube, และอื่นๆ)",1
"เพื่อการเล่นเป็นงานอดิเรก ความบันเทิง หรือ เพื่อการกีฬา,ทำสื่อเกี่ยวกับการสอน",1
"เพื่อการเล่นเป็นงานอดิเรก ความบันเทิง หรือ เพื่อการกีฬา,เพื่อการถ่ายภาพ ถ่ายทำหรือการแสดงในภาพยนตร์หรือรายการโทรทัศน์,ทำสื่อออนไลน์ Facebook / line",1
"เพื่อการเล่นเป็นงานอดิเรก ความบันเทิง หรือ เพื่อการกีฬา,เพื่อการถ่ายภาพ ถ่ายทำหรือการแสดงในภาพยนตร์หรือรายการโทรทัศน์,เพื่อถ่ายภาพและวิดีโอลงสื่อโซเชียลต่าง ๆ",1
"เพื่อการถ่ายภาพ ถ่ายทำหรือการแสดงในภาพยนตร์หรือรายการโทรทัศน์,ใช้ในโครงการก่อสร้างสะพานและถนน",1
เสริมสร้างภาพลักษณ์และเพิ่มประสิทธิภาพในการเผยแพร่ข้อมูลขององค์กร,1
"เพื่อการเล่นเป็นงานอดิเรก ความบันเทิง หรือ เพื่อการกีฬา,เพื่อการถ่ายภาพ ถ่ายทำหรือการแสดงในภาพยนตร์หรือรายการโทรทัศน์,ถ่ายภาพ,ถ่ายวิดีโอ ลงสื่อโซเซียล",1
"เพื่อการเล่นเป็นงานอดิเรก ความบันเทิง หรือ เพื่อการกีฬา,ถ่ายรูปถ่ายคอนเทนท์",1
"เพื่อการเล่นเป็นงานอดิเรก ความบันเทิง หรือ เพื่อการกีฬา,เพื่อการถ่ายภาพ ถ่ายทำหรือการแสดงในภาพยนตร์หรือรายการโทรทัศน์,ถ่ายวีดีโอ/ภาพลงสื่อโซเชียล",1
"เพื่อการเล่นเป็นงานอดิเรก ความบันเทิง หรือ เพื่อการกีฬา,นำภาพ และvdo ลงสื่อโซเชียล",1
"เพื่อการเล่นเป็นงานอดิเรก ความบันเทิง หรือ เพื่อการกีฬา,เพื่อการถ่ายภาพ ถ่ายทำหรือการแสดงในภาพยนตร์หรือรายการโทรทัศน์,เพื่อถ่ายภาพสร้างสื่อวีดีโอการเรียนการสอนวิชาประวัติศาสตร์ ลงสื่อโซเชียล",1
"เพื่อการเล่นเป็นงานอดิเรก ความบันเทิง หรือ เพื่อการกีฬา,เพื่อการถ่ายภาพ ถ่ายทำหรือการแสดงในภาพยนตร์หรือรายการโทรทัศน์,เก็บภาพ บรรกาศมุมสูงในการท่องเที่ยว",1
"เพื่อการเล่นเป็นงานอดิเรก ความบันเทิง หรือ เพื่อการกีฬา,เพื่อการถ่ายภาพ ถ่ายทำหรือการแสดงในภาพยนตร์หรือรายการโทรทัศน์,ถ่ายภาพส่วนตัวทั่วไป",1
"เพื่อการเล่นเป็นงานอดิเรก ความบันเทิง หรือ เพื่อการกีฬา,เพื่อการถ่ายภาพ ถ่ายทำหรือการแสดงในภาพยนตร์หรือรายการโทรทัศน์,ท่องเที่ยว ถ่ายภาพ ครอบครัว",1
"เพื่อการเล่นเป็นงานอดิเรก ความบันเทิง หรือ เพื่อการกีฬา,เพื่อการถ่ายภาพ ถ่ายทำหรือการแสดงในภาพยนตร์หรือรายการโทรทัศน์,ถ่ายภาพนิ่ง ภาพเคลื่อนไหว วีดีโอ ลง Social",1
"เพื่อการเล่นเป็นงานอดิเรก ความบันเทิง หรือ เพื่อการกีฬา,เพื่อการถ่ายภาพการดำเนินงานก่อสร้าง",1
"เพื่อการถ่ายภาพ ถ่ายทำหรือการแสดงในภาพยนตร์หรือรายการโทรทัศน์,เพื่อการเกษตรกรรม,เพื่อปฎิบัติงานในด้านป้องกันและการบรรเทาสาธาณภัย",1
"เพื่อการเล่นเป็นงานอดิเรก ความบันเทิง หรือ เพื่อการกีฬา,เพื่อการวิจัยด้านธรณีพิบัติภัย ธรณีวิทยา ธรณีฟิสิกส์",1
"เพื่อการเล่นเป็นงานอดิเรก ความบันเทิง หรือ เพื่อการกีฬา,เพื่อการถ่ายภาพ ถ่ายทำหรือการแสดงในภาพยนตร์หรือรายการโทรทัศน์,เพื่อใช้ถ่ายภาพเกี่ยวกับงาน",1
"เพื่อการเล่นเป็นงานอดิเรก ความบันเทิง หรือ เพื่อการกีฬา,เพื่อการถ่ายภาพ ถ่ายทำหรือการแสดงในภาพยนตร์หรือรายการโทรทัศน์,ใช้ในการท่องเที่ยวและเรื่องงานในบางกรณี",1
"เพื่อการเล่นเป็นงานอดิเรก ความบันเทิง หรือ เพื่อการกีฬา,เพื่อการถ่ายภาพ ถ่ายทำหรือการแสดงในภาพยนตร์หรือรายการโทรทัศน์,ใช้เพื่อถ่ายภาพท่องเที่ยว",1
"เพื่อการเล่นเป็นงานอดิเรก ความบันเทิง หรือ เพื่อการกีฬา,เพื่อการถ่ายภาพ ถ่ายทำหรือการแสดงในภาพยนตร์หรือรายการโทรทัศน์,ถ่ายภาพ/วิดีโอตอนไปเที่ยว",1
ถ่ายภาพ วีดีโอ ลงสื่อโซเซียล,1
เพื่อใช้ในงานขององค์การบริหารส่วนตำบลยางโกลน,1
เพื่อใช้ในการปฏิบัติราชการ,1
"เพื่อการเล่นเป็นงานอดิเรก ความบันเทิง หรือ เพื่อการกีฬา,เพื่อการรายงานเหตุการณ์หรือรายงานจราจร (สื่อมวลชน),เพื่อการถ่ายภาพ ถ่ายทำหรือการแสดงในภาพยนตร์หรือรายการโทรทัศน์,ใช้ในการถ่ายภาพ, วีดีโอ, ลงสื่อโซเลียลมีเดียต่างๆ",1
"เพื่อการเล่นเป็นงานอดิเรก ความบันเทิง หรือ เพื่อการกีฬา,เพื่อการถ่ายภาพ ถ่ายทำหรือการแสดงในภาพยนตร์หรือรายการโทรทัศน์,เพื่อถ่ายภาพ ถ่ายวีดิโอ ลงโซเชียล",1
เพื่อการถ่ายภาพทางอากาศและการสำรวจพื้นที่ในโครงการพัฒนาท่าเรือแหลมฉบังระยะที่ 3 (ส่วนที่1),1
"เพื่อการเล่นเป็นงานอดิเรก ความบันเทิง หรือ เพื่อการกีฬา,เพื่อการถ่ายภาพ ถ่ายทำหรือการแสดงในภาพยนตร์หรือรายการโทรทัศน์,เพื่อถ่ายภาพ VDO ลง social media",1
"เพื่อการเล่นเป็นงานอดิเรก ความบันเทิง หรือ เพื่อการกีฬา,vacation memories",1
"เพื่อการเล่นเป็นงานอดิเรก ความบันเทิง หรือ เพื่อการกีฬา,เพื่อการถ่ายภาพ ถ่ายทำหรือการแสดงในภาพยนตร์หรือรายการโทรทัศน์,เพื่อการถ่ายภาพ ถ่ายวีดีโอ ลงในสื่อโชเชี่ยล",1
"เพื่อการเล่นเป็นงานอดิเรก ความบันเทิง หรือ เพื่อการกีฬา,เพื่อการถ่ายภาพ ถ่ายทำหรือการแสดงในภาพยนตร์หรือรายการโทรทัศน์,อสังหาริมทรัพย์",1
"เพื่อการเล่นเป็นงานอดิเรก ความบันเทิง หรือ เพื่อการกีฬา,เพื่อการรายงานเหตุการณ์หรือรายงานจราจร (สื่อมวลชน),เพื่อการถ่ายภาพ ถ่ายทำหรือการแสดงในภาพยนตร์หรือรายการโทรทัศน์,เพื่อการวิจัยและพัฒนาอากาศยาน เพื่อการพาณิชย์,ถ่ายในพื้นที่ทำงานโรงงาน",1
"เพื่อการเล่นเป็นงานอดิเรก ความบันเทิง หรือ เพื่อการกีฬา,เพื่อการถ่ายภาพ ถ่ายทำหรือการแสดงในภาพยนตร์หรือรายการโทรทัศน์,เพื่อถ่ายภภาพ เเละ วีดีโอ ลงสื่อโซเซียล",1
"เพื่อการเล่นเป็นงานอดิเรก ความบันเทิง หรือ เพื่อการกีฬา,เพื่อการถ่ายภาพ ถ่ายทำหรือการแสดงในภาพยนตร์หรือรายการโทรทัศน์,ใช้สำหรับการถ่ายภาพทางอากาศ เพื่อเก็บภาพบรรยากาศงานอีเว้น วิวทิวทัศน์",1
"เพื่อการถ่ายภาพ ถ่ายทำหรือการแสดงในภาพยนตร์หรือรายการโทรทัศน์,เพื่อถ่ายภาพมุมสูงของพื้นที่การเกษตร ต้องมีการออกสำรวจพื้นที่การเกษตร",1
"เพื่อการถ่ายภาพ ถ่ายทำหรือการแสดงในภาพยนตร์หรือรายการโทรทัศน์,ปฏิบัติงานวางแผนการควบคุมโรคระบาดในพื้นที่  และการวางแผนการจัดการสาธารณภัยในเขตพื้นที่",1
"เพื่อการเล่นเป็นงานอดิเรก ความบันเทิง หรือ เพื่อการกีฬา,เพื่อการถ่ายภาพ ถ่ายทำหรือการแสดงในภาพยนตร์หรือรายการโทรทัศน์,ใช้ในการบินถ่ายรูปและวีดีโอส่วนตัว",1
"เพื่อการเล่นเป็นงานอดิเรก ความบันเทิง หรือ เพื่อการกีฬา,เพื่อการถ่ายภาพ ถ่ายทำหรือการแสดงในภาพยนตร์หรือรายการโทรทัศน์,ลงสื่อสังคมออน์ไลน์",1
"เพื่อการเล่นเป็นงานอดิเรก ความบันเทิง หรือ เพื่อการกีฬา,เพื่อการถ่ายภาพ ถ่ายทำหรือการแสดงในภาพยนตร์หรือรายการโทรทัศน์,เพื่อการถ่ายวิดีโอลง platform social media",1
"เพื่อการเล่นเป็นงานอดิเรก ความบันเทิง หรือ เพื่อการกีฬา,เพื่อการรายงานเหตุการณ์หรือรายงานจราจร (สื่อมวลชน),เพื่อการถ่ายภาพ ถ่ายทำหรือการแสดงในภาพยนตร์หรือรายการโทรทัศน์,เพื่อถ่ายภาพ ถ่ายวีดิโอ ลงโซเชียล",1
Youtube channel,1
"เพื่อการเล่นเป็นงานอดิเรก ความบันเทิง หรือ เพื่อการกีฬา,เพื่อทำวีดีโอสื่อลงโซเชียล",1
"เพื่อการเล่นเป็นงานอดิเรก ความบันเทิง หรือ เพื่อการกีฬา,เพื่อการถ่ายภาพ ถ่ายทำหรือการแสดงในภาพยนตร์หรือรายการโทรทัศน์,เพื่อถ่ายภาพและ วีดีโอลงสื่อโซเชี่ยล",1
"เพื่อการเล่นเป็นงานอดิเรก ความบันเทิง หรือ เพื่อการกีฬา,เพื่อการถ่ายภาพ ถ่ายทำหรือการแสดงในภาพยนตร์หรือรายการโทรทัศน์,เพื่อการถ่ายภาพมุมสูงที่ยากต่อการเข้าถึง ในการสำรวจที่ดิน และถ่ายโฆษณา",1
"เพื่อการเล่นเป็นงานอดิเรก ความบันเทิง หรือ เพื่อการกีฬา,เพื่อการถ่ายภาพ ถ่ายทำหรือการแสดงในภาพยนตร์หรือรายการโทรทัศน์,ถ่ายโครงการบ้าน",1
เพื่อการช่วยเหลือด้านงานป้องกันและบรรเทาสาธารณะภัยภายใต้การดูแลขององค์การบริหารส่วนจังหวัดเชียงใหม่,1
"เพื่อการเล่นเป็นงานอดิเรก ความบันเทิง หรือ เพื่อการกีฬา,เพื่อการถ่ายภาพ ถ่ายทำหรือการแสดงในภาพยนตร์หรือรายการโทรทัศน์,ถ่ายภาพลงโซเชียล",1
"เพื่อการเล่นเป็นงานอดิเรก ความบันเทิง หรือ เพื่อการกีฬา,ปฏิบัติหน้าที่",1
"เพื่อการเล่นเป็นงานอดิเรก ความบันเทิง หรือ เพื่อการกีฬา,เพื่อการถ่ายภาพ ถ่ายทำหรือการแสดงในภาพยนตร์หรือรายการโทรทัศน์,ถ่ายภาพ ถ่ายวีดีโอ ลงโซเชียลและประกอบการทำงาน",1
"เพื่อการเล่นเป็นงานอดิเรก ความบันเทิง หรือ เพื่อการกีฬา,เพื่อการรายงานเหตุการณ์หรือรายงานจราจร (สื่อมวลชน),เพื่อการถ่ายภาพ ถ่ายทำหรือการแสดงในภาพยนตร์หรือรายการโทรทัศน์,เพื่อการเกษตรกรรม,เพื่อการวิจัย ทดลอง ทดสอบ ตามประกาศ กสทช.,ติดตามสถานการณ์ภัยพิบัติ , ฝุ่นละออง PM 2.5 , ตรวจวิเคราะห์สภาพแผงโซล่าเซลล์",1
"เพื่อการเล่นเป็นงานอดิเรก ความบันเทิง หรือ เพื่อการกีฬา,เพื่อการถ่ายภาพ ถ่ายทำหรือการแสดงในภาพยนตร์หรือรายการโทรทัศน์,Videography and photography for Social media",1
"เพื่อการเล่นเป็นงานอดิเรก ความบันเทิง หรือ เพื่อการกีฬา,เพื่อการถ่ายภาพ ถ่ายทำหรือการแสดงในภาพยนตร์หรือรายการโทรทัศน์,ใช้ในการถ่ายรูปวิว วิดีโอภาพมุมสูง",1
"เพื่อการเล่นเป็นงานอดิเรก ความบันเทิง หรือ เพื่อการกีฬา,เพื่อการถ่ายภาพ ถ่ายทำหรือการแสดงในภาพยนตร์หรือรายการโทรทัศน์,ถ่ายภาพเพื่อการท่องเที่ยว / ถ่ายภาพประกอบการทำงาน",1
"เพื่อการเล่นเป็นงานอดิเรก ความบันเทิง หรือ เพื่อการกีฬา,เพื่อเก็บภาพและวิดีโอทำสื่อนำ",1
"เพื่อการเล่นเป็นงานอดิเรก ความบันเทิง หรือ เพื่อการกีฬา,ท่องเที่ยว กับ ครอบครัว",1
"เพื่อการเล่นเป็นงานอดิเรก ความบันเทิง หรือ เพื่อการกีฬา,เพื่อการถ่ายภาพ ถ่ายทำหรือการแสดงในภาพยนตร์หรือรายการโทรทัศน์,เพื่อการถ่ายภาพนิ่ง และภาพเคลื่อนไหว สำหรับนำเข้าสู่สื่อโซเชียล",1
ใช้สำรวจไฟป่าในพื้นที่ สำรวจพื้นที่ก่อสร้างและสำรวจความเสียหายพืชพลทางเกษตรในช่วงเกิดสาธารณภัย,1
"เพื่อการเล่นเป็นงานอดิเรก ความบันเทิง หรือ เพื่อการกีฬา,เพื่อการถ่ายภาพ ถ่ายทำหรือการแสดงในภาพยนตร์หรือรายการโทรทัศน์,เพื่อถ่ายภาพ ถ่ายวีดีโอ ลง Youtube facebook tiktok",1
"เพื่อการเล่นเป็นงานอดิเรก ความบันเทิง หรือ เพื่อการกีฬา,เพื่อการถ่ายภาพ ถ่ายทำหรือการแสดงในภาพยนตร์หรือรายการโทรทัศน์,เพื่อถ่ายรูแ และวีดีโอ ลงสื่อโซเชียล",1
"เพื่อการเล่นเป็นงานอดิเรก ความบันเทิง หรือ เพื่อการกีฬา,เพื่อการถ่ายภาพ ถ่ายทำหรือการแสดงในภาพยนตร์หรือรายการโทรทัศน์,ถ่ายภาพมุมสูง บรรยากาศการจัดกิจกรรมของหน่วยงาน",1
"เพื่อการเล่นเป็นงานอดิเรก ความบันเทิง หรือ เพื่อการกีฬา,เพื่อการถ่ายภาพ ถ่ายทำหรือการแสดงในภาพยนตร์หรือรายการโทรทัศน์,เพื่อการถ่ายภาพสมัครเล่น",1
"เพื่อการเล่นเป็นงานอดิเรก ความบันเทิง หรือ เพื่อการกีฬา,เพื่อการถ่ายภาพ ถ่ายทำหรือการแสดงในภาพยนตร์หรือรายการโทรทัศน์,ใช้บันทึกภาพและวิดิโอในการท่องเที่ยงของตัวเองและครอบครัว",1
เพื่อใช้สำหรับการปฏิบัติงานในราชการขององค์การบริหารส่วนจังหวัดลำพูน,1
"เพื่อการเกษตรกรรม,ตามกิจกรรมภายในบริษัท",1
"เพื่อการเล่นเป็นงานอดิเรก ความบันเทิง หรือ เพื่อการกีฬา,เพื่อการถ่ายภาพ ถ่ายทำหรือการแสดงในภาพยนตร์หรือรายการโทรทัศน์,ใช้เพื่อถ่ายภาพงาน เครื่องเสียงกลางแจ้งของตัวเองโปรโมทหางาน",1
"เพื่อการเล่นเป็นงานอดิเรก ความบันเทิง หรือ เพื่อการกีฬา,เพื่อการถ่ายภาพ ถ่ายทำหรือการแสดงในภาพยนตร์หรือรายการโทรทัศน์,เพื่อถ่ายภาพ ถ่ายวิดิโอ ลงสื่อ Social network",1
"เพื่อการเล่นเป็นงานอดิเรก ความบันเทิง หรือ เพื่อการกีฬา,เพื่อการถ่ายภาพ ถ่ายทำหรือการแสดงในภาพยนตร์หรือรายการโทรทัศน์,เพื่อถ่ายทำรูปภาพและวีดีโอลง social media",1
"เพื่อการเล่นเป็นงานอดิเรก ความบันเทิง หรือ เพื่อการกีฬา,เพื่อการถ่ายภาพ ถ่ายทำหรือการแสดงในภาพยนตร์หรือรายการโทรทัศน์,ถ่ายภาพและวีดีโอลงสู่ โชเชี่ยล",1
"เพื่อการเล่นเป็นงานอดิเรก ความบันเทิง หรือ เพื่อการกีฬา,เพื่อการถ่ายภาพ ถ่ายทำหรือการแสดงในภาพยนตร์หรือรายการโทรทัศน์,เพื่อภ่ายภาพ วีดีโอ ลงสื่อโซเชียล",1
"เพื่อการเกษตรกรรม,กิจกรรมเสริมการเรียนรู้ของมหาวิทยาลัย",1
"เพื่อการเล่นเป็นงานอดิเรก ความบันเทิง หรือ เพื่อการกีฬา,เพื่อการถ่ายภาพ ถ่ายทำหรือการแสดงในภาพยนตร์หรือรายการโทรทัศน์,ใช้ในการถ่ายรูปเวลาท่องเที่ยว",1
"เพื่อการเล่นเป็นงานอดิเรก ความบันเทิง หรือ เพื่อการกีฬา,เพื่อการถ่ายภาพ ถ่ายทำหรือการแสดงในภาพยนตร์หรือรายการโทรทัศน์,เพื่อถ่ายบันทึกการท่องเที่ยวทั่วไป",1
"เพื่อการเล่นเป็นงานอดิเรก ความบันเทิง หรือ เพื่อการกีฬา,เพื่อการถ่ายภาพ ถ่ายทำหรือการแสดงในภาพยนตร์หรือรายการโทรทัศน์,ถ่ายภาพทางการเกษตร",1
"เพื่อการวิจัย ทดลอง ทดสอบ ตามประกาศ กสทช.,ถ่ายภาพความก้าวหน้าของการดำเนินงานก่อสร้าง",1
"เพื่อการเล่นเป็นงานอดิเรก ความบันเทิง หรือ เพื่อการกีฬา,เพื่อการถ่ายภาพ ถ่ายทำหรือการแสดงในภาพยนตร์หรือรายการโทรทัศน์,เพื่อการเกษตรกรรม,ตรวจสอบพื้นที่ป่า การบุกรุกป่า ไฟ่ป่า ตรวจสอบพื้นที่ประสบภัยน้ำท่วม หรือภารกิจอื่นที่หน่วยมอบหมาย",1
"เพื่อการเล่นเป็นงานอดิเรก ความบันเทิง หรือ เพื่อการกีฬา,เพื่อการรายงานเหตุการณ์หรือรายงานจราจร (สื่อมวลชน),เพื่อการถ่ายภาพ ถ่ายทำหรือการแสดงในภาพยนตร์หรือรายการโทรทัศน์,เพื่อการดับเพลิงและกู้ภัย",1
"เพื่อการเล่นเป็นงานอดิเรก ความบันเทิง หรือ เพื่อการกีฬา,ใช้ในการท่องเที่ยว ทำคอนเท้น ลงสื่อโซเชียล",1
"เพื่อการรายงานเหตุการณ์หรือรายงานจราจร (สื่อมวลชน),ตรวจจับจุดความร้อน",1
"เพื่อการเล่นเป็นงานอดิเรก ความบันเทิง หรือ เพื่อการกีฬา,เพื่อใช้ในการปฏิบัติงานราชการ",1
"เพื่อการเล่นเป็นงานอดิเรก ความบันเทิง หรือ เพื่อการกีฬา,เพื่อการถ่ายภาพ ถ่ายทำหรือการแสดงในภาพยนตร์หรือรายการโทรทัศน์,ถ่ายรูปอาคาร สำหรับการปรับปรุง ซ่อมแซม",1
ใช้ในการถ่ายภาพและวิดีโอ สำหรับทำ Progress งานก่อสร้าง,1
"เพื่อการเล่นเป็นงานอดิเรก ความบันเทิง หรือ เพื่อการกีฬา,เพื่อถ่ายภาพเคลื่อนไหวลงสื่อโซเชียล",1
"เพื่อการเล่นเป็นงานอดิเรก ความบันเทิง หรือ เพื่อการกีฬา,ถ่ายภาพและวิดีโอเพื่อเก็บไว้เป็นความทรงจำ",1
"เพื่อการเล่นเป็นงานอดิเรก ความบันเทิง หรือ เพื่อการกีฬา,เพื่อการถ่ายภาพ ถ่ายทำหรือการแสดงในภาพยนตร์หรือรายการโทรทัศน์,เพื่อการเกษตรกรรม,Family vlogging",1
"Photography, Video, gain flying skills",1
"เพื่อการเล่นเป็นงานอดิเรก ความบันเทิง หรือ เพื่อการกีฬา,เพื่อการเกษตรกรรม,ตรวจสอบที่ดิน",1
"เพื่อการเล่นเป็นงานอดิเรก ความบันเทิง หรือ เพื่อการกีฬา,ถ่ายภาพในครอบครัว",1
"เพื่อการเล่นเป็นงานอดิเรก ความบันเทิง หรือ เพื่อการกีฬา,เพื่อการถ่ายภาพ ถ่ายทำหรือการแสดงในภาพยนตร์หรือรายการโทรทัศน์,เพื่อ?สันทนาการ",1
"เพื่อการเล่นเป็นงานอดิเรก ความบันเทิง หรือ เพื่อการกีฬา,เพื่อการถ่ายภาพ ถ่ายทำหรือการแสดงในภาพยนตร์หรือรายการโทรทัศน์,เพื่อความบันเทิง กิจกรรมนันทนาการ",1
"เพื่อการเล่นเป็นงานอดิเรก ความบันเทิง หรือ เพื่อการกีฬา,เพื่อการถ่ายภาพ ถ่ายทำหรือการแสดงในภาพยนตร์หรือรายการโทรทัศน์,เพื่อถ่ายภาพ ถ่านวิดีโอลงสื่อโซเชียล",1
"เพื่อการวิจัยและพัฒนาอากาศยาน เพื่อการพาณิชย์,เพื่อการเกษตรกรรม,ทดสอบ/สาธิต",1
"เพื่อการเล่นเป็นงานอดิเรก ความบันเทิง หรือ เพื่อการกีฬา,เพื่อการถ่ายภาพ ถ่ายทำหรือการแสดงในภาพยนตร์หรือรายการโทรทัศน์,เพื่อการเกษตรกรรม,เพื่องานทางด้านราชการและการประกอบอาชีพทางด้านการศึกษา",1
"เพื่อการเล่นเป็นงานอดิเรก ความบันเทิง หรือ เพื่อการกีฬา,ใช้ประชาสัมพันธ์การฝึกนักศึกษาวิชาทหาร และกิจการกำลังสำรองของหน่วยบัญชาการรักษาดินแดน",1
"เพื่อการเล่นเป็นงานอดิเรก ความบันเทิง หรือ เพื่อการกีฬา,ถ่ายภาพ วีดีโอทั่วไป ตามสถานที่ต่างๆที่อนุญาต",1
"เพื่อการเล่นเป็นงานอดิเรก ความบันเทิง หรือ เพื่อการกีฬา,เพื่อการถ่ายภาพ ถ่ายทำหรือการแสดงในภาพยนตร์หรือรายการโทรทัศน์,ถ่ายวีดีโอลง tiktok",1
"เพื่อการเล่นเป็นงานอดิเรก ความบันเทิง หรือ เพื่อการกีฬา,เพื่อฝึกสมอง ฝึกสมาธิ  คลายเคลีย",1
"เพื่อการเล่นเป็นงานอดิเรก ความบันเทิง หรือ เพื่อการกีฬา,เพื่อการถ่ายภาพ ถ่ายทำหรือการแสดงในภาพยนตร์หรือรายการโทรทัศน์,เพื่อการสันทนาการ (recreation)",1
"เพื่อการเล่นเป็นงานอดิเรก ความบันเทิง หรือ เพื่อการกีฬา,เพื่อการถ่ายภาพ ถ่ายทำหรือการแสดงในภาพยนตร์หรือรายการโทรทัศน์,เพื่อถ่ายวิดีโอเพื่อลงโซเชียลมีเดีย / เก็บวิดีโอเพื่อความบันเทิง",1
"เพื่อการเล่นเป็นงานอดิเรก ความบันเทิง หรือ เพื่อการกีฬา,เพื่อการถ่ายภาพ ถ่ายทำหรือการแสดงในภาพยนตร์หรือรายการโทรทัศน์,ถ่ายภาพท่องเที่ยว  โซเชียลมีเดีย",1
"เพื่อการเล่นเป็นงานอดิเรก ความบันเทิง หรือ เพื่อการกีฬา,เพื่อการถ่ายภาพ ถ่ายทำหรือการแสดงในภาพยนตร์หรือรายการโทรทัศน์,ถ่ายที่ดิน",1
เพื่อการศึกษา ถ่ายทำกิจกรรมในโรงเรียน เช่น กีฬาสี ปัจฉิมนิเทศ ลูกเสือ งานวันสำคัญต่างๆ ฯลฯ,1
"เพื่อการเล่นเป็นงานอดิเรก ความบันเทิง หรือ เพื่อการกีฬา,เพื่อการรายงานเหตุการณ์หรือรายงานจราจร (สื่อมวลชน),เพื่อการถ่ายภาพ ถ่ายทำหรือการแสดงในภาพยนตร์หรือรายการโทรทัศน์,เพื่อการเกษตรกรรม,การเรียนการสอน",1
"เพื่อการเล่นเป็นงานอดิเรก ความบันเทิง หรือ เพื่อการกีฬา,เพื่อการถ่ายภาพ ถ่ายทำหรือการแสดงในภาพยนตร์หรือรายการโทรทัศน์,เพื่อถ่ายวิดีโอลงสื่อโซเชียล",1
"เพื่อการถ่ายภาพ ถ่ายทำหรือการแสดงในภาพยนตร์หรือรายการโทรทัศน์,ทำแผนที่งานสำรวจ",1
"เพื่อการเล่นเป็นงานอดิเรก ความบันเทิง หรือ เพื่อการกีฬา,เพื่อการถ่ายภาพ ถ่ายทำหรือการแสดงในภาพยนตร์หรือรายการโทรทัศน์,ถ่ายที่ดินตัวเองเพื่อทำประชาสัมพันธ์",1
เพื่อสำรวจพื้นที่การเกษตร เพื่องานออกแบบระบบการให้น้ำพืช,1
"เพื่อการเล่นเป็นงานอดิเรก ความบันเทิง หรือ เพื่อการกีฬา,เพื่อการถ่ายภาพ ถ่ายทำหรือการแสดงในภาพยนตร์หรือรายการโทรทัศน์,เพื่อถ่ายภาพนิ่งและวิดีโอลงสื่อโชเชียลมีเดีย",1
"เพื่อการเล่นเป็นงานอดิเรก ความบันเทิง หรือ เพื่อการกีฬา,เพื่อการตรวจเก็บข้อมูลงานที่รับบูรณะ",1
"เพื่อการถ่ายภาพ ถ่ายทำหรือการแสดงในภาพยนตร์หรือรายการโทรทัศน์,ถ่ายภาพนิ่งและภาพเคลื่อนไหวเพื่อความบันเทิงหรือสื่อนำเสนอทั่วไป",1
"เพื่อการเล่นเป็นงานอดิเรก ความบันเทิง หรือ เพื่อการกีฬา,เพื่อการถ่ายภาพ ถ่ายทำหรือการแสดงในภาพยนตร์หรือรายการโทรทัศน์,Videography, Photography for Social Media",1
"เพื่อการเล่นเป็นงานอดิเรก ความบันเทิง หรือ เพื่อการกีฬา,เพื่อการรายงานเหตุการณ์หรือรายงานจราจร (สื่อมวลชน),อาสาสมัครกู้ภัย",1
"เพื่อการเล่นเป็นงานอดิเรก ความบันเทิง หรือ เพื่อการกีฬา,เพื่อการถ่ายภาพ ถ่ายทำหรือการแสดงในภาพยนตร์หรือรายการโทรทัศน์,เพื่อการถ่ายภาพและการดำเนินกิจกรรมขององค์การอุตสาหกรรมป่าไม้",1
"เพื่อการเล่นเป็นงานอดิเรก ความบันเทิง หรือ เพื่อการกีฬา,เพื่อเผยแพร่ รูปภาพและ วีดิโอ ลง social media",1
"เพื่อการเล่นเป็นงานอดิเรก ความบันเทิง หรือ เพื่อการกีฬา,เพื่อการถ่ายภาพ ถ่ายทำหรือการแสดงในภาพยนตร์หรือรายการโทรทัศน์,ถ่ายคอนเทนต์",1
การเรียนการสอนและงานวิจัย,1
"เพื่อการเล่นเป็นงานอดิเรก ความบันเทิง หรือ เพื่อการกีฬา,เพื่อถ่ายรีวิวสถานที่ท่องเที่ยว พื้นที่แปลงเกษตร",1
ใช้ในการถ่ายวีดีโอ และถ่ายภาพจากมุมสูง เพื่อใช้ในการประชาสัมพันธ์แหล่งท่องเที่ยวตำบลละงู,1
"เพื่อการเล่นเป็นงานอดิเรก ความบันเทิง หรือ เพื่อการกีฬา,เพื่อการถ่ายภาพ ถ่ายทำหรือการแสดงในภาพยนตร์หรือรายการโทรทัศน์,ตรวจสอบอาคารมุมสูง",1
"เพื่อการเล่นเป็นงานอดิเรก ความบันเทิง หรือ เพื่อการกีฬา,เพื่อใช้ในการทำงานเก็บภาพ และตรวจสอบหน้างานของไซต์ก่อสร้าง",1
"เพื่อการเล่นเป็นงานอดิเรก ความบันเทิง หรือ เพื่อการกีฬา,เพื่อการถ่ายภาพ ถ่ายทำหรือการแสดงในภาพยนตร์หรือรายการโทรทัศน์,เพื่อการถ่ายภาพและ วิดีโอ ใช้ในสื่อโชเชียล",1
เพื่อถ่ายภาพพื้นที่ดินและโครงสร้างอาคาร,1
เพื่อสำรวจและติดตามสัตว์ป่าที่ได้ปล่อยคืนสู่ธรรมชาติของหน่วยงาน,1
"เพื่อการเล่นเป็นงานอดิเรก ความบันเทิง หรือ เพื่อการกีฬา,เพื่อการถ่ายภาพ ถ่ายทำหรือการแสดงในภาพยนตร์หรือรายการโทรทัศน์,เพื่อถ่ายภาพ ภ่ายวีดีโอ ลงสื่อโซเชียล",1
"เพื่อการเล่นเป็นงานอดิเรก ความบันเทิง หรือ เพื่อการกีฬา,เพื่อการถ่ายภาพ ถ่ายทำหรือการแสดงในภาพยนตร์หรือรายการโทรทัศน์,เพื่อการถ่ายภาพ ถ่ายวีดีโอ ลง Social media",1
"เพื่อการเล่นเป็นงานอดิเรก ความบันเทิง หรือ เพื่อการกีฬา,เพื่อถ่ายภาพ ถ่ายวีดิโอ",1
เพื่อใช้สำรวจติดตั้งระบบผลิตไฟฟ้าด้วยพลังงานแสงอาทิตย์,1
เพื่ออำนวยความสะดวกแก่วัตถุประสงค์อื่นๆของบริษัท,1
"เพื่อการเล่นเป็นงานอดิเรก ความบันเทิง หรือ เพื่อการกีฬา,ทำคลิปวีดีโอลงโซเชึ่ยล",1
"เพื่อการเล่นเป็นงานอดิเรก ความบันเทิง หรือ เพื่อการกีฬา,เพื่อการถ่ายภาพ ถ่ายทำหรือการแสดงในภาพยนตร์หรือรายการโทรทัศน์,ขายอสังหาริมทรัพย์",1
"เพื่อการเล่นเป็นงานอดิเรก ความบันเทิง หรือ เพื่อการกีฬา,เพื่อดูที่ดินของตนเอง และก่อโครงสร้างบ้าน",1
"เพื่อการเล่นเป็นงานอดิเรก ความบันเทิง หรือ เพื่อการกีฬา,เพื่อการถ่ายภาพ ถ่ายทำหรือการแสดงในภาพยนตร์หรือรายการโทรทัศน์,สร้างสื่อลงโซเชียล",1
"เพื่อการเล่นเป็นงานอดิเรก ความบันเทิง หรือ เพื่อการกีฬา,เพื่องานอสังหาริมทรัพย์",1
"เพื่อการเล่นเป็นงานอดิเรก ความบันเทิง หรือ เพื่อการกีฬา,เพื่อการถ่ายภาพ ถ่ายทำหรือการแสดงในภาพยนตร์หรือรายการโทรทัศน์,เพื่อถ่ายรูปงานก่อสร้างเพื่อประโยชน์การก่อสร้างและบันทึกข้อมูล",1
"เพื่อการถ่ายภาพ ถ่ายทำหรือการแสดงในภาพยนตร์หรือรายการโทรทัศน์,ถ่ายภาพวิดีโอมุมสูง เพื่อทำคอนเทนต์ลงเพจ NANAKE555",1
"เพื่อการเล่นเป็นงานอดิเรก ความบันเทิง หรือ เพื่อการกีฬา,เพื่อการถ่ายภาพ ถ่ายทำหรือการแสดงในภาพยนตร์หรือรายการโทรทัศน์,เพื่ิิอถ่ายภาพ ถ่ายวีดีโอ ลงสื่อโซเซียล",1
เพื่อสำรวจและบำรุงรักษาระบบโซลาร์เซลล์,1
"เพื่อการเล่นเป็นงานอดิเรก ความบันเทิง หรือ เพื่อการกีฬา,เพื่อการถ่ายภาพ ถ่ายทำหรือการแสดงในภาพยนตร์หรือรายการโทรทัศน์,เพื่อใช้บินสำรวจหน้างาน อาคารสูงต่างๆ",1
ใช้ดำเนินกิจกรรมภายในองค์กร,1
"เพื่อการถ่ายภาพ ถ่ายทำหรือการแสดงในภาพยนตร์หรือรายการโทรทัศน์,เพื่อสำรวจและบำรุงรักษาระบบโซลาร์เซลล์",1
เพื่อใช้ในงานบริษัท,1
"เพื่อการเล่นเป็นงานอดิเรก ความบันเทิง หรือ เพื่อการกีฬา,เพื่อการถ่ายภาพ ถ่ายทำหรือการแสดงในภาพยนตร์หรือรายการโทรทัศน์,เพื่อถ่ายภาพ และภาพยนต์ ลงโซเชียล",1
"เพื่อการเล่นเป็นงานอดิเรก ความบันเทิง หรือ เพื่อการกีฬา,เพื่อการถ่ายภาพ ถ่ายทำหรือการแสดงในภาพยนตร์หรือรายการโทรทัศน์,เพื่อการเกษตรกรรม,เพื่อถ่ายภาพ วีดีโอล ลงสื่อโซเซียล",1
"เพื่อการเล่นเป็นงานอดิเรก ความบันเทิง หรือ เพื่อการกีฬา,เพื่อการถ่ายภาพ ถ่ายทำหรือการแสดงในภาพยนตร์หรือรายการโทรทัศน์,ฝึกการบิน เรียนรู้ พัฒนาทักษะ",1
เพื่อใช้ในการถ่ายภาพสถานที่ภายในวิทยาลัยและกิจกรรมต่างๆทั้งภายในและภายนอกวิทยาลัย,1
เพื่อใช้ในการแก้ไขปัญหาช้างป่า,1
"เพื่อการเล่นเป็นงานอดิเรก ความบันเทิง หรือ เพื่อการกีฬา,เพื่อถ่ายงานมุมสูง",1
"เพื่อการเล่นเป็นงานอดิเรก ความบันเทิง หรือ เพื่อการกีฬา,เพื่อการถ่ายภาพ ถ่ายทำหรือการแสดงในภาพยนตร์หรือรายการโทรทัศน์,เพื่อถ่ายภาพ ถ่ายวิดิโอ ลงสื่อโซเชียล สำรวจพื้นที่",1
ถ่ายทำงานด้านพระพุทธศาสนา,1
"เพื่อการเล่นเป็นงานอดิเรก ความบันเทิง หรือ เพื่อการกีฬา,เพื่อสำรวจพื้นที่โรงงาน เฝ้าระวัง",1
"เพื่อการเล่นเป็นงานอดิเรก ความบันเทิง หรือ เพื่อการกีฬา,เพื่อการท่องเที่ยว ถ่ายภาพและวีดีโอ เพื่อเก็บความทรงจำ",1
"เพื่อการเล่นเป็นงานอดิเรก ความบันเทิง หรือ เพื่อการกีฬา,เพื่อการถ่ายภาพ ถ่ายทำหรือการแสดงในภาพยนตร์หรือรายการโทรทัศน์,เพื่อการถ่ายภาพและวิดีโอลงสื่อโซเชี่ยล",1
"เพื่อการเกษตรกรรม,ทำงาน",1
เพื่อใช้ในการประชาสัมพันธ์ และใช้เป็นสื่อประกอบการจัดการเรียนการสอน,1
เพื่อการถ่ายภาพ ถ่ายทำเพื่อนำไปใช้ในการวิเคราะห์ตรวจสอบงาน,1
"เพื่อการเล่นเป็นงานอดิเรก ความบันเทิง หรือ เพื่อการกีฬา,เพื่อการถ่ายภาพ ถ่ายทำหรือการแสดงในภาพยนตร์หรือรายการโทรทัศน์,เพื่อถ่ายภาพ ภ่ายวีดีโอ ลงซื่อโซเซียล",1
ใช้ในการจัดแสดงบินโดรนในงานเทศกาลสงกรานต์ ณ สนามหลวง กรุงเทพมหานคร ระหว่างวันที่ 7-15 เมษายน 2568,1
"เพื่อการเล่นเป็นงานอดิเรก ความบันเทิง หรือ เพื่อการกีฬา,เพื่อการถ่ายภาพ ถ่ายทำหรือการแสดงในภาพยนตร์หรือรายการโทรทัศน์,ถ่ายภาพ,วีดีโอ เพื่อลงโซเชียลมีเดีย สื่อออนไลน์",1
"เพื่อการถ่ายภาพ ถ่ายทำหรือการแสดงในภาพยนตร์หรือรายการโทรทัศน์,เพื่องานวิจัยการทำแผนที่",1
เพื่อสำรวจลาดตระเวณไฟป่าในพื้นที่ สำรวจความเสียหายจากเหตุสาธารณภัยต่างๆ,1
"เพื่อการเล่นเป็นงานอดิเรก ความบันเทิง หรือ เพื่อการกีฬา,เพื่อการถ่ายภาพ ถ่ายทำหรือการแสดงในภาพยนตร์หรือรายการโทรทัศน์,ถ่ายทำ เพื่อลงโซเชียล facebook youtube TikTok",1
"เพื่อการเล่นเป็นงานอดิเรก ความบันเทิง หรือ เพื่อการกีฬา,เพื่อการถ่ายภาพ ถ่ายทำหรือการแสดงในภาพยนตร์หรือรายการโทรทัศน์,เพื่อใช้ในการสำรวจอาคารและพื้นที่ภายในมหาวิทยาลัย พร้อมทั้งถ่ายภาพ ถ่ายวีดีโอ ลงสื่อโซเชียล",1
เพื่อใช้งานการประชาสัมพันธ์แข้อมูลต่างๆ เกี่ยวกับการดำเนินงานของโรงเรียนบ้านเหมือนสองท่อ,1
"เพื่อการเล่นเป็นงานอดิเรก ความบันเทิง หรือ เพื่อการกีฬา,เพื่อการถ่ายภาพ ถ่ายทำหรือการแสดงในภาพยนตร์หรือรายการโทรทัศน์,เพื่อลงสื่อโซเชี่ยล",1
"เพื่อการเล่นเป็นงานอดิเรก ความบันเทิง หรือ เพื่อการกีฬา,เพื่อการถ่ายภาพ ถ่ายทำหรือการแสดงในภาพยนตร์หรือรายการโทรทัศน์,ตรวจสอบการทำงานในด้วยวิศวกรรม",1
"เพื่อการเล่นเป็นงานอดิเรก ความบันเทิง หรือ เพื่อการกีฬา,ถ่ายภาพและวีดิโอ ลงเฟสบุ๊ค",1
"เพื่อการเล่นเป็นงานอดิเรก ความบันเทิง หรือ เพื่อการกีฬา,เพื่อการถ่ายภาพ ถ่ายทำหรือการแสดงในภาพยนตร์หรือรายการโทรทัศน์,เพื่อการถ่ายภาพ ถ่ายวีดิโอ ลงในสื่อโซเชียล",1
เพื่อถ่ายวีดีโอทำคอนเทนต์,1
"เพื่อการถ่ายภาพ ถ่ายทำหรือการแสดงในภาพยนตร์หรือรายการโทรทัศน์,เพื่อใช้ในกิจการมของบริษัท",1
"เพื่อการถ่ายภาพ ถ่ายทำหรือการแสดงในภาพยนตร์หรือรายการโทรทัศน์,งานประชาสัมพันธ์โรงเรียน, ถ่ายภาพตรวจสอบความเสียหายของหลังคา/โซลาร์เซลล์ , กิจกรรมโรงเรียน",1
เพื่อใช้ในงานประชาสัมพันธ์ของเทศบาลเมืองดอกคำใต้,1
"เพื่อการเล่นเป็นงานอดิเรก ความบันเทิง หรือ เพื่อการกีฬา,ถ่ายภาพลงสื่อออนไลน์ ฯลฯ",1
ติดตามงานก่อสร้าง,1
"เพื่อการเล่นเป็นงานอดิเรก ความบันเทิง หรือ เพื่อการกีฬา,เพื่อการถ่ายภาพ ถ่ายทำหรือการแสดงในภาพยนตร์หรือรายการโทรทัศน์,เพื่อถ่ายภาพ  ถ่ายวีดีโอ  ลงสื่อโซเซียล",1
"เพื่อการเล่นเป็นงานอดิเรก ความบันเทิง หรือ เพื่อการกีฬา,เพื่อการถ่ายภาพ ถ่ายทำหรือการแสดงในภาพยนตร์หรือรายการโทรทัศน์,vlog",1
"เพื่อการเล่นเป็นงานอดิเรก ความบันเทิง หรือ เพื่อการกีฬา,เพื่อการถ่ายภาพ ถ่ายทำหรือการแสดงในภาพยนตร์หรือรายการโทรทัศน์,เพื่อเล่นเป็นงานอดิเรก ความบันเทิง หรือเพื่อการกีฬา เพื่อการสำรวจ และถ่ายภาพ ถ่ายวีดีโอ",1
"เพื่อการเล่นเป็นงานอดิเรก ความบันเทิง หรือ เพื่อการกีฬา,เพื่อการถ่ายภาพ ถ่ายทำหรือการแสดงในภาพยนตร์หรือรายการโทรทัศน์,เพื่ออถ่ายภาพ ถ่ายวีดีโอ ลงสื่อโซเชียล",1
"เพื่อการเล่นเป็นงานอดิเรก ความบันเทิง หรือ เพื่อการกีฬา,Recreational use",1
"เพื่อการเล่นเป็นงานอดิเรก ความบันเทิง หรือ เพื่อการกีฬา,เพื่อการถ่ายภาพ ถ่ายทำหรือการแสดงในภาพยนตร์หรือรายการโทรทัศน์,เพื่อถ่ายภาพ ถ่ายวิดีโอ ลงสื่อ social",1
"เพื่อการเล่นเป็นงานอดิเรก ความบันเทิง หรือ เพื่อการกีฬา,เพื่อการถ่ายภาพ ถ่ายทำหรือการแสดงในภาพยนตร์หรือรายการโทรทัศน์,ถ่ายภาพลงสื่อโซเซียล",1
ใช้ในกิจกรรมภายในบริษัท,1
ถ่ายภาพผลิตภัณฑ์ของบริษัทและหน้าไซต์งานตอกเสาเข็ม,1
"เพื่อการเล่นเป็นงานอดิเรก ความบันเทิง หรือ เพื่อการกีฬา,เพื่อการถ่ายภาพ ถ่ายทำหรือการแสดงในภาพยนตร์หรือรายการโทรทัศน์,เพื่อใช้ถ่ายอาคารที่ก่อสร้าง",1
"เพื่อการเล่นเป็นงานอดิเรก ความบันเทิง หรือ เพื่อการกีฬา,ถ่ายภาพอาคารและสถานที่ก่อสร้าง",1
เพื่อถ่ายภาพมุมสูง มุมกว้างสำหรับสำรวจความปลอดภัยและทรัพย์สินและเพื่อเป็นภาพประกอบสื่อประชาสัมพันธ์,1
"เพื่อการเล่นเป็นงานอดิเรก ความบันเทิง หรือ เพื่อการกีฬา,เพื่อการถ่ายภาพ ถ่ายทำหรือการแสดงในภาพยนตร์หรือรายการโทรทัศน์,เพื่อโพสลงโซเชียลมีเดียต่างๆ เฟสบุ๊ค เป็นต้น",1
"เพื่อการเล่นเป็นงานอดิเรก ความบันเทิง หรือ เพื่อการกีฬา,เพื่อการถ่ายภาพ ถ่ายทำหรือการแสดงในภาพยนตร์หรือรายการโทรทัศน์,เพื่อเก็บภาพความทรงจำ บรรยากาศสถานที่ท่องเที่ยว",1
FUN,1
"เพื่อการเล่นเป็นงานอดิเรก ความบันเทิง หรือ เพื่อการกีฬา,เพื่อการถ่ายภาพ ถ่ายทำหรือการแสดงในภาพยนตร์หรือรายการโทรทัศน์,ถ่ายภาพถ่ายวิดิโอลงสื่อ Social Media",1
"เพื่อการเล่นเป็นงานอดิเรก ความบันเทิง หรือ เพื่อการกีฬา,ใช้ในการเรียนการสอน บันทึกภาพและวิดีโอลงสื่อโซเชียลมีเดีย",1
ใช้เพื่อสำรวจและทำแผนที่,1
ถ่ายภาพ รายงานสภาพ,1
เพื่อทำงานเกี่ยวกับไฟฟ้า,1
"เพื่อการเล่นเป็นงานอดิเรก ความบันเทิง หรือ เพื่อการกีฬา,เพื่อการรายงานเหตุการณ์หรือรายงานจราจร (สื่อมวลชน),เพื่อการถ่ายภาพ ถ่ายทำหรือการแสดงในภาพยนตร์หรือรายการโทรทัศน์,เพื่อการเกษตรกรรม,ถ่ายภาพ และวีดีโอ ลงโซเชียล",1
"เพื่อการเล่นเป็นงานอดิเรก ความบันเทิง หรือ เพื่อการกีฬา,เพื่อการถ่ายภาพ ถ่ายทำหรือการแสดงในภาพยนตร์หรือรายการโทรทัศน์,ถ่ายภาพถ่ายวีดีโอลงสื่อโซเชียล",1
ดับไฟป่า,1
"เพื่อการเล่นเป็นงานอดิเรก ความบันเทิง หรือ เพื่อการกีฬา,เพื่อการถ่ายภาพ ถ่ายทำหรือการแสดงในภาพยนตร์หรือรายการโทรทัศน์,เพื่อถ่ายรูปวีดีโอลงสื่อโซเชียล",1
"เพื่อการเล่นเป็นงานอดิเรก ความบันเทิง หรือ เพื่อการกีฬา,เพื่อการรายงานเหตุการณ์หรือรายงานจราจร (สื่อมวลชน),เพื่อการถ่ายภาพ ถ่ายทำหรือการแสดงในภาพยนตร์หรือรายการโทรทัศน์,เพื่อการวิจัยและพัฒนาอากาศยาน เพื่อการพาณิชย์,เพื่อการเกษตรกรรม,เพื่อการวิจัย ทดลอง ทดสอบ ตามประกาศ กสทช.,ตามวัตถุประสงค์ องค์การบริหารส่วนตำบลควนสะตอ",1
"เพื่อการเล่นเป็นงานอดิเรก ความบันเทิง หรือ เพื่อการกีฬา,เพื่อการถ่ายภาพ ถ่ายทำหรือการแสดงในภาพยนตร์หรือรายการโทรทัศน์,เพื่อใช้งานสำรวจ ติดตั้งและบำรุงรักษา Solar Rooftop ของ กฟภ.",1
"เพื่อการเล่นเป็นงานอดิเรก ความบันเทิง หรือ เพื่อการกีฬา,เพื่อการถ่ายภาพ ถ่ายทำหรือการแสดงในภาพยนตร์หรือรายการโทรทัศน์,ดูหลังคารั่ว",1
"เพื่อการเกษตรกรรม,เพื่อใช้สำหรับปฏิบัติงานสำรวจพื้นที่ประสบเหตุสาธารณภัยต่างๆเก็บข้อมูลต่างๆในพื้นที่ตำบลศรีเมืองชุม",1
เพื่อการสำรวจเส้นทาง,1
"เพื่อการเล่นเป็นงานอดิเรก ความบันเทิง หรือ เพื่อการกีฬา,ถ่ายรูปตัวเองและคนรอบครัว",1
"เพื่อการเล่นเป็นงานอดิเรก ความบันเทิง หรือ เพื่อการกีฬา,เพื่อการถ่ายภาพ ถ่ายทำหรือการแสดงในภาพยนตร์หรือรายการโทรทัศน์,ตรวจสอบงานก่อสร้างของบริษัทในมุมสูง",1
เก็บภาพความคืบหน้าของโครงการก่อสร้าง ของบริษัทร่มโพธิ์ พร็อพเพอร์ตี้,1
"เพื่อการเล่นเป็นงานอดิเรก ความบันเทิง หรือ เพื่อการกีฬา,เก็บรูปและวีดีโอลงfacebookของตัวเอง",1
"เพื่อการเล่นเป็นงานอดิเรก ความบันเทิง หรือ เพื่อการกีฬา,เพื่อการถ่ายภาพ ถ่ายทำหรือการแสดงในภาพยนตร์หรือรายการโทรทัศน์,Im going to use it to film Boat trips.",1
เพื่อถ่ายภาพและรังวัดพื้นที่บริเวณที่ทำงาน,1
Holiday video,1
"เพื่อการเล่นเป็นงานอดิเรก ความบันเทิง หรือ เพื่อการกีฬา,ปฏิบัติงานเกี่ยวกับราชการ",1
ท่องเที่ยว,1
"เพื่อการเล่นเป็นงานอดิเรก ความบันเทิง หรือ เพื่อการกีฬา,เพื่อการถ่ายภาพ ถ่ายทำหรือการแสดงในภาพยนตร์หรือรายการโทรทัศน์,เพื่อการถ่ายภาพ วีดีโอ ลงสื่อโซเชียล",1
เพื่อใช้ในการสำรวจและทำแผนที่,1
"เพื่อการเล่นเป็นงานอดิเรก ความบันเทิง หรือ เพื่อการกีฬา,เพื่อถ่ายภาพหลังคา จากงานก่อสร้างบ้าน",1
"เพื่อการเล่นเป็นงานอดิเรก ความบันเทิง หรือ เพื่อการกีฬา,เพื่อการถ่ายภาพ ถ่ายทำหรือการแสดงในภาพยนตร์หรือรายการโทรทัศน์,เพื่อการถ่ายภาพและวีดีโอ ใช้ในการนำเสนอภายในบริษ",1
"เพื่อการเล่นเป็นงานอดิเรก ความบันเทิง หรือ เพื่อการกีฬา,ใช้เพื่อการเรียนการสอน และ ถ่ายภาพ ถ่ายวิดีโอ ลงสื่อโซเชียลมีเดีย",1
"เพื่อการเล่นเป็นงานอดิเรก ความบันเทิง หรือ เพื่อการกีฬา,เพื่อการรายงานเหตุการณ์หรือรายงานจราจร (สื่อมวลชน),เพื่อการถ่ายภาพ ถ่ายทำหรือการแสดงในภาพยนตร์หรือรายการโทรทัศน์,เพื่อการ ศึกษาใช้ในหน่วยงานของการศึกษา",1
"เพื่อการเล่นเป็นงานอดิเรก ความบันเทิง หรือ เพื่อการกีฬา,เพื่อการถ่ายภาพ ถ่ายทำหรือการแสดงในภาพยนตร์หรือรายการโทรทัศน์,เพื่อการวิจัย ทดลอง ทดสอบ ตามประกาศ กสทช.,สำหรับฝึกปฏิบัติการสำหรับการสร้างโมเดลแบบจำลองสารสนเทศ",1
"เพื่อการเล่นเป็นงานอดิเรก ความบันเทิง หรือ เพื่อการกีฬา,เพื่อการถ่ายภาพ ถ่ายทำหรือการแสดงในภาพยนตร์หรือรายการโทรทัศน์,ใช้ในงานการเกษตร",1
สำรวจงานเชิงวิศวกรรม,1
"เพื่อการเล่นเป็นงานอดิเรก ความบันเทิง หรือ เพื่อการกีฬา,ถ่ายภาพและวิดีโอลงสื่อออนไลน์",1
"เพื่อการเล่นเป็นงานอดิเรก ความบันเทิง หรือ เพื่อการกีฬา,ถ่ายงาน,รีวิวสถานที่สวยๆ",1
เพื่อใช้ในการตรวจงาน,1
"เพื่อการเล่นเป็นงานอดิเรก ความบันเทิง หรือ เพื่อการกีฬา,เพื่อการรายงานเหตุการณ์หรือรายงานจราจร (สื่อมวลชน),เพื่อการถ่ายภาพ ถ่ายทำหรือการแสดงในภาพยนตร์หรือรายการโทรทัศน์,เพื่อถ่ายภาพ ถ่ายวิดีโอ ลงสื่อโซเชียล",1
"เพื่อการเล่นเป็นงานอดิเรก ความบันเทิง หรือ เพื่อการกีฬา,เพื่อการถ่ายภาพ ถ่ายทำหรือการแสดงในภาพยนตร์หรือรายการโทรทัศน์,เพื่อถ่ายภาพในการประชาสัมพันธ์เพื่อขายหรือให้เช่าทรัพย์สิน",1
"เพื่อการเล่นเป็นงานอดิเรก ความบันเทิง หรือ เพื่อการกีฬา,ทำธุรกิจติดตั้งโซล่าส์เซลส์",1
"เพื่อการเล่นเป็นงานอดิเรก ความบันเทิง หรือ เพื่อการกีฬา,ใช้ในการทำงานในมหาวิทยาลัย",1
"เพื่อการเล่นเป็นงานอดิเรก ความบันเทิง หรือ เพื่อการกีฬา,เพื่อถ่านภาพลง Social Media",1
เพื่อปฏิบัติงานในภารกิจของกรมทางหลวงชนบท,1
"เพื่อการเล่นเป็นงานอดิเรก ความบันเทิง หรือ เพื่อการกีฬา,เพื่อการรายงานเหตุการณ์หรือรายงานจราจร (สื่อมวลชน),เพื่อการถ่ายภาพ ถ่ายทำหรือการแสดงในภาพยนตร์หรือรายการโทรทัศน์,เพื่อการวิจัยและพัฒนาอากาศยาน เพื่อการพาณิชย์,เพื่อการเกษตรกรรม,เพื่อการวิจัย ทดลอง ทดสอบ ตามประกาศ กสทช.,ใช้ในภารกิจต่อต้านการก่อการร้ายภารกิจEODการตรวจสอบวัตถุต้องสัยในพื้นที่ประเทศไทยและถวายความปลอดภัย",1
"เพื่อการเล่นเป็นงานอดิเรก ความบันเทิง หรือ เพื่อการกีฬา,เพื่อการถ่ายภาพ ถ่ายทำหรือการแสดงในภาพยนตร์หรือรายการโทรทัศน์,เพื่อการทำแผนที่",1
"เพื่อการถ่ายภาพ ถ่ายทำหรือการแสดงในภาพยนตร์หรือรายการโทรทัศน์,เพื่อการวิจัยและพัฒนาอากาศยาน เพื่อการพาณิชย์,เพื่อการตรวจสอบอุปกรณ์หรือโครงสร้างในกระบวนการผลิตบนที่สูง , ตรวจสอบอุปกรณ์พลังงาน",1
"เพื่อการเล่นเป็นงานอดิเรก ความบันเทิง หรือ เพื่อการกีฬา,เพื่อการถ่ายภาพ ถ่ายทำหรือการแสดงในภาพยนตร์หรือรายการโทรทัศน์,ใช้ถ่ายวีดีโอถ่ายรูปตอนไปเที่ยวและลงโซเซียวสื่อFacebook",1
"เพื่อการเล่นเป็นงานอดิเรก ความบันเทิง หรือ เพื่อการกีฬา,เพื่อการรายงานเหตุการณ์หรือรายงานจราจร (สื่อมวลชน),เพื่อการถ่ายภาพ ถ่ายทำหรือการแสดงในภาพยนตร์หรือรายการโทรทัศน์,เพื่อถ่ายภาพ ถ่ายวีดีโอ ลงสื่อโซเชี่ยล",1
"เพื่อการเล่นเป็นงานอดิเรก ความบันเทิง หรือ เพื่อการกีฬา,เพื่อการถ่ายภาพ ถ่ายทำหรือการแสดงในภาพยนตร์หรือรายการโทรทัศน์,เพื่อการศึกษาประวัติศาสตร์, ชุมชน, เมือง, ธรรมชาติ",1
เพื่อใช้ตรวจสอบระบบไฟฟ้าของการไฟฟ้าส่วนภูมิภาค และระบบไฟฟ้าของลูกค้าการไฟฟ้าส่วนภูมิภาค,1
"เพื่อการเล่นเป็นงานอดิเรก ความบันเทิง หรือ เพื่อการกีฬา,เพื่อการถ่ายภาพ ถ่ายทำหรือการแสดงในภาพยนตร์หรือรายการโทรทัศน์,เพื่อถ่ายภาพลงช่องทางออนไลน์",1
"เพื่อการเล่นเป็นงานอดิเรก ความบันเทิง หรือ เพื่อการกีฬา,เพื่อการถ่ายภาพ ถ่ายทำหรือการแสดงในภาพยนตร์หรือรายการโทรทัศน์,ถ่ายภาพ วีดีโอ ลงสื่อโชเชียล",1
เพื่อการสำรวจแผนที่,1
"เพื่อการเล่นเป็นงานอดิเรก ความบันเทิง หรือ เพื่อการกีฬา,เพื่อถ่ายภาพ ถ่ายวีดีโอ เก็บข้อมูลสถานที่ท่องเที่ยว",1
"เพื่อการเล่นเป็นงานอดิเรก ความบันเทิง หรือ เพื่อการกีฬา,เพื่อการถ่ายภาพ ถ่ายทำหรือการแสดงในภาพยนตร์หรือรายการโทรทัศน์,เพื่อถ่ายภาพเเละวีดีโอลงสื่อโซเซียล",1
"เพื่อการเล่นเป็นงานอดิเรก ความบันเทิง หรือ เพื่อการกีฬา,เพื่อเฝ้าระวังและตรวจสอบการเคลื่อนที่ของช้างป่า",1
"เพื่อการเล่นเป็นงานอดิเรก ความบันเทิง หรือ เพื่อการกีฬา,ถ่ายเซลฟี่ออกกำลังกายตอนวิ่งครับ",1
"เพื่อการถ่ายภาพ ถ่ายทำหรือการแสดงในภาพยนตร์หรือรายการโทรทัศน์,เพื่อถ่ายภาพถ่ายวิดีโอลงสื่อโซเชียล",1
"เพื่อการเล่นเป็นงานอดิเรก ความบันเทิง หรือ เพื่อการกีฬา,เพื่อการถ่ายภาพ ถ่ายทำหรือการแสดงในภาพยนตร์หรือรายการโทรทัศน์,เพื่อถ่ายภาพ ถ่ายวิดีโอ ลงโซเชียลมีเดีย",1
"ตรวจสถานที่เกิดเหตุ, ตรวจสภาพการจราจร, ตรวจสภาพด้วยทั่วไปในงานราชการ",1
"เพื่อการเล่นเป็นงานอดิเรก ความบันเทิง หรือ เพื่อการกีฬา,เพื่อการถ่ายภาพ ถ่ายทำหรือการแสดงในภาพยนตร์หรือรายการโทรทัศน์,เพื่อการวิจัย ทดลอง ทดสอบ ตามประกาศ กสทช.,เพื่อถ่ายภาพ ถ่ายวิดีโอ ลงสื่อโซเชียล",1
"เพื่อการถ่ายภาพ ถ่ายทำหรือการแสดงในภาพยนตร์หรือรายการโทรทัศน์,เพื่อการวิจัยและพัฒนาอากาศยาน เพื่อการพาณิชย์,เพื่อการขนส่ง",1
บันทึกภาพมุมสูงศาสนสถานสำนักปฏิบัติธรรม,1
"เพื่อการเล่นเป็นงานอดิเรก ความบันเทิง หรือ เพื่อการกีฬา,ถ่ายภาพมุมสูง ประชาสัมพันธ์ส่งเสริมการท่องเที่ยว",1
สำรวจหลังคา ถ่ายภาพหลังคา,1
"เพื่อการเล่นเป็นงานอดิเรก ความบันเทิง หรือ เพื่อการกีฬา,เพื่อถ่ายภาพและถ่ายวีดีโอลงโซเซียลมีเดีย",1
"เพื่อการถ่ายภาพ ถ่ายทำหรือการแสดงในภาพยนตร์หรือรายการโทรทัศน์,เพื่อใช้ในกิจการ งานของตน",1
"เพื่อการเล่นเป็นงานอดิเรก ความบันเทิง หรือ เพื่อการกีฬา,เพื่อถ่ายภาพ ถ่ายวีดิโอ ลงโซเชี่ยว",1
"เพื่อการถ่ายภาพ ถ่ายทำหรือการแสดงในภาพยนตร์หรือรายการโทรทัศน์,เพื่อให้นักเรียนได้ทดลองใช้งานการฝึกบิน",1
"เพื่อการเล่นเป็นงานอดิเรก ความบันเทิง หรือ เพื่อการกีฬา,ถ่ายภาพมุนสูงเพื่อลงเพจ",1
"เพื่อตรวจสอบงานโครงการก่อสร้าง,งานโซล่าเซลล์",1
"เพื่อการรายงานเหตุการณ์หรือรายงานจราจร (สื่อมวลชน),ใช้เพื่อสำรวจและสืบสวน",1
"เพื่อการเกษตรกรรม,กล้องถ่ายภาพ ถังพ่นยา",1
เพื่อใช้สำหรับงานกู้ภัย,1
"เพื่อการเล่นเป็นงานอดิเรก ความบันเทิง หรือ เพื่อการกีฬา,youtube",1
"เพื่อการรายงานเหตุการณ์หรือรายงานจราจร (สื่อมวลชน),เพื่อการถ่ายภาพและสำรวจ",1
"เพื่อการรายงานเหตุการณ์หรือรายงานจราจร (สื่อมวลชน),ใช้ในการ ดับเพลิง และเหตุสาธารณภัยต่างๆ งานป้องกันฯเทศบาลนครเชียงใหม่",1
"เพื่อการเล่นเป็นงานอดิเรก ความบันเทิง หรือ เพื่อการกีฬา,งานตัดต่อถ่ายภาพและวีดีโอ ลงสื่อโซเชียล",1
"เพื่อการเล่นเป็นงานอดิเรก ความบันเทิง หรือ เพื่อการกีฬา,เพื่อการถ่ายภาพ ถ่ายทำหรือการแสดงในภาพยนตร์หรือรายการโทรทัศน์,เพื่อในงานอสังหาริมทรัพย์",1
เพื่อใช้ในการถ่ายภาพโรงงานและพื้นที่เกี่ยวข้องกับบริษัท,1
"เพื่อการเล่นเป็นงานอดิเรก ความบันเทิง หรือ เพื่อการกีฬา,เพื่อการถ่ายภาพ ถ่ายทำหรือการแสดงในภาพยนตร์หรือรายการโทรทัศน์,เพื่อถ่ายวีดีโอลง Social Network",1
"เพื่อการเล่นเป็นงานอดิเรก ความบันเทิง หรือ เพื่อการกีฬา,เพื่อการถ่ายภาพ ถ่ายทำหรือการแสดงในภาพยนตร์หรือรายการโทรทัศน์,ถ่ายภาพโซล่าเซลล์",1
"เพื่อการเล่นเป็นงานอดิเรก ความบันเทิง หรือ เพื่อการกีฬา,ถ่ายภาพโซลาร์เซลล์บนหลังคา",1
ใช้ในการทำแผนที่,1
"เพื่อการเล่นเป็นงานอดิเรก ความบันเทิง หรือ เพื่อการกีฬา,ใช้ในการราชการทหาร",1
"เพื่อการเล่นเป็นงานอดิเรก ความบันเทิง หรือ เพื่อการกีฬา,เพื่อการถ่ายภาพ ถ่ายทำหรือการแสดงในภาพยนตร์หรือรายการโทรทัศน์,ถ่ายภาพผลงาน สำรวจพื้นที่",1
"เพื่อการเล่นเป็นงานอดิเรก ความบันเทิง หรือ เพื่อการกีฬา,เพื่อการถ่ายภาพ ถ่ายทำหรือการแสดงในภาพยนตร์หรือรายการโทรทัศน์,เพื่อถ่ายภาพและวีดิโอลงสื่อโซเชียลมีเดีย",1
เพื่อประเมินการใช้ประโยชน์และความเหมาะสมของพื้นที่อากาศยานเพื่อเก็บข้อมูลภาพถ่ายทางอากาศในพื้นที่,1
ใช้ในการทำงาน / ถ่ายภาพ วิดีโอมุมสูง / รับมือสถานการณ์ฉุกเฉิน,1
ถ่ายรูปและวีดีโอ,1
"เพื่อการเล่นเป็นงานอดิเรก ความบันเทิง หรือ เพื่อการกีฬา,เพื่อการถ่ายภาพ ถ่ายทำหรือการแสดงในภาพยนตร์หรือรายการโทรทัศน์,ถ่ายภาพนิ่ง/ถ่ายวีดีโอ/ลงโซเชียว",1
เพื่อใช้ในงานกิจกรรมของมหาวิทยาลัย,1
"เพื่อการเล่นเป็นงานอดิเรก ความบันเทิง หรือ เพื่อการกีฬา,Site inspection in the Cemetery",1
เพื่อใช้ถ่ายภาพ สื่อวิดีโอในการประชาสัมพันธ์ เกี่ยวกับงานอื่นๆที่เกี่ยวข้องตามวัตถุประสงค์,1
"เพื่อการถ่ายภาพ ถ่ายทำหรือการแสดงในภาพยนตร์หรือรายการโทรทัศน์,ถ่ายทำกิจกรรมต่างๆของทางโรงเรียน",1
เพื่อใช้สำหรับการทำวิจัย,1
"เพื่อการเล่นเป็นงานอดิเรก ความบันเทิง หรือ เพื่อการกีฬา,เพื่อการถ่ายภาพ ถ่ายทำหรือการแสดงในภาพยนตร์หรือรายการโทรทัศน์,เพื่อถ่ายภาพ ถ่ายวิดิโอ ลงโซเซียล",1
"เพื่อการเล่นเป็นงานอดิเรก ความบันเทิง หรือ เพื่อการกีฬา,เพื่อการถ่ายภาพ ถ่ายทำหรือการแสดงในภาพยนตร์หรือรายการโทรทัศน์,ถ่ายภาพนิ่ง ถ่ายวีดีโอ ลงโซเชียว",1
การสำรวจพื้นที่การเกษตร ตรวจจับโรคพืช และประเมินคุณภาพพืชผล,1
"เพื่อการเล่นเป็นงานอดิเรก ความบันเทิง หรือ เพื่อการกีฬา,เพื่อการถ่ายภาพ ถ่ายทำหรือการแสดงในภาพยนตร์หรือรายการโทรทัศน์,ถ่ายภาพ หรือ วีดีโอ ลงสื่อโชเชี่ยล",1
เพื่อถ่ายภาพ ถ่ายทำ กิจกรรมภายในบริษัทฯ,1
"เพื่อการเล่นเป็นงานอดิเรก ความบันเทิง หรือ เพื่อการกีฬา,ใช้ในงานขาย ถ่ายแปลงที่ดิน โครงการบ้านจัดสรร อสังหาริมทรัพย์",1
"เพื่อการเล่นเป็นงานอดิเรก ความบันเทิง หรือ เพื่อการกีฬา,เพื่อการถ่ายภาพ ถ่ายทำหรือการแสดงในภาพยนตร์หรือรายการโทรทัศน์,เพื่อถ่ายภาพ vdo  ลงโซเชี่ยลมีเดีย",1
ถ่ายภาพรีวิวสถานที่,1
ใช้เพื่อการปฏิบัติงานในพื้นที่ชายแดน,1
"เพื่อการเล่นเป็นงานอดิเรก ความบันเทิง หรือ เพื่อการกีฬา,เพื่อการถ่ายภาพ ถ่ายทำหรือการแสดงในภาพยนตร์หรือรายการโทรทัศน์,ลงสื่อโซเชียลมีเดียต่างๆ เช่น เฟสบุ๊ค ไลน์ เป็นต้น",1
"เพื่อการเล่นเป็นงานอดิเรก ความบันเทิง หรือ เพื่อการกีฬา,เพื่อการถ่ายภาพ ถ่ายทำหรือการแสดงในภาพยนตร์หรือรายการโทรทัศน์,ใช้ในการทำงานก่อสร้าง",1
กิจกรรมต่างๆ โรงเรียนอนุบาลสงขลา,1
"เพื่อการเล่นเป็นงานอดิเรก ความบันเทิง หรือ เพื่อการกีฬา,ลาดตระเวนรอบฐานปฏิบัติงาน",1
"เพื่อการเล่นเป็นงานอดิเรก ความบันเทิง หรือ เพื่อการกีฬา,ทำคอนเทนต์ลงเพจ Facebook",1
"เพื่อการเกษตรกรรม,เพื่อการถ่ายภาพและวิดีโอสำหรับการทำเกษตรกรรมภายในแปลงปลูก",1
เพื่อการถ่ายภาพอาคาร เพื่อประกอบในธุรกิจก่อสร้าง,1
"เพื่อการเล่นเป็นงานอดิเรก ความบันเทิง หรือ เพื่อการกีฬา,เพื่อการถ่ายภาพ ถ่ายทำหรือการแสดงในภาพยนตร์หรือรายการโทรทัศน์,บินถ่ายภาพหลังคาเพื่อทำการวางแผนติดตั้ง และทำความสะอาดแผงโซล่าเซลล์",1
"เพื่อการเล่นเป็นงานอดิเรก ความบันเทิง หรือ เพื่อการกีฬา,เพื่อการถ่ายภาพ ถ่ายทำหรือการแสดงในภาพยนตร์หรือรายการโทรทัศน์,เพื่อในการถ่ายภาพ ถ่ายวีดีโอ ลงสื่อโซเชียล",1
สอนและงานวิจัย,1
"เพื่อการเล่นเป็นงานอดิเรก ความบันเทิง หรือ เพื่อการกีฬา,เพื่อการถ่ายภาพ ถ่ายทำหรือการแสดงในภาพยนตร์หรือรายการโทรทัศน์,เพื่อถ่ายภาพและถ่ายวีดีโอลงสื่อโซเซียลเพื่อความบันเทิงและเชิงพานิชย์",1
"เพื่อการเล่นเป็นงานอดิเรก ความบันเทิง หรือ เพื่อการกีฬา,เพื่อการถ่ายภาพ ถ่ายทำหรือการแสดงในภาพยนตร์หรือรายการโทรทัศน์,เพื่อถ่ายภาพ ถ่ายวีดีโอ ลงสื่ิอโซเซียล",1
"เพื่อการเล่นเป็นงานอดิเรก ความบันเทิง หรือ เพื่อการกีฬา,เพื่อการศึกษาธรรมชาติและลงสื่อโซเชียล",1
เพื่อใช้ในงานสำรวจสถานที่ก่อสร้างหรือพื้นที่ที่มีลักษณะเข้าถึงได้ยาก,1
"เพื่อการเล่นเป็นงานอดิเรก ความบันเทิง หรือ เพื่อการกีฬา,เพื่อการรายงานเหตุการณ์หรือรายงานจราจร (สื่อมวลชน),เพื่อการถ่ายภาพ ถ่ายทำหรือการแสดงในภาพยนตร์หรือรายการโทรทัศน์,ประกอบการทำสำรวจที่ดิน",1
เพื่อใช้ในงานมัลติมีเดียและกาเรียนการสอน,1
เพื่อการตรวจสอบ (Patrol) บำรุงรักษาระบบสายส่ง 115 เควี ระบบจำหน่ายทั้ง 22 เควี และ 33 เควี,1
"เพื่อการเล่นเป็นงานอดิเรก ความบันเทิง หรือ เพื่อการกีฬา,เพื่อการถ่ายภาพ ถ่ายทำหรือการแสดงในภาพยนตร์หรือรายการโทรทัศน์,ถ่ายภาพ ถ่าย วีดีโอ ลงสื่อโซเชียว",1
"เพื่อการเล่นเป็นงานอดิเรก ความบันเทิง หรือ เพื่อการกีฬา,เพื่อการรายงานเหตุการณ์หรือรายงานจราจร (สื่อมวลชน),เพื่อการถ่ายภาพ ถ่ายทำหรือการแสดงในภาพยนตร์หรือรายการโทรทัศน์,เพื่อการวิจัยและพัฒนาอากาศยาน เพื่อการพาณิชย์,เพื่อการเกษตรกรรม,เพื่อการวิจัย ทดลอง ทดสอบ ตามประกาศ กสทช.,สำรวจต้นไม้ ระบบไฟฟ้า ของ การไฟฟ้าฯ",1
"เพื่อการเล่นเป็นงานอดิเรก ความบันเทิง หรือ เพื่อการกีฬา,เพื่อการถ่ายภาพ ถ่ายทำหรือการแสดงในภาพยนตร์หรือรายการโทรทัศน์,ถ่ายภาพทำงานรับเหมาก่อสร้าง",1
"เพื่อการถ่ายภาพ ถ่ายทำหรือการแสดงในภาพยนตร์หรือรายการโทรทัศน์,และใช้ถ่ายวิดิโอธรรมชาติ",1
"เพื่อการเล่นเป็นงานอดิเรก ความบันเทิง หรือ เพื่อการกีฬา,เพื่อการรายงานเหตุการณ์หรือรายงานจราจร (สื่อมวลชน),เพื่อการถ่ายภาพ ถ่ายทำหรือการแสดงในภาพยนตร์หรือรายการโทรทัศน์,เพื่อการวิจัยและพัฒนาอากาศยาน เพื่อการพาณิชย์,เพื่อถ่ายภาพ ถ่ายวีดีโอ ลงสื่อโซเชียล",1
"เพื่อการเล่นเป็นงานอดิเรก ความบันเทิง หรือ เพื่อการกีฬา,ใช้ในงานอสังหาญและการท่องเที่ยว",1
"เพื่อการเล่นเป็นงานอดิเรก ความบันเทิง หรือ เพื่อการกีฬา,เพื่อถ่ายรูปภาพและวิดีโอลงสื่อโซเชียล",1
เพื่อการใช้ในงานกู้ภัย และอำนวยความสะดวก,1
"เพื่อการเล่นเป็นงานอดิเรก ความบันเทิง หรือ เพื่อการกีฬา,เพื่อการถ่ายภาพ ถ่ายทำหรือการแสดงในภาพยนตร์หรือรายการโทรทัศน์,เพื่อกำรถ่ำยภำพ ถ่ำยวีดิโอ ลงในสื่อโซเชียล",1
"เพื่อการเล่นเป็นงานอดิเรก ความบันเทิง หรือ เพื่อการกีฬา,เพื่อการถ่ายภาพ ถ่ายทำหรือการแสดงในภาพยนตร์หรือรายการโทรทัศน์,ถ่ายภาพและวีดิโอเพื่อลงสื่อโซเชียล",1
สำรวจความเสียหายของอาคารเรียนในที่สูงหรือที่ๆไม่สามารถเข้าสำรวจด้วยบุคคลได้,1
"เพื่อการถ่ายภาพ ถ่ายทำหรือการแสดงในภาพยนตร์หรือรายการโทรทัศน์,สำรวจความเสียหายของอาคารเรียนในที่สูงหรือที่ๆไม่สามารถเข้าสำรวจด้วยบุคคลได้",1
"เพื่อการเล่นเป็นงานอดิเรก ความบันเทิง หรือ เพื่อการกีฬา,เพื่อการรายงานเหตุการณ์หรือรายงานจราจร (สื่อมวลชน),เพื่อการถ่ายภาพ ถ่ายทำหรือการแสดงในภาพยนตร์หรือรายการโทรทัศน์,เพื่อถ่ายภาพบ้านและที่ดินเพื่อการพาณิชย์",1
"เพื่อการเล่นเป็นงานอดิเรก ความบันเทิง หรือ เพื่อการกีฬา,เพื่อการถ่ายภาพ ถ่ายทำหรือการแสดงในภาพยนตร์หรือรายการโทรทัศน์,เพื่อลงรูปภาพและวีดีโอในโซเชียลมีเดียในทุกแพลตฟอร์มออนไลน์",1
"เพื่อการรายงานเหตุการณ์หรือรายงานจราจร (สื่อมวลชน),เพื่อใช้ในกิจกรรมอื่นๆ ที่เกี่ยวข้องกับแขวงทางหลวงอุดรธานีที่ ๒ (หนองหาน)",1
"เพื่อการเล่นเป็นงานอดิเรก ความบันเทิง หรือ เพื่อการกีฬา,เพื่อการรายงานเหตุการณ์หรือรายงานจราจร (สื่อมวลชน),เพื่อการถ่ายภาพ ถ่ายทำหรือการแสดงในภาพยนตร์หรือรายการโทรทัศน์,เพื่อการวิจัยและพัฒนาอากาศยาน เพื่อการพาณิชย์,เพื่อการเกษตรกรรม,เพื่อการวิจัย ทดลอง ทดสอบ ตามประกาศ กสทช.,ภารกิจต่อต้านการก่อการร้าย ภารกิจEODตรวจสอบวัตถุต้องสงสัยในพื้นที่ประเทศไทย ภารกิจถวายความปลอดภัย",1
"เพื่อการเล่นเป็นงานอดิเรก ความบันเทิง หรือ เพื่อการกีฬา,ถ่ายงานประเพณี และงานป้องกันและบรรเทาสาธารณภัยจังหวัดหนองคาย",1
"เพื่อการเล่นเป็นงานอดิเรก ความบันเทิง หรือ เพื่อการกีฬา,เพื่อการถ่ายภาพ ถ่ายทำหรือการแสดงในภาพยนตร์หรือรายการโทรทัศน์,เพิ่อถ่ายภาพวีดีโอ ลงสื่อโซเชียล",1
"เพื่อการเล่นเป็นงานอดิเรก ความบันเทิง หรือ เพื่อการกีฬา,เพื่อการรายงานเหตุการณ์หรือรายงานจราจร (สื่อมวลชน),เพื่อการถ่ายภาพ ถ่ายทำหรือการแสดงในภาพยนตร์หรือรายการโทรทัศน์,ถ่ายหน่วยงานราชการทหาร",1
"เพื่อการเล่นเป็นงานอดิเรก ความบันเทิง หรือ เพื่อการกีฬา,ถ่ายภาพ ถ่ายวีโดโอ ลงโซเชียล",1
เพื่อใช้สำหรับการเรียนการสอน และปฏิบัติงานของสถานศึกษา,1
"เพื่อการเล่นเป็นงานอดิเรก ความบันเทิง หรือ เพื่อการกีฬา,เพื่อการถ่ายภาพ ถ่ายทำหรือการแสดงในภาพยนตร์หรือรายการโทรทัศน์,เพื่อถ่ายวีดีโอลงสื่อโซเชียล",1
"เพื่อการเล่นเป็นงานอดิเรก ความบันเทิง หรือ เพื่อการกีฬา,ถ่ายภาพและภาพยนตร์สำหรับแนะสินค้า",1
"เพื่อการถ่ายภาพ ถ่ายทำหรือการแสดงในภาพยนตร์หรือรายการโทรทัศน์,เพื่อการถ่ายภาพและวีดิโอลงสื่อโซเชียลมีเดีย",1
"เพื่อการถ่ายภาพ ถ่ายทำหรือการแสดงในภาพยนตร์หรือรายการโทรทัศน์,สำรวจและถ่ายภาพรายงานความคืบหน้างานก่อสร้างงานโยธา",1
ถ่ายภาพแผนที่ภาษี และ ที่ดิน,1
สำรวจ อาคาร สถานที่ และงานของเทศบาลตำบลบ้านตาก,1
"เพื่อการเล่นเป็นงานอดิเรก ความบันเทิง หรือ เพื่อการกีฬา,เพื่อการถ่ายภาพ ถ่ายทำหรือการแสดงในภาพยนตร์หรือรายการโทรทัศน์,เพื่อการวิจัยและพัฒนาอากาศยาน เพื่อการพาณิชย์,เพื่อการเกษตรกรรม,ตรวจสอบความปลอดภัยในพื้นที่ ไร่นา สวน อสังหาริมทรัพย์กรรมสิทธิ์ของตนเอง",1
"เพื่อการเล่นเป็นงานอดิเรก ความบันเทิง หรือ เพื่อการกีฬา,เพื่อการถ่ายภาพ ถ่ายทำหรือการแสดงในภาพยนตร์หรือรายการโทรทัศน์,ภารกิจทางทหาร",1
ใช้ถ่ายภาพ และวีดีโอ เพื่อภาพลักษณ์ของบริษัทในเชิงการพานิชย์,1
"เพื่อการเล่นเป็นงานอดิเรก ความบันเทิง หรือ เพื่อการกีฬา,เพื่อการถ่ายภาพ ถ่ายทำหรือการแสดงในภาพยนตร์หรือรายการโทรทัศน์,เพื่อถ่ายถาพและวิดีโอลงสื่อโชเชียล",1
"เพื่อการเล่นเป็นงานอดิเรก ความบันเทิง หรือ เพื่อการกีฬา,เพื่อการถ่ายภาพ ถ่ายทำหรือการแสดงในภาพยนตร์หรือรายการโทรทัศน์,เพื่อถ่ายภาพและวิดีโอลงโซเชียล",1
"เพื่อการเล่นเป็นงานอดิเรก ความบันเทิง หรือ เพื่อการกีฬา,ถ่ายภาพมุมสูงลงเพจ",1
"เพื่อการเล่นเป็นงานอดิเรก ความบันเทิง หรือ เพื่อการกีฬา,เพื่อการรายงานเหตุการณ์หรือรายงานจราจร (สื่อมวลชน),งานสืบสวน",1
"เพื่อการเล่นเป็นงานอดิเรก ความบันเทิง หรือ เพื่อการกีฬา,เพื่อการถ่ายภาพ ถ่ายทำหรือการแสดงในภาพยนตร์หรือรายการโทรทัศน์,เพื่อถ่ายภาพ ภ่ายวิดีโอ ลงสื่อโซเชียล",1
เพื่อใช้ในการถ่ายทำกิจกรรมของนักเรียน รร.อนุบาลพะเยา และประชามสัมพันธ์โรงเรียนอนุบาลพะเยา,1
ใช้ในการถ่ายภาพและสำรวจสถานที่,1
เพื่อตรวจสอบการปฎิบัติงานในการประกอบกิจการก่อสร้าง,1
"เพื่อการเล่นเป็นงานอดิเรก ความบันเทิง หรือ เพื่อการกีฬา,ใช้ถ่ายหน้างานการก่อสร้างอาคาร และอื่นๆ",1
"เพื่อการถ่ายภาพ ถ่ายทำหรือการแสดงในภาพยนตร์หรือรายการโทรทัศน์,จัดทำวีดีโอแนะนำบริษัท",1
"เพื่อการเล่นเป็นงานอดิเรก ความบันเทิง หรือ เพื่อการกีฬา,เพื่อการถ่ายภาพ ถ่ายทำหรือการแสดงในภาพยนตร์หรือรายการโทรทัศน์,เพื่อการวิจัยและพัฒนาอากาศยาน เพื่อการพาณิชย์,เพื่อภ่ายภาพ ถ่ายวีดีโอ ลงสื่อโซเชียล",1
"เพื่อการถ่ายภาพ ถ่ายทำหรือการแสดงในภาพยนตร์หรือรายการโทรทัศน์,ถ่ายภาพความร้อน ตามภารกิจของการไฟฟ้า",1
"เพื่อการเล่นเป็นงานอดิเรก ความบันเทิง หรือ เพื่อการกีฬา,เพื่อใช้ในงานการประชาสัมพันธ์แหล่งเรียนรู้",1
เพื่อใช้ในการจัดการเรียนการสอนวิชาเลือกเสรี,1
"เพื่อการเล่นเป็นงานอดิเรก ความบันเทิง หรือ เพื่อการกีฬา,เพื่อการรายงานเหตุการณ์หรือรายงานจราจร (สื่อมวลชน),เพื่อค้นหา กู้ภัย สนับสนุนการร้องขอโดรนจับความร้อนของเจ้าหน้าที่หน่วยงานต่างๆ",1
เพื่อสำรวจพื้นที่ในการติดตั้งระบบผลิดไฟฟ้าพลังงานจากแสงอาทิตย์,1
"เพื่อการเล่นเป็นงานอดิเรก ความบันเทิง หรือ เพื่อการกีฬา,เพื่อการถ่ายภาพ ถ่ายทำหรือการแสดงในภาพยนตร์หรือรายการโทรทัศน์,ติดตามตัวเพื่อความปลอดภัย",1
"เพื่อการเล่นเป็นงานอดิเรก ความบันเทิง หรือ เพื่อการกีฬา,เพื่อใช้สำรวจพื้นที่ก่อนการทำงาน",1
"เพื่อการเล่นเป็นงานอดิเรก ความบันเทิง หรือ เพื่อการกีฬา,เพื่อการถ่ายภาพ ถ่ายทำหรือการแสดงในภาพยนตร์หรือรายการโทรทัศน์,ถ่ายภาพเคลื่อนไหว",1
"เพื่อการเล่นเป็นงานอดิเรก ความบันเทิง หรือ เพื่อการกีฬา,เพื่อการถ่ายภาพ ถ่ายทำหรือการแสดงในภาพยนตร์หรือรายการโทรทัศน์,เพื่อใช้ในงานในหน้าที่ราชการ",1
ตำรวจตระเวรชายแดน,1
"เพื่อการเล่นเป็นงานอดิเรก ความบันเทิง หรือ เพื่อการกีฬา,ใช้ถ่ายงานกิจกรรมให้คำปรึกษาด้านการบริหารจัดการ และอื่นๆ",1
"เพื่อการรายงานเหตุการณ์หรือรายงานจราจร (สื่อมวลชน),เพื่อการถ่ายภาพ ถ่ายทำหรือการแสดงในภาพยนตร์หรือรายการโทรทัศน์,เพื่อการวิจัยและพัฒนาอากาศยาน เพื่อการพาณิชย์,เพื่อการเกษตรกรรม,เพื่อการวิจัย ทดลอง ทดสอบ ตามประกาศ กสทช.,ใช้เพื่องานทางราชการองค์กรปกครองท้องถิ่น",1
"เพื่อการเล่นเป็นงานอดิเรก ความบันเทิง หรือ เพื่อการกีฬา,Personal Social media",1
เพื่อการวิจัยและพัฒนาอากาศยานเพื่อการศึกษาและวิจัย,1
"เพื่อการเล่นเป็นงานอดิเรก ความบันเทิง หรือ เพื่อการกีฬา,เพื่อการถ่ายภาพ ถ่ายทำหรือการแสดงในภาพยนตร์หรือรายการโทรทัศน์,เพื่อการเกษตรกรรม,การท่องเที่ยว และครอบครัว",1
"เพื่อการเล่นเป็นงานอดิเรก ความบันเทิง หรือ เพื่อการกีฬา,เพื่อการถ่ายภาพ ถ่ายทำหรือการแสดงในภาพยนตร์หรือรายการโทรทัศน์,นำภาพและวิดีโอโพสต์ลงตามสื่อออนไลน์/โซเชียลมีเดียต่างๆ",1
"เพื่อการเล่นเป็นงานอดิเรก ความบันเทิง หรือ เพื่อการกีฬา,เพื่อการถ่ายภาพ ถ่ายทำหรือการแสดงในภาพยนตร์หรือรายการโทรทัศน์,เพื่อถ่ายภาพ วิดีโอ ลงโซเซียล",1
"เพื่อการถ่ายภาพ ถ่ายทำหรือการแสดงในภาพยนตร์หรือรายการโทรทัศน์,เพื่อใช้ในการเรียนการสอน และงานวิจัย",1
"เพื่อการเล่นเป็นงานอดิเรก ความบันเทิง หรือ เพื่อการกีฬา,สำรวจเพื่อช่วยเหลือในหมู่บ้านในเวลามีภัยพิบัติ",1
เพื่อการถ่ายภาพ งานสำรวจ ของงานโครงการบริษัทฯ,1
"เพื่อการเล่นเป็นงานอดิเรก ความบันเทิง หรือ เพื่อการกีฬา,เพื่อการถ่ายภาพ ถ่ายทำหรือการแสดงในภาพยนตร์หรือรายการโทรทัศน์,เพื่อถ่ายภาพ และ วีดีโอ ลงสื่อโซเซียล",1
"เพื่อการเล่นเป็นงานอดิเรก ความบันเทิง หรือ เพื่อการกีฬา,ใช้ถ่ายหน้างานรับเหมาก่อสร้างและอื่นๆ",1
"เพื่อการเล่นเป็นงานอดิเรก ความบันเทิง หรือ เพื่อการกีฬา,ถ่ายสิ่งก่อสร้าง",1
"เพื่อการเล่นเป็นงานอดิเรก ความบันเทิง หรือ เพื่อการกีฬา,ถ่ายภาพท่องเที่ยวครอบครัว",1
ใช้สำรวจร่องรอยความเสียหาย ความชำรุดแตกร้าวของหลังคาอาคารสำนักงานและสำรวจต้นไม้ เสาล่อฟ้า บริเวณสนาม,1
"เพื่อการเล่นเป็นงานอดิเรก ความบันเทิง หรือ เพื่อการกีฬา,เพื่อถ่ายภาพ วีดีโอ ลงสื่อโซเชียล",1
"เพื่อการถ่ายภาพ ถ่ายทำหรือการแสดงในภาพยนตร์หรือรายการโทรทัศน์,สำรวจภูมิประเทศ",1
เพื่อใช้ถ่ายภาพ สื่อวิดีโอในการประชาสัมพันธ์  แหล่งเรียนรู้ ฯลฯ ที่เกี่ยวข้องตามวัตถุประสงค์,1
"เพื่อการเล่นเป็นงานอดิเรก ความบันเทิง หรือ เพื่อการกีฬา,เพื่อการรายงานเหตุการณ์หรือรายงานจราจร (สื่อมวลชน),เพื่อการถ่ายภาพ ถ่ายทำหรือการแสดงในภาพยนตร์หรือรายการโทรทัศน์,เพื่อการวิจัยและพัฒนาอากาศยาน เพื่อการพาณิชย์,เพื่อการเกษตรกรรม,เพื่อการวิจัย ทดลอง ทดสอบ ตามประกาศ กสทช.,ภารกิจต่อต้านการก่อการร้ายภารกิจ ภารกิจEODการตรวจสอบวัตถุต้องสัยในพื้นที่ประเทศไทย",1
"เพื่อการเล่นเป็นงานอดิเรก ความบันเทิง หรือ เพื่อการกีฬา,ถ่ายภาพถ่ายวีดีโอตอนไปเที่ยวที่ต่างๆ ลงสื่อโซเชียลบ้างเล็กน้อย",1
"เพื่อการเล่นเป็นงานอดิเรก ความบันเทิง หรือ เพื่อการกีฬา,Just a tourist who want to take photos of this beautiful land for myself",1
"เพื่อการเล่นเป็นงานอดิเรก ความบันเทิง หรือ เพื่อการกีฬา,เพื่อการวิจัยและพัฒนาอากาศยาน เพื่อการพาณิชย์,เพื่อถ่ายภาพ ถ่ายวีดีโฮ ลงโซเชียล",1
"เพื่อการเล่นเป็นงานอดิเรก ความบันเทิง หรือ เพื่อการกีฬา,เพื่อการถ่ายภาพ ถ่ายทำหรือการแสดงในภาพยนตร์หรือรายการโทรทัศน์,เพื่อใช้ถ่ายภาพและวีดีโอสำหรับทำงานสำรวจพื้นที่ทำรายงาน ตรวจสอบพื้นที่และสิ่งก่อสร้าง โพสลงโซเชี่ยล",1
"เพื่อการเล่นเป็นงานอดิเรก ความบันเทิง หรือ เพื่อการกีฬา,ใช่ทำสื่อเชิงพาณิชย์",1
"เพื่อการเล่นเป็นงานอดิเรก ความบันเทิง หรือ เพื่อการกีฬา,เพื่อถ่ายหน้างานมุมกว้างการทำงาน",1
เพื่อถ่ายภาพทรัพย์ เพื่อจำหน่าย และโฆษณาประชาสัมพันธ์,1
"เพื่อการเล่นเป็นงานอดิเรก ความบันเทิง หรือ เพื่อการกีฬา,ถ่ายภาพและวีดีโอเมื่อไปสถานที่ท่องเที่ยวต่างๆ",1
"เพื่อการเล่นเป็นงานอดิเรก ความบันเทิง หรือ เพื่อการกีฬา,เพื่อการถ่ายภาพ ถ่ายทำหรือการแสดงในภาพยนตร์หรือรายการโทรทัศน์,ถ่ายภาพถ่ายวีดีโอ",1
"เพื่อการเล่นเป็นงานอดิเรก ความบันเทิง หรือ เพื่อการกีฬา,เพื่อการถ่ายภาพ ถ่ายทำหรือการแสดงในภาพยนตร์หรือรายการโทรทัศน์,เพื่อถ่ายภาพ ภ่ายวีดิโอ ทำรายงาน และลงสื่อโซเซียล",1
"เพื่อการเล่นเป็นงานอดิเรก ความบันเทิง หรือ เพื่อการกีฬา,เพื่อการจัดทำแผนที่",1
"เพื่อการเล่นเป็นงานอดิเรก ความบันเทิง หรือ เพื่อการกีฬา,เพื่อการถ่ายภาพ ถ่ายทำหรือการแสดงในภาพยนตร์หรือรายการโทรทัศน์,ถ่ายภาพ วิดีโอ ลงสื่อโซเซียล",1
"เพื่อการเล่นเป็นงานอดิเรก ความบันเทิง หรือ เพื่อการกีฬา,เพื่อการถ่ายภาพ ถ่ายทำหรือการแสดงในภาพยนตร์หรือรายการโทรทัศน์,เพื่อถ่ายภาพ ถ่านวีดีโอ ลงซื่อโซเชียล",1
"เพื่อการเล่นเป็นงานอดิเรก ความบันเทิง หรือ เพื่อการกีฬา,เพื่อการถ่ายภาพ ถ่ายทำหรือการแสดงในภาพยนตร์หรือรายการโทรทัศน์,ถ่ายภาพนิ่งและถ่ายภาพเคลื่อนไหว(วิดีโอ) ลงในช่องทางโซเชียลมีเดียต่างๆ",1
"เพื่อการถ่ายภาพ ถ่ายทำหรือการแสดงในภาพยนตร์หรือรายการโทรทัศน์,ถ่ายภาพ-วีดีโอ",1
"เพื่อการเล่นเป็นงานอดิเรก ความบันเทิง หรือ เพื่อการกีฬา,เพื่อการถ่ายภาพ ถ่ายทำหรือการแสดงในภาพยนตร์หรือรายการโทรทัศน์,เพื่อถ่ายภาพ ถ่ายวิดิโอ ลงสื่ิอโซเชียล",1
"เพื่อการเล่นเป็นงานอดิเรก ความบันเทิง หรือ เพื่อการกีฬา,เพื่อการถ่ายภาพ ถ่ายทำหรือการแสดงในภาพยนตร์หรือรายการโทรทัศน์,เพื่อถ่ายภาพ ถ่ายวิดิโอ ส่งสื่อโซเชียล",1
"เพื่อการเล่นเป็นงานอดิเรก ความบันเทิง หรือ เพื่อการกีฬา,เพื่อถ่ายภาพนิ่ง,ภาพเคลื่อนไหว ลงโซเชียล",1
"เพื่อการเล่นเป็นงานอดิเรก ความบันเทิง หรือ เพื่อการกีฬา,เพื่อถ่ายรูปและวีดีโอลงสื่อโซเชียล",1
"เพื่อการเล่นเป็นงานอดิเรก ความบันเทิง หรือ เพื่อการกีฬา,เพื่อการถ่ายภาพ ถ่ายทำหรือการแสดงในภาพยนตร์หรือรายการโทรทัศน์,เพิ่อลงในสังคมออนไลน์",1
"เพื่อการเล่นเป็นงานอดิเรก ความบันเทิง หรือ เพื่อการกีฬา,ตรวจสอบเป้าหมายในการตรวจค้นในภารกิจตำรวจ",1
"เพื่อการเล่นเป็นงานอดิเรก ความบันเทิง หรือ เพื่อการกีฬา,ถ่ายภาพนิ่ง และวีดีโอ เพื่อลงโซเชียล",1
"เพื่อการเล่นเป็นงานอดิเรก ความบันเทิง หรือ เพื่อการกีฬา,เพื่อการถ่ายภาพ ถ่ายทำหรือการแสดงในภาพยนตร์หรือรายการโทรทัศน์,งานประชาสัมพันธ์โรงเรียน",1
"เพื่อการเล่นเป็นงานอดิเรก ความบันเทิง หรือ เพื่อการกีฬา,เพื่อการถ่ายภาพ ถ่ายทำหรือการแสดงในภาพยนตร์หรือรายการโทรทัศน์,ใช้ถ่ายภาพการก่อสร้างอาคารที่ไม่ใช่ที่พักอาศัยและอื่นๆ",1
"เพื่อการเล่นเป็นงานอดิเรก ความบันเทิง หรือ เพื่อการกีฬา,เพื่อใช้ถ่ายในกิจกรรมของโรงเรียนด้วย",1
"เพื่อการเล่นเป็นงานอดิเรก ความบันเทิง หรือ เพื่อการกีฬา,เพื่อการรายงานเหตุการณ์หรือรายงานจราจร (สื่อมวลชน),เพื่อการถ่ายภาพ ถ่ายทำหรือการแสดงในภาพยนตร์หรือรายการโทรทัศน์,เพื่อการวิจัยและพัฒนาอากาศยาน เพื่อการพาณิชย์,เพื่อการเกษตรกรรม,เพื่อการวิจัย ทดลอง ทดสอบ ตามประกาศ กสทช.,ใช้ถ่ายภาพลง Youtube, Facebook, TikTok",1
"เพื่อการเล่นเป็นงานอดิเรก ความบันเทิง หรือ เพื่อการกีฬา,เพื่อการถ่ายภาพ ถ่ายทำหรือการแสดงในภาพยนตร์หรือรายการโทรทัศน์,ใช้ตรวจสอบอุปกรณ์ภายในโรงงาน",1
เพื่อสาธิตให้กับหน่วยงานของรัฐ,1
"เพื่อการเล่นเป็นงานอดิเรก ความบันเทิง หรือ เพื่อการกีฬา,เพื่อการถ่ายภาพ ถ่ายทำหรือการแสดงในภาพยนตร์หรือรายการโทรทัศน์,Social Media",1
"ใช้สำหรับถ่ายภาพงานหลังคา, อาคารสูง",1
"เพื่อการเล่นเป็นงานอดิเรก ความบันเทิง หรือ เพื่อการกีฬา,เพื่อการถ่ายภาพ ถ่ายทำหรือการแสดงในภาพยนตร์หรือรายการโทรทัศน์,เพื่อบันทึกวีดีโอ (ลงสื่อโซลเชียล)",1
"เพื่อการเล่นเป็นงานอดิเรก ความบันเทิง หรือ เพื่อการกีฬา,การก่อสร้างโครงการสาธารณูปโภค และอื่นๆ",1
"เพื่อการเล่นเป็นงานอดิเรก ความบันเทิง หรือ เพื่อการกีฬา,เพื่อการถ่ายภาพ ถ่ายทำหรือการแสดงในภาพยนตร์หรือรายการโทรทัศน์,ถ่ายภาพ หรือวีดีโอ เพื่อทำ Content นำเสนอความสวยงามของสถานที่ท่องเที่ยวในประเทศไทยลงใน TikTok",1
"เพื่อการเล่นเป็นงานอดิเรก ความบันเทิง หรือ เพื่อการกีฬา,เพื่อธุรกิจส่วนตัว ภาพสวนต้นไม้ พันธุ์ไม้ ไร่นา",1
"เพื่อการเล่นเป็นงานอดิเรก ความบันเทิง หรือ เพื่อการกีฬา,เพื่อถ่ายภาพ เเละวีดีโอนำเสนอความสวยงามของสถานที่ท่องเที่ยวในประเทศไทยผ่านทาง TikTok",1
"เพื่อการเล่นเป็นงานอดิเรก ความบันเทิง หรือ เพื่อการกีฬา,เพื่อการถ่ายภาพ ถ่ายทำหรือการแสดงในภาพยนตร์หรือรายการโทรทัศน์,ใช้ปฏิบัติหน้าที่(ตำรวจ)",1
"เพื่อการถ่ายภาพ ถ่ายทำหรือการแสดงในภาพยนตร์หรือรายการโทรทัศน์,ถ่ายลง facebook, Tiktok",1
"เพื่อการเล่นเป็นงานอดิเรก ความบันเทิง หรือ เพื่อการกีฬา,เพื่อการถ่ายภาพ ถ่ายทำหรือการแสดงในภาพยนตร์หรือรายการโทรทัศน์,เพื่อถ่ายภาพ ภ่ายวิดีโอ ลงสื่อโซเชี่ยล",1
เพื่อการสอบสวน,1
ถ่ายภาพสถานที่ตั้งออฟฟิศและโกดังเก็บสินค้า,1
"เพื่อการเล่นเป็นงานอดิเรก ความบันเทิง หรือ เพื่อการกีฬา,ใช้เพื่อการสำรวจพื้นที่หน้างาน",1
"เพื่อการเล่นเป็นงานอดิเรก ความบันเทิง หรือ เพื่อการกีฬา,เพื่อการถ่ายภาพ ถ่ายทำหรือการแสดงในภาพยนตร์หรือรายการโทรทัศน์,เพื่อลงสื่อโซเชียล",1
"เพื่อการถ่ายภาพ ถ่ายทำหรือการแสดงในภาพยนตร์หรือรายการโทรทัศน์,ปฏิบัติงานวางแผนการควบคุมโรค  และการวางแผนจัดการสาธารณภัยในพื้นที่",1
"เพื่อการเล่นเป็นงานอดิเรก ความบันเทิง หรือ เพื่อการกีฬา,Holiday Photography",1
"เพื่อการถ่ายภาพ ถ่ายทำหรือการแสดงในภาพยนตร์หรือรายการโทรทัศน์,เพื่อใช้ในการสำรวจด้านสาธารณภัย งานสาธารณประโยชน์ในเขตพื้นที่รับผิดชอบ",1
ตรวจสอบอาคาร ภายใน-นอก จุดสูงยากจะปีนขึ้นไปได้ เพื่อประเมินการซ่อมแซม และงานกิจกรรมต่างๆของบริษัท,1
"เพื่อการเล่นเป็นงานอดิเรก ความบันเทิง หรือ เพื่อการกีฬา,ใช้ถ่ายงานกิจกรรมวิทยาลัย และอื่นๆ",1
"เพื่อการเล่นเป็นงานอดิเรก ความบันเทิง หรือ เพื่อการกีฬา,เพื่อการรายงานเหตุการณ์หรือรายงานจราจร (สื่อมวลชน),เพื่อการถ่ายภาพ ถ่ายทำหรือการแสดงในภาพยนตร์หรือรายการโทรทัศน์,เพื่อใช้ถ่ายทอดสด",1
"เพื่อการเล่นเป็นงานอดิเรก ความบันเทิง หรือ เพื่อการกีฬา,เพื่อการถ่ายภาพ ถ่ายทำหรือการแสดงในภาพยนตร์หรือรายการโทรทัศน์,เพื่อรายงานเข้าอุทกภัย อัคคีภัย",1
"เพื่อการเล่นเป็นงานอดิเรก ความบันเทิง หรือ เพื่อการกีฬา,เพื่อการรายงานเหตุการณ์หรือรายงานจราจร (สื่อมวลชน),เพื่อการถ่ายภาพ ถ่ายทำหรือการแสดงในภาพยนตร์หรือรายการโทรทัศน์,เพื่อถ่ายทอดสดกิจกรรมต่างๆ",1
"เพื่อการเล่นเป็นงานอดิเรก ความบันเทิง หรือ เพื่อการกีฬา,เพื่อการถ่ายภาพในงานติดตั้ง และการให้บริการ",1
"เพื่อการเล่นเป็นงานอดิเรก ความบันเทิง หรือ เพื่อการกีฬา,สำรวจ ทำแผนที่ทางอากาศ เส้นชั้นความสูง เพื่องานก่อสร้าง ของภาครัฐ และเอกชน",1
"เพื่อการเล่นเป็นงานอดิเรก ความบันเทิง หรือ เพื่อการกีฬา,ใช้ถ่ายภาพ ประกอบธุรกิจนำเที่ยวและอื่นๆ",1
เพื่อการบินสำรวจพื้นที่อนุรักษ์ ชายฝั่งทะเล,1
ใช้สำหรับบันทึกภาพและวีดีโอ ในโครงการก่อสร้างได้,1
"เพื่อการวิจัย ทดลอง ทดสอบ ตามประกาศ กสทช.,เพื่อใช้ในการจัดการเรียนการสอนวิชาเลือกเสรี",1
"เพื่อการเล่นเป็นงานอดิเรก ความบันเทิง หรือ เพื่อการกีฬา,เพื่อการถ่ายภาพ ถ่ายทำหรือการแสดงในภาพยนตร์หรือรายการโทรทัศน์,เพื่อถ่ายภาพนิ่ง ถ่ายภาพเคลื่อนไหว ลงสื่อโซเชียล",1
"เพื่อการเล่นเป็นงานอดิเรก ความบันเทิง หรือ เพื่อการกีฬา,ใช้ในการตรวจสอบงานก่อสร้างภายในหน่วยงาน",1
"เพื่อการเล่นเป็นงานอดิเรก ความบันเทิง หรือ เพื่อการกีฬา,เพื่อการถ่ายภาพ ถ่ายทำหรือการแสดงในภาพยนตร์หรือรายการโทรทัศน์,งานนายหน้าอสังหาฯ",1
"เพื่อการเล่นเป็นงานอดิเรก ความบันเทิง หรือ เพื่อการกีฬา,เพื่อการถ่ายภาพ ถ่ายทำหรือการแสดงในภาพยนตร์หรือรายการโทรทัศน์,เพื่อถ่ายทำโฆษณาขายงานที่ดิน",1
"เพื่อการเล่นเป็นงานอดิเรก ความบันเทิง หรือ เพื่อการกีฬา,เพื่อการถ่ายภาพ ถ่ายทำหรือการแสดงในภาพยนตร์หรือรายการโทรทัศน์,licensed sUAS pilot in United States",1
เก็บภาพมุมสูงเพื่ออัพเดทงานก่อสร้างภายในบริษัท,1
"เพื่อการเล่นเป็นงานอดิเรก ความบันเทิง หรือ เพื่อการกีฬา,เพื่อการถ่ายภาพ ถ่ายทำหรือการแสดงในภาพยนตร์หรือรายการโทรทัศน์,ใช้เป็นประโยชน์หน่วยงานราชการ",1
"เพื่อการถ่ายภาพ ถ่ายทำหรือการแสดงในภาพยนตร์หรือรายการโทรทัศน์,ใช้ในราชการ",1
"เพื่อการเล่นเป็นงานอดิเรก ความบันเทิง หรือ เพื่อการกีฬา,เพื่อการสืบสวน",1
"เพื่อการเล่นเป็นงานอดิเรก ความบันเทิง หรือ เพื่อการกีฬา,ถ่ายทำโปรไฟล์งานลงสื่อโซเซี่ยล",1
"เพื่อการเล่นเป็นงานอดิเรก ความบันเทิง หรือ เพื่อการกีฬา,เพื่อการรายงานเหตุการณ์หรือรายงานจราจร (สื่อมวลชน),เพื่อการถ่ายภาพ ถ่ายทำหรือการแสดงในภาพยนตร์หรือรายการโทรทัศน์,เพื่อสำรวจสภาพถนนและสถานการณ์จราจร",1
"เพื่อการเล่นเป็นงานอดิเรก ความบันเทิง หรือ เพื่อการกีฬา,เพื่อการถ่ายภาพ ถ่ายทำหรือการแสดงในภาพยนตร์หรือรายการโทรทัศน์,เพื่อถ่ายภาพ วิดิโอ ลงสื่อโซเชียล",1
"เพื่อการเล่นเป็นงานอดิเรก ความบันเทิง หรือ เพื่อการกีฬา,ใช้ในการรับงานถ่ายภาพมุมสูงและวีดีโอมุมสูงต่างๆ เช่น งานอีเว้นต์ต่างๆ งานโปรโมท งานอสังหาริมทรัพย์",1
"เพื่อการเล่นเป็นงานอดิเรก ความบันเทิง หรือ เพื่อการกีฬา,เพื่อการวิจัยและพัฒนาอากาศยาน เพื่อการพาณิชย์,เพื่อถ่ายภาพ ถ่ายวีดีโอ ลงสื่อโซเซียล",1
"เพื่อการเล่นเป็นงานอดิเรก ความบันเทิง หรือ เพื่อการกีฬา,เพื่อการถ่ายภาพ ถ่ายทำหรือการแสดงในภาพยนตร์หรือรายการโทรทัศน์,โพสลง เฟสบุ๊ค หรือ โซเชียลมีเดียต่างๆ แล",1
"เพื่อการเล่นเป็นงานอดิเรก ความบันเทิง หรือ เพื่อการกีฬา,กิจกรรมทางการศึกษา ในสถานศึกษา",1
"เพื่อการเล่นเป็นงานอดิเรก ความบันเทิง หรือ เพื่อการกีฬา,ถ่ายภาพโปรโมทงานทั่วไป",1
เพื่อถ่ายภาพมุมสูงสำหรับทำวิจัยและทำแผนแม่บท,1
ใช้ในการฝึกทางทหาร,1
"เพื่อการวิจัย ทดลอง ทดสอบ ตามประกาศ กสทช.,เรียนรู้",1
"เพื่อการเล่นเป็นงานอดิเรก ความบันเทิง หรือ เพื่อการกีฬา,โซเชียล คอนเทนต์",1
"เพื่อการเล่นเป็นงานอดิเรก ความบันเทิง หรือ เพื่อการกีฬา,ใช้สำรวจหน้างานติดตั้ง Solar Cell",1
เพื่อใช้ในการเสริมประสิทธิภาพการปฏิบัติงาน โครงการ ๑ อําเภอ ๑ แปลงเกษตรอัจฉริยะ,1
"เพื่อการเล่นเป็นงานอดิเรก ความบันเทิง หรือ เพื่อการกีฬา,เพื่อการเกษตรกรรม,เพื่อใช้ในกิจกรรมของหน่วยงาน",1
"เพื่อการเล่นเป็นงานอดิเรก ความบันเทิง หรือ เพื่อการกีฬา,เพื่อการถ่ายภาพ ถ่ายทำหรือการแสดงในภาพยนตร์หรือรายการโทรทัศน์,เพื่อการเกษตรกรรม,เพื่อใช้ในกิจกรรมของหน่วยงาน",1
"เพื่อการถ่ายภาพ ถ่ายทำหรือการแสดงในภาพยนตร์หรือรายการโทรทัศน์,เพื่อใช้ถ่ายภาพ ถ่ายวิดีโอ เพื่อลงสื่อโซเชียล",1
"เพื่อการเล่นเป็นงานอดิเรก ความบันเทิง หรือ เพื่อการกีฬา,ถ่ายเก็บภาพเฉยๆไม่ถึงขั้นทำรายการอยาก",1
"เพื่อการเล่นเป็นงานอดิเรก ความบันเทิง หรือ เพื่อการกีฬา,เพื่อการถ่ายภาพ ถ่ายทำหรือการแสดงในภาพยนตร์หรือรายการโทรทัศน์,เพื่อถ่ายภาพ ถ่ายวีดีโอ ลงซื่อโซเชี่ยว",1
เพื่อทำสื่อโฆษณาสินค้าของบริษัท,1
"เพื่อการเล่นเป็นงานอดิเรก ความบันเทิง หรือ เพื่อการกีฬา,เพื่อการถ่ายภาพ ถ่ายทำหรือการแสดงในภาพยนตร์หรือรายการโทรทัศน์,เพื่อการเกษตรกรรม,เพื่อถ่ายภาพ และวีดีโอ ลงสื่อโซเชียล",1
"เพื่อการเล่นเป็นงานอดิเรก ความบันเทิง หรือ เพื่อการกีฬา,เพื่อการถ่ายภาพ ถ่ายทำหรือการแสดงในภาพยนตร์หรือรายการโทรทัศน์,ใช้ถ่ายภาพการก่อสร้างอาคารที่พักอาศัย และอื่นๆ",1
"เพื่อการเล่นเป็นงานอดิเรก ความบันเทิง หรือ เพื่อการกีฬา,เพื่อการถ่ายภาพ ถ่ายทำหรือการแสดงในภาพยนตร์หรือรายการโทรทัศน์,ใช้ในด้านการศึกษา",1
เพื่อการจัดทำแผนที่สวนผลไม้,1
เพื่อใช้ในงานการประชาสัมพันธ์แหล่งเรียนรู้ ข้อมูลต่างๆ เกี่ยวกับการดำเนิน และงานอื่นๆที่เกี่ยวข้อง,1
"เพื่อการเล่นเป็นงานอดิเรก ความบันเทิง หรือ เพื่อการกีฬา,ถ่ายภาพ ถ่ายวีดีโอ ลงสื่อโซเซียลต่างๆ",1
"เพื่อการเล่นเป็นงานอดิเรก ความบันเทิง หรือ เพื่อการกีฬา,เพื่อการรายงานเหตุการณ์หรือรายงานจราจร (สื่อมวลชน),เพื่อการถ่ายภาพ ถ่ายทำหรือการแสดงในภาพยนตร์หรือรายการโทรทัศน์,เพื่อใช้ในการจัดการเรียนการสอน",1
งานเก็บรวบรวมภาพความคืบหน้าโครงการก่อสร้างของบริษัท,1
"เพื่อการเล่นเป็นงานอดิเรก ความบันเทิง หรือ เพื่อการกีฬา,เพื่องานสืบสวน",1
ใช้ในกิจการของบริษัทในการสาธิตการสำรวจ ทำแผนที่,1
ถ่ายรูปสำรวจพื้นที่,1
"เพื่อการเล่นเป็นงานอดิเรก ความบันเทิง หรือ เพื่อการกีฬา,เพื่อถ่ายภาพ ถ่ายวีดีโอ ลงโซเชียลต่างๆ",1
"เพื่อการเล่นเป็นงานอดิเรก ความบันเทิง หรือ เพื่อการกีฬา,เพื่อการวิจัย ทดลอง ทดสอบ ตามประกาศ กสทช.,เพื่อถ่ายภาพมุมสูงในการควบคุมงานก่อสร้าง",1
บันทึกภาพมุมสูง การประชาสัมพันธ์โรงเรียน และใช้เป็นสื่อสำหรับการเรียนการสอนให้กับนักเรียน,1
"เพื่อการถ่ายภาพ ถ่ายทำหรือการแสดงในภาพยนตร์หรือรายการโทรทัศน์,เพื่อการศึกษา การวิจัย สำรวจและทำแผนที่",1
"เพื่อการเล่นเป็นงานอดิเรก ความบันเทิง หรือ เพื่อการกีฬา,เพื่อการถ่ายภาพ ถ่ายทำหรือการแสดงในภาพยนตร์หรือรายการโทรทัศน์,เพื่อการถ่ายภาพและผลิตสื่อภายในองค์กร",1
เพื่อนำมาประกอบภาพสำหรับการประชาสัมพันธ์ และใช้ภารกิจอื่นๆ ที่เกี่ยวข้องของหน่วยงาน,1
"เพื่อการเล่นเป็นงานอดิเรก ความบันเทิง หรือ เพื่อการกีฬา,เพื่อการรายงานเหตุการณ์หรือรายงานจราจร (สื่อมวลชน),เพื่อถ่ายภาพ ถ่ายวีดีโอ  ลงสื่อโซเชียล",1
ถ่ายรูปกังหันลมสำหรับงานบำรุงรักษา,1
"เพื่อการเล่นเป็นงานอดิเรก ความบันเทิง หรือ เพื่อการกีฬา,ถ่ายรูปบนหลังคาทั่วไป",1
"เพื่อการถ่ายภาพ ถ่ายทำหรือการแสดงในภาพยนตร์หรือรายการโทรทัศน์,เพื่อใช้ในการจัดการเรียนการสอนและพัฒนาศักยภาพของครู นักเรียน นักศึกษา และการประชาสัมพันธ์วิทยาลัยการ",1
"เพื่อการถ่ายภาพ ถ่ายทำหรือการแสดงในภาพยนตร์หรือรายการโทรทัศน์,เพื่อใช้ในการจัดการเรียนการสอน การวิจัย และพัฒนาศักยภาพของครู นักเรียน นักศึกษา และการประชาสัมพันธ์",1
"เพื่อการถ่ายภาพ ถ่ายทำหรือการแสดงในภาพยนตร์หรือรายการโทรทัศน์,เพื่อการถ่ายภาพสำรวจทำแผนที่",1
"เพื่อการเกษตรกรรม,เพื่อการสร้างแผนที่",1
เพื่อใช้ถ่ายภาพ และวีดีโอ งานของบริษัท,1
สำรวจหน้างานให้หน่วยงานของราชการ,1
เพื่อการตรวจสอบสภาพโครงสร้าง สำหรับงานซ่อมบำรุงโครงการรถไฟฟ้า,1
"เพื่อการเล่นเป็นงานอดิเรก ความบันเทิง หรือ เพื่อการกีฬา,เพื่อการรายงานเหตุการณ์หรือรายงานจราจร (สื่อมวลชน),เพื่อการถ่ายภาพ ถ่ายทำหรือการแสดงในภาพยนตร์หรือรายการโทรทัศน์,เพื่อการวิจัยและพัฒนาอากาศยาน เพื่อการพาณิชย์,เพื่อการเกษตรกรรม,เพื่อการวิจัย ทดลอง ทดสอบ ตามประกาศ กสทช.,เพื่อการเรียนการสอนของทางมหาวิทยาลัย",1
"เพื่อการเล่นเป็นงานอดิเรก ความบันเทิง หรือ เพื่อการกีฬา,เพื่อใช้ในงานการประชาสัมพันธ์หน่วยงานและกิจกรรม อื่นๆ",1
เพื่อใช้ในการตรวจรักษาความปลอดภัยและตรวจจับความร้อน,1
"เพื่อการเล่นเป็นงานอดิเรก ความบันเทิง หรือ เพื่อการกีฬา,เพื่อการถ่ายภาพ ถ่ายทำหรือการแสดงในภาพยนตร์หรือรายการโทรทัศน์,เพื่อการถ่ายภาพ ถ่ายทำรีวิวโครงการอสังหาริมทรัพย์บนสื่อออฟไลน์ และสื่อออนไลน์",1
"เพื่อการรายงานเหตุการณ์หรือรายงานจราจร (สื่อมวลชน),เพื่อการถ่ายภาพ ถ่ายทำหรือการแสดงในภาพยนตร์หรือรายการโทรทัศน์,สื่อเพจทางการทหาร “กองบิน41 เพื่อประชาชน”",1
"เพื่อการเล่นเป็นงานอดิเรก ความบันเทิง หรือ เพื่อการกีฬา,เพื่อการรายงานเหตุการณ์หรือรายงานจราจร (สื่อมวลชน),เพื่อการถ่ายภาพ ถ่ายทำหรือการแสดงในภาพยนตร์หรือรายการโทรทัศน์,เพิ่งถ่ายภาพและวีดีโอลงโซเชียว",1
"เพื่อการเล่นเป็นงานอดิเรก ความบันเทิง หรือ เพื่อการกีฬา,เพื่อการถ่ายภาพ ถ่ายทำหรือการแสดงในภาพยนตร์หรือรายการโทรทัศน์,เพื่อการถ่ายภาพและการพาณิชย์",1
ใช้สำหรับตรวจสายล่อฟ้าและอุปกรณ์อื่นๆที่ติดตั้งบนหลังคาโรงงาน,1
"เพื่อการเล่นเป็นงานอดิเรก ความบันเทิง หรือ เพื่อการกีฬา,ใช้ในการทำงานตามสายงาน  สำรวจเก็บข้อมูล ถ่ายรูปอาคาร เพื่อต่อยอดรีโนเวทอาคารเก่า",1
เพื่อการสำรวจพื้นที่ในการติดตั้งระบบโซลาร์เซลล์ และถ่ายภาพ วิดีโอลงสื่อสังคมเพื่อการโฆษณา,1
เพื่อสำรวจสายทางในการทำแบบ Digital Twin 3D,1
"เพื่อการเล่นเป็นงานอดิเรก ความบันเทิง หรือ เพื่อการกีฬา,เพื่อการถ่ายภาพ ถ่ายทำหรือการแสดงในภาพยนตร์หรือรายการโทรทัศน์,เพื่อการถ่ายภาพสวนผสม",1
"เพื่อการถ่ายภาพ ถ่ายทำหรือการแสดงในภาพยนตร์หรือรายการโทรทัศน์,เพื่อใช้งานงานป้องกันและบรรเทาสาธารณภัย และหรือตามภารกิจที่เกี่ยวข้องจากราชการส่วนกลาง",1
เพื่อใช้งานเก็บข้อมูลในการบันทึกภาพและวิดีโอทางอากาศ ขององค์การบริหารส่วนตำบลเชียงดาว,1
"เพื่อการเล่นเป็นงานอดิเรก ความบันเทิง หรือ เพื่อการกีฬา,เพื่อถ่ายภาพและวิดีโอลงโซเชียลมีเดียต่างๆ",1
"เพื่อการเกษตรกรรม,งานสำรวจทางการเกษตร และอื่นๆ",1
ใช้ในการทำงาน บินถ่ายภาพหลังคาเพื่อติดตั้งโซลาร์เซลล์,1
"เพื่อการเล่นเป็นงานอดิเรก ความบันเทิง หรือ เพื่อการกีฬา,เพื่อการถ่ายภาพ ถ่ายทำหรือการแสดงในภาพยนตร์หรือรายการโทรทัศน์,เพื่อการถ่ายภาพในการลงสื่อโซเชียล",1
เพื่อใช้ในการสนับสนุนภารกิจเกี่ยวกับการอนุรักษ์ ฟื้นฟู ป้องกันและแก้ไขปัญหาการกัดเซาะชายฝั่ง,1
"เพื่อการเล่นเป็นงานอดิเรก ความบันเทิง หรือ เพื่อการกีฬา,เพื่อการถ่ายภาพ ถ่ายทำหรือการแสดงในภาพยนตร์หรือรายการโทรทัศน์,ฉีดพ่นสารเคมีทางการเกษตร",1
เพื่อใช้สำรวจสภาพอาคารส่วนประกอบ พื้นที่โดยอาคารทางพิเศษและพื้นที่ต่างๆที่เกี่ยวข้อง,1
"เพื่อการเกษตรกรรม,เพื่อสาธิตการใช้งานโดรนเกษตรของงานบริษัท",1
"เพื่อการเล่นเป็นงานอดิเรก ความบันเทิง หรือ เพื่อการกีฬา,เพื่อการเกษตรกรรม,เพื่อการเรียนการสอน",1
"เพื่อการเล่นเป็นงานอดิเรก ความบันเทิง หรือ เพื่อการกีฬา,เพื่อการถ่ายภาพ ถ่ายทำหรือการแสดงในภาพยนตร์หรือรายการโทรทัศน์,เพื่อถ่ายภาพ ถ่ายวิดีโอ เพื่อความบันเทิง",1
เพื่อการถ่ายภาพ การถ่ายทำงานการติดตั้งโซล่าเซลล์,1
You Tube photography,1
"เพื่อการเล่นเป็นงานอดิเรก ความบันเทิง หรือ เพื่อการกีฬา,เพื่อการถ่ายภาพ ถ่ายทำหรือการแสดงในภาพยนตร์หรือรายการโทรทัศน์,เพื่อการถ่ายภาพ การประชาสัมพันธ์ตามภารกิจของเทศบาล",1
"เพื่อการเล่นเป็นงานอดิเรก ความบันเทิง หรือ เพื่อการกีฬา,ใช้ดูแลพื้นที่ชายแดนไทย-เมียนมาร์ในจังหวัดชุมพรและระนองตระเวนชายแดนในพื้นที่และอื่นๆ",1
"เพื่อการเกษตรกรรม,เพื่อการวิจัย ทดลอง ทดสอบ ตามประกาศ กสทช.,โดรนล้างแผงโซล่าเซลล์",1
เพื่อใช้งานเกี่ยวกับงานประชาสัมพันธ์ งานป้องกันและบรรเทาสาธารณะภัย,1
เพื่อสำรวจที่,1
"เพื่อการเล่นเป็นงานอดิเรก ความบันเทิง หรือ เพื่อการกีฬา,เพื่อการเกษตรกรรม,เพื่อการศึกษาวิจัย",1
"เพื่อการเล่นเป็นงานอดิเรก ความบันเทิง หรือ เพื่อการกีฬา,การรักษาความสงบเรียบร้อยในพื้นที่รับผิดชอบ และฝึกปฏิบัติการทางทหารอื่นๆ",1
"เพื่อการเล่นเป็นงานอดิเรก ความบันเทิง หรือ เพื่อการกีฬา,เพื่อการถ่ายภาพ ถ่ายทำหรือการแสดงในภาพยนตร์หรือรายการโทรทัศน์,การรักษาความสงบเรียบร้อยในพื้นที่รับผิดชอบ และฝึกปฏิบัติการทางทหารอื่นๆ",1
ใช้สำรวจอาคารสถานที่ของหน่วยงานเพื่อประกอบการพิจารณาของบประมาณปรับปรุงซ่อมแซม,1
เพื่อใช้สำรวจการใช้ประโยชน์แปลงที่ดินของงานจัดเก็บและพัฒนารายได้ และงานอื่นๆ,1
"เพื่อการเล่นเป็นงานอดิเรก ความบันเทิง หรือ เพื่อการกีฬา,เพื่อบินสำรวจในการทำแผนที่ภาพถ่ายทางอากาศและสนับสนุนภารกิจต่างๆ ของเทศบาลตำบลคลองตำหรุ",1
"เพื่อการเล่นเป็นงานอดิเรก ความบันเทิง หรือ เพื่อการกีฬา,ใช้ถ่ายงานรับเหมาทำเหมืองแร่ และก่อสร้างอื่นๆ",1
"เพื่อการเล่นเป็นงานอดิเรก ความบันเทิง หรือ เพื่อการกีฬา,เพื่อการสนับสนุนภารกิจทางทหาร",1
"เพื่อการเล่นเป็นงานอดิเรก ความบันเทิง หรือ เพื่อการกีฬา,ใช้ในการถ่ายภาพ การผลิตอุปกรณ์ไฟฟ้าสำหรับยานยนต์และอื่นๆ",1
"เพื่อการเล่นเป็นงานอดิเรก ความบันเทิง หรือ เพื่อการกีฬา,ใช้งานในหน่วยงานราชการ",1
"เพื่อการเล่นเป็นงานอดิเรก ความบันเทิง หรือ เพื่อการกีฬา,เพื่อการถ่ายภาพ ถ่ายทำหรือการแสดงในภาพยนตร์หรือรายการโทรทัศน์,ถ่ายภาพวิดีโอลงโซเชียล",1
เพื่อเพิ่มประสิทธิภาพการคุ้มครองพื้นที่อุทยานแห่งชาติด้วยอากาศยานไร้คนขับ,1
"เพื่อการเล่นเป็นงานอดิเรก ความบันเทิง หรือ เพื่อการกีฬา,เพื่อการถ่ายภาพ ถ่ายทำหรือการแสดงในภาพยนตร์หรือรายการโทรทัศน์,ดูงานก่อสร้างบ้าน",1
"เพื่อการเล่นเป็นงานอดิเรก ความบันเทิง หรือ เพื่อการกีฬา,ใช้สอน นักรียนนายร้อยตำรวจ และนักเรียนนายสิบตำรวจ",1
เพื่อใช้ถ่ายภาพ สื่อวิดีโอในการทำงาน เกี่ยวกับกิจการงานของตน,1
เพื่อใช้ในการปฏิบัติงานต่างๆ ในเขตพื้นที่อุทยานแห่งชาติศรีน่าน จังหวัดน่าน,1
เพื่อใช้สำในการทำงาน,1
"เพื่อการเล่นเป็นงานอดิเรก ความบันเทิง หรือ เพื่อการกีฬา,เพื่อการถ่ายภาพ ถ่ายทำหรือการแสดงในภาพยนตร์หรือรายการโทรทัศน์,เพื่อการเกษตรกรรม,ถ่ายที่ดิน",1
"เพื่อการเล่นเป็นงานอดิเรก ความบันเทิง หรือ เพื่อการกีฬา,ตรวจสอบแผงโซล่าเซลล์ ระบบไฟฟ้าแรงสูง",1
"เพื่อการเล่นเป็นงานอดิเรก ความบันเทิง หรือ เพื่อการกีฬา,Business",1
"เพื่อการเล่นเป็นงานอดิเรก ความบันเทิง หรือ เพื่อการกีฬา,เพื่อการถ่ายภาพ ถ่ายทำหรือการแสดงในภาพยนตร์หรือรายการโทรทัศน์,ถ่ายภาพและวิดีโอ",1
"เพื่อการเล่นเป็นงานอดิเรก ความบันเทิง หรือ เพื่อการกีฬา,ใช้ในการฝึกซ้อม",1
"เพื่อการรายงานเหตุการณ์หรือรายงานจราจร (สื่อมวลชน),เพื่อการเกษตรกรรม,เพื่อการวิจัย ทดลอง ทดสอบ ตามประกาศ กสทช.,เพื่อเพิ่มประสิทธิภาพการคุ้มครองพื้นที่อุทยานแห่งชาติด้วยอากาศยานไร้คนขับ",1
"เพื่อการเล่นเป็นงานอดิเรก ความบันเทิง หรือ เพื่อการกีฬา,ทำมีเดียให้ที่ทำงาน",1
เพื่อใช้ในการติดตามสถานะการตรวจงานของบริษัทตามจุดต่างๆในพื้นที่โรงงาน,1
เพื่อใช้ในเชิงพาณิชย์,1
"เพื่อการเล่นเป็นงานอดิเรก ความบันเทิง หรือ เพื่อการกีฬา,เพื่อการถ่ายภาพ ถ่ายทำหรือการแสดงในภาพยนตร์หรือรายการโทรทัศน์,เพื่อการวิจัยและพัฒนาอากาศยาน เพื่อการพาณิชย์,เพื่อใช้ทำงานร่วมกับการไฟฟ้าส่วนภูมิภาค",1
"เพื่อการเล่นเป็นงานอดิเรก ความบันเทิง หรือ เพื่อการกีฬา,เพื่อการถ่ายภาพบรรยากาศในการท่องเที่ยว ในแบบที่ตามนุษย์ไม่สามารถขึ้นไปถึงได้ เก็บไว้เป็นความทรงจำ",1
"เพื่อการเล่นเป็นงานอดิเรก ความบันเทิง หรือ เพื่อการกีฬา,เพื่อการรายงานเหตุการณ์หรือรายงานจราจร (สื่อมวลชน),เพื่อการถ่ายภาพ ถ่ายทำหรือการแสดงในภาพยนตร์หรือรายการโทรทัศน์,ใช้ในภารกิจบินสำรวจ",1
กิจกรรมของหน่วยงาน,1
"เพื่อการเล่นเป็นงานอดิเรก ความบันเทิง หรือ เพื่อการกีฬา,เพื่อการรายงานเหตุการณ์หรือรายงานจราจร (สื่อมวลชน),เพื่อการถ่ายภาพ ถ่ายทำหรือการแสดงในภาพยนตร์หรือรายการโทรทัศน์,เพื่อการวิจัยและพัฒนาอากาศยาน เพื่อการพาณิชย์,เพื่อการเกษตรกรรม,เพื่อการวิจัย ทดลอง ทดสอบ ตามประกาศ กสทช.,เพื่อปฏิบัติในราชการกรมโยธาธิการและผังเมือง",1
"เพื่อการถ่ายภาพ ถ่ายทำหรือการแสดงในภาพยนตร์หรือรายการโทรทัศน์,เพื่อใช้ถ่ายภาพในกิจกรรมบริษัทฯ",1
เพื่อใช้ในงานสำรวจแผนที่ภาษีช่วยเพิ่มประสิทธิภาพ ความแม่นยำ และความรวดเร็วในการเก็บข้อมูล,1
ถ่ายภาพ และสำรวจเพื่องานออกแบบ,1
"เพื่อการถ่ายภาพ ถ่ายทำหรือการแสดงในภาพยนตร์หรือรายการโทรทัศน์,เพื่อการเกษตรกรรม,ฉีดพ่นสารเคมีทางการเกษตร",1
"เพื่อการเล่นเป็นงานอดิเรก ความบันเทิง หรือ เพื่อการกีฬา,เพื่อการวิจัย ทดลอง ทดสอบ ตามประกาศ กสทช.,เพื่อเพิ่มประสิทธิภาพการคุ้มครองพื้นที่อุทยานแห่งชาติด้วยอากาศยานไร้คนขับ",1
"เพื่อการถ่ายภาพ ถ่ายทำหรือการแสดงในภาพยนตร์หรือรายการโทรทัศน์,ถ่าย งานมุมสูงของงาน ก่อสร้าง ที่ทำ",1
"เพื่อการถ่ายภาพ ถ่ายทำหรือการแสดงในภาพยนตร์หรือรายการโทรทัศน์,ใช้ในภาคการเกษตรเท่านั้น",1
เพื่อตรวจสอบความคืบหน้าและถ่ายภาพการดำเนินงานก่อสร้างของโครงการ,1
"เพื่อการถ่ายภาพ ถ่ายทำหรือการแสดงในภาพยนตร์หรือรายการโทรทัศน์,เพื่อใช้ในการทำงานของเทศบาลตำบลสวนหลวง",1
"เพื่อการเล่นเป็นงานอดิเรก ความบันเทิง หรือ เพื่อการกีฬา,ถ่ายหลังคาเพื่อติดโซล่าเซลล์",1
"เพื่อการถ่ายภาพ ถ่ายทำหรือการแสดงในภาพยนตร์หรือรายการโทรทัศน์,เพื่อใช้ในงานราชการ",1
"เพื่อการเล่นเป็นงานอดิเรก ความบันเทิง หรือ เพื่อการกีฬา,โฆษณา",1
"เพื่อการเกษตรกรรม,เพื่อการศึกษาและทดลองการบังคับอากาศยานไร้คนขับภายในสถานศึกษาเท่านั้น",1
ใช้ในงานป้องกันและบรรเทาสาธารณะภัยและถ่ายภาพ,1
เพื่อถ่ายภาพมุมต่างๆ ของโรงเรียนร่วมกับชุมชน,1
"เพื่อการเล่นเป็นงานอดิเรก ความบันเทิง หรือ เพื่อการกีฬา,เพื่อการถ่ายภาพ ถ่ายทำหรือการแสดงในภาพยนตร์หรือรายการโทรทัศน์,เพื่อการเกษตรกรรม,เพื่อการวิจัย ทดลอง ทดสอบ ตามประกาศ กสทช.,ถ่ายภาพมุมสูงประกอบการทำงานของบริษัทฯ",1
"เพื่อการเล่นเป็นงานอดิเรก ความบันเทิง หรือ เพื่อการกีฬา,ตรวจเช็คความเรียบร้อยภายในโรงงานส่วนตัว",1
ถ่ายภาพไซต์งานก่อสร้าง,1
"เพื่อการเล่นเป็นงานอดิเรก ความบันเทิง หรือ เพื่อการกีฬา,เพื่อการถ่ายภาพ ถ่ายทำหรือการแสดงในภาพยนตร์หรือรายการโทรทัศน์,เพื่อถ่ายภาพ-วีดีโอ ลงสื่อโซเชียล",1
"เพื่อการถ่ายภาพ ถ่ายทำหรือการแสดงในภาพยนตร์หรือรายการโทรทัศน์,สำรวจ ถ่ายภาพทำแผนที่ เพื่อการพาณิชย์",1
"เพื่อการถ่ายภาพ ถ่ายทำหรือการแสดงในภาพยนตร์หรือรายการโทรทัศน์,เพื่อการวิจัยและพัฒนาอากาศยาน เพื่อการพาณิชย์,เพื่อการวิจัย ทดลอง ทดสอบ ตามประกาศ กสทช.,งานสำรวจป่าไม้ ไฟป่า ทรัพยากร",1
"เพื่อการเล่นเป็นงานอดิเรก ความบันเทิง หรือ เพื่อการกีฬา,เพื่อการถ่ายภาพ ถ่ายทำหรือการแสดงในภาพยนตร์หรือรายการโทรทัศน์,เพื่อเก็บภาพสวยสวยความทรงจำเพื่อเก็บภาพสวยสวยความทรงจำดีดีกับครอบครัวเวลาไปเที่ยว",1
"เพื่อถ่ายภาพ,สำรวจพื้นที่การเกษตร",1
Real estate videos,1
"เพื่อการเล่นเป็นงานอดิเรก ความบันเทิง หรือ เพื่อการกีฬา,เพื่อการสำรวจ",1
เพื่อสำรวจโครงการผลิตไฟฟ้าด้วยแสงอาทิตย์,1
"เพื่อการถ่ายภาพ, ใช้ในงานป้องกันและบรรเทาสาธารณะภัย, เฝ้าระวังและติดตามช้างป่า",1
เพื่อใช้ในการบริหารจัดการจราจรในภาพรวมของโครงข่ายทางหลวง ตรวจสอบสภาพปัญหาจราจร,1
"เพื่อการถ่ายภาพ ถ่ายทำหรือการแสดงในภาพยนตร์หรือรายการโทรทัศน์,สำหรับถ่ายทำรายการทางช่องทางออนไลน์และสื่อต่างๆของทางบริษัท",1
"เพื่อการรายงานเหตุการณ์หรือรายงานจราจร (สื่อมวลชน),เพื่อการเกษตรกรรม,การวิจัย การเรียนการสอน การบริการวิชาการ",1
"เพื่อการถ่ายภาพ ถ่ายทำหรือการแสดงในภาพยนตร์หรือรายการโทรทัศน์,ถ่ายภาพ ถ่ายวีดิโอ ลงสื่อประชาสัมพันธ์ของทางโรงเรียน",1
ใช้เพื่อเก็บภาพบรรยากาศมุมสูงในงานประเพณีท้องถิ่นต่างๆในชุมชน,1
งานสำรวจพื้นที่บริษัท,1
"เพื่อการเกษตรกรรม,ถ่ายงานชลประทาน คลองส่งน้ำ ฝาย ประตูบานระบายน้ำ",1
"เพื่อการเล่นเป็นงานอดิเรก ความบันเทิง หรือ เพื่อการกีฬา,เพื่อการถ่ายภาพ ถ่ายทำหรือการแสดงในภาพยนตร์หรือรายการโทรทัศน์,เพื่อถ่ายภาพ ถ่ายวีดีโอ ลงโซเชียลใ",1
"เพื่อการเล่นเป็นงานอดิเรก ความบันเทิง หรือ เพื่อการกีฬา,เพื่อการถ่ายภาพ ถ่ายทำหรือการแสดงในภาพยนตร์หรือรายการโทรทัศน์,เพื่อถ่ายภาพ ถ่ายวิดิโอ ลงสื่อโซเชียล และการเรียนการสอน",1
เพื่อการถ่ายภาพ จัดเก็บผลงาน ในงานด้านสถาปัตยกรรม,1
เพื่อใช้ในการจัดการเรียนการสอน และการทำวิจัยที่เกี่ยวข้องกับการสอนในหลักสูตร,1
เพื่อการถ่ายภาพความก้าหน้าของงานภายในโครงการคลองระบายน้ำหลากบางบาล-บางไทร อยุธยา ในแต่ละสัปดาห์,1
"เพื่อการเล่นเป็นงานอดิเรก ความบันเทิง หรือ เพื่อการกีฬา,เพื่อถ่ายภาพ ถ่ายวิดีโอลงสื่อโซเชียล",1
"เพื่อการเล่นเป็นงานอดิเรก ความบันเทิง หรือ เพื่อการกีฬา,สนับสนุนงานสืบสวน สำนักงาน ป.ป.ส.",1
"เพื่อการเล่นเป็นงานอดิเรก ความบันเทิง หรือ เพื่อการกีฬา,เพื่อการรายงานเหตุการณ์หรือรายงานจราจร (สื่อมวลชน),เพื่อการถ่ายภาพ ถ่ายทำหรือการแสดงในภาพยนตร์หรือรายการโทรทัศน์,เพื่อการวิจัยและพัฒนาอากาศยาน เพื่อการพาณิชย์,ใช้ในงาราชการ",1
"เพื่อการเล่นเป็นงานอดิเรก ความบันเทิง หรือ เพื่อการกีฬา,บินเล่นสันทนาการในออฟฟิศ",1
"เพื่อการเล่นเป็นงานอดิเรก ความบันเทิง หรือ เพื่อการกีฬา,ผลิตเนื้อหา สำหรับ Youtube และ สื่อสังคมออนไลน์",1
"เพื่อการเล่นเป็นงานอดิเรก ความบันเทิง หรือ เพื่อการกีฬา,ถ่ายภาพและวีดีโอลงสื่อโซเชียล",1
"เพื่อการเล่นเป็นงานอดิเรก ความบันเทิง หรือ เพื่อการกีฬา,การท่องเที่ยว",1
"เพื่อการเล่นเป็นงานอดิเรก ความบันเทิง หรือ เพื่อการกีฬา,เพื่อถ่ายภาพแผงโซลาร์เซลล์บนหลังคาเพื่อยื่นขออนุญาตกับการไฟฟ้าฯ",1
"เพื่อการเล่นเป็นงานอดิเรก ความบันเทิง หรือ เพื่อการกีฬา,เพื่อการถ่ายภาพ ถ่ายทำหรือการแสดงในภาพยนตร์หรือรายการโทรทัศน์,ถ่ายรูปงานรับเหมาก่อสร้าง",1
"เพื่อการเล่นเป็นงานอดิเรก ความบันเทิง หรือ เพื่อการกีฬา,เพื่อการถ่ายภาพ ถ่ายทำหรือการแสดงในภาพยนตร์หรือรายการโทรทัศน์,เพื่อสำรวจหน้างานติดตั้ง Solar",1
"เพื่อการเล่นเป็นงานอดิเรก ความบันเทิง หรือ เพื่อการกีฬา,เพื่อการถ่ายภาพ ถ่ายทำหรือการแสดงในภาพยนตร์หรือรายการโทรทัศน์,เพื่อใช้ในการสำรวจ ถ่ายภาพ ประกอบการปรับปรุงพื้นที่ และบันทึกภาพความคืบหน้างานก่อสร้างภายในบริษัท",1
เพื่อถ่ายภาพ/วีดีโอ บนหลังคา อาคาร เพื่อดูสภาพความแข็งแรง ดูสิ่งกีดขวางก่อนติดตั้งแผงโซลาร์เซลล์,1
เพื่อรวบรวมข้อมูลเชิงพื้นที่สำหรับใช้ประกอบการวางแผนบริหารจัดการน้ำ,1
เพื่อการพัฒนาและการประชาสัมพันธ์ อันเกี่ยวข้องกับโครงการ/กิจกรรมของเทศบาลเมืองลัดหลวง,1
"เพื่อการเล่นเป็นงานอดิเรก ความบันเทิง หรือ เพื่อการกีฬา,เพื่อใช้ถ่ายทำสื่อวิดีโอในการประชาสัมพันธ์งานองค์กร และอื่นๆ",1
"เพื่อการเล่นเป็นงานอดิเรก ความบันเทิง หรือ เพื่อการกีฬา,เพื่อการรายงานเหตุการณ์หรือรายงานจราจร (สื่อมวลชน),เพื่อการถ่ายภาพ ถ่ายทำหรือการแสดงในภาพยนตร์หรือรายการโทรทัศน์,ใช้ในภารกิจงานกู้ภัย และ ดับเพลิง",1
For private holiday photos and videos,1
เพื่อการถ่ายภาพและสำรวจพื้นที่ของบริษัท,1
"เพื่อการเล่นเป็นงานอดิเรก ความบันเทิง หรือ เพื่อการกีฬา,เพื่อการถ่ายภาพ ถ่ายทำหรือการแสดงในภาพยนตร์หรือรายการโทรทัศน์,เพื่อถ่ายภาพโครงการก่อสร้าง รายงานความคืบหน้าโครงการ",1
"เพื่อการเล่นเป็นงานอดิเรก ความบันเทิง หรือ เพื่อการกีฬา,เพื่อใช้ในการสำรวจ ที่ดิน ถนน สิ่งปลูกสร้าง",1
เพื่อตรวจผลผลิตทางการเกษตร (แปลงอ้อย),1
เพื่อใช้ในการถ่ายภาพนิ่ง  และภาพเคลื่อนไหว ในการทำงานด้านอสังหาริมทรัพย์สำหรับการขายและการเช่า,1
"เพื่อการรายงานเหตุการณ์หรือรายงานจราจร (สื่อมวลชน),เพื่อการวิจัย ทดลอง ทดสอบ ตามประกาศ กสทช.,ภารกิจถวายความปลอดภัย/ภารกิจชายแดนไทย/ภารกิจต่อต้านก่อการร้าย/ภารกิจEOD/ภารกิจบรรเทาสาธารณภัย",1
"เพื่อการรายงานเหตุการณ์หรือรายงานจราจร (สื่อมวลชน),เพื่อการวิจัย ทดลอง ทดสอบ ตามประกาศ กสทช.,ภารกิจชายแดนไทย/ภารกิจต่อต้านก่อการร้าย/ภารกิจEOD/ภารกิจบรรเทาสาธารณภัย",1
"เพื่อการเล่นเป็นงานอดิเรก ความบันเทิง หรือ เพื่อการกีฬา,เพื่อการถ่ายภาพ ถ่ายทำหรือการแสดงในภาพยนตร์หรือรายการโทรทัศน์,Holyday Photos",1
"เพื่อการถ่ายภาพ ถ่ายทำหรือการแสดงในภาพยนตร์หรือรายการโทรทัศน์,เพื่อถ่ายภาพ",1
"เพื่อการเกษตรกรรม,เพื่อใช้ในการเรียน การสอน การฝึกทักษะของนักศึกษา ตลอดจนการบริการวิชาการในพื้นที่ที่รับผิดชอบ",1
เพื่อใช้ในการเรียน การสอน การฝึกทักษะของนักศึกษา ตลอดจนการบริการวิชาการในพื้นที่ที่รับผิดชอบ,1
เพื่อถ่ายทำงานอสังหาริมทรัพย์,1
"เพื่อการเล่นเป็นงานอดิเรก ความบันเทิง หรือ เพื่อการกีฬา,การทำงานหลังคา",1
"เพื่อการเล่นเป็นงานอดิเรก ความบันเทิง หรือ เพื่อการกีฬา,ใช้ในภารกิจการป้องกันและบรรเทาสาธารณภัยทุกประเภทตามที่ระบุใน พรบ.ป้องกันและบรรเทาสาธารณภัย ๒๕๕๐",1
"เพื่อการเล่นเป็นงานอดิเรก ความบันเทิง หรือ เพื่อการกีฬา,Tourist, only hobby",1
เพื่อการจัดการเรียนการสอนแผนกวิชาเทคนิควิศวกรรมสำรวจ,1
"เพื่อการเล่นเป็นงานอดิเรก ความบันเทิง หรือ เพื่อการกีฬา,เพื่อสำรวจที่ดิน และตัวบ้าน",1
"I use a drone when traveling and shoot vlogs of myself, nature, views, and beautiful places.",1
"เพื่อการเล่นเป็นงานอดิเรก ความบันเทิง หรือ เพื่อการกีฬา,เพื่อถ่ายภาพหรือวิดีโอ วิว ภูมิทัศน์ เทศกาล และสำรวจจุดติดตั้งแผงโซล่าเซลล์ และงานอื่นๆที่เกี่ยวข้อง",1
"เพื่อการถ่ายภาพ ถ่ายทำหรือการแสดงในภาพยนตร์หรือรายการโทรทัศน์,เพื่อการวิจัย ทดลอง ทดสอบ ตามประกาศ กสทช.,สำรวจสภาพป่าไม้ ทรัพยากรป่าไม้ สำรวจไฟป่า และ แนวเขตป่าเศรษฐกิจ ที่ทำกินราษฏร",1
"เพื่อการถ่ายภาพ ถ่ายทำหรือการแสดงในภาพยนตร์หรือรายการโทรทัศน์,เพื่อการวิจัย ทดลอง ทดสอบ ตามประกาศ กสทช.,งานถ่ายภาพทรัพยากรป่าไม้ ไฟป่า ภัยพิบัติ สำรวจคาร์บอน พื้นที่ทำกินราษฏร",1
"เพื่อการเล่นเป็นงานอดิเรก ความบันเทิง หรือ เพื่อการกีฬา,เพื่อการถ่ายภาพ วีดีโอ สำหรับตนเองและเพื่อน",1
"เพื่อการเล่นเป็นงานอดิเรก ความบันเทิง หรือ เพื่อการกีฬา,เพื่อบินถ่ายภาพสำรวจการใช้ประโยชน์ที่ดิน",1
"เพื่อการเล่นเป็นงานอดิเรก ความบันเทิง หรือ เพื่อการกีฬา,เพื่อใช้ในกิจกรรมของหน่วยงาน",1
"เพื่อการเล่นเป็นงานอดิเรก ความบันเทิง หรือ เพื่อการกีฬา,เพื่อการถ่ายภาพ ถ่ายทำหรือการแสดงในภาพยนตร์หรือรายการโทรทัศน์,ถ่ายภาพหลังคาและแผงโซลาร์เซลล์",1
ถ่ายหลังคาแผงโซลาร์เซลล์,1
เพื่อใช้ในการบริหารจัดการจราจรในภาพรวมของโครงข่ายทางหลวง ตรวจสอบสภาพปัญหาจราจรติดขัดได้อย่างรวดเร็ว,1
เพื่อการตรวจสอบสำรวจระบบผลิตไฟฟ้าจากพลังงานแสงอาทิตย์,1
บันทึกภาพกิจกรรมของโรงเรียน,1
เพื่อการปฏิบัติงานเทศบาลตำบลกำแพง ใช้ในการถ่ายวีดีโอ และถ่ายภาพจากมุมสูง เพื่อใช้ในการประชาสัมพันธ์,1
"เพื่อการเล่นเป็นงานอดิเรก ความบันเทิง หรือ เพื่อการกีฬา,เพื่อการรายงานเหตุการณ์หรือรายงานจราจร (สื่อมวลชน),สำรวจทำแผนที่ในราชการกรมทางหลวง",1
"เพื่อการเล่นเป็นงานอดิเรก ความบันเทิง หรือ เพื่อการกีฬา,ทำโฆษณาออนไลน์ บนเว็บไซต์ และโซเชียลมีเดีย",1
"เพื่อการเล่นเป็นงานอดิเรก ความบันเทิง หรือ เพื่อการกีฬา,ถ่ายภาพ ถ่ายคลิปกิจกรรมการเรียนการสอน เพื่อลงโซเชียลมีเดีย",1
"เพื่อการเล่นเป็นงานอดิเรก ความบันเทิง หรือ เพื่อการกีฬา,เพื่อการรายงานเหตุการณ์หรือรายงานจราจร (สื่อมวลชน),เพื่อการถ่ายภาพ ถ่ายทำหรือการแสดงในภาพยนตร์หรือรายการโทรทัศน์,เพื่อการวิจัยและพัฒนาอากาศยาน เพื่อการพาณิชย์,เพื่อการเกษตรกรรม,เพื่อการวิจัย ทดลอง ทดสอบ ตามประกาศ กสทช.,ถ่ายงานกิจกรรม อิเวนต์ ดูความคืบหน้าการก่อสร้าง บันทึกพื้นที่ประสบภัย บันทึกภาพบรรยากาศวิวทิวทัศน์",1
"เพื่อการเล่นเป็นงานอดิเรก ความบันเทิง หรือ เพื่อการกีฬา,เพื่อการถ่ายภาพ ถ่ายทำหรือการแสดงในภาพยนตร์หรือรายการโทรทัศน์,เพื่อบินตรวจสอบพื้นที่สูงที่ขนาดกว้าง",1
"เพื่อการเกษตรกรรม,เพื่อจำหน่ายต่อ",1
"เพื่อการเล่นเป็นงานอดิเรก ความบันเทิง หรือ เพื่อการกีฬา,ใช้เพื่อถ่ายภาพกิจกรรมทางการตลาด",1
เพื่อนำมาถ่ายภาพและวิดิโอประกอบการรายงานของบริษัท,1
"เพื่อการถ่ายภาพ ถ่ายทำหรือการแสดงในภาพยนตร์หรือรายการโทรทัศน์,เพื่อจัดการเรียนการสอนและถ่ายภาพ ถ่ายวีดีโอประชาสัมพันธ์หน่วยงาน",1
"เพื่อการเกษตรกรรม,เพื่อจัดทำสื่อเผยแพร่และประชาสัมพันธ์แหล่งท่องเที่ยว และการอนุรักษ์ธรรมชาติ ของเทศบาลสหกรณ์นิคม",1
"เพื่อการเล่นเป็นงานอดิเรก ความบันเทิง หรือ เพื่อการกีฬา,เพื่อการถ่ายภาพ ถ่ายทำหรือการแสดงในภาพยนตร์หรือรายการโทรทัศน์,ถ่ายมุมสูงเพื่อส่งงานให้ลูกค้าดู",1
"เพื่อการเล่นเป็นงานอดิเรก ความบันเทิง หรือ เพื่อการกีฬา,เพื่อการถ่ายภาพ ถ่ายทำหรือการแสดงในภาพยนตร์หรือรายการโทรทัศน์,เพื่อใช้ถ่ายวีดีโอลงสื่อโซเซียล",1
"เพื่อการเล่นเป็นงานอดิเรก ความบันเทิง หรือ เพื่อการกีฬา,เพื่อการถ่ายภาพ ถ่ายทำหรือการแสดงในภาพยนตร์หรือรายการโทรทัศน์,สำรวจอาคารโครงสร้าง เพื่อจำลอง และตรวจสอบ",1
งานประชาสัมพันธ์ การสำรวจพื้นที่ที่ได้รับผลกระทบจากภัยพิบัติ,1
เกษตรกร,1
ปฎิบัติงานถ่ายภาพทางอากาศของงานราชการ,1
เพื่อการตรวจสอบความปลอดภัยภายในพื้นที่ของโรงงาน,1
"เพื่อการเล่นเป็นงานอดิเรก ความบันเทิง หรือ เพื่อการกีฬา,เพื่อการถ่ายภาพ ถ่ายทำหรือการแสดงในภาพยนตร์หรือรายการโทรทัศน์,เพื่อถ่ายภาพและถ่ายวิดีโอ ลงสื่อโซเชียล",1
เพื่อใช้งานเกี่ยวกับภารกิจป้องกันไฟป่าหมอกควันและงานสาธารณภัย,1
"เพื่อการเล่นเป็นงานอดิเรก ความบันเทิง หรือ เพื่อการกีฬา,เพื่อการถ่ายภาพ ถ่ายทำหรือการแสดงในภาพยนตร์หรือรายการโทรทัศน์,ใช้ในงานของบริษัท",1
"เพื่อการเล่นเป็นงานอดิเรก ความบันเทิง หรือ เพื่อการกีฬา,ใช้ถ่ายภาพประกอบกิจการงานบริการต่างๆ",1
ปฏิบัติภารกิจเพื่อประโยชน์สาธารณะและส่งเสริมการบริหารงานในพื้นที่ ระวังและบรรเทาสาธารณภัย,1
"เพื่อการเล่นเป็นงานอดิเรก ความบันเทิง หรือ เพื่อการกีฬา,ใช้เพื่อการศึกษา",1
เพื่อใช้จัดแสดงแปรภาพโดรน,1
"เพื่อการถ่ายภาพ ถ่ายทำหรือการแสดงในภาพยนตร์หรือรายการโทรทัศน์,เพื่อการตรวจการณ์และรักษาความปลอดภัยในเรือนจำ",1
เพื่อใช้ในภารกิจของบริษัท,1
"เพื่อการเล่นเป็นงานอดิเรก ความบันเทิง หรือ เพื่อการกีฬา,เพื่อถ่ายภาพและถ่ายVDO โครงหลังคา, งานมุงหลังคา",1
เพื่อการวิจัยประกอบวิทยานิพนธ์,1
"เพื่อการเล่นเป็นงานอดิเรก ความบันเทิง หรือ เพื่อการกีฬา,เพื่อใช้ในส่วนงานกิจกรรมโรงเรียนและอื่นๆ",1
Product development,1
"เพื่อการเล่นเป็นงานอดิเรก ความบันเทิง หรือ เพื่อการกีฬา,Taking vacation photos",1
"เพื่อการเล่นเป็นงานอดิเรก ความบันเทิง หรือ เพื่อการกีฬา,เพื่อใช้ถ่ายภาพทรัพย์สิน",1
"เพื่อการเล่นเป็นงานอดิเรก ความบันเทิง หรือ เพื่อการกีฬา,เพื่อการถ่ายภาพ ถ่ายทำหรือการแสดงในภาพยนตร์หรือรายการโทรทัศน์,เพื่อการถ่ายภาพ ถ่ายทำในสื่อ Social Network",1
นำเข้าชั่วคราวเพื่อใช้จัดแสดงแปรภาพโดรน ในงานกีฬาซีเกมส์ ครั้งที่ 33” (SEA Games 2025),1
"เพื่อการเล่นเป็นงานอดิเรก ความบันเทิง หรือ เพื่อการกีฬา,บินตรวจความร้อน โซล่าร์ฟาร์ม/โซล่าร์รูฟ",1
เพื่อการถ่ายภาพพื้นที่โรงงาน,1
"เพื่อการเล่นเป็นงานอดิเรก ความบันเทิง หรือ เพื่อการกีฬา,ใช้ในการถ่ายภาพก่อสร้างอาคารที่ไม่ใช่ที่พักอาศัยและอื่นๆ",1
"เพื่อการเล่นเป็นงานอดิเรก ความบันเทิง หรือ เพื่อการกีฬา,เพื่อถ่ายความก้าวหน้าภายในโครงการก่อสร้าง",1
"เพื่อการเล่นเป็นงานอดิเรก ความบันเทิง หรือ เพื่อการกีฬา,ใช้ในหน่วยงานราชการ",1
"เพื่อการเล่นเป็นงานอดิเรก ความบันเทิง หรือ เพื่อการกีฬา,ถ่ายภาพ ถ่ายวิดีโอรับตรวจเจ้ากรมทหารสื่อสาร",1
เพื่อใช้ในงานประชาสัมพันธ์แหล่งเรียนรู้เเละข้อมูลต่างๆเกี่ญวกับการดำเนินงานของเทศบาลเมืองกำแพงเพชร,1
"เพื่อการเล่นเป็นงานอดิเรก ความบันเทิง หรือ เพื่อการกีฬา,Holidays vacation. pictures of my kids.",1
"เพื่อการเล่นเป็นงานอดิเรก ความบันเทิง หรือ เพื่อการกีฬา,ถ่ายภาพ ภ่ายวิดีโอลงโซเชียลมีเดีย",1
"เพื่อการเล่นเป็นงานอดิเรก ความบันเทิง หรือ เพื่อการกีฬา,ใช้ถ่ายภาพส่วนงานร้าน และอื่นๆ",1
"เพื่อการเล่นเป็นงานอดิเรก ความบันเทิง หรือ เพื่อการกีฬา,สำรวจหน้างานและงานก่อสร้างต่างๆ",1
"เพื่อการเล่นเป็นงานอดิเรก ความบันเทิง หรือ เพื่อการกีฬา,ที่ดิน ที่พัก",1
ภารกิจสำรวจ วิจัย คุ้มครอง ฟื้นฟูทรัพยากรธรรมชาติและสิ่งแวดล้อมในพื้นที่ป่าอนุรักษ์,1
"เพื่อการวิจัยและพัฒนาอากาศยาน เพื่อการพาณิชย์,เพื่อการพาณิชย์ ประกอบกิจการ",1
วิจัยและพัฒนาทางด้านการเกษตร,1
"เพื่อการเล่นเป็นงานอดิเรก ความบันเทิง หรือ เพื่อการกีฬา,เพื่อการถ่ายภาพ ถ่ายทำหรือการแสดงในภาพยนตร์หรือรายการโทรทัศน์,ใช้สำหรับตรวจสอบโครงสร้าง",1
"เพื่อการเกษตรกรรม,เพื่อใช้ในกิจกรรมของบริษัท",1
"เพื่อการเล่นเป็นงานอดิเรก ความบันเทิง หรือ เพื่อการกีฬา,เพื่อการถ่ายภาพ ถ่ายทำหรือการแสดงในภาพยนตร์หรือรายการโทรทัศน์,ถ่ายภาพการทำงานในพื้นที่ป่าไม้",1
เพื่อใช้ในการสนับสนุนภารกิจต่างๆ ของการไฟฟ้านครหลวง,1
"เพื่อการเล่นเป็นงานอดิเรก ความบันเทิง หรือ เพื่อการกีฬา,เพื่อถ่ายภาพ ถ่ายวีดีโอ ลงสื่ิอโซเซียล",1
"เพื่อการเล่นเป็นงานอดิเรก ความบันเทิง หรือ เพื่อการกีฬา,เพื่อถ่ายภาพ ถ่ายวิดิโอ ลงสื่อโซเซียล",1
"เพื่อการเล่นเป็นงานอดิเรก ความบันเทิง หรือ เพื่อการกีฬา,ใช้ในงานสืบสวนตำรวจ",1
"เพื่อการเล่นเป็นงานอดิเรก ความบันเทิง หรือ เพื่อการกีฬา,สำรวจอาคาร",1
ตรวจสอบหลังคาบ้าน,1
"เพื่อการเล่นเป็นงานอดิเรก ความบันเทิง หรือ เพื่อการกีฬา,Holiday filming",1
ใช้เพื่อบันทึกภาพและวีดีโอกิจกรรมต่างๆของมหาวิทยาลัย,1
ถ่ายรูปความคืบหน้าโครงการรับเหมาก่อสร้าง,1
"เพื่อการเล่นเป็นงานอดิเรก ความบันเทิง หรือ เพื่อการกีฬา,Take photos and videos to record life",1
"เพื่อการเล่นเป็นงานอดิเรก ความบันเทิง หรือ เพื่อการกีฬา,เพื่อการถ่ายภาพ ถ่ายทำหรือการแสดงในภาพยนตร์หรือรายการโทรทัศน์,เพื่อถ่ายทำวีดีโอวีดีโองานแต่งงานและกิจกรรม",1
"เพื่อการถ่ายภาพ ถ่ายทำหรือการแสดงในภาพยนตร์หรือรายการโทรทัศน์,ถ่ายรูปภาพมุมสูง",1
เพื่อปฎิบัติงานลำเลียงสิ่งของและขนส่งเสบียงในภารกิจ,1
"เพื่อการเล่นเป็นงานอดิเรก ความบันเทิง หรือ เพื่อการกีฬา,สนับสนุนตรวจสอบเรื่องร้องเรียนของกรมควบคุมมลพิษ",1
"เพื่อการถ่ายภาพ ถ่ายทำหรือการแสดงในภาพยนตร์หรือรายการโทรทัศน์,Please note, remote controller shares the serial as the aircraft.",1
"เพื่อการเล่นเป็นงานอดิเรก ความบันเทิง หรือ เพื่อการกีฬา,เพื่อใช้ถ่ายสิ่งปลูกสร้างที่ต้องตรวจรับ",1
"เพื่อการถ่ายภาพ ถ่ายทำหรือการแสดงในภาพยนตร์หรือรายการโทรทัศน์,เพื่อการเรียนการสอน การวิจัย การบริการทางวิชาการ ทะนุบำรุงศิลปะและวัฒนธรรม การประชาสัมพันธ์",1
"เพื่อการเล่นเป็นงานอดิเรก ความบันเทิง หรือ เพื่อการกีฬา,เพื่อการถ่ายภาพ ถ่ายทำหรือการแสดงในภาพยนตร์หรือรายการโทรทัศน์,เพื่อการเกษตรกรรม,สำรวจการทำเหมืองแร่ ตามประกาศ กรมอุตสาหกรรมพื้นฐานและการเหมืองแร่",1
"เพื่อการเล่นเป็นงานอดิเรก ความบันเทิง หรือ เพื่อการกีฬา,เพื่อการถ่ายภาพ ถ่ายทำหรือการแสดงในภาพยนตร์หรือรายการโทรทัศน์,ลงทะเบียน แต่ยังไม่มีแนวโน้มในการใช้ ณ ขณะนี้ เพื่อมอบให้ท่านอื่น",1
นำเข้ามาเพื่อศึกษาและทดลองใช้ในบริษัท (ล้างจอ LED),1
เพื่อสำรวจ จัดทำแผนที่ และจัดทำข้อมูลสารสนเทศด้านกรรมสิทธิ์ และทรัพย์สินของการรถไฟแห่งประเทศไทย,1
"เพื่อการเล่นเป็นงานอดิเรก ความบันเทิง หรือ เพื่อการกีฬา,เพื่อใช้ในงานประชาสัมพันธ์แหล่งเรียนรู้เเละข้อมูลต่างๆเกี่ยวกับการดำเนินงานของโรงเรียนแม่เจดีย์",1
เพื่อใช้ในภารกิจของ กฟผ. (ฝ่ายบำรุงรักษาโยธา),1
เพื่อใช้ในงานการประชาสัมพันธ์แหล่งเรียนรู้ เกี่ยวกับการดำเนินงานในเทศบาลเมืองคูคต,1
"เพื่อการเล่นเป็นงานอดิเรก ความบันเทิง หรือ เพื่อการกีฬา,เพื่อการถ่ายภาพ ถ่ายทำหรือการแสดงในภาพยนตร์หรือรายการโทรทัศน์,เพื่อการถ่ายรูปหรือวิดีโอ สังหาริมทรัพย์ และ อสังหาริมทรัพย์ ทุกประเภท",1
"เพื่อการถ่ายภาพ ถ่ายทำหรือการแสดงในภาพยนตร์หรือรายการโทรทัศน์,เพื่อการวิจัย ทดลอง ทดสอบ ตามประกาศ กสทช.,สำรวจทรัพยากรป่าไม้ โครงการหลวง",1
"เพื่อการถ่ายภาพ ถ่ายทำหรือการแสดงในภาพยนตร์หรือรายการโทรทัศน์,เพื่อการเกษตรกรรม,เพื่อการวิจัย ทดลอง ทดสอบ ตามประกาศ กสทช.,งานถ่ายภาพทรัพยากรป่าไม้ ไฟป่า ภัยพิบัติ สำรวจคาร์บอน",1
"เพื่อการถ่ายภาพ ถ่ายทำหรือการแสดงในภาพยนตร์หรือรายการโทรทัศน์,เพื่อการเกษตรกรรม,เพื่อการวิจัย ทดลอง ทดสอบ ตามประกาศ กสทช.,งานถ่ายภาพทรัพยากรป่าไม้ ไฟป่า ภัยพิบัติ สำรวจคาร์บอน พื้นที่ทำกินราษฏร",1
"เพื่อการเล่นเป็นงานอดิเรก ความบันเทิง หรือ เพื่อการกีฬา,เพื่อการถ่ายภาพ ถ่ายทำหรือการแสดงในภาพยนตร์หรือรายการโทรทัศน์,ใช้ในการถ่ายภาพ ถ่ายวีดีโอ ลงโซเชียล",1
"เพื่อการเล่นเป็นงานอดิเรก ความบันเทิง หรือ เพื่อการกีฬา,เพื่อการรายงานเหตุการณ์หรือรายงานจราจร (สื่อมวลชน),เพื่อการถ่ายภาพ ถ่ายทำหรือการแสดงในภาพยนตร์หรือรายการโทรทัศน์,ถ่ายรูปแปลงที่ดินเพื่อนำไปทำการตลาด",1
"เพื่อการเล่นเป็นงานอดิเรก ความบันเทิง หรือ เพื่อการกีฬา,Drone for recreational aerial photography",1
"เพื่อการเล่นเป็นงานอดิเรก ความบันเทิง หรือ เพื่อการกีฬา,เพื่อการถ่ายภาพ ถ่ายทำหรือการแสดงในภาพยนตร์หรือรายการโทรทัศน์,เพื่อใช้ในกิจการบริษัท",1
"เพื่อการเล่นเป็นงานอดิเรก ความบันเทิง หรือ เพื่อการกีฬา,กล้องถ่ายภาพ",1
เพื่อเพิ่มขีดสมรรถนะขององค์กรให้มีมาตรฐาน ด้วยเทคโนโลยีและนวัตกรรมสมัยใหม่,1
ใช้ในกิจกกรมของโรงเรียน,1
เพื่อสำรวจงานโซลาร์เซลล์,1
"เพื่อการเล่นเป็นงานอดิเรก ความบันเทิง หรือ เพื่อการกีฬา,ถ่ายรูปและวีดีโอท่องเที่ยวส่วนตัวลงในโชเชียลเพื่อบันทึกเก็บไว้ดู",1
"เพื่อการเล่นเป็นงานอดิเรก ความบันเทิง หรือ เพื่อการกีฬา,เพื่อการถ่ายภาพ ถ่ายทำหรือการแสดงในภาพยนตร์หรือรายการโทรทัศน์,ใช้ในการเรียนการสอน ถ่ายภาพ ถ่ายวิดีโอลงสื่อโซเชียลมีเดีย",1
"เพื่อการเล่นเป็นงานอดิเรก ความบันเทิง หรือ เพื่อการกีฬา,Hobby photography & filming",1
เพื่อใช้ในภารกิจของ กฟผ. (ฝ่ายที่ดิน),1
"เพื่อการเล่นเป็นงานอดิเรก ความบันเทิง หรือ เพื่อการกีฬา,เพื่อการรายงานเหตุการณ์หรือรายงานจราจร (สื่อมวลชน),เพื่อการถ่ายภาพ ถ่ายทำหรือการแสดงในภาพยนตร์หรือรายการโทรทัศน์,สาธารณะประโยชน์ ต่างๆ",1
"เพื่อการเล่นเป็นงานอดิเรก ความบันเทิง หรือ เพื่อการกีฬา,เพื่อการถ่ายภาพ ถ่ายทำหรือการแสดงในภาพยนตร์หรือรายการโทรทัศน์,เพื่อถ่ายภาพ วีดีโอ สื่อSocial Media",1
งานป้องกันและบรรเทาสาธารณภัย,1
"เพื่อการเล่นเป็นงานอดิเรก ความบันเทิง หรือ เพื่อการกีฬา,ถ่ายภาพวิดีโอลงสื่อโซเชียล",1
"เพื่อการเล่นเป็นงานอดิเรก ความบันเทิง หรือ เพื่อการกีฬา,เพื่องานอดิเรก เพื่อความบันเทิง หรือเพื่อการกีฬา เพื่อการถ่ายภาพหรือภาพเคลื่อนไหวลงสื่อออนไลน์",1
"เพื่อการเล่นเป็นงานอดิเรก ความบันเทิง หรือ เพื่อการกีฬา,ทำคอนเทนยูทูปเฟสบุ๊ค",1
เพื่อการถ่ายภาพหรือจัดทำรายงานของโครงการก่อสร้าง,1
ใช้เพื่อการถ่ายภาพประกอบรายงานประเมินผลกระทบสิ่งแวดล้อม,1
"เพื่อการเล่นเป็นงานอดิเรก ความบันเทิง หรือ เพื่อการกีฬา,เพื่อการรายงานเหตุการณ์หรือรายงานจราจร (สื่อมวลชน),สืบสวนหาข่าวเพื่อประโยชน์ต่องานราชการสำนักงานตำรวจแห่งชาติ",1
"เพื่อการเล่นเป็นงานอดิเรก ความบันเทิง หรือ เพื่อการกีฬา,ถ่ายคลิปลง facebook และ ถ่ายลง Youtube",1
ถ่ายรูปและบันทึกวิดิโอในกิจกรรมของโรงพยาบาล,1
"เพื่อการเล่นเป็นงานอดิเรก ความบันเทิง หรือ เพื่อการกีฬา,เพื่อการถ่ายภาพ ถ่ายทำหรือการแสดงในภาพยนตร์หรือรายการโทรทัศน์,The drone is equipped with a camera for aerial photography.",1
"เพื่อการเล่นเป็นงานอดิเรก ความบันเทิง หรือ เพื่อการกีฬา,ดูหน้างานติดตั้งโซล่าเซลล์",1
เพื่อใช้ถ่ายภาพ สื่อวิดีโอ ในการประชาสัมพันธ์ผลงานวิจัยและการดำเนินงานของสำนักงาน,1
เพื่อใช้ในงาน The 1st Prince Mahidol Awards Nexus วันที่ 31 มกราคม - 4 กุมภาพันธ์ 2569 ณ จังหวัดน่าน,1
เพื่อถ่ายภาพสำรวจพื้นที่สำหรับติดตัั้งแผงโซล่าเซลล์,1
"เพื่อการถ่ายภาพ ถ่ายทำหรือการแสดงในภาพยนตร์หรือรายการโทรทัศน์,เพื่อบินสำรวจเพื่อทำสรุปปสำรวจหน้างาน",1
เพื่อใช้ในการปฏิบัติงานสำรวจ ตรวจสอบพื้นที่ และสนับสนุนภารกิจของเทศบาลตำบลท่ายาง,1
ถ่ายภาพนิ่งและวีดีโองานภายในบริษัท,1
"เพื่อการถ่ายภาพ ถ่ายทำหรือการแสดงในภาพยนตร์หรือรายการโทรทัศน์,เพื่อการเกษตรกรรม,เพื่อการวิจัย ทดลอง ทดสอบ ตามประกาศ กสทช.,งานถ่ายภาพทรัพยากรป่าไม้ งานโครงการพระราชดำริ ไฟป่า ภัยพิบัติ สำรวจคาร์บอน พื้นที่ทำกินราษฏร",1
ใช้ในการบินสำรวจพื้นที่ เพื่อนำมาวิเคราะห์ประกอบการตัดสิน การปฏิบัติงานตามภารกิจของอบจ.สงขลา,1
ใช้ในการ ถวายความปลอดภัย การป้องกันประเทศ การรักษาความสงบเรียบร้อยภายในประเทศ และบรรเทาสาธารณภัยฯ,1
"เพื่อการเล่นเป็นงานอดิเรก ความบันเทิง หรือ เพื่อการกีฬา,Personal photos",1
"เพื่อการเล่นเป็นงานอดิเรก ความบันเทิง หรือ เพื่อการกีฬา,ใช้ปฏิบัติงานด้านการป้องกันและบรรเทาสาธารณภัย",1
เพื่อการตรวจสอบแผงโซลาร์ภายในบริษัท,1
"เพื่อการเล่นเป็นงานอดิเรก ความบันเทิง หรือ เพื่อการกีฬา,เพื่อการถ่ายภาพ ถ่ายทำหรือการแสดงในภาพยนตร์หรือรายการโทรทัศน์,ใช้ทางราชการเป็นบางครั้ง เช่น การสืบสวน",1
"เพื่อการเล่นเป็นงานอดิเรก ความบันเทิง หรือ เพื่อการกีฬา,ถ่ายภาพลงโซเชียล",1
"เพื่อการเล่นเป็นงานอดิเรก ความบันเทิง หรือ เพื่อการกีฬา,เพื่อการถ่ายภาพ ถ่ายหรือวีดีโอในเชิงพาณิชย์",1
เพื่อใช้ในกิจการรับทำความสะอาดในที่สูงของทางบริษัทฯ,1
เพื่อการธรณีวิทยา ภูมิประเทศ,1
การบินเชิงพาณิชย์ เพื่อการถ่ายภาพและวิดีโอ ใช้ในการสำรวจและบันทึกภาพจากมุมสูงและด้านข้าง,1
เกี่ยวกับการโฆษณา ประชาสัมพันธ์,1
เพื่อใช้ในงานโยธา สำรวจพื้นที่ ทำแผนที่ ตรวจสอบความคืบหน้าโครงการ ติดตามคุณภาพงาน,1
"เพื่อการเล่นเป็นงานอดิเรก ความบันเทิง หรือ เพื่อการกีฬา,งานบรรเทาสาธารณภัย",1
"เพื่อการเกษตรกรรม,ใช้ในการศึกษา",1
"เพื่อการเล่นเป็นงานอดิเรก ความบันเทิง หรือ เพื่อการกีฬา,เพื่อการถ่ายภาพ ถ่ายทำหรือการแสดงในภาพยนตร์หรือรายการโทรทัศน์,เพื่อการถ่ายภาพ ถ่ายวีดีโอในเชิงพาณิชย์",1
เพื่อใช้ในการตรวจสอบพื้นที่การก่อสร้างและปัญหาทางระบบไฟฟ้า และงานอื่นๆที่เกี่ยวข้อง,1
ใช้เพื่อการศึกษาในโรงเรียนมัธยม,1
เพื่อบินสำรวจจัดทำแผนที่ ภาพถ่ายดาวเทียม,1
"เพื่อการวิจัยและพัฒนาอากาศยาน เพื่อการพาณิชย์,สำรวจเพื่องานชลประทาน ของสำนักงานชลประทานที่ 7",1
"เพื่อการถ่ายภาพ ถ่ายทำหรือการแสดงในภาพยนตร์หรือรายการโทรทัศน์,เพื่อเก็บผลงาน",1
เพื่อถ่ายภาพเเละวีดีโอลงสื่อโซเซียล,1
"เพื่อการเล่นเป็นงานอดิเรก ความบันเทิง หรือ เพื่อการกีฬา,เพื่อการถ่ายภาพ ถ่ายทำหรือการแสดงในภาพยนตร์หรือรายการโทรทัศน์,เพื่อถ่ายงาน หลังคางานโซล่าเซลล์",1
สำรวจพื้นที่ ทำแผนที่ภาพถ่ายทางอากาศ ตรวจสอบสภาพแวดล้อมและผังเมือง เฝ้าระวังภัยพิบัติ,1
เพื่อใช้ในราชการขององค์การบริหารส่วนจังหวัดพิจิตร,1
"เพื่อการเล่นเป็นงานอดิเรก ความบันเทิง หรือ เพื่อการกีฬา,ใช้ประกอบอาชีพช่างไฟฟ้า",1
"เพื่อการเล่นเป็นงานอดิเรก ความบันเทิง หรือ เพื่อการกีฬา,ถ่ายผลงานที่ทำ",1
"เพื่อการเล่นเป็นงานอดิเรก ความบันเทิง หรือ เพื่อการกีฬา,เพื่อการถ่ายภาพ ถ่ายทำหรือการแสดงในภาพยนตร์หรือรายการโทรทัศน์,เพื่อถ่ายภาพ วีดิโอ ลงสื่อโซเซียว",1
เพื่อใช้ในการถ่ายภาพกิจกรรมของหน่วยงาน ทำวิดีทัศน์ต่างๆ และสนับสนุนภารกิจที่อยู่ในอำนาจหน้าที่,1
เพื่อนำมาประกอบภาพสำหรับการรักษาความปลอดภัยที่ตั้งของโรงงานวัตถุระเบิด,1
"เพื่อการเล่นเป็นงานอดิเรก ความบันเทิง หรือ เพื่อการกีฬา,ถ่ายสถานที่ท่องเที่ยว ของที่ระลึก โพสลงโซเชียล",1
"เพื่อการเล่นเป็นงานอดิเรก ความบันเทิง หรือ เพื่อการกีฬา,เพื่อการเกษตรกรรม,ตรวจสอบสภาพที่ดินและสิ่งปลูกสร้าง",1
เพื่อใช้ประโยชน์ในการบันทึกภาพ วีดีโอ และสนับสนุนการปฎิบัติการของมหาวิทยาลัยฯให้เป็นไปตามระเบียบ,1
เพื่อใช้ในการจัดแสดงโดรนแปรภาพ,1
เพื่อใช้งานในการสำรวจภูมิทัศน์ภายในตำบลไชยสถานและใช้งานในกิจกรรมงานราชการของเทศบาลไชยสถาน,1
"เพื่อการเล่นเป็นงานอดิเรก ความบันเทิง หรือ เพื่อการกีฬา,ใช้ในราชการทหาร",1
"เพื่อการเล่นเป็นงานอดิเรก ความบันเทิง หรือ เพื่อการกีฬา,เพื่อการรายงานเหตุการณ์หรือรายงานจราจร (สื่อมวลชน),เพื่อการถ่ายภาพ ถ่ายทำหรือการแสดงในภาพยนตร์หรือรายการโทรทัศน์,ถ่ายลงโซเชียลมีเดีย",1
"เพื่อการถ่ายภาพ ถ่ายทำหรือการแสดงในภาพยนตร์หรือรายการโทรทัศน์,เพื่อสำรวจพื้นที่ปฏิบัติงำน และอุปกรณ์ติดตั้งหน้างาน",1
"เพื่อการเล่นเป็นงานอดิเรก ความบันเทิง หรือ เพื่อการกีฬา,ใช้ถ่ายภาพสื่อโฆษณาและอื่นๆ",1
"Personal, selfies and family",1
เพื่องานด้านการป้องกัน และความปลอดภัยของบริษัท,1
"เพื่อการเล่นเป็นงานอดิเรก ความบันเทิง หรือ เพื่อการกีฬา,ใช้ในงานลงภาพ และวีดีโอผ่านช่องทางโซเซียล",1
"เพื่อการเล่นเป็นงานอดิเรก ความบันเทิง หรือ เพื่อการกีฬา,ถ่ายภาพตรวจงานก่อสร้างของตัวเอง",1
เพื่อใช้ถ่ายภาพและบันทึกวิดีโอในกิจการ ประชาสัมพันธ์งานของตน,1
"เพื่อการเล่นเป็นงานอดิเรก ความบันเทิง หรือ เพื่อการกีฬา,เพื่อการถ่ายภาพ ถ่ายทำหรือการแสดงในภาพยนตร์หรือรายการโทรทัศน์,เพื่อใช้ในการทำงาน",1
เพื่อใช้ในการสำรวจ เฝ้าระวังแก้ไขปัญหาไฟป่า เฝ้าระวังการกระทำผิดกฎหมายต่างๆในเขตพื้นที่รับผิดชอบ,1
"เพื่อการเล่นเป็นงานอดิเรก ความบันเทิง หรือ เพื่อการกีฬา,ถ่ายรูปทำงาน",1
"เพื่อการเล่นเป็นงานอดิเรก ความบันเทิง หรือ เพื่อการกีฬา,เพื่อสำรวจโครงสร้างอาคารบ้านพักอาศัย",1
"เพื่อการเล่นเป็นงานอดิเรก ความบันเทิง หรือ เพื่อการกีฬา,การศึกษาสำหรับนักเรียนภายในโรงเรียน (ใช้เงินส่วนตัวครู)",1
เพื่อใช้ในงานการประชาสัมพันธ์งานของสถานศึกษาและงานกิจกรรมต่างๆของโรงเรียน,1
"เพื่อการเล่นเป็นงานอดิเรก ความบันเทิง หรือ เพื่อการกีฬา,เพื่อการถ่ายภาพ ถ่ายทำหรือการแสดงในภาพยนตร์หรือรายการโทรทัศน์,ใช้ถ่ายภาพวิเคราะห์ข้อมูลทางวิศวกรรม",1
เพื่อถ่ายทำภาพลงโซเชียล ประชาสัมพันธ์,1
"เพื่อการเล่นเป็นงานอดิเรก ความบันเทิง หรือ เพื่อการกีฬา,ถ่ายภาพมุมสูงสำหรับงานติดตั้ง Solar Rooftop",1
"เพื่อการรายงานเหตุการณ์หรือรายงานจราจร (สื่อมวลชน),บินสำรวจความคืบหน้าการก่อสร้างถนน",1
เพื่อใช้ตรวจสอบพื้นที่สวนป่า ภายใต้การดูแลขององค์การอุตสาหกรรมป่าไม้เขตศรีราชา,1
"เพื่อการถ่ายภาพ ถ่ายทำหรือการแสดงในภาพยนตร์หรือรายการโทรทัศน์,เพื่อใช้สำหรับการปฏิบัติภารกิจของบริษัท",1
เพื่อการสำรวจ และใช้ในกิจการบริษัทฯ,1
เพื่อใช้ดำเนินการตรวจสอบระบบไฟฟ้าของการไฟฟ้าส่วนภูมิภาค,1
"เพื่อการเล่นเป็นงานอดิเรก ความบันเทิง หรือ เพื่อการกีฬา,การตลาดอสังหาริมทรัพย์",1
เพื่อใช้ในการเรียนการสอน และประชาสัมพันธ์ของโรงเรียน อื่นๆๆ,1
"เพื่อการเล่นเป็นงานอดิเรก ความบันเทิง หรือ เพื่อการกีฬา,เพื่อการถ่ายภาพ ถ่ายทำหรือการแสดงในภาพยนตร์หรือรายการโทรทัศน์,Practice Fly",1
"เพื่อการเล่นเป็นงานอดิเรก ความบันเทิง หรือ เพื่อการกีฬา,เพื่อถ่ายภาพ คงามก้าวหน้าของงานก่อสร้าง",1
"เพื่อการถ่ายภาพ ถ่ายทำหรือการแสดงในภาพยนตร์หรือรายการโทรทัศน์,ถ่ายโครงการหมู่บ้าน คอนโด",1
"เพื่อการเล่นเป็นงานอดิเรก ความบันเทิง หรือ เพื่อการกีฬา,เพื่อการถ่ายภาพ ถ่ายทำหรือการแสดงในภาพยนตร์หรือรายการโทรทัศน์,ใช้ในภาระกิจอาสาสมัคกู้ภัย",1
"เพื่อการเล่นเป็นงานอดิเรก ความบันเทิง หรือ เพื่อการกีฬา,เพื่อการสำรวจ ออกแบบ เก็บข้อมูลถนน ในภารกิจของกรมทางหลวงชนบท",1
"เพื่อการเล่นเป็นงานอดิเรก ความบันเทิง หรือ เพื่อการกีฬา,เพื่อถ่ายที่ดินส่วนตัว",1
เพื่อการศึกษาวิจัยและติดตามผลการปลูกป่าชายเลนและงานด้านสิ่งแวดล้อม,1
สำรวจหลังคา,1
"เพื่อการเล่นเป็นงานอดิเรก ความบันเทิง หรือ เพื่อการกีฬา,เพื่อการรายงานเหตุการณ์หรือรายงานจราจร (สื่อมวลชน),เพื่อการถ่ายภาพ ถ่ายทำหรือการแสดงในภาพยนตร์หรือรายการโทรทัศน์,เพื่อการวิจัยและพัฒนาอากาศยาน เพื่อการพาณิชย์,เพื่อการเกษตรกรรม,เพื่อการวิจัย ทดลอง ทดสอบ ตามประกาศ กสทช.,งานดับเพลิงและกู้ภัย",1
"เพื่อการเล่นเป็นงานอดิเรก ความบันเทิง หรือ เพื่อการกีฬา,ใช้ในการปฏิบัติงานกับที่ทำงาน หน่วย กก.2 บก.กฝ.บช.ตชด.",1
เพื่อสำรวจ วิเคราะห์  ทำรายงานด้านจราจร,1
ปฏิบัติภารกิจทางการทหาร และสนองภารกิจความมั่นคงของประเทศ,1
"เพื่อการถ่ายภาพ ถ่ายทำหรือการแสดงในภาพยนตร์หรือรายการโทรทัศน์,เพื่อการเกษตรกรรม,ถ่ายภาพ แปลงข้าว ข้าวโพด สถานีวิจัย",1
"เพื่อการเล่นเป็นงานอดิเรก ความบันเทิง หรือ เพื่อการกีฬา,เพื่อการถ่ายภาพ ถ่ายทำหรือการแสดงในภาพยนตร์หรือรายการโทรทัศน์,เพื่อสำรวจและถ่ายภาพทางอากาศ",1
เพื่อสำรวจและถ่ายภาพทางอากาศ,1
ปฏิบัติงานด้านความมั่นคง,1
"เพื่อการเกษตรกรรม,ถ่ายรูปแปลงที่ดิน เพื่อมาโปรโมทขาย / นายหน้าอสังหา",1
บินสำรวจหลังคา ตรวจงานติดตั้งโซลาร์เซลล์,1
"เพื่อการเกษตรกรรม,เพื่อการลาดตระเวนไฟป่า",1
"เพื่อการเล่นเป็นงานอดิเรก ความบันเทิง หรือ เพื่อการกีฬา,เพื่อถ่ายภาพโครงการของบริษัท",1
์เพื่อใช้งานเกี่ยวกับกิจกรรมภายในบริษทฯ,1
"เพื่อการรายงานเหตุการณ์หรือรายงานจราจร (สื่อมวลชน),เพื่อการถ่ายภาพ ถ่ายทำหรือการแสดงในภาพยนตร์หรือรายการโทรทัศน์,เพื่อการวิจัย ทดลอง ทดสอบ ตามประกาศ กสทช.,ใช้ฝึกบินปฏิบัติการทางทหาร",1
ถ่ายภาพ รีวิวงาน,1
เพื่อใช้ถ่ายภาพ สื่อวิดีโอในการประชาสัมพันธ์ เกี่ยวกับกิจงานขององค์กร,1
"เพื่อการถ่ายภาพ ถ่ายทำหรือการแสดงในภาพยนตร์หรือรายการโทรทัศน์,เพื่อการถ่ายภาพความละเอียดสูง สำรวจ",1
"เพื่อการเล่นเป็นงานอดิเรก ความบันเทิง หรือ เพื่อการกีฬา,เพื่อการรายงานเหตุการณ์หรือรายงานจราจร (สื่อมวลชน),ถ่ายภาพงานก่อสร้าง",1
ตรวจสอบสภาพแปลงอ้อย,1
"เพื่อการเล่นเป็นงานอดิเรก ความบันเทิง หรือ เพื่อการกีฬา,ถ่ายคลิปรีวิวลง Youtube",1
เพื่อใช้ในกิจกรรมของห้างหุ้นส่วนจำกัด เอ็ม เค ทู ลีดเดอร์,1
Camera record and take photo,1
เพื่อบินสำรวจหลังคา ติดตั้ง Solarrooftop โรงงาน,1
เพื่องานสำรวจ และทำข้อมูลโครงการติดตั้งระบบโซล่าเซลล์,1
"เพื่อการเล่นเป็นงานอดิเรก ความบันเทิง หรือ เพื่อการกีฬา,ถ่ายภาพ ท่องเที่ยว",1
เพื่อใช้ในกิจกรรมของห้างหุ้นส่วนจำกัด รูบี้ช๊อป,1
ใช้เพื่อสำรวจพื้นที่โครงการก่อสร้าง,1
ถ่ายภาพและบันทึกวิดิโอไซต์งานก่อสร้างและอสังหาริมทรัพย์,1
"เพื่อการเล่นเป็นงานอดิเรก ความบันเทิง หรือ เพื่อการกีฬา,เพื่อการรายงานเหตุการณ์หรือรายงานจราจร (สื่อมวลชน),เพื่อการถ่ายภาพ ถ่ายทำหรือการแสดงในภาพยนตร์หรือรายการโทรทัศน์,เพื่อการวิจัยและพัฒนาอากาศยาน เพื่อการพาณิชย์,เพื่อการเกษตรกรรม,สำรวจงานโซล่าเซลล์ งานพ่นพียูโฟม งานพ่นสีหลังคา",1
"เพื่อการเล่นเป็นงานอดิเรก ความบันเทิง หรือ เพื่อการกีฬา,เพื่อการถ่ายภาพ ถ่ายทำหรือการแสดงในภาพยนตร์หรือรายการโทรทัศน์,เพื่อใช้ในภารกิจของหน่วยงาน",1
"เพื่อการเล่นเป็นงานอดิเรก ความบันเทิง หรือ เพื่อการกีฬา,เพื่อการถ่ายภาพ ถ่ายทำหรือการแสดงในภาพยนตร์หรือรายการโทรทัศน์,เพื่อใช้ถ่ายภาพภายในองค์กร",1
FOTOGRAFIA PERSONAL,1
เพื่อใช้ในกิจกรรมของบริษัท พีอาร์.เรซซิ่ง 1976 จำกัด,1
เพื่อใช้ในการประชาสัมพันธ์ การส่งเสริมการท่องเที่ยวและด้านความมั่นคงในการบรรเทาสาธารณภัย,1
เพื่อใช้ปฎิบัติงานด้านฝ่ายรายได้ และประชาสัมพันธ์ตามภารกิจของเทศบาลปง,1
"เพื่อการรายงานเหตุการณ์หรือรายงานจราจร (สื่อมวลชน),เพื่อรายงานสถานการณ์ภัยพิบัติ (อุทกภัย,วาตภัย,อัคคีภัย)",1
สำหรับใช้ในการศึกษาวิจัย,1
"เพื่อการเล่นเป็นงานอดิเรก ความบันเทิง หรือ เพื่อการกีฬา,เพื่อการถ่ายภาพ ถ่ายทำหรือการแสดงในภาพยนตร์หรือรายการโทรทัศน์,เพื่อการเกษตรกรรม,รับจ้างถ่ายภาพมุมสูง ในงานกิจกรรมทั่วไป",1
"เพื่อการเล่นเป็นงานอดิเรก ความบันเทิง หรือ เพื่อการกีฬา,ถ่ายรูปเวลาไปเที่ยว",1
"เพื่อการเล่นเป็นงานอดิเรก ความบันเทิง หรือ เพื่อการกีฬา,เพื่อการถ่ายภาพ ถ่ายทำหรือการแสดงในภาพยนตร์หรือรายการโทรทัศน์,Recreational fishing",1
"เพื่อการถ่ายภาพ ถ่ายทำหรือการแสดงในภาพยนตร์หรือรายการโทรทัศน์,เพื่อใช้สำหรับการปฏิบัติภารกิจของบริษัทฯ",1
"เพื่อการเล่นเป็นงานอดิเรก ความบันเทิง หรือ เพื่อการกีฬา,เพื่อบันทึกภาพงานโครงการต่างๆของหน่วยงาน",1
ปฏิบัติราชการขององค์การบริหารส่วนจังหวัดลำพูน,1
เพื่อสำรวจวิเคราะห์พื้นที่โครงการสำหรับงานเขียนแบบก่อสร้าง,1
"เพื่อการถ่ายภาพ ถ่ายทำหรือการแสดงในภาพยนตร์หรือรายการโทรทัศน์,ถ่ายภาพความคืบหน้าโครงการ",1
เพื่อการสำรวจ ลาดตระเวนไฟป่า,1
เพื่อถ่ายภาพและงานซ่อมบำรุงระบบโซล่าเซลล์,1
ตรวจจับจุดความร้อนชุมชน,1
"เพื่อการเล่นเป็นงานอดิเรก ความบันเทิง หรือ เพื่อการกีฬา,เพื่อการรายงานเหตุการณ์หรือรายงานจราจร (สื่อมวลชน),เพื่อการถ่ายภาพ ถ่ายทำหรือการแสดงในภาพยนตร์หรือรายการโทรทัศน์,ใช้ในงานราชการ",1
เพื่อใช้ถ่ายรูปถ่ายวีดีโองานพ่นสีหลังคาบ้าน,1
"เพื่อการวิจัยและพัฒนาอากาศยาน เพื่อการพาณิชย์,เพื่อสำรวจและตรวจสอบงานก่อสร้าง",1
เพื่อใช้งานประชาสัมพันธ์ และใช้การปฏิบัติงานของเทศบาลตำบลหนองแฝก,1
เพื่อสื่อสารองค์กรของ UN Women และระบบสหประชาชาติอื่นๆ,1
ใช้ถ่ายบรรยากาศในรีสอร์ทเพื่อไว้โปรโมท,1
เพื่อใช้ในการดำเนินงานด้านวิจัย,1
"เพื่อการเล่นเป็นงานอดิเรก ความบันเทิง หรือ เพื่อการกีฬา,สำรวจและวิจัยด้านทรัพยากรธรรมชาติและสิ่งแวดล้อม",1
บินสำรวจหลังคาบ้านลูดค้าเพื่อติดตั้งโซลาร์เซลล์,1
บินสำรวจหลังคาบ้านลูกค้าเพื่อติดตั้งโซลาร์เซลล์,1
"เพื่อการเล่นเป็นงานอดิเรก ความบันเทิง หรือ เพื่อการกีฬา,เพื่อโฆษณาอสังหาริมทรัพย์",1
ใช้เพื่องานประชาสัมพันธ์ขององค์การบริหารส่วนจังหวัดสกลนคร,1
"เพื่อการเล่นเป็นงานอดิเรก ความบันเทิง หรือ เพื่อการกีฬา,ใช้ในการปฏิบัติหน้าที่สืบสวนหาข่าวตามคำสั่งของผู้บังคับบัญชา",1
"เพื่อการเล่นเป็นงานอดิเรก ความบันเทิง หรือ เพื่อการกีฬา,เพื่อการถ่ายภาพ ถ่ายทำหรือการแสดงในภาพยนตร์หรือรายการโทรทัศน์,ถ่ายภาพ ถ่ายคลิปลงสื่อโซเชียลมีเดีย ใช้ในการเรียนการสอน",1
"เพื่อการเล่นเป็นงานอดิเรก ความบันเทิง หรือ เพื่อการกีฬา,เพื่อการถ่ายภาพ ถ่ายทำหรือการแสดงในภาพยนตร์หรือรายการโทรทัศน์,เพื่อถ่ายภาพ VDO ลง Social",1
"เพื่อการเกษตรกรรม,กล้องและถังบรรจุสาร",1
ใช้เพื่อถ่ายภาพและวีดีโอทั่วไป เป็นงานอดิเรก เป็นส่วนตัว,1
"เพื่อการเล่นเป็นงานอดิเรก ความบันเทิง หรือ เพื่อการกีฬา,เพื่อการรายงานเหตุการณ์หรือรายงานจราจร (สื่อมวลชน),เพื่อการถ่ายภาพ ถ่ายทำหรือการแสดงในภาพยนตร์หรือรายการโทรทัศน์,เพื่อการวิจัยและพัฒนาอากาศยาน เพื่อการพาณิชย์,เพื่อการเกษตรกรรม,เพื่อการวิจัย ทดลอง ทดสอบ ตามประกาศ กสทช.,เพื่อประโยชน์ทางสังคมด้านต่างๆ เช่น ช่วยเหลือกู้ภัย ฯ",1
"เพื่อการเล่นเป็นงานอดิเรก ความบันเทิง หรือ เพื่อการกีฬา,เพื่อถ่ายภาพเเละวีดีโอลงสื่อโซเชียล",1
"เพื่อการเล่นเป็นงานอดิเรก ความบันเทิง หรือ เพื่อการกีฬา,งานรถแม็คโฮ ขุดบ่อ ขุดโคกหนองนา",1
"เพื่อการรายงานเหตุการณ์หรือรายงานจราจร (สื่อมวลชน),เพื่อใช้ในกิจการบริษัท",1
"เพื่อการเล่นเป็นงานอดิเรก ความบันเทิง หรือ เพื่อการกีฬา,เพื่อการรายงานเหตุการณ์หรือรายงานจราจร (สื่อมวลชน),เพื่อการถ่ายภาพ ถ่ายทำหรือการแสดงในภาพยนตร์หรือรายการโทรทัศน์,ค้นหาและกู้ภัย,ดับไฟป่า",1
"เพื่อการเล่นเป็นงานอดิเรก ความบันเทิง หรือ เพื่อการกีฬา,ใช้สำหรับงานตรวจสอบโรงงาน",1
"เพื่อการเล่นเป็นงานอดิเรก ความบันเทิง หรือ เพื่อการกีฬา,ตรวจสอบโรงงาน",1
"เพื่อการเกษตรกรรม,เพื่อการสำรวจ รังวัดและแผนที่ทางอากาศ",1
เพื่อการถ่ายภาพ ถ่ายทำเพื่อประกอบการทำรายงานความคืบหน้าของงาน,1
"เพื่อการเกษตรกรรม,เพื่อการศึกษาวิจัย และทดลองของมหาวิทยาลัย",1
เพื่อทำแผนที่สามมิติและสองมิติ,1
เพื่อดำเนินโครงการ การใช้เทคโนโลยีสำรวจติดตาม และประเมินจำนวนสัตว์ทะเลเลี้ยงลูกด้วยนม,1
ใช้ในงานสำรวจที่ดินและสิ่งก่อสร้างและใช้ในการปฎิบัติงานของเทศบาลตำบลบวกค้าง,1
เพื่อป้องกันสาธารณภัย,1
สำรวจเพื่อออกแบบการติดตั้งระบบโซลาร์เซลล์,1
"เพื่อการเล่นเป็นงานอดิเรก ความบันเทิง หรือ เพื่อการกีฬา,สำรวจตรวจสอบงานโครงสร้างอาคาร ไฟฟ้า โยธา",1
"เพื่อการเล่นเป็นงานอดิเรก ความบันเทิง หรือ เพื่อการกีฬา,เพื่อการถ่ายภาพ ร้านหรือธุรกิจที่ทำ",1
เพื่อถ่ายภาพโครงการภายในของบริษัท,1
"เพื่อการเล่นเป็นงานอดิเรก ความบันเทิง หรือ เพื่อการกีฬา,เพื่อการถ่ายภาพ ถ่ายทำหรือการแสดงในภาพยนตร์หรือรายการโทรทัศน์,เพื่อการเกษตรกรรม,เพื่อการวิจัย ทดลอง ทดสอบ ตามประกาศ กสทช.,บินสำรวจพื้นที่ เพื่อจัดทำผังสำรวจเบื้องต้น",1
"เพื่อการเล่นเป็นงานอดิเรก ความบันเทิง หรือ เพื่อการกีฬา,เพื่อการรายงานเหตุการณ์หรือรายงานจราจร (สื่อมวลชน),เพื่อการถ่ายภาพ ถ่ายทำหรือการแสดงในภาพยนตร์หรือรายการโทรทัศน์,ฝึกอบรม",1
"เพื่อการเล่นเป็นงานอดิเรก ความบันเทิง หรือ เพื่อการกีฬา,ใช้ถ่ายรูปท่องเที่ยว",1
"เพื่อการเล่นเป็นงานอดิเรก ความบันเทิง หรือ เพื่อการกีฬา,เพื่อเก็บข้อมูลพื้นที่วิจัยชุมชน",1
"เพื่อการเล่นเป็นงานอดิเรก ความบันเทิง หรือ เพื่อการกีฬา,ถ่ายภาพการติดตั้งระบบโซล่าเซล",1
"เพื่อการเล่นเป็นงานอดิเรก ความบันเทิง หรือ เพื่อการกีฬา,เพื่อการรายงานเหตุการณ์หรือรายงานจราจร (สื่อมวลชน),เพื่อการถ่ายภาพ ถ่ายทำหรือการแสดงในภาพยนตร์หรือรายการโทรทัศน์,เพื่อการวิจัยและพัฒนาอากาศยาน เพื่อการพาณิชย์,เพื่อการเกษตรกรรม,เพื่อการวิจัย ทดลอง ทดสอบ ตามประกาศ กสทช.,สำรวจหน้างานหลังคาการติดตั้งโซล่า เซลล์",1
เพื่อสำรวจการติดตั้งโซลาร์เซลล์ และตรวจสอบ บำรุงรักษาโซลาร์ฟาร์มหรือโซลาร์เซลล์ขนาดใหญ่,1
ตรวจสอบระบบจำหน่ายไฟฟ้าและสายส่ง,1
"เพื่อใช้ในการตรวจสอบมิเตอร์ CT,VT และ Patrol ระบบจำหน่ายของการไฟฟ้า",1
ใช้ในการสำรวจพื้นที่ก่อสร้าง/ ตรวจรับมอบงานค่ะ,1
"เพื่อการเล่นเป็นงานอดิเรก ความบันเทิง หรือ เพื่อการกีฬา,เพื่อการถ่ายภาพ ถ่ายทำหรือการแสดงในภาพยนตร์หรือรายการโทรทัศน์,เจ้าหน้าที่ถ่ายภาพของหน่วยทหาร",1
"เพื่อการเล่นเป็นงานอดิเรก ความบันเทิง หรือ เพื่อการกีฬา,เพื่อการถ่ายภาพ ถ่ายทำหรือการแสดงในภาพยนตร์หรือรายการโทรทัศน์,ใช้งานหน่วยความมั่นคงเท่านั้น",1
"เพื่อการถ่ายภาพ ถ่ายทำหรือการแสดงในภาพยนตร์หรือรายการโทรทัศน์,ตรวจสอบอุปกรณ์หรือโครงสร้างในกระบวนการผลิตบนที่สูง, ตรวจสอบอุปกรณ์พลังงาน",1
"เพื่อการเล่นเป็นงานอดิเรก ความบันเทิง หรือ เพื่อการกีฬา,เพื่อการถ่ายภาพ ถ่ายทำหรือการแสดงในภาพยนตร์หรือรายการโทรทัศน์,ใช้ในงานราชการสำนักงานตำรวจแห่งชาติ",1
"เพื่อการเล่นเป็นงานอดิเรก ความบันเทิง หรือ เพื่อการกีฬา,เพื่อสำรวจและถ่ายภาพหลังคาก่อนติดตั้งโซล่าเซลส์",1
"เพื่อการเล่นเป็นงานอดิเรก ความบันเทิง หรือ เพื่อการกีฬา,เพื่อการถ่ายภาพ ถ่ายทำหรือการแสดงในภาพยนตร์หรือรายการโทรทัศน์,งานถ่ายภาพทางทหาร",1
เพื่อการตรวจสอบและบำรุงรักษาอาคาร งานถ่ายภาพทางอากาศ และการติดตั้งอุปกรณ์เพื่อการปฏิบัติงาน,1
เพื่อสำรวจ ตรวจสอบและบันทึกภาพมุมสูงของงานติดตั้งและบำรุงรักษาระบบโซลาร์เซลล์,1
"เพื่อการเล่นเป็นงานอดิเรก ความบันเทิง หรือ เพื่อการกีฬา,สำรวจแผนที่ ตามที่ได้รับอนุญาต",1
"เพื่อการถ่ายภาพ ถ่ายทำหรือการแสดงในภาพยนตร์หรือรายการโทรทัศน์,เพื่อตอบโต้เหตุไฟไหม้และป้องกันทรัพย์สินสูญหายในโรงงาน",1
รังวัดพื้นที่ประทานบัตร,1
"เพื่อการเล่นเป็นงานอดิเรก ความบันเทิง หรือ เพื่อการกีฬา,เพื่อการถ่ายภาพ ถ่ายทำหรือการแสดงในภาพยนตร์หรือรายการโทรทัศน์,ใช้ในการทำงานวัดพื้นที่ เนื่องจากบริษัททำธุรกิจเกี่ยวกับโซลาร์เซลล์",1
ใช้ในการทำงานทางทหารเท่านั้น,1
"เพื่อใช้ในการเรียนการสอน ในวิชาต่างๆ, เพื่อบันทึกภาพหรือการถ่ายทอดภาพกิจกรรม ประชาสัมพันธ์ต่างๆ",1
เพื่อใช้สำรวจและวางแผนในกิจกรรมสาธารณภัยที่เกิดขึ้นในพื้นที่,1
"เพื่อการเล่นเป็นงานอดิเรก ความบันเทิง หรือ เพื่อการกีฬา,เพื่อการถ่ายภาพ ถ่ายทำหรือการแสดงในภาพยนตร์หรือรายการโทรทัศน์,ใช้ถ่ายรูปตรวจสอบการติดตั้งหลังคา",1
"เพื่อการเล่นเป็นงานอดิเรก ความบันเทิง หรือ เพื่อการกีฬา,เพื่อการถ่ายภาพ ถ่ายทำหรือการแสดงในภาพยนตร์หรือรายการโทรทัศน์,สำรวจพื้นที่ และทำแผนที่ภาพถ่ายทางอากาศ",1
เพื่อการถ่ายภาพมุมสูงสำหรับโรงไฟฟ้าและการสำรวจพื้นที่,1
ใช้สำหรับสำรวจหน้างานถ่ายรูปหลังคาบ้าน,1
"เพื่อการเล่นเป็นงานอดิเรก ความบันเทิง หรือ เพื่อการกีฬา,เพื่อการถ่ายภาพ ถ่ายทำหรือการแสดงในภาพยนตร์หรือรายการโทรทัศน์,โปรโมตงานก่อสร้าง",1
"บินสำรวจหลังคาบ้าน,โรงงานค่ะ เป้นผู้รับเหมา",1
"เพื่อการเล่นเป็นงานอดิเรก ความบันเทิง หรือ เพื่อการกีฬา,เพื่อการถ่ายภาพ ถ่ายทำหรือการแสดงในภาพยนตร์หรือรายการโทรทัศน์,ใช้ในภาคการเกษตรเท่านั้น",1
"เพื่อการเล่นเป็นงานอดิเรก ความบันเทิง หรือ เพื่อการกีฬา,และสำรวจหลังคาเพื่อติดตั้งโซล่าร์เซลล์",1
"เพื่อการเกษตรกรรม,ถ่ายภาพหลังคา การติดโซล่าเซลล์",1
"เพื่อการเล่นเป็นงานอดิเรก ความบันเทิง หรือ เพื่อการกีฬา,ทำสื่อ",1
"เพื่อการเล่นเป็นงานอดิเรก ความบันเทิง หรือ เพื่อการกีฬา,เพื่อการถ่ายภาพ ถ่ายทำหรือการแสดงในภาพยนตร์หรือรายการโทรทัศน์,เพื่อใช้ในการถ่ายภาพที่เกี่ยวข้องกับงานก่อสร้าง",1
เพื่อใช้ในงานการประชาสัมพันธ์และงานกิจกรรมต่างๆ ของเทศบาลนครบ้านสวน,1
"เพื่อการเล่นเป็นงานอดิเรก ความบันเทิง หรือ เพื่อการกีฬา,เพื่อการถ่ายภาพ ถ่ายทำหรือการแสดงในภาพยนตร์หรือรายการโทรทัศน์,ใช้ถ่ายงานลูกค้า เล่นparasailing",1
"เพื่อการเล่นเป็นงานอดิเรก ความบันเทิง หรือ เพื่อการกีฬา,เพื่อการถ่ายภาพ ถ่ายทำหรือการแสดงในภาพยนตร์หรือรายการโทรทัศน์,เพื่อถ่ายงานสถาปัตยกรรม",1
"เพื่อการเล่นเป็นงานอดิเรก ความบันเทิง หรือ เพื่อการกีฬา,เพื่อการถ่ายภาพ ถ่ายทำหรือการแสดงในภาพยนตร์หรือรายการโทรทัศน์,ทำสื่อท่องเที่ยวในพื้นที่",1
เพื่อใช้ในภารกิจงานตรวจสอบและกำกับดูแลคลื่นความถี่ ของสำนักงาน กสทช. ภาค 3,1
"เพื่อการเล่นเป็นงานอดิเรก ความบันเทิง หรือ เพื่อการกีฬา,ถ่ายรูปบ้านตัวเอง",1
"เพื่อการเล่นเป็นงานอดิเรก ความบันเทิง หรือ เพื่อการกีฬา,เพื่อการรายงานเหตุการณ์หรือรายงานจราจร (สื่อมวลชน),เพื่อการถ่ายภาพ ถ่ายทำหรือการแสดงในภาพยนตร์หรือรายการโทรทัศน์,Survey Mapping",1
เพื่อใช้ในกิจกรมของโรงเรียน,1
เพื่อการถ่ายภาพ และวิดีโอผลงานของการทำงาน,1
"เพื่อการรายงานเหตุการณ์หรือรายงานจราจร (สื่อมวลชน),เพื่อใช้ในงานของ สถานีตำรวจภูธรเกาะสมุย",1
เพื่อการถ่ายภาพ ความก้าวหน้าของโครงการก่อสร้างทางรถไฟสายเด่นชัย-เชียงราย-เชียงของ,1
ถ่ายภาพมุมสูงประกอบการทำงานการตรวจบ้าน,1
"เพื่อการเล่นเป็นงานอดิเรก ความบันเทิง หรือ เพื่อการกีฬา,ใช้ถ่ายภาพในส่วนงานของบริษัทและอื่นๆ",1
"เพื่อการเล่นเป็นงานอดิเรก ความบันเทิง หรือ เพื่อการกีฬา,ตรวจสอบงานการทาง",1
เพื่อการถ่ายภาพและวีดีโอ,1
เพื่อสำรวจโครงการที่จะติดตั้งระบบพลังงานแสงอาทิตย์,1
"เพื่อการเล่นเป็นงานอดิเรก ความบันเทิง หรือ เพื่อการกีฬา,เพื่อการถ่ายภาพ ถ่ายทำหรือการแสดงในภาพยนตร์หรือรายการโทรทัศน์,สำรวจหน้างาน  พื้นที่หลังคา",1
"เพื่อการเล่นเป็นงานอดิเรก ความบันเทิง หรือ เพื่อการกีฬา,เพื่อการถ่ายภาพ ถ่ายทำหรือการแสดงในภาพยนตร์หรือรายการโทรทัศน์, สำรวจหน้างาน  พื้นที่หลังคา",1
"PhD research, NRCT permit number 0401/14143",1
เพื่อถ่ายภาพมุมต่างๆของโรงเรียนร่วมกับชุมชน,1
"เพื่อการเล่นเป็นงานอดิเรก ความบันเทิง หรือ เพื่อการกีฬา,ใช้ในงานคณะสงฆ์",1
"เพื่อการเล่นเป็นงานอดิเรก ความบันเทิง หรือ เพื่อการกีฬา,เพื่อการถ่ายภาพ ถ่ายทำหรือการแสดงในภาพยนตร์หรือรายการโทรทัศน์,เพื่อการวิจัย ทดลอง ทดสอบ ตามประกาศ กสทช.,้ใช้ในสื่อการเรียนการสอนชมรมของโรงเรียน",1
"เพื่อการเกษตรกรรม,ใช้ในภาคการเกษตรเท่านั้น",1
"เพื่อการเล่นเป็นงานอดิเรก ความบันเทิง หรือ เพื่อการกีฬา,เพื่อการถ่ายภาพ ถ่ายทำหรือการแสดงในภาพยนตร์หรือรายการโทรทัศน์,Holiday",1
เพื่ิอใช้ปฏิบัติภารกิจหลักของ การไฟฟ้าส่วนภูมิภาค เขต1 (ภาคเหนือ) จังหวัดเชียงใหม่,1
"เพื่อตรวจสอบพื้นที่ , การจราจรภายในเขตประกอบการฯ",1
"เพื่อการเล่นเป็นงานอดิเรก ความบันเทิง หรือ เพื่อการกีฬา,งานอดิเรก",1
"เพื่อการเล่นเป็นงานอดิเรก ความบันเทิง หรือ เพื่อการกีฬา,เพื่อการถ่ายภาพ ถ่ายทำหรือการแสดงในภาพยนตร์หรือรายการโทรทัศน์,เพื่อการตรวจสภาพเขื่อนและเก็บข้อมูลด้วยเทคโนโลยี LiDAR และกล้องความร้อน",1
ใช้ในภารกิจเทศบาลเมืองแพร่,1
"เพื่อการเล่นเป็นงานอดิเรก ความบันเทิง หรือ เพื่อการกีฬา,เพื่อการถ่ายภาพ ถ่ายทำหรือการแสดงในภาพยนตร์หรือรายการโทรทัศน์,เพื่องานกู้ภัยและค้นหา , ตรวจโซล่าเซลล์ และเสาไฟฟ้าแรงสูง",1
"เพื่อการเล่นเป็นงานอดิเรก ความบันเทิง หรือ เพื่อการกีฬา,ใช้ถ่ายรูปและวิดีโองานก่อสร้าง",1
"เพื่อการถ่ายภาพ ถ่ายทำหรือการแสดงในภาพยนตร์หรือรายการโทรทัศน์,ใช้ในภารกิจตรวจดูวัตถุต้องสงสัย ระเบิดก่อนเก็บกู้ (eod)",1
"เพื่อการถ่ายภาพ ถ่ายทำหรือการแสดงในภาพยนตร์หรือรายการโทรทัศน์,ใช้ในการทำงาน",1
ใช้ในภารกิจของหน่วยงาน,1
"เพื่อการถ่ายภาพ ถ่ายทำหรือการแสดงในภาพยนตร์หรือรายการโทรทัศน์,เพื่อใช้ในงานในหน้าที่ราชการ",1
ใช้งานสนับสนุนภารกิจด้านการปฎิบัติงานของเจ้าหน้าที่ตำรวจ ในการรักษาความสงบเรียบร้อย,1
เพื่อใช้สำรวจพื้นที่บริษัท,1
"เพื่อการถ่ายภาพ ถ่ายทำหรือการแสดงในภาพยนตร์หรือรายการโทรทัศน์,ใช้ในการทำงานเกี่ยวกับการติดตั้งระบบโซลาร์เซลล์",1
"เพื่อการถ่ายภาพ ถ่ายทำหรือการแสดงในภาพยนตร์หรือรายการโทรทัศน์,บินดูระบบ SolarCell",1
เพื่อใช้ในหน่วยงานราชการ,1
เพื่อการสำรวจรังวัดทำแผนที่ภาษี,1
"เพื่อการเล่นเป็นงานอดิเรก ความบันเทิง หรือ เพื่อการกีฬา,เพื่อการรายงานเหตุการณ์หรือรายงานจราจร (สื่อมวลชน),ภารกิจต่อต้านก่อการร้าย และ ภารกิจEOD รวมถึง ภารกิจความมั่นคงในราชอาณาจักร",1
เพื่อทำสื่อประชาสัมพันธ์ เทศบาล และสำรวจพื้นที่วางแผนยุทธศาสตร์พัฒนาเทศบาล,1
"เพื่อการถ่ายภาพ ถ่ายทำหรือการแสดงในภาพยนตร์หรือรายการโทรทัศน์,สำรวจหลังคาบ้าน และ solar cell",1
"เพื่อการเล่นเป็นงานอดิเรก ความบันเทิง หรือ เพื่อการกีฬา,คอนเทนต์ Creator Vlog ท่องเที่ยว",1
เพื่อใช้ในการถ่ายภาพโครงการภายในบริษัท,1
"เพื่อการวิจัยและพัฒนาอากาศยาน เพื่อการพาณิชย์,เพื่อการพาณิชย์",1
"เพื่อการถ่ายภาพ ถ่ายทำหรือการแสดงในภาพยนตร์หรือรายการโทรทัศน์,ใช้ในการทำงาน รีวิวสินค้า รถขุดดินรถตัดดิน สำหรับงานก่อสร้างต่างๆ",1
"เพื่อการเล่นเป็นงานอดิเรก ความบันเทิง หรือ เพื่อการกีฬา,เพื่อการรายงานเหตุการณ์หรือรายงานจราจร (สื่อมวลชน),เพื่อการถ่ายภาพ ถ่ายทำหรือการแสดงในภาพยนตร์หรือรายการโทรทัศน์,เพื่อการวิจัยและพัฒนาอากาศยาน เพื่อการพาณิชย์,เพื่อการเกษตรกรรม,เพื่อการวิจัย ทดลอง ทดสอบ ตามประกาศ กสทช.,เพื่อใช้ในการเรียนการสอน การสำรวจด้วยภาพถ่ายจากอากาศยานไร้คนขับ  และสนับสนุนภารกิจอื่น ๆ",1
"เพื่อการถ่ายภาพ ถ่ายทำหรือการแสดงในภาพยนตร์หรือรายการโทรทัศน์,ถ่ายรูปงานโซลาร์เซลล์",1
"เพื่อการเล่นเป็นงานอดิเรก ความบันเทิง หรือ เพื่อการกีฬา,รีวิวบ้านที่สร้างในมุมสูง",1
ใช้เพื่อทำความสะอาดภายนอกอาคาร สำรวจพื้นที่และจัดทำแผนที่สามมิติ,1
เพื่อใช้ดูหน้างานในการติดตั้งอุปกรณ์สำหรับงาน Solar Cell และถ่ายภาพ,1
"เพื่อการถ่ายภาพ ถ่ายทำหรือการแสดงในภาพยนตร์หรือรายการโทรทัศน์,ตรวจหลังคา solar cell",1
"เพื่อการเล่นเป็นงานอดิเรก ความบันเทิง หรือ เพื่อการกีฬา,เพื่อการถ่ายภาพ ถ่ายทำหรือการแสดงในภาพยนตร์หรือรายการโทรทัศน์,ใช้ในอุทยาน",1
"เพื่อการถ่ายภาพ ถ่ายทำหรือการแสดงในภาพยนตร์หรือรายการโทรทัศน์,ใช้ในการทำงาน ถ่ายภาพอสังหา",1
"เพื่อการเล่นเป็นงานอดิเรก ความบันเทิง หรือ เพื่อการกีฬา,เพื่อการถ่ายภาพ ถ่ายทำหรือการแสดงในภาพยนตร์หรือรายการโทรทัศน์,ถ่ายทอดสดเรือยาว และงานต่างๆ",1
"เพื่อการถ่ายภาพ ถ่ายทำหรือการแสดงในภาพยนตร์หรือรายการโทรทัศน์,ใช้ในการทำงาน ถ่ายภาพไซด์งาน",1
"เพื่อการเล่นเป็นงานอดิเรก ความบันเทิง หรือ เพื่อการกีฬา,เพื่อการถ่ายภาพ ถ่ายทำหรือการแสดงในภาพยนตร์หรือรายการโทรทัศน์,ดูหลังคาบ้านเพื่อติดโซล่าเซลล์",1
"เพื่อการถ่ายภาพ ถ่ายทำหรือการแสดงในภาพยนตร์หรือรายการโทรทัศน์,ใช้ด้านงานวิศววกรโยธา  ตรวจสอบงานโครงสร้างทั่วไป ตวจสอบงานอาคารสูง",1
เพื่อใช้ในการสำรวจโซลาร์ฟาร์ม และสำรวจหลังคาเพื่อติดตั้งโซลาร์รูฟท็อป,1
ใช้เพื่อถ่ายภาพทางอากาศและบันทึกภาพเคลื่อนไหวสำหรับงานผลิตสื่อ โฆษณา และการตลาดของบริษัท  และ อื่นๆ,1
เพื่อใช้ในการ การป้องกัน และบรรเทาสาธารณภัย และการสนับสนุนในการแก้ไขปัญหาของรัฐ,1
"เพื่อการเล่นเป็นงานอดิเรก ความบันเทิง หรือ เพื่อการกีฬา,เพื่อการถ่ายภาพ ถ่ายทำหรือการแสดงในภาพยนตร์หรือรายการโทรทัศน์,ใช้ในการทำงาน ถ่ายภาพเกี่ยวกับทำอสังหา ที่ดิน",1
"เพื่อการเล่นเป็นงานอดิเรก ความบันเทิง หรือ เพื่อการกีฬา,สำรวจโครงการก่อสร้าง",1
"เพื่อการเล่นเป็นงานอดิเรก ความบันเทิง หรือ เพื่อการกีฬา,เพื่อการถ่ายภาพ ถ่ายทำหรือการแสดงในภาพยนตร์หรือรายการโทรทัศน์,ถ่ายบ้าน ถ่ายแปลงที่ดิน เพื่อประกาศขาย",1
เพื่อทำการสำรวจ,1
ศึกษาและสำรวจ,1
"เพื่อการวิจัยและพัฒนาอากาศยาน เพื่อการพาณิชย์,ใช้เพื่อถ่ายภาพทางอากาศ รองรับการทำงานด้านชลประทาน ของสำนักงานชลประทานที่ 7",1
"เพื่อการเล่นเป็นงานอดิเรก ความบันเทิง หรือ เพื่อการกีฬา,เพื่อการถ่ายภาพ ถ่ายทำหรือการแสดงในภาพยนตร์หรือรายการโทรทัศน์,ใช้ถ่ายงานเกี่ยวกับก่อสร้าง",1
