rank,brand,model,units,combo_units,agri_units,n_raw_variants,agri_share,class,resolved_via,sample_raw,units_2017,units_2018,units_2019,units_2020,units_2021,units_2022,units_2023,units_2024,units_2025,units_2026,cum_share
1,DJI,MINI 4 PRO,16402,3987,153,32,0.009,ทั่วไป,ชื่อในช่องเอง,MT4MFVD ;; MINI 4 PRO ;; MT4MFVD / DJI MINI 4 PRO FLY MORE COMBO PLUS,0,0,0,0,0,0,1756,7004,6049,1593,0.0799
2,DJI,MINI 2,16388,2828,98,37,0.006,ทั่วไป,ถอดจากรหัส,MT2PD ;; MINI 2 ;; DJI MINI 2 FLY MORE COMBO,0,0,0,1072,6561,5334,1502,1080,631,208,0.1597
3,DJI,MINI 3 PRO,14179,0,57,18,0.004,ทั่วไป,ชื่อในช่องเอง,MT3M3VD ;; MINI 3 PRO ;; DJI MINI 3 PRO (DJI RC) (GL),0,0,0,0,0,4187,5851,2385,1338,418,0.2288
4,DJI,NEO,9720,2525,64,7,0.007,ทั่วไป,ถอดจากรหัส,DN1A0626 ;; DN1A0626 (DJI NEO FLY MORE COMBO) ;; DN1A0626 (DJI NEO (CE)),0,0,0,0,0,0,0,4526,4311,883,0.2761
5,DJI,MAVIC MINI,9154,0,36,9,0.004,ทั่วไป,ถอดจากรหัส,"MT1SD25 ;; MAVIC MINI ;; MAVIC MINI (MT1SD25,MR1SD25)",0,0,110,7606,522,236,258,228,155,39,0.3207
6,DJI,MAVIC AIR 2,8920,1,45,14,0.005,ทั่วไป,ถอดจากรหัส,MA2UE3W ;; MA2UE1N ;; MAVIC AIR 2/MA2UE1N,0,0,0,3752,3094,923,450,373,245,83,0.3642
7,DJI,MINI 2 SE,7486,1405,131,7,0.017,ทั่วไป,ถอดจากรหัส,MT2SD ;; DJI MINI 2 SE FLY MORE COMBO ;; MT2SD (DJI MINI 2 SE FLY MORE COMBO),0,0,0,0,0,0,2279,3174,1498,535,0.4007
8,DJI,MINI 3,7219,1415,92,22,0.013,ทั่วไป,ชื่อในช่องเอง,MT3PD ;; MINI 3 ;; MT3PD / DJI MINI 3 (DJI RC) (GL),0,0,0,0,0,49,1900,2354,1985,931,0.4358
9,DJI,AIR 2S,5943,1013,40,20,0.007,ทั่วไป,ถอดจากรหัส,DA2SUE1 ;; AIR 2S ;; DJI AIR 2S FLY MORE COMBO (EU),0,0,0,0,1745,2499,861,474,275,89,0.4648
10,DJI,NEO 2,4686,679,16,9,0.003,ทั่วไป,ถอดจากรหัส,DEN225 ;; DEN225/DJI NEO 2 FLY MORE COMBO ;; NEO 2,0,0,0,0,0,0,0,0,1381,3305,0.4876
11,DJI,FLIP,4629,1348,38,13,0.008,ทั่วไป,ถอดจากรหัส,DF1A0424 ;; DF1A0424 / DJI FLIP FLY MORE COMBO (DJI RC 2) (GL) ;; DF1A0424 / DJI FLIP (GL),0,0,0,0,0,0,0,0,3670,959,0.5101
12,DJI,AIR 3,4350,1743,51,14,0.012,ทั่วไป,ชื่อในช่องเอง,EB3WBC ;; EB3WBC / DJI AIR 3 FLY MORE COMBO (DJI RC 2) ;; DJI AIR 3 FLY MORE COMBO (DJI RC 2),0,0,0,0,0,0,1260,2382,532,176,0.5313
13,DJI,AGRAS T20P,4095,0,4069,3,0.994,เกษตร,ชื่อในช่องเอง,AGRAS T20P ;; AGRAS T20P (3WWDZ-20A) ;; AG T20P,0,0,0,0,0,710,1684,765,633,303,0.5513
14,DJI,MINI 5 PRO,4054,1478,21,12,0.005,ทั่วไป,ชื่อในช่องเอง,MT5MFND / (DJI MINI 5 PRO) ;; MT5MFND / DJI MINI 5 PRO FLY MORE COMBO PLUS (DJI RC2) ;; MINI 5 PRO,0,0,0,0,0,0,0,0,1755,2299,0.571
15,DJI,MAVIC AIR,3946,0,2,4,0.001,ทั่วไป,ชื่อในช่องเอง,MAVIC AIR ;; MAVIC AIR (U11X) ;; DJI MAVIC AIR,4,1574,1989,65,27,57,98,81,47,4,0.5903
16,DJI,MAVIC PRO,3922,0,8,5,0.002,ทั่วไป,ชื่อในช่องเอง,MAVIC PRO ;; MAVIC PRO (M1P) ;; MAVIC PRO (EU),1749,1107,562,131,78,86,82,75,40,12,0.6094
17,DJI,AIR 3S,3861,1380,43,17,0.011,ทั่วไป,ถอดจากรหัส,CZ3SCL ;; CZ3SCL / DJI AIR 3S FLY MORE COMBO (DJI RC 2) ;; CZ3SCL (DJI AIR 3S FLY MORE COMBO (DJI RC 2)),0,0,0,0,0,0,0,727,2213,921,0.6282
18,DJI,SPARK,3707,18,4,3,0.001,ทั่วไป,ชื่อในช่องเอง,SPARK ;; MM1A ;; MM1A / SPARK FLY MORE COMBO,1329,1257,942,46,18,35,35,24,19,2,0.6462
19,DJI,MINI SE,3358,947,51,16,0.015,ทั่วไป,ถอดจากรหัส,MT2SD25 ;; MT2SD25 (DJI MINI SE FLY MORE COMBO) ;; DJI MINI SE FLY MORE COMBO (D),0,0,0,0,1189,1649,328,113,63,16,0.6626
20,DJI,AVATA 2,3197,940,23,15,0.007,ทั่วไป,ถอดจากรหัส,QF3W4K ;; AVATA 2 ;; AVATA 2 FLY MORE COMBO (THREE BATTERIES),0,0,0,0,0,0,0,1327,1137,733,0.6782
21,DJI,AGRAS T25,2737,0,2713,2,0.991,เกษตร,ชื่อในช่องเอง,AGRAS T25 (3WWDZ-20B) ;; 3WWDZ-20B,0,0,0,0,0,0,0,1483,1165,89,0.6915
22,DJI,AGRAS T50,2521,0,2501,2,0.992,เกษตร,ชื่อในช่องเอง,AGRAS T50 (3WWDZ-40B) ;; 3WWDZ-40B,0,0,0,0,0,0,0,1213,1206,102,0.7038
23,DJI,AGRAS T40,2425,0,2416,2,0.996,เกษตร,ชื่อในช่องเอง,AGRAS T40 (3WWDZ-40A) ;; AGRAS T40,0,0,0,0,0,104,1022,752,371,176,0.7156
24,EHANG,GMS-300-TH,2412,0,0,1,0.0,ทั่วไป,ชื่อในช่องเอง,GMS-300-TH,0,0,0,0,0,0,1012,0,1400,0,0.7273
25,DJI,AGRAS T30,1679,0,1667,2,0.993,เกษตร,ชื่อในช่องเอง,AGRAS T30 (3WWDZ-30A) ;; AGRAS T30,0,0,0,0,142,843,221,265,168,40,0.7355
26,DJI,AGRAS T70P,1648,0,1616,2,0.981,เกษตร,ชื่อในช่องเอง,AGRAS T70P (3WWDZ-U70A) ;; 3WWDZ-U70A,0,0,0,0,0,0,0,0,685,963,0.7435
27,DJI,L1P,1561,0,8,1,0.005,ทั่วไป,ชื่อในช่องเอง,L1P,0,0,319,661,318,85,82,42,38,16,0.7511
28,DJI,MAVIC 2 PRO,1328,0,2,5,0.002,ทั่วไป,ชื่อในช่องเอง,MAVIC 2 PRO ;; MAVIC 2 PRO / L1P ;; MAVIC 2 PRO/L1P,0,92,789,31,81,69,102,88,58,18,0.7576
29,DJI,MINI 4K,1299,515,8,16,0.006,ทั่วไป,ชื่อในช่องเอง,MINI 4K ;; MT2SDCE (DJI MINI 4K FLY MORE COMBO (GL)) ;; MT2SD (DJI MINI 4K (GL)),0,0,0,0,0,0,0,194,719,386,0.7639
30,DJI,AGRAS T25P,1245,0,1234,3,0.991,เกษตร,ถอดจากรหัส,3WWDZ-20C ;; AGRAS T25P (3WWDZ-20C) ;; AGRAS T25P,0,0,0,0,0,0,0,0,463,782,0.77
31,DJI,PHANTOM 4 PRO,1233,0,1,5,0.001,ทั่วไป,ชื่อในช่องเอง,PHANTOM 4 PROFESSIONAL ;; PHANTOM 4 PRO ;; WM331A,589,306,217,56,17,12,16,9,11,0,0.776
32,CROSS STARS,CROSS STARS 3,1200,0,0,1,0.0,ทั่วไป,ชื่อในช่องเอง,CROSS STARS 3,0,0,0,0,0,0,0,1200,0,0,0.7819
33,DJI,AGRAS T10,1106,0,1097,2,0.992,เกษตร,ชื่อในช่องเอง,AGRAS T10 ;; AGRAS T10 (3WWDZ-10A),0,0,0,0,77,381,217,247,138,46,0.7872
34,DJI,U11X,1080,0,1,2,0.001,ทั่วไป,ชื่อในช่องเอง,U11X ;; U11X(CE),0,0,331,452,117,75,52,31,16,6,0.7925
35,DAMODA,DMD-M400W-V3,1032,0,0,1,0.0,ทั่วไป,ชื่อในช่องเอง,DMD-M400W-V3,0,0,0,0,0,0,0,0,1031,1,0.7975
36,DAMODA,DMD-M400W-V4,950,0,0,1,0.0,ทั่วไป,ชื่อในช่องเอง,DMD-M400W-V4,0,0,0,0,0,0,0,0,750,200,0.8022
37,STD,STD4117S,937,0,936,1,0.999,เกษตร,รหัสที่ถอดไม่ได้,STD4117S,0,0,0,70,227,350,187,10,93,0,0.8067
38,DJI,AGRAS T20,893,0,888,5,0.994,เกษตร,ชื่อในช่องเอง,AGRAS T20 (3WWDZ-15.1B) ;; AGRAS T20 ;; 3WWDZ-15.1B,0,0,0,0,529,190,63,64,39,8,0.8111
39,DJI,AGRAS T100,819,0,810,2,0.989,เกษตร,ชื่อในช่องเอง,AGRAS T100 (3WWDZ-U75A) ;; 3WWDZ-U75A,0,0,0,0,0,0,0,0,551,268,0.8151
40,DJI,AVATA 360,818,186,1,6,0.001,ทั่วไป,ถอดจากรหัส,DVN3NT ;; DVN3NT (DRONE) / RC331 (REMOTE CONTROLLER) DVN3NT / DJI AVATA 360 FLY MORE COMBO (DJI RC 2) ;; DJI AVATA 360 FLY MORE COMBO (DJI RC 2) [DVN3NT(AIRCRAFT)/RC331 (REMOTE CONTROLLER)],0,0,0,0,0,0,0,0,0,818,0.819
41,FIMI,MINI 3,769,0,4,2,0.005,ทั่วไป,ชื่อในช่องเอง,MINI 3 ;; MINI3,0,0,0,0,0,0,0,2,766,1,0.8228
42,NAC DRONE,EASY3,764,0,760,1,0.995,เกษตร,ชื่อในช่องเอง,EASY3,0,0,0,62,248,205,64,13,81,91,0.8265
43,DJI,PHANTOM 4,726,0,2,1,0.003,ทั่วไป,ชื่อในช่องเอง,PHANTOM 4,446,188,33,31,10,8,5,2,3,0,0.83
44,DJI,PHANTOM 3 PRO,699,0,3,1,0.004,ทั่วไป,ชื่อในช่องเอง,PHANTOM 3 PROFESSIONAL,485,166,26,13,4,3,1,1,0,0,0.8335
45,DJI,FD1W4K,695,27,3,2,0.004,ทั่วไป,รหัสที่ถอดไม่ได้,FD1W4K ;; FD1W4K / DJI FPV COMBO,0,0,0,0,372,220,62,24,15,2,0.8368
46,DJI,MAVIC 3 CLASSIC,650,0,8,8,0.012,ทั่วไป,ชื่อในช่องเอง,DJI MAVIC 3 CLASSIC (DJI RC)(EU) ;; MAVIC 3 CLASSIC ;; DJI MAVIC 3 CLASSIC (EU),0,0,0,0,0,54,269,157,145,25,0.84
47,HOVERAIR,ZZ-H-1-001,641,0,2,1,0.003,ทั่วไป,ชื่อในช่องเอง,ZZ-H-1-001,0,0,0,0,0,0,0,499,117,25,0.8431
48,DJI,AVATA,632,330,1,7,0.002,ทั่วไป,ชื่อในช่องเอง,AVATA ;; DJI AVATA PRO-VIEW COMBO (DJI GOGGLES 2) ;; DJI AVATA PRO-VIEW COMBO (DJI RC MOTION 2),0,0,0,0,0,125,231,225,36,15,0.8462
49,DJI,MAVIC 3,621,226,0,11,0.0,ทั่วไป,ชื่อในช่องเอง,MAVIC 3 ;; DJI MAVIC 3 FLY MORE COMBO (EU) ;; L2A / MAVIC 3 FLY MORE COMBO (EU),0,0,0,0,21,189,201,106,67,37,0.8492
50,DJI,PHANTOM 3 STANDARD,619,0,0,2,0.0,ทั่วไป,ชื่อในช่องเอง,PHANTOM 3 STANDARD ;; PHANTOM 3 STANDARD (CN),434,166,6,8,5,0,0,0,0,0,0.8522
51,DJI,MAVIC 3 PRO,591,214,2,15,0.003,ทั่วไป,ชื่อในช่องเอง,MAVIC 3 PRO ;; DJI MAVIC 3 PRO FLY MORE COMBO(DJI RC) ;; L2S / DJI MAVIC 3 PRO FLY MORE COMBO(DJI RC),0,0,0,0,0,5,108,222,178,78,0.8551
52,DJI,MG-1P,585,0,582,3,0.995,เกษตร,ชื่อในช่องเอง,MG-1P ;; MG-1P(TH) ;; MG-1P (TH),0,0,0,0,374,64,112,32,1,2,0.858
53,NAC DRONE,EASY,555,0,550,1,0.991,เกษตร,ชื่อในช่องเอง,EASY,0,0,0,0,60,131,52,101,140,71,0.8607
54,EMO,HG-B03,550,0,0,1,0.0,ทั่วไป,ชื่อในช่องเอง,HG-B03,0,0,0,0,0,0,0,0,0,550,0.8634
55,DJI,QF2W4K,543,0,4,1,0.007,ทั่วไป,รหัสที่ถอดไม่ได้,QF2W4K,0,0,0,0,0,140,264,104,25,10,0.866
56,DJI,L2S,519,0,2,1,0.004,ทั่วไป,ชื่อในช่องเอง,L2S,0,0,0,0,0,0,141,212,127,39,0.8685
57,NAC DRONE,NT10,516,0,516,1,1.0,เกษตร,รหัสที่ถอดไม่ได้,NT10,0,0,3,251,131,100,20,2,8,1,0.871
58,DJI,M1X,514,0,1,1,0.002,ทั่วไป,ชื่อในช่องเอง,M1X,0,0,125,318,24,12,18,12,5,0,0.8735
59,DJI,L1Z,507,0,3,1,0.006,ทั่วไป,ชื่อในช่องเอง,L1Z,0,1,79,229,123,36,14,13,8,4,0.876
60,DJI,L2C,482,0,9,1,0.019,ทั่วไป,ชื่อในช่องเอง,L2C,0,0,0,0,0,91,275,76,23,17,0.8784
61,AG,AGRAS T20P,475,0,474,3,0.998,เกษตร,ชื่อในช่องเอง,AG T20P ;; T20P ;; AGRAS T20P,0,0,0,0,0,119,203,63,74,16,0.8807
62,DJI,L2A,475,0,4,1,0.008,ทั่วไป,ชื่อในช่องเอง,L2A,0,0,0,0,60,288,71,22,24,10,0.883
63,DJI,PHANTOM 3 ADV,462,0,1,1,0.002,ทั่วไป,ชื่อในช่องเอง,PHANTOM 3 ADVANCED,299,143,10,9,1,0,0,0,0,0,0.8852
64,DJI,MAVIC 3 THERMAL,462,0,3,1,0.006,ทั่วไป,ชื่อในช่องเอง,MAVIC 3 THERMAL,0,0,0,0,0,1,78,221,143,19,0.8875
65,MG,MG-1,404,0,399,1,0.988,เกษตร,ชื่อในช่องเอง,MG-1,0,0,52,243,90,11,2,1,5,0,0.8895
66,DJI,MAVIC 2 ZOOM,403,0,0,3,0.0,ทั่วไป,ชื่อในช่องเอง,MAVIC 2 ZOOM ;; MAVIC 2 ZOOM / L1Z ;; L1Z / MAVIC 2 ZOOM,0,36,276,0,14,21,26,18,11,1,0.8914
67,NAC DRONE,EASY2,400,0,400,1,1.0,เกษตร,ชื่อในช่องเอง,EASY2,0,0,0,84,240,40,26,3,7,0,0.8934
68,KASET GEN-Y,GCS-9+,387,0,383,1,0.99,เกษตร,ชื่อในช่องเอง,GCS-9+,0,0,0,0,0,0,0,147,197,43,0.8953
69,AG,T16,364,0,364,1,1.0,เกษตร,ชื่อในช่องเอง,T16/20,0,0,0,0,289,27,14,8,25,1,0.897
70,DJI,L3B,359,0,4,1,0.011,ทั่วไป,ชื่อในช่องเอง,L3B,0,0,0,0,0,0,0,0,259,100,0.8988
71,HUBSAN,ZINO,355,0,0,4,0.0,ทั่วไป,ชื่อในช่องเอง,ZINO ;; ZINO(H117S)+HT016 ;; ZINO(H117S)+HT016 PORTABLE VERSION,0,1,138,203,10,2,0,0,1,0,0.9005
72,POLADRONE,MIST MAX,351,0,348,1,0.991,เกษตร,ชื่อในช่องเอง,MIST MAX,0,0,0,0,0,0,0,53,268,30,0.9022
73,BUG AWAY,BA10L,349,0,347,1,0.994,เกษตร,รหัสที่ถอดไม่ได้,BA10L,0,4,70,108,133,25,5,1,3,0,0.9039
74,DJI,PHANTOM 4 PRO V2.0,347,0,3,4,0.009,ทั่วไป,ถอดจากรหัส,WM331S ;; WM331S / PHANTOM 4 PRO V2.0 ;; PHANTOM 4 PRO V2.0,0,0,20,170,112,18,11,9,3,4,0.9056
75,STD,STD6117S,332,0,332,1,1.0,เกษตร,รหัสที่ถอดไม่ได้,STD6117S,0,0,0,63,137,108,12,0,12,0,0.9072
76,DJI,NEO MOTION,324,324,3,1,0.009,ทั่วไป,ชื่อในช่องเอง,DN1A0626 (DJI NEO MOTION FLY MORE COMBO),0,0,0,0,0,0,0,67,187,70,0.9088
77,AG,AGRAS T40,309,0,308,3,0.997,เกษตร,ชื่อในช่องเอง,T40 ;; AG T40 ;; AGRAS T40,0,0,0,0,0,8,144,88,59,10,0.9103
78,GEOSCAN,SALUTE,280,0,0,1,0.0,ทั่วไป,ชื่อในช่องเอง,SALUTE,0,0,0,0,0,280,0,0,0,0,0.9117
79,DJI,MAVIC 4 PRO,259,65,0,7,0.0,ทั่วไป,ชื่อในช่องเอง,MAVIC 4 PRO ;; L3A (DJI MAVIC 4 PRO FLY MORE COMBO(DJI RC 2)) ;; L3A (DJI MAVIC 4 PRO),0,0,0,0,0,0,0,2,141,116,0.9129
80,ประกอบเอง,(ไม่ระบุ),240,0,3,1,0.012,ทั่วไป,ว่าง,-,109,127,4,0,0,0,0,0,0,0,0.9141
81,FN-CONCEPT,ULTRA-X,231,0,231,1,1.0,เกษตร,ชื่อในช่องเอง,ULTRA-X,0,0,0,0,0,0,0,45,183,3,0.9152
82,DJI,MAVIC 3 ENTERPRISE,223,0,2,2,0.009,ทั่วไป,ชื่อในช่องเอง,MAVIC 3 ENTERPRISE ;; MAVIC 3 ENTERPRISE (M3E),0,0,0,0,0,3,45,94,62,19,0.9163
83,AG,AGRAS T30,217,0,217,3,1.0,เกษตร,ชื่อในช่องเอง,T30 ;; AG T30 ;; AGRAS T30,0,0,0,0,51,122,27,3,12,2,0.9174
84,DJI,MATRICE 4E,215,0,4,1,0.019,ทั่วไป,ชื่อในช่องเอง,MATRICE 4E,0,0,0,0,0,0,0,0,124,91,0.9184
85,XAG,P100 PRO,214,0,211,2,0.986,เกษตร,ถอดจากรหัส,3WWDZ-50AT ;; P100 PRO (3WWDZ-50AT),0,0,0,0,0,0,0,105,80,29,0.9195
86,DJI,DGP14D,207,207,3,2,0.014,ทั่วไป,รหัสที่ถอดไม่ได้,DJI LITO X1 FLY MORE COMBO PLUS (DJI RC 2) [DGP14D (AIRCRAFT) / RC331 (REMOTE CONTROLLER)] ;; DJI LITO X1 FLY MORE COMBO PLUS (DJI RC2) [DGP14D(AIRCRAFT)/RC331(REMOTE CONTROLLER)],0,0,0,0,0,0,0,0,0,207,0.9205
87,DJI,PHANTOM 4 ADV,195,0,0,1,0.0,ทั่วไป,ชื่อในช่องเอง,PHANTOM 4 ADVANCED,75,72,45,1,1,0,1,0,0,0,0.9214
88,HG ROBOTICS,TGD1X-MAX,192,0,187,1,0.974,เกษตร,ชื่อในช่องเอง,TGD1X-MAX,0,0,0,0,0,4,12,130,37,9,0.9224
89,DJI,DGP14C,188,161,1,7,0.005,ทั่วไป,รหัสที่ถอดไม่ได้,DJI LITO X1 FLY MORE COMBO (DJI RC 2) [DGP14C (AIRCRAFT) / RC331 (REMOTE CONTROLLER)] ;; DJI LITO X1 FLY MORE COMBO (DJI RC2) [DGP14C(AIRCRAFT)/RC331(REMOTE CONTROLLER)] ;; DJI LITO X1 FLY MORE COMBO (DJI RC-N3) [DGP14C (AIRCRAFT)/RC151 (REMOTE CONTROLLER)],0,0,0,0,0,0,0,0,0,188,0.9233
90,AUTEL ROBOTICS,EVO II DUAL 640T ENTERPRISE V3,185,0,0,1,0.0,ทั่วไป,ชื่อในช่องเอง,EVO II DUAL 640T ENTERPRISE V3,0,0,0,0,0,0,0,0,185,0,0.9242
91,HG ROBOTICS,TGD1XV,176,0,162,1,0.92,เกษตร,รหัสที่ถอดไม่ได้,TGD1XV,0,0,19,70,49,19,9,5,5,0,0.925
92,DJI,DGN12C,173,102,3,5,0.017,ทั่วไป,รหัสที่ถอดไม่ได้,DJI LITO 1 FLY MORE COMBO (DJI RC -N3) [DGN12C (AIRCRAFT)/RC151 (REMOTE CONTROLLER)] ;; DJI LITO 1 FLY MORE COMBO (DJI RC-N3) [DGN12C(AIRCRAFT)/RC151(REMOTE CONTROL)] ;; DJI LITO 1 [DGN12C (AIRCRAFT)/RC151 (REMOTE CONTROLLER)],0,0,0,0,0,0,0,0,0,173,0.9259
93,DJI,PHANTOM 4 RTK,171,0,16,11,0.094,ทั่วไป,ชื่อในช่องเอง,WM334R ;; PHANTOM 4 RTK ;; WM334R / PHANTOM 4 RTK,0,0,3,35,33,65,28,4,2,1,0.9267
94,DJI,INSPIRE 1,168,0,1,1,0.006,ทั่วไป,ชื่อในช่องเอง,INSPIRE 1,115,33,9,10,0,0,0,0,1,0,0.9275
95,HUBSAN,ZINO PRO+,159,0,0,1,0.0,ทั่วไป,ชื่อในช่องเอง,ZINO PRO+,0,0,0,19,136,2,2,0,0,0,0.9283
96,AUTEL ROBOTICS,EVO II PRO,159,0,1,1,0.006,ทั่วไป,ชื่อในช่องเอง,EVO II PRO,0,0,0,25,52,60,16,5,1,0,0.9291
97,DJI,FPV,152,43,0,4,0.0,ทั่วไป,ชื่อในช่องเอง,FPV ;; DJI FPV COMBO ;; DJI FPV,0,0,0,0,17,36,51,31,14,3,0.9298
98,HUBSAN,ZINO MINI PRO,152,0,1,2,0.007,ทั่วไป,ชื่อในช่องเอง,"ZINO MINI PRO ;; ZINO MINI PRO (DRONE) , HT018F (REMOTE)",0,0,0,0,62,68,19,3,0,0,0.9306
99,DRONE THAI,DT410,151,0,107,1,0.709,เกษตร,รหัสที่ถอดไม่ได้,DT410,0,0,0,0,25,12,8,48,47,11,0.9313
100,XAG,3WWDZ-30AT,142,0,142,1,1.0,เกษตร,รหัสที่ถอดไม่ได้,3WWDZ-30AT,0,0,0,0,0,0,0,0,121,21,0.932
101,DJI,PHANTOM 2,140,0,0,1,0.0,ทั่วไป,ชื่อในช่องเอง,PHANTOM 2,81,59,0,0,0,0,0,0,0,0,0.9327
102,AUTEL ROBOTICS,EVO LITE ENTERPRISE 6K,140,0,0,1,0.0,ทั่วไป,ชื่อในช่องเอง,EVO LITE ENTERPRISE 6K,0,0,0,0,0,0,0,0,102,38,0.9333
103,XAG,P100,137,0,134,2,0.978,เกษตร,ชื่อในช่องเอง,P100 (3WWDZ-40AT) ;; P100(3WWDZ-40AT),0,0,0,0,0,0,29,74,32,2,0.934
104,DJI,M1P,136,0,1,1,0.007,ทั่วไป,ชื่อในช่องเอง,M1P,1,0,30,49,33,9,6,2,3,3,0.9347
105,DJI,L3A,136,0,1,1,0.007,ทั่วไป,ชื่อในช่องเอง,L3A,0,0,0,0,0,0,0,0,81,55,0.9353
106,BUG AWAY,BA15L,134,0,134,1,1.0,เกษตร,รหัสที่ถอดไม่ได้,BA15L,0,0,8,24,97,3,1,0,1,0,0.936
107,HUBSAN,ZINO PRO,131,0,0,1,0.0,ทั่วไป,ชื่อในช่องเอง,ZINO PRO,1,0,6,121,2,0,0,1,0,0,0.9366
108,DJI,MAVIC PRO PLATINUM,126,0,1,2,0.008,ทั่วไป,ชื่อในช่องเอง,MAVIC PRO PLATINUM ;; MAVIC PRO PLATINUM (EU),2,26,29,5,22,11,9,14,7,1,0.9372
109,เจ้าเอี้ยง,A616-02A,125,0,110,1,0.88,เกษตร,ชื่อในช่องเอง,A616-02A,0,0,0,0,0,25,38,56,2,4,0.9379
110,MAKER DRONE,MD620,124,0,124,1,1.0,เกษตร,รหัสที่ถอดไม่ได้,MD620,0,0,0,0,0,34,25,28,36,1,0.9385
111,DJI,INSPIRE 2,124,0,0,5,0.0,ทั่วไป,ชื่อในช่องเอง,INSPIRE 2 ;; INSPIRE 2/ T650A ;; INSPIRE 2 / T650A,28,20,23,12,9,15,6,4,6,1,0.9391
112,DJI,MATRICE 300 RTK,117,0,3,7,0.026,ทั่วไป,ชื่อในช่องเอง,MATRICE 300 RTK ;; M300 / MATRICE 300 RTK ;; M300 (MATRICE 300 RTK),0,0,0,5,18,41,30,8,11,4,0.9396
113,DJI,AGRAS T16,117,0,117,7,1.0,เกษตร,ชื่อในช่องเอง,AGRAS T16(TH) ;; 3WWDZ-15A(TH) ;; 3WWDZ-15A / AGRAS T16(TH),0,0,0,19,50,26,20,1,0,1,0.9402
114,DJI,MATRICE 4T,116,0,0,1,0.0,ทั่วไป,ชื่อในช่องเอง,MATRICE 4T,0,0,0,0,0,0,0,0,69,47,0.9408
115,TIGERDRONE,TGD1X-MAX,113,0,111,1,0.982,เกษตร,ชื่อในช่องเอง,TGD1X-MAX,0,0,0,0,0,0,0,23,87,3,0.9413
116,DJI,AIR2S,112,0,0,2,0.0,ทั่วไป,รหัสที่ถอดไม่ได้,AIR2S ;; DJI AIR2S,0,0,0,0,4,23,43,13,25,4,0.9419
117,DRONE THAI,DT416,112,0,111,1,0.991,เกษตร,รหัสที่ถอดไม่ได้,DT416,0,0,0,0,14,65,32,0,1,0,0.9424
118,DJI,AVATA 360 MOTION,111,111,0,4,0.0,ทั่วไป,ชื่อในช่องเอง,DVN3NT(DRONE) / TKGSM(REMOTE CONTROLLER) / DJI AVATA 360 MOTION FLY MORE COMBO (DJI GOGGLES N3) ;; DJI AVATA 360 MOTION FLY MORE COMBO (DJI GOGGLES N3) [DVN3NT(AIRCRAFT)/TKMO3 (REMOTE CONTROLLER)/TKG ;; DJI AVATA 360 MOTION FLY MORE COMBO (DJI GOGGLES N3,0,0,0,0,0,0,0,0,0,111,0.9429
119,KASET GEN-Y,GCS-9 3 ลิตร,110,0,109,1,0.991,เกษตร,ชื่อในช่องเอง,GCS-9 3 ลิตร,0,0,0,0,76,27,0,3,4,0,0.9435
120,DJI,DJT20,107,0,107,1,1.0,เกษตร,รหัสที่ถอดไม่ได้,DJT20,0,0,0,0,93,5,5,1,0,3,0.944
121,FIMI,X8 MINI,106,0,2,1,0.019,ทั่วไป,ชื่อในช่องเอง,X8 MINI,0,0,0,0,22,34,33,11,5,1,0.9445
122,DJI,L2P,104,0,0,1,0.0,ทั่วไป,ชื่อในช่องเอง,L2P,0,0,0,0,10,58,24,5,3,4,0.945
123,DJI,MINI SE FLY,104,104,1,2,0.01,ทั่วไป,ชื่อในช่องเอง,MT2SD25 / DJI MINI SE FLY COMBO ;; MT2SD25/DJI MINI SE FLY COMBO,0,0,0,0,15,87,1,0,1,0,0.9455
124,DJI,PHANTOM 4 PROFESSIONAL PLUS,104,0,0,1,0.0,ทั่วไป,ชื่อในช่องเอง,PHANTOM 4 PROFESSIONAL PLUS,12,34,58,0,0,0,0,0,0,0,0.946
125,DJI,MATRICE 350 RTK,100,0,1,3,0.01,ทั่วไป,ชื่อในช่องเอง,MATRICE 350 RTK ;; MATRICE 350 RTK (TH) / (M350 RTK TH) ;; MATRICE 350 RTK (TH)/(M350 RTK TH),0,0,0,0,0,0,11,26,56,7,0.9465
126,BLUE STAR,B1,100,0,0,1,0.0,ทั่วไป,ชื่อในช่องเอง,B1,0,0,0,0,0,0,0,100,0,0,0.947
127,SJRC,F11 4K PRO,99,0,1,1,0.01,ทั่วไป,ชื่อในช่องเอง,F11 4K PRO,0,0,0,0,89,8,1,1,0,0,0.9475
128,HOVERAIR,X1 PRO MAX (MODEL ZZ-H-1-004),96,0,0,1,0.0,ทั่วไป,ชื่อในช่องเอง,X1 PRO MAX (MODEL ZZ-H-1-004),0,0,0,0,0,0,0,2,81,13,0.948
129,GOPRO,KARMA,94,0,0,1,0.0,ทั่วไป,ชื่อในช่องเอง,KARMA,15,26,49,1,1,0,0,0,2,0,0.9484
130,DJI,MAVIC MINI 3 PRO,92,0,0,1,0.0,ทั่วไป,ชื่อในช่องเอง,MAVIC MINI 3 PRO,0,0,0,0,0,12,37,35,6,2,0.9489
131,AG,AGRAS T10,92,0,92,2,1.0,เกษตร,ชื่อในช่องเอง,T10 ;; AGRAS T10,0,0,0,0,36,40,4,2,8,2,0.9493
132,AUTEL ROBOTICS,EVO II,90,0,0,1,0.0,ทั่วไป,ชื่อในช่องเอง,EVO II,0,0,0,66,22,2,0,0,0,0,0.9498
133,PARROT,ANAFI,90,0,1,1,0.011,ทั่วไป,ชื่อในช่องเอง,ANAFI,0,3,15,16,14,15,8,16,3,0,0.9502
134,DJI,M4T,89,0,2,1,0.022,ทั่วไป,ชื่อในช่องเอง,M4T,0,0,0,0,0,0,0,0,0,89,0.9506
135,DJI,SPARKFLYMORE ALPINE WHITE,89,89,0,1,0.0,ทั่วไป,ชื่อในช่องเอง,SPARKFLYMORE COMBO (EU) ALPINE WHITE,0,1,17,31,17,7,9,3,2,2,0.9511
136,DJI,TELLO,89,0,0,1,0.0,ทั่วไป,ชื่อในช่องเอง,TELLO,0,33,53,0,1,1,0,0,1,0,0.9515
137,SB1,M410,88,0,85,1,0.966,เกษตร,ชื่อในช่องเอง,M410,0,2,22,37,27,0,0,0,0,0,0.9519
138,DJI,NEO 2 MOTION,86,86,0,2,0.0,ทั่วไป,ชื่อในช่องเอง,"DEN225, TKMO3 / DJI NEO 2 MOTION FLY MORE COMBO ;; DJI NEO 2 MOTION FLY MORE COMBO [DEN225 (AIRCRAFT) /TKM03 (REMOTE CONTROLLER) /TKGSM (GOGGLES)",0,0,0,0,0,0,0,0,0,86,0.9523
139,HUBSAN,H501S,85,0,0,1,0.0,ทั่วไป,ชื่อในช่องเอง,H501S,35,18,29,3,0,0,0,0,0,0,0.9528
140,AGRI-MASTER,QHX-10L,84,0,59,1,0.702,เกษตร,ชื่อในช่องเอง,QHX-10L,0,0,28,41,5,5,1,0,4,0,0.9532
141,POTENSIC,ATOM,83,0,0,1,0.0,ทั่วไป,ชื่อในช่องเอง,ATOM,0,0,0,0,0,0,1,44,31,7,0.9536
142,TELLO,TLW004,83,0,0,1,0.0,ทั่วไป,รหัสที่ถอดไม่ได้,TLW004,0,0,2,14,17,28,21,1,0,0,0.954
143,DJI,SPARKFLYMORE SUNRISE YELLOW,82,82,0,1,0.0,ทั่วไป,ชื่อในช่องเอง,SPARKFLYMORE COMBO (EU) SUNRISE YELLOW,0,0,33,39,6,1,1,2,0,0,0.9544
144,DJI,MINI3 PRO,81,0,0,2,0.0,ทั่วไป,ชื่อในช่องเอง,MINI3 PRO ;; DJI MINI3 PRO,0,0,0,0,0,12,35,28,5,1,0.9548
145,DJI,MAVIC 3 M,80,0,17,1,0.212,ทั่วไป,ชื่อในช่องเอง,MAVIC 3 M,0,0,0,0,0,0,18,22,31,9,0.9552
146,FIMI,X8 SE 2022,80,0,1,1,0.012,ทั่วไป,ชื่อในช่องเอง,X8 SE 2022,0,0,0,0,0,25,47,6,2,0,0.9556
147,HOVERAIR,X1 PRO (MODEL ZZ-H-1-003),80,0,1,1,0.012,ทั่วไป,ชื่อในช่องเอง,X1 PRO (MODEL ZZ-H-1-003),0,0,0,0,0,0,0,3,70,7,0.9559
148,DJI,MAVIC PRO FLYMORE V2,79,79,0,1,0.0,ทั่วไป,ชื่อในช่องเอง,MAVIC PRO(EU) FLYMORE COMBOV2,0,0,6,18,25,14,6,10,0,0,0.9563
149,MJX,B12 EIS,77,0,0,1,0.0,ทั่วไป,ชื่อในช่องเอง,B12 EIS,0,0,0,0,58,19,0,0,0,0,0.9567
150,DJI,L2E,75,0,2,1,0.027,ทั่วไป,ชื่อในช่องเอง,L2E,0,0,0,0,0,0,24,32,15,4,0.9571
151,DJI,PHANTOM 4 MULTISPECTRAL,74,0,16,8,0.216,ทั่วไป,ถอดจากรหัส,WM336A / P4 MULTISPECTRAL ;; WM336 ;; P4 MULTISPECTRAL (WM336A),0,0,0,6,27,27,11,0,3,0,0.9574
152,HUBSAN,ZINO 2,73,0,0,1,0.0,ทั่วไป,ชื่อในช่องเอง,ZINO 2,0,0,0,67,6,0,0,0,0,0,0.9578
153,DJI,SPARKFLYMORE MEADOW GREEN,72,72,1,1,0.014,ทั่วไป,ชื่อในช่องเอง,SPARKFLYMORE COMBO (EU) MEADOW GREEN,0,0,33,31,2,3,1,1,1,0,0.9581
154,SEGUMO,SGM2016L,71,0,71,1,1.0,เกษตร,รหัสที่ถอดไม่ได้,SGM2016L,0,0,0,0,0,0,0,0,60,11,0.9585
155,AUTEL ROBOTICS,EVO,69,0,1,1,0.014,ทั่วไป,ชื่อในช่องเอง,EVO,0,0,43,23,2,0,1,0,0,0,0.9588
156,SATI,PANYA V.2-12L,69,0,69,1,1.0,เกษตร,ชื่อในช่องเอง,PANYA V.2-12L,0,0,0,8,33,26,1,1,0,0,0.9591
157,DJI,MAVIC 3 CINE,68,1,0,5,0.0,ทั่วไป,ชื่อในช่องเอง,MAVIC 3 CINE ;; MAVIC 3 CINE (L2P) ;; L2P / MAVIC 3 CINE,0,0,0,0,0,16,19,10,15,8,0.9595
158,XIRO,XPLORER V,68,0,0,1,0.0,ทั่วไป,ชื่อในช่องเอง,XPLORER V,46,19,2,0,0,0,0,0,1,0,0.9598
159,DJI,MATRICE 400,67,0,1,1,0.015,ทั่วไป,ชื่อในช่องเอง,MATRICE 400,0,0,0,0,0,0,0,0,12,55,0.9601
160,DJI,MAVIC PRO FLYMORE,64,64,0,1,0.0,ทั่วไป,ชื่อในช่องเอง,MAVIC PRO (EU) FLYMORE COMBO,0,1,10,16,12,11,5,3,6,0,0.9605
161,DJI,MAVIC 4 PRO 512GB CREATOR,63,63,0,2,0.0,ทั่วไป,ชื่อในช่องเอง,L3B (DJI MAVIC 4 PRO 512GB CREATOR COMBO(DJI RC PRO 2)) ;; DJI MAVIC 4 PRO 512GB CREATOR COMBO (DJI RC PRO 2) [L3B (AIRCRAFT)/RC520 (REMOTE CONTROLLER)],0,0,0,0,0,0,0,0,14,49,0.9608
162,AGRITECH DRONE,AG-1,61,0,61,1,1.0,เกษตร,ชื่อในช่องเอง,AG-1,0,0,0,0,17,30,0,2,11,1,0.9611
163,DJI,MATRICE 30T,61,0,0,3,0.0,ทั่วไป,ชื่อในช่องเอง,MATRICE 30T ;; M30T / MATRICE 30T ;; MATRICE 30T (M30T TRK),0,0,0,0,0,12,8,23,15,3,0.9614
164,NOVY,NV-10L,60,0,59,1,0.983,เกษตร,ชื่อในช่องเอง,NV-10L,0,0,0,3,7,49,1,0,0,0,0.9616
165,HUBSAN,ACE PRO,58,0,0,1,0.0,ทั่วไป,ชื่อในช่องเอง,ACE PRO,0,0,0,0,0,43,13,0,0,2,0.9619
166,PJ DRONE,PJ1,57,0,57,1,1.0,เกษตร,ชื่อในช่องเอง,PJ1,0,0,0,0,22,18,14,2,1,0,0.9622
167,DJI MINI 2 FLY MORE COMBO (EU),MT2PD,57,0,0,1,0.0,ทั่วไป,รหัสที่ถอดไม่ได้,MT2PD,0,0,0,0,0,53,2,2,0,0,0.9625
168,DJI,DJT30,56,0,56,1,1.0,เกษตร,รหัสที่ถอดไม่ได้,DJT30,0,0,0,0,0,52,1,1,2,0,0.9628
169,MJX,B20 EIS,56,0,0,1,0.0,ทั่วไป,ชื่อในช่องเอง,B20 EIS,0,0,0,7,40,9,0,0,0,0,0.963
170,DJI,AIR 3 S,55,0,0,1,0.0,ทั่วไป,ชื่อในช่องเอง,AIR 3 S,0,0,0,0,0,0,0,8,34,13,0.9633
171,DJI,PHANTOM 4 PRO V 2.0,54,0,0,1,0.0,ทั่วไป,ชื่อในช่องเอง,PHANTOM 4 PRO V 2.0,0,4,49,0,0,0,0,1,0,0,0.9636
172,FIMI,X8 SE 2020,54,0,0,1,0.0,ทั่วไป,ชื่อในช่องเอง,X8 SE 2020,0,0,0,0,40,3,3,5,3,0,0.9638
173,BUBBLE DRONE,BUMBLE - B,54,0,54,1,1.0,เกษตร,ชื่อในช่องเอง,BUMBLE - B,0,0,0,0,0,0,14,19,20,1,0.9641
174,DJI,AIR3,53,0,0,1,0.0,ทั่วไป,ชื่อในช่องเอง,AIR3,0,0,0,0,0,0,6,23,21,3,0.9643
175,ZHONGKE,D25 / PA DA25,53,0,53,1,1.0,เกษตร,ชื่อในช่องเอง,D25 / PA DA25,0,0,0,0,0,53,0,0,0,0,0.9646
176,DJI,MAVIC PRO PLATINUM FLYMORE,52,52,1,1,0.019,ทั่วไป,ชื่อในช่องเอง,MAVIC PRO PLATINUM FLYMORE COMBO (EU),0,0,9,19,14,7,3,0,0,0,0.9649
177,POTENSIC,ATOM SE,52,0,0,2,0.0,ทั่วไป,ชื่อในช่องเอง,ATOM SE ;; ATOM SE / DSDR048,0,0,0,0,0,0,4,27,19,2,0.9651
178,BUBBLE DRONE,BUMBLE - B2,51,0,50,1,0.98,เกษตร,ชื่อในช่องเอง,BUMBLE - B2,0,0,0,0,0,0,21,25,4,1,0.9654
179,SKY-MASTER,QH550,51,0,3,1,0.059,ทั่วไป,รหัสที่ถอดไม่ได้,QH550,0,0,0,47,0,1,1,1,1,0,0.9656
180,NAC DRONE,EASY1,48,0,48,1,1.0,เกษตร,ชื่อในช่องเอง,EASY1,0,0,0,20,26,2,0,0,0,0,0.9658
181,DJI,M4E,48,0,1,1,0.021,ทั่วไป,ชื่อในช่องเอง,M4E,0,0,0,0,0,0,0,0,0,48,0.9661
182,DJI,MAVIC PRO 2,48,0,0,2,0.0,ทั่วไป,ชื่อในช่องเอง,MAVIC PRO 2 ;; MAVIC PRO 2 / L1P,0,0,0,0,0,11,13,15,6,3,0.9663
183,POLADRONE,ORYCTES,48,0,47,1,0.979,เกษตร,ชื่อในช่องเอง,ORYCTES,0,0,0,0,0,1,18,25,4,0,0.9665
184,BUG AWAY,BA5L,47,0,45,1,0.957,เกษตร,รหัสที่ถอดไม่ได้,BA5L,0,0,21,14,11,1,0,0,0,0,0.9668
185,DJI,MAVIC 2 ENTERPRISE ADVANCED,47,0,4,4,0.085,ทั่วไป,ชื่อในช่องเอง,MAVIC 2 ENTERPRISE ADVANCED ;; L1ZE / MAVIC 2 ENTERPRISE ADVANCED ;; L1TE / MAVIC 2 ENTERPRISE ADVANCED,0,0,0,0,8,30,6,1,0,2,0.967
186,HUBSAN,H216A,46,0,0,1,0.0,ทั่วไป,ชื่อในช่องเอง,H216A,0,3,38,5,0,0,0,0,0,0,0.9672
187,NAC DRONE,NT20P,45,0,43,1,0.956,เกษตร,รหัสที่ถอดไม่ได้,NT20P,0,0,0,0,5,0,0,37,3,0,0.9674
188,DJI,3WWDSZ-10016,44,0,43,3,0.977,เกษตร,ชื่อในช่องเอง,3WWDSZ-10016 (TH) ;; 3WWDSZ-10016 ;; 3WWDSZ-10016(TH),0,0,5,21,13,3,0,0,1,1,0.9677
189,DJI,AVATA2,43,0,0,2,0.0,ทั่วไป,ชื่อในช่องเอง,AVATA2 ;; DJI AVATA2,0,0,0,0,0,0,0,14,23,6,0.9679
190,DJI,AGRAS T55,43,0,43,1,1.0,เกษตร,ชื่อในช่องเอง,AGRAS T55 (3WWDZ-U50C),0,0,0,0,0,0,0,0,0,43,0.9681
191,SWELLPRO,SPLASHDRONE 4,43,0,13,1,0.302,ทั่วไป,ชื่อในช่องเอง,SPLASHDRONE 4,0,0,0,0,0,12,11,3,11,6,0.9683
192,DJI,AIR 2 S,43,0,0,1,0.0,ทั่วไป,ชื่อในช่องเอง,AIR 2 S,0,0,0,0,3,4,4,17,15,0,0.9685
193,SATI,PANYA V.1,42,0,41,1,0.976,เกษตร,ชื่อในช่องเอง,PANYA V.1,0,0,0,40,2,0,0,0,0,0,0.9687
194,PDA,AGRAS P1TH,42,0,39,1,0.929,เกษตร,ชื่อในช่องเอง,AGRAS P1TH,0,0,0,26,13,1,0,0,2,0,0.9689
195,DJI,MINI,42,0,0,2,0.0,ทั่วไป,ชื่อในช่องเอง,MINI ;; MT2PD (MINI),0,0,0,0,1,12,12,11,3,3,0.9691
196,DJI,L1TE,42,0,0,1,0.0,ทั่วไป,ชื่อในช่องเอง,L1TE,0,0,0,0,10,25,5,1,1,0,0.9693
197,DJI,MINI 4 PRO DISPLAY UNIT,42,0,0,1,0.0,ทั่วไป,ชื่อในช่องเอง,DJI MINI 4 PRO (DJI RC 2) DISPLAY UNIT,0,0,0,0,0,0,0,0,18,24,0.9695
198,DJI,MINI 3PRO,42,0,0,2,0.0,ทั่วไป,ชื่อในช่องเอง,MINI 3PRO ;; DJI MINI 3PRO,0,0,0,0,0,8,15,15,3,1,0.9697
199,XIAOMI,FIMI X8 SE,41,0,0,1,0.0,ทั่วไป,ชื่อในช่องเอง,FIMI X8 SE,9,8,16,4,1,0,0,2,0,1,0.9699
200,FEIMA ROBOTICS,J.ME,41,0,0,1,0.0,ทั่วไป,ชื่อในช่องเอง,J.ME,7,11,23,0,0,0,0,0,0,0,0.9701
201,DJI,MINI3PRO,40,0,0,1,0.0,ทั่วไป,ชื่อในช่องเอง,MINI3PRO,0,0,0,0,0,1,14,18,6,1,0.9703
202,HUBSAN,ZINO MINI SE,40,0,1,2,0.025,ทั่วไป,ชื่อในช่องเอง,"ZINO MINI SE ;; ZINO MINI SE (DRONE), HT018F (REMOTE)",0,0,0,0,6,20,13,1,0,0,0.9705
203,XIAOMI,MI DRONE,40,0,0,1,0.0,ทั่วไป,ชื่อในช่องเอง,MI DRONE,24,13,3,0,0,0,0,0,0,0,0.9707
204,AGRAS,T16TH,40,0,39,1,0.975,เกษตร,ชื่อในช่องเอง,T16TH,0,0,0,11,25,2,1,0,0,1,0.9709
205,AUTEL ROBOTICS,EVO II PRO RTK V3,40,0,0,1,0.0,ทั่วไป,ชื่อในช่องเอง,EVO II PRO RTK V3,0,0,0,0,0,0,0,0,40,0,0.9711
206,ZHONGKE,D16 / PA D16,40,0,40,1,1.0,เกษตร,ชื่อในช่องเอง,D16 / PA D16,0,0,0,0,0,40,0,0,0,0,0.9713
207,KW AGRAS,KWT20,39,0,39,1,1.0,เกษตร,รหัสที่ถอดไม่ได้,KWT20,0,0,0,0,31,2,3,0,3,0,0.9715
208,DJI,PHANTOM4 PRO,39,0,0,1,0.0,ทั่วไป,ชื่อในช่องเอง,PHANTOM4 PRO (EU),0,0,5,12,11,5,4,0,2,0,0.9717
209,DJI,L1DE,39,0,0,1,0.0,ทั่วไป,ชื่อในช่องเอง,L1DE,0,0,3,17,16,1,0,1,1,0,0.9719
210,DJI,T650A,39,0,0,1,0.0,ทั่วไป,ชื่อในช่องเอง,T650A,0,0,7,16,7,4,1,0,0,4,0.972
211,DJI,MAVIC 2 ENTERPRISE,37,0,0,3,0.0,ทั่วไป,ชื่อในช่องเอง,MAVIC 2 ENTERPRISE ;; L1ZE/MAVIC 2 ENTERPRISE ;; L1TE / MAVIC 2 ENTERPRISE,0,0,0,5,27,1,1,2,1,0,0.9722
212,AERO DRONE,AR 11L,37,0,37,1,1.0,เกษตร,ชื่อในช่องเอง,AR 11L,0,0,0,0,0,0,0,0,37,0,0.9724
213,DJI,SPARKFLYMORE BLUE SKY,37,37,0,1,0.0,ทั่วไป,ชื่อในช่องเอง,SPARKFLYMORE COMBO (EU) BLUE SKY,0,0,16,15,4,1,0,1,0,0,0.9726
214,AGDRONE,T20TH,37,0,37,1,1.0,เกษตร,ชื่อในช่องเอง,T20TH,0,0,0,0,30,4,0,1,2,0,0.9728
215,DJI,PHANTOM 4 PRO+,36,0,1,1,0.028,ทั่วไป,ชื่อในช่องเอง,PHANTOM 4 PRO+,1,0,14,7,7,2,2,0,1,2,0.9729
216,PARROT,BEBOP 2,36,0,0,1,0.0,ทั่วไป,ชื่อในช่องเอง,BEBOP 2,18,11,6,0,0,1,0,0,0,0,0.9731
217,KASET GEN-Y,GCS-9,35,0,34,1,0.971,เกษตร,ชื่อในช่องเอง,GCS-9,0,0,0,14,20,0,1,0,0,0,0.9733
218,DJI,PHANTOM 1,34,0,0,1,0.0,ทั่วไป,ชื่อในช่องเอง,PHANTOM 1,17,17,0,0,0,0,0,0,0,0,0.9735
219,DJI,(ไม่ระบุ),34,0,0,1,0.0,ทั่วไป,ว่าง,-,16,10,6,1,0,1,0,0,0,0,0.9736
220,เจ้าเอี้ยง,NB-1B,34,0,32,1,0.941,เกษตร,ชื่อในช่องเอง,NB-1B,0,0,0,0,8,14,8,0,0,4,0.9738
221,HUBSAN,H109S,34,0,0,1,0.0,ทั่วไป,ชื่อในช่องเอง,H109S,8,15,11,0,0,0,0,0,0,0,0.974
222,DJI,AIR 2,33,0,0,1,0.0,ทั่วไป,ชื่อในช่องเอง,AIR 2,0,0,0,0,3,7,5,6,8,4,0.9741
223,DJI,MAVIC 3 CINE PREMIUM,33,33,0,3,0.0,ทั่วไป,ชื่อในช่องเอง,DJI MAVIC 3 CINE PREMIUM COMBO (EU) ;; L2P / MAVIC 3 CINE PREMIUM COMBO (EU) ;; DJI MAVIC 3 CINE PREMIUM COMBO,0,0,0,0,2,22,3,5,0,1,0.9743
224,DJI,MINI 4,32,0,0,2,0.0,ทั่วไป,ชื่อในช่องเอง,MINI 4 ;; MINI4,0,0,0,0,0,0,3,16,13,0,0.9744
225,DJI,MINI 3 DISPLAY UNIT,31,0,0,1,0.0,ทั่วไป,ชื่อในช่องเอง,DJI MINI 3 (DJI RC) DISPLAY UNIT,0,0,0,0,0,0,1,7,14,9,0.9746
226,DJI,MAVIC 2,31,0,0,1,0.0,ทั่วไป,ชื่อในช่องเอง,MAVIC 2,0,0,0,0,0,0,5,17,8,1,0.9747
227,ANTIGRAVITY,DE001,31,0,1,1,0.032,ทั่วไป,รหัสที่ถอดไม่ได้,DE001,0,0,0,0,0,0,0,0,0,31,0.9749
228,DJI,MINI4 PRO,30,0,0,2,0.0,ทั่วไป,ชื่อในช่องเอง,MINI4 PRO ;; DJI MINI4 PRO,0,0,0,0,0,0,1,16,12,1,0.975
229,TYI,TYI8-16L,30,0,27,1,0.9,เกษตร,ชื่อในช่องเอง,TYI8-16L,0,0,2,2,6,15,5,0,0,0,0.9752
230,HOVERAIR,X1,30,0,0,1,0.0,ทั่วไป,ชื่อในช่องเอง,X1,0,0,0,0,0,0,2,7,18,3,0.9753
231,FIMI,FIMI X8 SE,30,0,0,1,0.0,ทั่วไป,ชื่อในช่องเอง,FIMI X8 SE,0,0,9,19,0,2,0,0,0,0,0.9755
232,DJI,PHANTOM 3,30,0,0,1,0.0,ทั่วไป,ชื่อในช่องเอง,PHANTOM 3,17,4,2,0,1,1,1,2,2,0,0.9756
233,SJ R/C,F22S 4K PRO,29,0,2,1,0.069,ทั่วไป,ชื่อในช่องเอง,F22S 4K PRO,0,0,0,0,0,0,28,1,0,0,0.9758
234,DJI,AVATA FLY SMART,29,29,0,1,0.0,ทั่วไป,ชื่อในช่องเอง,DJI AVATA FLY SMART COMBO (DJI FPV GOGGLES V2),0,0,0,0,0,16,9,4,0,0,0.9759
235,DJI,MAVIC 2PRO,29,0,0,2,0.0,ทั่วไป,ชื่อในช่องเอง,MAVIC 2PRO/L1P ;; MAVIC 2PRO,0,0,1,13,11,0,0,1,0,3,0.976
236,SJRC,F11S 4K PRO,29,0,0,1,0.0,ทั่วไป,ชื่อในช่องเอง,F11S 4K PRO,0,0,0,0,0,24,3,1,1,0,0.9762
237,DJI,MAVIC 3 PRO CINE,28,0,0,2,0.0,ทั่วไป,ชื่อในช่องเอง,MAVIC 3 PRO CINE ;; DJI MAVIC 3 PRO CINE,0,0,0,0,0,0,2,9,9,8,0.9763
238,POTENSIC,ATOM 2,28,0,0,1,0.0,ทั่วไป,ชื่อในช่องเอง,ATOM 2,0,0,0,0,0,0,0,0,9,19,0.9765
239,AGRITECH DRONE,AG-1P,28,0,28,1,1.0,เกษตร,ชื่อในช่องเอง,AG-1P,0,0,0,0,10,7,2,0,9,0,0.9766
240,เจ้าเอี้ยง,A410-02A,28,0,26,1,0.929,เกษตร,ชื่อในช่องเอง,A410-02A,0,0,0,0,0,0,0,24,2,2,0.9767
241,DJI,NEO2,28,0,0,2,0.0,ทั่วไป,ชื่อในช่องเอง,NEO2 ;; DJI NEO2,0,0,0,0,0,0,0,0,10,18,0.9769
242,DJI,MAVIC MINI 4 PRO,28,0,0,1,0.0,ทั่วไป,ชื่อในช่องเอง,MAVIC MINI 4 PRO,0,0,0,0,0,0,2,14,11,1,0.977
243,YUNEEC,TYPHOON H,27,0,0,1,0.0,ทั่วไป,ชื่อในช่องเอง,TYPHOON H,19,7,1,0,0,0,0,0,0,0,0.9771
244,DJI,AIR3S,27,0,0,1,0.0,ทั่วไป,รหัสที่ถอดไม่ได้,AIR3S,0,0,0,0,0,0,0,6,16,5,0.9773
245,DJI,AGRAS MG-1S,27,0,23,2,0.852,เกษตร,ชื่อในช่องเอง,AGRAS MG-1S ;; 3W-DJI-8-10-015(AGRAS MG-1S),3,2,11,1,9,0,1,0,0,0,0.9774
246,SB1,RP08 4-16,27,0,27,1,1.0,เกษตร,ชื่อในช่องเอง,RP08 4-16,0,0,0,0,18,9,0,0,0,0,0.9775
247,DJI,TELLO BOOST,27,0,0,2,0.0,ทั่วไป,ชื่อในช่องเอง,TELLO BOOST (TLW004) ;; TLW004,0,0,0,0,0,20,3,4,0,0,0.9777
248,DJI,PHANTOM4 PROOBSIDIAN,27,0,0,1,0.0,ทั่วไป,ชื่อในช่องเอง,PHANTOM4 PROOBSIDIAN (EU),0,0,3,4,12,2,6,0,0,0,0.9778
249,HUBSAN,ACE 2,26,0,5,1,0.192,ทั่วไป,ชื่อในช่องเอง,ACE 2,0,0,0,0,0,0,0,26,0,0,0.9779
250,DJI,MINI4PRO,26,0,0,2,0.0,ทั่วไป,ชื่อในช่องเอง,MINI4PRO ;; DJI MINI4PRO,0,0,0,0,0,0,2,9,12,3,0.978
251,DJI,MAVIC MINI 3,26,0,0,1,0.0,ทั่วไป,ชื่อในช่องเอง,MAVIC MINI 3,0,0,0,0,0,4,4,10,7,1,0.9782
252,SEGUMO,SG10L,26,0,26,1,1.0,เกษตร,รหัสที่ถอดไม่ได้,SG10L,0,0,0,10,10,1,0,0,0,5,0.9783
253,DRONE THAI,DT616,26,0,25,1,0.962,เกษตร,รหัสที่ถอดไม่ได้,DT616,0,0,0,0,19,6,0,1,0,0,0.9784
254,DJI,MG-1P (3WWDSZ-10016),26,0,26,2,1.0,เกษตร,ชื่อในช่องเอง,MG-1P (3WWDSZ-10016) ;; MG-1P (TH) (3WWDSZ-10016),0,0,0,0,17,7,1,0,1,0,0.9785
255,DJI,3WWDSZ-10016/MG-1P,26,0,25,1,0.962,เกษตร,ชื่อในช่องเอง,3WWDSZ-10016/MG-1P(TH),0,0,0,0,25,0,0,0,1,0,0.9787
256,เจ้าเอี้ยง,A630-02A,25,0,21,1,0.84,เกษตร,ชื่อในช่องเอง,A630-02A,0,0,0,0,0,0,5,5,13,2,0.9788
257,HUBSAN,ZINO 2+,25,0,0,1,0.0,ทั่วไป,ชื่อในช่องเอง,ZINO 2+,0,0,0,0,25,0,0,0,0,0,0.9789
258,HG ROBOTICS,TGD1X-LITE,25,0,25,1,1.0,เกษตร,ชื่อในช่องเอง,TGD1X-LITE,0,0,0,0,0,1,8,12,3,1,0.979
259,DJI,MAVIC3,24,0,0,1,0.0,ทั่วไป,ชื่อในช่องเอง,MAVIC3,0,0,0,0,0,4,9,6,3,2,0.9792
260,EAVISION,EA-J150,24,0,23,1,0.958,เกษตร,ชื่อในช่องเอง,EA-J150,0,0,0,0,0,0,0,0,0,24,0.9793
261,DJI,PHANTOM4 PRO+,23,0,0,1,0.0,ทั่วไป,ชื่อในช่องเอง,PHANTOM4 PRO+ (EU),0,0,2,11,4,2,1,1,2,0,0.9794
262,DJI,MINI 2SE,23,0,0,1,0.0,ทั่วไป,ชื่อในช่องเอง,MINI 2SE,0,0,0,0,0,0,3,9,9,2,0.9795
263,BUG AWAY,B17,23,0,23,1,1.0,เกษตร,ชื่อในช่องเอง,B17,0,0,0,0,0,20,2,0,1,0,0.9796
264,MAKER DRONE,MD417,22,0,22,1,1.0,เกษตร,รหัสที่ถอดไม่ได้,MD417,0,0,0,0,0,10,10,0,2,0,0.9797
265,XAG,3WWDZ-15.2AT,22,0,22,1,1.0,เกษตร,รหัสที่ถอดไม่ได้,V40 (3WWDZ-15.2AT),0,0,0,0,0,0,11,9,1,1,0.9798
266,-,(ไม่ระบุ),22,0,8,1,0.364,ทั่วไป,ว่าง,-,3,9,8,2,0,0,0,0,0,0,0.9799
267,A4 ROBOTICS,NAM-OIL2,22,0,22,1,1.0,เกษตร,ชื่อในช่องเอง,NAM-OIL2,0,0,0,0,0,0,0,0,12,10,0.98
268,SEGUMO,SG16L,22,0,22,1,1.0,เกษตร,รหัสที่ถอดไม่ได้,SG16L,0,0,0,3,15,2,0,1,1,0,0.9801
269,DELTA,2IN1,21,0,0,1,0.0,ทั่วไป,ชื่อในช่องเอง,2IN1,0,0,0,0,0,0,0,21,0,0,0.9802
270,AUTEL ROBOTICS,NANO+,21,0,0,1,0.0,ทั่วไป,ชื่อในช่องเอง,NANO+,0,0,0,0,0,20,1,0,0,0,0.9803
271,DJI,MINI 4PRO,21,0,0,1,0.0,ทั่วไป,ชื่อในช่องเอง,MINI 4PRO,0,0,0,0,0,0,0,8,10,3,0.9805
272,DJI,MAVIC 3 THEMAL,21,0,0,1,0.0,ทั่วไป,ชื่อในช่องเอง,MAVIC 3 THEMAL,0,0,0,0,0,2,14,3,2,0,0.9806
273,DJI,MAVIC 2 ENTERPRISE DUAL,21,0,1,5,0.048,ทั่วไป,ชื่อในช่องเอง,L1DE / MAVIC 2 ENTERPRISE DUAL ;; L1DE (MAVIC 2 ENTERPRISE DUAL) ;; L1DE(MAVIC 2 ENTERPRISE DUAL),0,0,2,2,16,0,1,0,0,0,0.9807
274,DJI,P4 MULTISPECTRAL,21,0,5,1,0.238,ทั่วไป,ชื่อในช่องเอง,P4 MULTISPECTRAL,0,0,0,2,1,9,8,0,1,0,0.9808
275,AONIC,MIST 25020,21,0,21,1,1.0,เกษตร,ชื่อในช่องเอง,MIST 25020,0,0,0,0,0,0,0,0,0,21,0.9809
276,NAC DRONE,NT06P,20,0,20,1,1.0,เกษตร,รหัสที่ถอดไม่ได้,NT06P,0,0,0,0,19,1,0,0,0,0,0.981
277,DJI,DJT10,20,0,19,1,0.95,เกษตร,รหัสที่ถอดไม่ได้,DJT10,0,0,0,0,0,18,0,0,2,0,0.9811
278,AG,AG T10,20,0,19,1,0.95,เกษตร,ชื่อในช่องเอง,AG T10,0,0,0,0,0,9,7,0,3,1,0.9812
279,DJI,MAVIC 3E,20,0,0,2,0.0,ทั่วไป,ชื่อในช่องเอง,MAVIC 3E (M3E) ;; MAVIC 3E,0,0,0,0,0,1,12,7,0,0,0.9813
280,HUBSAN,ZINO 2 PLUS,20,0,0,1,0.0,ทั่วไป,ชื่อในช่องเอง,ZINO 2 PLUS,0,0,0,0,19,1,0,0,0,0,0.9813
281,DJI,SPARKFLYMORE LAVA RED,20,20,0,1,0.0,ทั่วไป,ชื่อในช่องเอง,SPARKFLYMORE COMBO (EU) LAVA RED,0,0,4,4,6,2,3,1,0,0,0.9814
282,DJI,T740,19,0,0,1,0.0,ทั่วไป,ชื่อในช่องเอง,T740,0,0,0,0,0,0,14,3,2,0,0.9815
283,DJI,INSPIRE 3,19,0,0,3,0.0,ทั่วไป,ชื่อในช่องเอง,INSPIRE 3 ;; DJI INSPIRE 3 ;; T740 / DJI INSPIRE 3,0,0,0,0,0,0,0,9,6,4,0.9816
284,DJI,MAVIC 3M,19,0,4,2,0.211,ทั่วไป,ชื่อในช่องเอง,MAVIC 3M ;; MAVIC 3M (M3M),0,0,0,0,0,0,12,4,3,0,0.9817
285,CHEERSON,CX-23,19,0,0,1,0.0,ทั่วไป,ชื่อในช่องเอง,CX-23,11,8,0,0,0,0,0,0,0,0,0.9818
286,SB1,RP08 4-10,18,0,18,1,1.0,เกษตร,ชื่อในช่องเอง,RP08 4-10,0,0,0,0,12,6,0,0,0,0,0.9819
287,DJI,4 MINI PRO,18,1,0,3,0.0,ทั่วไป,ชื่อในช่องเอง,4 MINI PRO ;; DJI 4 MINI PRO ;; 4 MINI PRO FLY MORE COMBO,0,0,0,0,0,0,1,4,11,2,0.982
288,JOUAV,CW-15,18,0,0,1,0.0,ทั่วไป,ชื่อในช่องเอง,CW-15,0,0,0,1,1,2,6,3,4,1,0.9821
289,DJI,MAVIC MINI2,18,0,0,1,0.0,ทั่วไป,ชื่อในช่องเอง,MAVIC MINI2,0,0,0,0,9,1,5,2,1,0,0.9822
290,EAVISION,3WWDZ-45A,18,0,18,1,1.0,เกษตร,รหัสที่ถอดไม่ได้,EA-J100 (3WWDZ-45A),0,0,0,0,0,0,0,2,15,1,0.9823
291,MABIN,X4,18,0,18,1,1.0,เกษตร,ชื่อในช่องเอง,X4,0,0,0,0,0,0,4,0,14,0,0.9823
292,YUNEEC,TYPHOON Q500 4K,18,0,0,1,0.0,ทั่วไป,ชื่อในช่องเอง,TYPHOON Q500 4K,16,2,0,0,0,0,0,0,0,0,0.9824
293,GEPRC,CINEBOT30,18,0,0,1,0.0,ทั่วไป,ชื่อในช่องเอง,CINEBOT30,0,0,0,0,0,0,7,7,2,2,0.9825
294,DJI,L1ZE,17,0,0,1,0.0,ทั่วไป,ชื่อในช่องเอง,L1ZE,0,0,0,9,5,0,0,2,1,0,0.9826
295,ANTIGRAVITY,A1,17,0,0,1,0.0,ทั่วไป,ชื่อในช่องเอง,A1,0,0,0,0,0,0,0,0,2,15,0.9827
296,DJI,MAVIC,17,0,0,1,0.0,ทั่วไป,ชื่อในช่องเอง,MAVIC,5,0,0,0,0,3,6,3,0,0,0.9828
297,DJI,PHANTOM4 ADVANCED,16,0,0,1,0.0,ทั่วไป,ชื่อในช่องเอง,PHANTOM4 ADVANCED (EU),0,0,3,6,4,0,2,0,1,0,0.9828
298,DJI,AGRAS MG-1P,15,0,13,1,0.867,เกษตร,ชื่อในช่องเอง,AGRAS MG-1P,4,0,9,0,0,0,0,1,1,0,0.9829
299,DJI,SPARK ALPINE WHITE,15,0,0,1,0.0,ทั่วไป,ชื่อในช่องเอง,SPARK ALPINE WHITE (EU),0,0,3,5,5,0,1,0,1,0,0.983
300,HUBSAN,ACE SE,15,0,0,1,0.0,ทั่วไป,ชื่อในช่องเอง,ACE SE,0,0,0,0,0,12,2,1,0,0,0.9831
301,FLYWOO,EXPLORER LR4,15,0,0,1,0.0,ทั่วไป,ชื่อในช่องเอง,EXPLORER LR4,0,0,0,0,0,2,5,3,5,0,0.9831
302,DJI,LITO X1,15,0,0,1,0.0,ทั่วไป,ชื่อในช่องเอง,LITO X1,0,0,0,0,0,0,0,0,0,15,0.9832
303,DJI,"L1P , RM500(CONTROLLER)",14,0,0,1,0.0,ทั่วไป,ชื่อในช่องเอง,"L1P(AIRCRAFT), RM500(CONTROLLER)",0,0,1,10,2,1,0,0,0,0,0.9833
304,AUTEL ROBOTICS,EVO NANO+,14,0,0,1,0.0,ทั่วไป,ชื่อในช่องเอง,EVO NANO+,0,0,0,0,0,6,5,2,1,0,0.9833
305,DJI MINI 2 (GL),MT2PD,14,0,0,1,0.0,ทั่วไป,รหัสที่ถอดไม่ได้,MT2PD,0,0,0,0,0,13,0,0,1,0,0.9834
306,EAGLE BROTHER,3WWDZ-12A,13,0,11,1,0.846,เกษตร,รหัสที่ถอดไม่ได้,3WWDZ-12A,0,0,7,5,0,0,1,0,0,0,0.9835
307,DJI,MATRICE 4TD,13,0,1,1,0.077,ทั่วไป,ชื่อในช่องเอง,MATRICE 4TD,0,0,0,0,0,0,0,0,4,9,0.9835
308,DJI,MATRICE 30,13,0,1,2,0.077,ทั่วไป,ชื่อในช่องเอง,MATRICE 30 ;; MATRICE 30 (M30 RTK),0,0,0,0,0,0,4,4,5,0,0.9836
309,DJI,MAVIC2PRO,13,0,1,1,0.077,ทั่วไป,ชื่อในช่องเอง,MAVIC2PRO,0,0,0,0,1,3,5,2,2,0,0.9837
310,HOVERAIR,X1 PROMAX,13,0,0,1,0.0,ทั่วไป,ชื่อในช่องเอง,X1 PROMAX,0,0,0,0,0,0,0,0,8,5,0.9837
311,CHEERSON,CX-20,13,0,0,1,0.0,ทั่วไป,ชื่อในช่องเอง,CX-20,9,4,0,0,0,0,0,0,0,0,0.9838
312,DJI,MAVIC 3 PRO CINE PREMIUM,13,13,0,1,0.0,ทั่วไป,ชื่อในช่องเอง,DJI MAVIC 3 PRO CINE PREMIUM COMBO,0,0,0,0,0,0,7,2,4,0,0.9839
313,DJI,MAVIC AIR 3,13,0,1,1,0.077,ทั่วไป,ชื่อในช่องเอง,MAVIC AIR 3,0,0,0,0,0,0,2,4,6,1,0.9839
314,SKYDROID,MX450,13,0,0,1,0.0,ทั่วไป,รหัสที่ถอดไม่ได้,MX450,0,0,0,0,0,12,1,0,0,0,0.984
315,AUTEL ROBOTICS,EVO MAX 4T & NEST,13,0,0,1,0.0,ทั่วไป,ชื่อในช่องเอง,EVO MAX 4T(TH) & NEST,0,0,0,0,0,0,0,0,13,0,0.984
316,POTENSIC,ATOM 4K,13,0,0,1,0.0,ทั่วไป,ชื่อในช่องเอง,ATOM 4K,0,0,0,0,0,0,0,5,8,0,0.9841
317,DJI,M3T,13,0,0,1,0.0,ทั่วไป,ชื่อในช่องเอง,M3T,0,0,0,0,0,3,6,4,0,0,0.9842
318,A4 ROBOTICS,NAM-OIL,12,0,0,1,0.0,ทั่วไป,ชื่อในช่องเอง,NAM-OIL,0,0,0,0,0,0,0,12,0,0,0.9842
319,ZEROTECH,DOBBY,12,0,0,1,0.0,ทั่วไป,ชื่อในช่องเอง,DOBBY,6,4,2,0,0,0,0,0,0,0,0.9843
320,CHCNAV,P330 PRO,12,0,1,1,0.083,ทั่วไป,ชื่อในช่องเอง,P330 PRO,0,0,0,0,0,4,6,1,1,0,0.9843
321,DJI,M3E,12,0,2,1,0.167,ทั่วไป,ชื่อในช่องเอง,M3E,0,0,0,0,0,1,9,2,0,0,0.9844
322,TIGERDRONE,TGD2,12,0,11,1,0.917,เกษตร,ชื่อในช่องเอง,TGD2,0,0,0,0,0,0,5,7,0,0,0.9845
323,AUTEL ROBOTICS,NANO,12,0,1,1,0.083,ทั่วไป,ชื่อในช่องเอง,NANO,0,0,0,0,0,12,0,0,0,0,0.9845
324,DJI,MAVIC 3T,12,0,1,3,0.083,ทั่วไป,ชื่อในช่องเอง,MAVIC 3T (M3T) ;; DJI MAVIC 3T (M3T) ;; MAVIC 3T,0,0,0,0,0,2,10,0,0,0,0.9846
325,DJI,MINI2 SE,12,0,0,2,0.0,ทั่วไป,ชื่อในช่องเอง,MINI2 SE ;; DJI MINI2 SE,0,0,0,0,0,0,1,10,1,0,0.9846
326,DJI,M200 V2,11,0,0,1,0.0,ทั่วไป,ชื่อในช่องเอง,M200 V2,0,0,0,11,0,0,0,0,0,0,0.9847
327,JOUAV,CW-007,11,0,0,1,0.0,ทั่วไป,ชื่อในช่องเอง,CW-007,0,0,0,3,3,0,0,2,3,0,0.9847
328,AERO DRONE,AR-11L,11,0,11,1,1.0,เกษตร,ชื่อในช่องเอง,AR-11L,0,0,0,0,0,0,0,0,11,0,0.9848
329,DJI,AVATAR,11,0,0,1,0.0,ทั่วไป,ชื่อในช่องเอง,AVATAR,0,0,0,0,0,0,11,0,0,0,0.9849
330,DJI,MAGIC AIR 2,11,0,0,1,0.0,ทั่วไป,ชื่อในช่องเอง,MAGIC AIR 2,0,0,0,0,0,0,3,5,3,0,0.9849
331,DJI,MAVIC 3 MULTISPECTRAL,11,0,2,1,0.182,ทั่วไป,ชื่อในช่องเอง,MAVIC 3 MULTISPECTRAL (TH) / (M3M TH),0,0,0,0,0,0,0,6,5,0,0.985
332,DJI,MAVIC AIR 2 S,11,0,0,2,0.0,ทั่วไป,ชื่อในช่องเอง,MAVIC AIR 2 S ;; DJI MAVIC AIR 2 S,0,0,0,0,0,1,3,5,2,0,0.985
333,HUBSAN,H501A,11,0,0,1,0.0,ทั่วไป,ชื่อในช่องเอง,H501A,7,2,2,0,0,0,0,0,0,0,0.9851
334,FLYABILITY,ELIOS,11,0,0,1,0.0,ทั่วไป,ชื่อในช่องเอง,ELIOS,1,2,6,1,0,1,0,0,0,0,0.9851
335,SJ R/C,F11S 4K PRO,11,0,2,1,0.182,ทั่วไป,ชื่อในช่องเอง,F11S 4K PRO,0,0,0,0,0,0,10,1,0,0,0.9852
336,GOPRO,KWST1,11,0,0,1,0.0,ทั่วไป,ชื่อในช่องเอง,KWST1,0,0,5,5,1,0,0,0,0,0,0.9852
337,DJI,MINI PRO 5,11,0,0,1,0.0,ทั่วไป,ชื่อในช่องเอง,MINI PRO 5,0,0,0,0,0,0,0,0,5,6,0.9853
338,DJI,MAVIC MINI 1,11,0,0,1,0.0,ทั่วไป,ชื่อในช่องเอง,MAVIC MINI 1,0,0,0,0,1,1,4,3,1,1,0.9853
339,DJI,MINI SE 2,11,0,0,1,0.0,ทั่วไป,ชื่อในช่องเอง,MINI SE 2,0,0,0,0,0,0,1,5,4,1,0.9854
340,DJI,MATRICE 600 PRO,10,0,0,3,0.0,ทั่วไป,ชื่อในช่องเอง,MATRICE 600 PRO (M600P) ;; MATRICE 600 PRO ;; M600P(MATRICE 600 PRO),2,0,1,3,3,1,0,0,0,0,0.9854
341,AGT,SORA-V1,10,0,10,1,1.0,เกษตร,ชื่อในช่องเอง,SORA-V1,0,0,0,0,0,0,7,1,2,0,0.9855
342,HG ROBOTICS,VESPA HEX MARK II,10,0,2,1,0.2,ทั่วไป,ชื่อในช่องเอง,VESPA HEX MARK II,0,0,0,1,3,0,1,4,1,0,0.9855
343,SENSEFLY,EBEE X,10,0,0,1,0.0,ทั่วไป,ชื่อในช่องเอง,EBEE X,0,1,4,2,1,1,0,0,1,0,0.9856
344,DJI MINI 2,MT2PD,10,0,0,1,0.0,ทั่วไป,รหัสที่ถอดไม่ได้,MT2PD,0,0,0,0,0,2,5,2,0,1,0.9856
345,DJI,INSPIRE 1 PRO,10,0,0,1,0.0,ทั่วไป,ชื่อในช่องเอง,INSPIRE 1 PRO,5,2,3,0,0,0,0,0,0,0,0.9857
346,DJI,AVATA EXPLORER,10,10,0,1,0.0,ทั่วไป,ชื่อในช่องเอง,DJI AVATA EXPLORER COMBO,0,0,0,0,0,0,3,7,0,0,0.9857
347,DJI,MAVIC PRO M1P,10,0,0,1,0.0,ทั่วไป,ชื่อในช่องเอง,MAVIC PRO M1P,0,0,0,0,0,1,4,2,3,0,0.9858
348,SWELLPRO,FD1 FISHERMAN,10,0,10,1,1.0,เกษตร,ชื่อในช่องเอง,FD1 FISHERMAN,0,0,0,0,0,0,10,0,0,0,0.9858
349,DJI,MAVIC PRO 3,10,0,0,1,0.0,ทั่วไป,ชื่อในช่องเอง,MAVIC PRO 3,0,0,0,0,0,0,4,5,0,1,0.9859
350,TIGERDRONE,TGD25,10,0,7,1,0.7,เกษตร,รหัสที่ถอดไม่ได้,TGD25,0,0,0,0,0,0,0,0,7,3,0.9859
351,DJI,MATRICE 210,9,0,0,3,0.0,ทั่วไป,ชื่อในช่องเอง,MATRICE 210 ;; MATRICE 210 (M210) ;; MATRICE 210(M210),1,2,5,1,0,0,0,0,0,0,0.986
352,DJI,PHANTOM 3 SE,9,0,0,1,0.0,ทั่วไป,ชื่อในช่องเอง,PHANTOM 3 SE,8,1,0,0,0,0,0,0,0,0,0.986
353,DJI,M600P,9,0,0,1,0.0,ทั่วไป,ชื่อในช่องเอง,M600P,0,0,3,4,1,1,0,0,0,0,0.9861
354,DJI,PHANTOM 4 PRO+V2.0,9,0,0,1,0.0,ทั่วไป,ชื่อในช่องเอง,WM331S / PHANTOM 4 PRO+V2.0,0,0,0,1,8,0,0,0,0,0,0.9861
355,DJI,FLYCART 30,9,0,0,1,0.0,ทั่วไป,ชื่อในช่องเอง,FLYCART 30 (CE),0,0,0,0,0,0,0,3,4,2,0.9861
356,DJI,MINI 1,9,0,0,1,0.0,ทั่วไป,ชื่อในช่องเอง,MINI 1,0,0,0,0,0,0,4,4,1,0,0.9862
357,DJI,MAVIC3PRO,9,0,0,1,0.0,ทั่วไป,ชื่อในช่องเอง,MAVIC3PRO,0,0,0,0,0,0,2,4,3,0,0.9862
358,HORRUS-DRONE,3.2,9,0,0,1,0.0,ทั่วไป,ชื่อในช่องเอง,3.2,0,0,0,0,0,3,0,4,2,0,0.9863
359,HOVERAIR,X1 PRO MAX,9,0,0,1,0.0,ทั่วไป,ชื่อในช่องเอง,X1 PRO MAX,0,0,0,0,0,0,0,2,6,1,0.9863
360,DJI,MAVIC AIR 3S,9,0,0,1,0.0,ทั่วไป,ชื่อในช่องเอง,MAVIC AIR 3S,0,0,0,0,0,0,0,2,7,0,0.9864
361,DJI,MINI 2 MT2PD,9,1,0,2,0.0,ทั่วไป,ชื่อในช่องเอง,MINI 2 MT2PD ;; MINI 2 COMBO MT2PD,0,0,0,0,0,5,1,3,0,0,0.9864
362,DJI,AIR 2S DISPLAY,9,0,0,1,0.0,ทั่วไป,ชื่อในช่องเอง,DJI AIR 2S DISPLAY [DEMO],0,0,0,0,0,0,0,0,9,0,0.9865
363,MAVIC DJI,AIR 2,9,0,0,1,0.0,ทั่วไป,ชื่อในช่องเอง,AIR 2,0,0,0,0,0,0,2,3,3,1,0.9865
364,DJI,AIR2,8,0,0,1,0.0,ทั่วไป,ชื่อในช่องเอง,AIR2,0,0,0,0,0,1,4,2,1,0,0.9865
365,DJI,MATRICE 600,8,0,0,1,0.0,ทั่วไป,ชื่อในช่องเอง,MATRICE 600,2,3,2,0,0,1,0,0,0,0,0.9866
366,DJI,MATRICE 200,8,0,0,1,0.0,ทั่วไป,ชื่อในช่องเอง,MATRICE 200,0,0,3,4,1,0,0,0,0,0,0.9866
367,FIMI,X8 PRO,8,0,0,1,0.0,ทั่วไป,ชื่อในช่องเอง,X8 PRO,0,0,0,0,0,0,0,6,1,1,0.9867
368,HOVERAIR,X1 PRO,8,0,0,1,0.0,ทั่วไป,ชื่อในช่องเอง,X1 PRO,0,0,0,0,0,0,0,1,4,3,0.9867
369,AUTEL ROBOTICS,LITE+,8,0,0,1,0.0,ทั่วไป,ชื่อในช่องเอง,LITE+,0,0,0,0,0,6,2,0,0,0,0.9867
370,SEGUMO,SG05L-1,8,0,7,1,0.875,เกษตร,ชื่อในช่องเอง,SG05L-1,0,0,0,0,5,1,0,0,1,1,0.9868
371,GEPRC,CINELOG30,8,0,0,1,0.0,ทั่วไป,ชื่อในช่องเอง,CINELOG30,0,0,0,0,0,0,2,6,0,0,0.9868
372,AIR FAST DRONE,AF1417,8,0,8,1,1.0,เกษตร,รหัสที่ถอดไม่ได้,AF1417,0,0,0,0,3,5,0,0,0,0,0.9868
373,CHCNAV,CHCNAV V200,8,0,0,1,0.0,ทั่วไป,ชื่อในช่องเอง,CHCNAV V200,0,0,0,0,1,4,3,0,0,0,0.9869
374,TXA,TXA-610,8,0,5,1,0.625,เกษตร,ชื่อในช่องเอง,TXA-610,0,6,2,0,0,0,0,0,0,0,0.9869
375,DJI,DMG10,8,0,8,1,1.0,เกษตร,รหัสที่ถอดไม่ได้,DMG10,0,0,0,0,0,5,3,0,0,0,0.987
376,WINGTRA,WINGTRAONE GEN II,8,0,0,1,0.0,ทั่วไป,ชื่อในช่องเอง,WINGTRAONE GEN II,0,0,0,0,0,4,2,1,0,1,0.987
377,XK-INOVATION,X300,8,0,0,1,0.0,ทั่วไป,ชื่อในช่องเอง,X300,7,1,0,0,0,0,0,0,0,0,0.987
378,DJI,MAVIC MINI MT1SD25,8,0,0,1,0.0,ทั่วไป,ชื่อในช่องเอง,MAVIC MINI MT1SD25,0,0,0,0,2,1,1,2,1,1,0.9871
379,DJI,MAVIC2 ENTERPRISE ADVANCED (L1TE),7,0,1,1,0.143,ทั่วไป,ชื่อในช่องเอง,MAVIC2 ENTERPRISE ADVANCED (L1TE),0,0,0,0,3,4,0,0,0,0,0.9871
380,IFLIGHT,NAZGUL,7,0,0,1,0.0,ทั่วไป,ชื่อในช่องเอง,NAZGUL,0,0,0,0,0,1,2,0,3,1,0.9871
381,AUTEL ROBOTICS,EVO NANO PLUS,7,0,0,1,0.0,ทั่วไป,ชื่อในช่องเอง,EVO NANO PLUS,0,0,0,0,0,2,2,2,1,0,0.9872
382,DJI,PRO MINI 3,7,0,0,1,0.0,ทั่วไป,ชื่อในช่องเอง,PRO MINI 3,0,0,0,0,0,1,6,0,0,0,0.9872
383,DJI,TELLO EDU,7,0,0,1,0.0,ทั่วไป,ชื่อในช่องเอง,TELLO EDU,0,0,0,6,1,0,0,0,0,0,0.9873
384,FIMI,X8 SE,7,0,0,1,0.0,ทั่วไป,ชื่อในช่องเอง,X8 SE,0,0,1,0,2,0,0,2,1,1,0.9873
385,NOVADS,DRONE X PRO,7,0,0,1,0.0,ทั่วไป,ชื่อในช่องเอง,DRONE X PRO,0,0,7,0,0,0,0,0,0,0,0.9873
386,DJI,MINI AIR 2,7,0,0,1,0.0,ทั่วไป,ชื่อในช่องเอง,MINI AIR 2,0,0,0,0,0,0,0,2,5,0,0.9874
387,ZERO ZERO ROBOTICS,HOVER AIR X1,7,0,0,1,0.0,ทั่วไป,ชื่อในช่องเอง,HOVER AIR X1,0,0,0,0,0,0,1,6,0,0,0.9874
388,GEPRC,CINELOG35,7,0,0,1,0.0,ทั่วไป,ชื่อในช่องเอง,CINELOG35,0,0,0,0,0,0,1,3,2,1,0.9874
389,GEPRC,CINELOG35 V2,7,0,0,1,0.0,ทั่วไป,ชื่อในช่องเอง,CINELOG35 V2,0,0,0,0,0,0,3,4,0,0,0.9875
390,DJI,MINI PRO,7,0,0,1,0.0,ทั่วไป,ชื่อในช่องเอง,MINI PRO,0,0,0,0,0,0,5,1,1,0,0.9875
391,GEPRC,MARK 5,7,0,0,1,0.0,ทั่วไป,ชื่อในช่องเอง,MARK 5,0,0,0,0,0,0,2,2,1,2,0.9875
392,DJI,MINI PRO3,7,0,0,1,0.0,ทั่วไป,ชื่อในช่องเอง,MINI PRO3,0,0,0,0,0,1,1,2,3,0,0.9876
393,YUNEEC,TYPHOON H PLUS,7,0,0,1,0.0,ทั่วไป,ชื่อในช่องเอง,TYPHOON H PLUS,6,1,0,0,0,0,0,0,0,0,0.9876
394,RYZE,TELLO,7,0,0,1,0.0,ทั่วไป,ชื่อในช่องเอง,TELLO,0,0,0,0,0,7,0,0,0,0,0.9876
395,DJI,3 MINI PRO,7,0,0,2,0.0,ทั่วไป,ชื่อในช่องเอง,3 MINI PRO ;; DJI 3 MINI PRO,0,0,0,0,0,0,2,5,0,0,0.9877
396,POTENSIC,ATOM DSDR04C,7,0,0,1,0.0,ทั่วไป,ชื่อในช่องเอง,ATOM DSDR04C,0,0,0,0,0,0,0,4,3,0,0.9877
397,DJI,PHANTOM 3 PROFESSIONAL 4K,7,0,0,1,0.0,ทั่วไป,ชื่อในช่องเอง,PHANTOM 3 PROFESSIONAL 4K (W325),0,0,4,0,3,0,0,0,0,0,0.9877
398,DJI,MATRICE 200 V2,7,0,0,3,0.0,ทั่วไป,ชื่อในช่องเอง,MATRICE 200 V2 (M200 V2) ;; MATRICE 200 V2 ;; M200 V2 / MATRICE 200 V2,0,0,0,2,4,1,0,0,0,0,0.9878
399,BETAFPV,PAVO 20 PRO,7,0,0,1,0.0,ทั่วไป,ชื่อในช่องเอง,PAVO 20 PRO,0,0,0,0,0,0,0,0,4,3,0.9878
400,AVILON ROBOTICS,GRYPHON HEAVY/EX,6,0,0,1,0.0,ทั่วไป,ชื่อในช่องเอง,GRYPHON HEAVY/EX,0,0,0,0,0,2,0,4,0,0,0.9878
401,FIMI,FIMI X8 SE DRONE,6,0,0,1,0.0,ทั่วไป,ชื่อในช่องเอง,FIMI X8 SE DRONE,0,0,1,2,3,0,0,0,0,0,0.9879
402,DJI,M300 RTK,6,0,0,1,0.0,ทั่วไป,ชื่อในช่องเอง,M300 RTK,0,0,0,2,1,2,0,0,1,0,0.9879
403,FIMI,FMWRJ04A7,6,0,0,1,0.0,ทั่วไป,ชื่อในช่องเอง,FMWRJ04A7,0,0,0,0,0,0,3,2,1,0,0.9879
404,DJI,PHANTOM,6,0,0,1,0.0,ทั่วไป,ชื่อในช่องเอง,PHANTOM,5,0,0,0,0,1,0,0,0,0,0.9879
405,MJX,BUGS 2,6,0,0,1,0.0,ทั่วไป,ชื่อในช่องเอง,BUGS 2,5,1,0,0,0,0,0,0,0,0,0.988
406,AUTEL ROBOTICS,EVO LITE+,6,0,1,1,0.167,ทั่วไป,ชื่อในช่องเอง,EVO LITE+,0,0,0,0,0,3,2,0,1,0,0.988
407,DJI,M4TD,6,0,1,1,0.167,ทั่วไป,ชื่อในช่องเอง,M4TD,0,0,0,0,0,0,0,0,0,6,0.988
408,WL TOYS,Q696,6,0,0,1,0.0,ทั่วไป,ชื่อในช่องเอง,Q696,4,2,0,0,0,0,0,0,0,0,0.9881
409,XIAOMI,FIMI X8 SE 2022,6,0,0,1,0.0,ทั่วไป,ชื่อในช่องเอง,FIMI X8 SE 2022,0,0,0,0,0,0,0,5,1,0,0.9881
410,MAKER DRONE,MD410,6,0,6,1,1.0,เกษตร,รหัสที่ถอดไม่ได้,MD410,0,0,0,0,0,2,2,1,1,0,0.9881
411,DJI,WM331A และ GL300E,6,0,0,1,0.0,ทั่วไป,ชื่อในช่องเอง,WM331A และ GL300E,0,0,0,1,1,3,0,0,1,0,0.9881
412,DJI,WM332A,6,0,0,1,0.0,ทั่วไป,รหัสที่ถอดไม่ได้,WM332A,0,0,1,5,0,0,0,0,0,0,0.9882
413,DJI,MAVIC PRO 4,6,0,0,1,0.0,ทั่วไป,ชื่อในช่องเอง,MAVIC PRO 4,0,0,0,0,0,0,0,0,3,3,0.9882
414,DJI,O3 AIR UNIT,6,0,0,1,0.0,ทั่วไป,ชื่อในช่องเอง,O3 AIR UNIT,0,0,0,0,0,0,1,4,1,0,0.9882
415,AUTEL ROBOTICS,EVO 2 PRO,6,0,0,1,0.0,ทั่วไป,ชื่อในช่องเอง,EVO 2 PRO,0,0,0,0,0,2,1,3,0,0,0.9883
416,ROBOTICS,EVO,6,0,0,1,0.0,ทั่วไป,ชื่อในช่องเอง,EVO,0,0,6,0,0,0,0,0,0,0,0.9883
417,QUANTUM SYSTEM,TRINITY F90+,6,0,0,1,0.0,ทั่วไป,ชื่อในช่องเอง,TRINITY F90+,0,0,0,0,1,4,1,0,0,0,0.9883
418,AUTEL ROBOTICS,MDA2,6,0,0,1,0.0,ทั่วไป,ชื่อในช่องเอง,MDA2,0,0,0,0,0,1,2,1,1,1,0.9884
419,FLYABILITY,ELIOS 2,6,0,0,1,0.0,ทั่วไป,ชื่อในช่องเอง,ELIOS 2,0,0,0,0,1,1,4,0,0,0,0.9884
420,DJI,3WWDSZ-10016 / MG-1P,6,0,6,1,1.0,เกษตร,ชื่อในช่องเอง,3WWDSZ-10016 / MG-1P(TH),0,0,0,0,4,2,0,0,0,0,0.9884
421,DJI,AIR,6,0,0,2,0.0,ทั่วไป,ชื่อในช่องเอง,AIR ;; DJI AIR /S,0,0,0,0,0,2,1,1,1,1,0.9884
422,DJI,MATRICE200 V2,6,0,0,1,0.0,ทั่วไป,ชื่อในช่องเอง,MATRICE200 V2,0,0,0,6,0,0,0,0,0,0,0.9885
423,SENSEFLY,EBEE SQ,6,0,0,1,0.0,ทั่วไป,ชื่อในช่องเอง,EBEE SQ,1,1,4,0,0,0,0,0,0,0,0.9885
424,SKYHUNTER,X8,6,0,0,1,0.0,ทั่วไป,ชื่อในช่องเอง,X8,3,3,0,0,0,0,0,0,0,0,0.9885
425,DJI,MINI 5 PRO FLYMORE PLUS,6,6,0,1,0.0,ทั่วไป,ชื่อในช่องเอง,MT5MFND / (DJI MINI 5 PRO FLYMORE COMBO PLUS (DJI RC2)),0,0,0,0,0,0,0,0,0,6,0.9886
426,SENSEFLY,EBEE PLUS,6,0,1,1,0.167,ทั่วไป,ชื่อในช่องเอง,EBEE PLUS,1,0,0,5,0,0,0,0,0,0,0.9886
427,SIMTOO MOMENT,HOCHI 007 PRO,6,0,0,1,0.0,ทั่วไป,ชื่อในช่องเอง,HOCHI 007 PRO,4,2,0,0,0,0,0,0,0,0,0.9886
428,DJI,MAVIC 3 PRO DISPLAY UNIT,6,0,0,1,0.0,ทั่วไป,ชื่อในช่องเอง,DJI MAVIC 3 PRO(DJI RC) DISPLAY UNIT,0,0,0,0,0,0,0,0,1,5,0.9886
429,HOVERAIR,AIR X1,6,0,0,1,0.0,ทั่วไป,ชื่อในช่องเอง,AIR X1,0,0,0,0,0,0,1,4,1,0,0.9887
430,GEPRC,MARK5,6,0,0,1,0.0,ทั่วไป,ชื่อในช่องเอง,MARK5,0,0,0,0,0,0,3,1,2,0,0.9887
431,เครื่องประกอบเอง,(ไม่ระบุ),6,0,0,1,0.0,ทั่วไป,ว่าง,-,6,0,0,0,0,0,0,0,0,0,0.9887
432,ประกอบเอง,NAN,5,0,0,1,0.0,ทั่วไป,ชื่อในช่องเอง,NAN,5,0,0,0,0,0,0,0,0,0,0.9888
433,DIATONE,ROMA F5,5,0,0,1,0.0,ทั่วไป,ชื่อในช่องเอง,ROMA F5,0,0,0,0,0,1,4,0,0,0,0.9888
434,HIVEGROUND,VESPA MK II,5,0,0,1,0.0,ทั่วไป,ชื่อในช่องเอง,VESPA MK II,0,5,0,0,0,0,0,0,0,0,0.9888
435,DJI,MAVIC AIR 1,5,0,0,1,0.0,ทั่วไป,ชื่อในช่องเอง,MAVIC AIR 1,0,0,0,0,0,1,1,1,2,0,0.9888
436,SJRC,F11,5,0,0,1,0.0,ทั่วไป,ชื่อในช่องเอง,F11,0,0,0,0,0,0,2,2,1,0,0.9889
437,TAROT,680 PRO,5,0,0,1,0.0,ทั่วไป,ชื่อในช่องเอง,680 PRO,3,2,0,0,0,0,0,0,0,0,0.9889
438,DJI,MAVIC MINI SE,5,0,0,1,0.0,ทั่วไป,ชื่อในช่องเอง,MAVIC MINI SE,0,0,0,0,0,1,1,0,3,0,0.9889
439,GEPRC,CINELOG 30,5,0,0,1,0.0,ทั่วไป,ชื่อในช่องเอง,CINELOG 30,0,0,0,0,0,2,3,0,0,0,0.9889
440,GEPRC,CINELOG 35 V2,5,0,0,1,0.0,ทั่วไป,ชื่อในช่องเอง,CINELOG 35 V2,0,0,0,0,0,0,2,1,2,0,0.989
441,YUNEEC,TYPHOON H PROFESSIONAL,5,0,0,1,0.0,ทั่วไป,ชื่อในช่องเอง,TYPHOON H PROFESSIONAL,4,1,0,0,0,0,0,0,0,0,0.989
442,DJI,M300,5,0,1,1,0.2,ทั่วไป,ชื่อในช่องเอง,M300,0,0,0,0,2,3,0,0,0,0,0.989
443,PARROT,ANAFI THERMAL,5,0,1,1,0.2,ทั่วไป,ชื่อในช่องเอง,ANAFI THERMAL,0,0,0,4,1,0,0,0,0,0,0.989
444,LUMA QUAD CO,LUMA 55,5,0,0,1,0.0,ทั่วไป,ชื่อในช่องเอง,LUMA 55,0,0,0,0,0,0,2,1,2,0,0.989
445,FLYABILITY,ELIOS 3,5,0,0,1,0.0,ทั่วไป,ชื่อในช่องเอง,ELIOS 3,0,0,0,0,0,2,3,0,0,0,0.9891
446,DJI,M3M,5,0,3,1,0.6,เกษตร,ชื่อในช่องเอง,M3M,0,0,0,0,0,0,0,2,2,1,0.9891
447,DJI,PHANTOM 3 ADVANCE,5,0,0,1,0.0,ทั่วไป,ชื่อในช่องเอง,PHANTOM 3 ADVANCE,5,0,0,0,0,0,0,0,0,0,0.9891
448,POTENSIC,DSDR04C,5,0,0,1,0.0,ทั่วไป,ชื่อในช่องเอง,DSDR04C,0,0,0,0,0,0,0,5,0,0,0.9891
449,AUTEL ROBOTICS,EVO II PRO ENTERPRISE V3,5,0,0,1,0.0,ทั่วไป,ชื่อในช่องเอง,EVO II PRO ENTERPRISE V3,0,0,0,0,0,0,0,1,4,0,0.9892
450,DJI,3W-DJI-8-10-015 (MG-1S),5,0,5,1,1.0,เกษตร,ชื่อในช่องเอง,3W-DJI-8-10-015 (MG-1S),0,0,1,0,4,0,0,0,0,0,0.9892
451,DJI,3W-DJI-8-10-015,5,0,5,1,1.0,เกษตร,ชื่อในช่องเอง,3W-DJI-8-10-015,0,0,2,1,0,2,0,0,0,0,0.9892
452,DJI,MAVIC 3 DISPLAY UNIT,5,0,0,1,0.0,ทั่วไป,ชื่อในช่องเอง,DJI MAVIC 3 DISPLAY UNIT,0,0,0,0,0,0,0,1,3,1,0.9892
453,DJI,MATRICE 3TD,5,0,0,1,0.0,ทั่วไป,ชื่อในช่องเอง,MATRICE 3TD,0,0,0,0,0,0,0,2,3,0,0.9893
454,GEPRC,TERN-LR40,5,0,0,1,0.0,ทั่วไป,ชื่อในช่องเอง,TERN-LR40,0,0,0,0,0,0,0,4,1,0,0.9893
455,XIRO,XPLORER 4K,5,0,0,1,0.0,ทั่วไป,ชื่อในช่องเอง,XPLORER 4K,1,4,0,0,0,0,0,0,0,0,0.9893
456,DJI,FPV EXPLORER,5,5,1,1,0.2,ทั่วไป,ชื่อในช่องเอง,DJI FPV EXPLORER COMBO,0,0,0,0,0,0,3,2,0,0,0.9893
457,JJRC,H37,5,0,0,1,0.0,ทั่วไป,ชื่อในช่องเอง,H37,5,0,0,0,0,0,0,0,0,0,0.9894
458,DJI,MAVIC2 ENTERPRISE DUAL (L1DE),5,0,0,1,0.0,ทั่วไป,ชื่อในช่องเอง,MAVIC2 ENTERPRISE DUAL (L1DE),0,0,1,2,1,0,1,0,0,0,0.9894
459,DJI,MAVIC2,5,0,0,1,0.0,ทั่วไป,ชื่อในช่องเอง,MAVIC2,0,0,0,0,0,1,2,2,0,0,0.9894
460,FEIMA ROBOTICS,FM2000,5,0,0,1,0.0,ทั่วไป,รหัสที่ถอดไม่ได้,J.ME (FM2000),0,0,3,2,0,0,0,0,0,0,0.9894
461,EAGLE BROTHER,3WWDZ-10A,5,0,5,1,1.0,เกษตร,รหัสที่ถอดไม่ได้,3WWDZ-10A,0,0,5,0,0,0,0,0,0,0,0.9895
462,HUBSAN,H502S,5,0,0,1,0.0,ทั่วไป,ชื่อในช่องเอง,H502S,3,2,0,0,0,0,0,0,0,0,0.9895
463,AUTEL ROBOTICS,EVO MAX 4T,5,0,0,1,0.0,ทั่วไป,ชื่อในช่องเอง,EVO MAX 4T(TH),0,0,0,0,0,0,0,1,4,0,0.9895
464,AUTEL ROBOTICS,EVO LITE PLUS,5,0,0,1,0.0,ทั่วไป,ชื่อในช่องเอง,EVO LITE PLUS,0,0,0,0,0,2,0,1,1,1,0.9895
465,AVILON ROBOTICS,SPIRE,5,0,0,1,0.0,ทั่วไป,ชื่อในช่องเอง,SPIRE,0,0,0,0,0,0,0,0,5,0,0.9896
466,ICS,VERTIX VL260,5,0,0,1,0.0,ทั่วไป,ชื่อในช่องเอง,VERTIX VL260,0,0,0,0,0,0,0,0,3,2,0.9896
467,FIMI,FIMI X8 SE (FMWRJ02A5),5,0,0,1,0.0,ทั่วไป,ชื่อในช่องเอง,FIMI X8 SE (FMWRJ02A5),0,0,4,1,0,0,0,0,0,0,0.9896
468,DJI,MAGIC PRO,5,0,0,1,0.0,ทั่วไป,ชื่อในช่องเอง,MAGIC PRO,0,0,0,0,0,1,4,0,0,0,0.9896
469,AVILON ROBOTICS,PHOTON,5,0,0,1,0.0,ทั่วไป,ชื่อในช่องเอง,PHOTON,0,0,0,0,0,0,0,0,5,0,0.9897
470,HOLY STONE,HS360S,5,0,1,1,0.2,ทั่วไป,รหัสที่ถอดไม่ได้,HS360S,0,0,0,0,0,0,1,2,2,0,0.9897
471,AVILON ROBOTICS,CARRIER3000,5,0,0,1,0.0,ทั่วไป,ชื่อในช่องเอง,CARRIER3000,0,0,0,0,1,4,0,0,0,0,0.9897
472,AUTEL ROBOTICS,NANO PLUS,5,0,0,1,0.0,ทั่วไป,ชื่อในช่องเอง,NANO PLUS,0,0,0,0,0,1,0,3,0,1,0.9897
473,BETAFPV,PAVO30,4,0,0,1,0.0,ทั่วไป,ชื่อในช่องเอง,PAVO30,0,0,0,0,0,0,1,1,2,0,0.9898
474,SEAGULL EYES,(ไม่ระบุ),4,0,0,1,0.0,ทั่วไป,ว่าง,-,0,4,0,0,0,0,0,0,0,0,0.9898
475,AOSSCI,XC-PLUS UAV SYSTEM,4,0,0,1,0.0,ทั่วไป,ชื่อในช่องเอง,XC-PLUS UAV SYSTEM,0,0,0,2,0,0,2,0,0,0,0.9898
476,GEPRC,CINELOG 35,4,0,0,1,0.0,ทั่วไป,ชื่อในช่องเอง,CINELOG 35,0,0,0,0,1,3,0,0,0,0,0.9898
477,ZERO ZERO ROBOTICS,HOVERAIR X1,4,0,0,1,0.0,ทั่วไป,ชื่อในช่องเอง,HOVERAIR X1,0,0,0,0,0,0,0,4,0,0,0.9898
478,ZEROZERO ROBOTICS,HOVERAIR X1,4,0,0,1,0.0,ทั่วไป,ชื่อในช่องเอง,HOVERAIR X1,0,0,0,0,0,0,0,0,2,2,0.9898
479,SJRC,F22S,4,0,0,1,0.0,ทั่วไป,ชื่อในช่องเอง,F22S,0,0,0,0,0,0,2,1,0,1,0.9899
480,HUBSAN,(ไม่ระบุ),4,0,0,1,0.0,ทั่วไป,ว่าง,-,0,3,1,0,0,0,0,0,0,0,0.9899
481,HORRUS-DRONE,OASIS 1.0,4,0,0,1,0.0,ทั่วไป,ชื่อในช่องเอง,OASIS 1.0,0,0,0,0,0,0,0,3,1,0,0.9899
482,SYMA,X5SW,4,0,0,1,0.0,ทั่วไป,ชื่อในช่องเอง,X5SW,1,3,0,0,0,0,0,0,0,0,0.9899
483,THE HELICOPTER GIRLS,X-AERIAL LIFTER X8 8,4,0,0,1,0.0,ทั่วไป,ชื่อในช่องเอง,X-AERIAL LIFTER X8 8,0,0,0,0,0,4,0,0,0,0,0.9899
484,DJI,MAVIC MINI PRO 3,4,0,0,1,0.0,ทั่วไป,ชื่อในช่องเอง,MAVIC MINI PRO 3,0,0,0,0,0,2,0,1,1,0,0.99
485,DJI,MINI 5PRO,4,0,0,1,0.0,ทั่วไป,ชื่อในช่องเอง,MINI 5PRO,0,0,0,0,0,0,0,0,1,3,0.99
486,HUBSAN,ZINO 2 PLUS : HEIGHT VERSION,4,0,0,1,0.0,ทั่วไป,ชื่อในช่องเอง,ZINO 2 PLUS : HEIGHT VERSION,0,0,0,0,4,0,0,0,0,0,0.99
487,DJI,MAGIC AIR,4,0,0,1,0.0,ทั่วไป,ชื่อในช่องเอง,MAGIC AIR,0,0,0,0,1,1,0,1,1,0,0.99
488,MJX,B12,4,0,0,1,0.0,ทั่วไป,ชื่อในช่องเอง,B12,0,0,0,0,4,0,0,0,0,0,0.99
489,DJI,MAGIC AIR2,4,0,0,1,0.0,ทั่วไป,ชื่อในช่องเอง,MAGIC AIR2,0,0,0,0,0,1,1,2,0,0,0.9901
490,WINGTRA,WINGTRAONEGEN II /TARANIS X9D PLUS (REMOTE),4,0,0,1,0.0,ทั่วไป,ชื่อในช่องเอง,WINGTRAONEGEN II (DRONE)/TARANIS X9D PLUS (REMOTE),0,0,0,0,0,4,0,0,0,0,0.9901
491,PARROT,(ไม่ระบุ),4,0,0,1,0.0,ทั่วไป,ว่าง,-,0,4,0,0,0,0,0,0,0,0,0.9901
492,HUBSAN,H501SS,4,0,0,1,0.0,ทั่วไป,ชื่อในช่องเอง,H501SS,3,0,1,0,0,0,0,0,0,0,0.9901
493,MONSTER DRONE,MD410S,4,0,4,1,1.0,เกษตร,รหัสที่ถอดไม่ได้,MD410S,0,0,0,1,3,0,0,0,0,0,0.9901
494,HUBSAN,ZINO2+,4,0,0,1,0.0,ทั่วไป,ชื่อในช่องเอง,ZINO2+,0,0,0,0,4,0,0,0,0,0,0.9902
495,DJI,MAVIC 2 ENTERPIRSE ADVANCED,4,0,0,1,0.0,ทั่วไป,ชื่อในช่องเอง,MAVIC 2 ENTERPIRSE ADVANCED (L1TE),0,0,0,0,0,2,0,2,0,0,0.9902
496,DJI,3 MINI,4,0,0,2,0.0,ทั่วไป,ชื่อในช่องเอง,3 MINI ;; DJI 3 MINI,0,0,0,0,0,0,1,2,1,0,0.9902
497,DJI,MY2PD,4,0,0,1,0.0,ทั่วไป,รหัสที่ถอดไม่ได้,MY2PD,0,0,0,0,1,2,1,0,0,0,0.9902
498,VIDEODRONE,X4S,4,0,0,1,0.0,ทั่วไป,ชื่อในช่องเอง,X4S,0,0,0,2,2,0,0,0,0,0,0.9902
499,TYI,TYI6-15L,4,0,3,1,0.75,เกษตร,ชื่อในช่องเอง,TYI6-15L,0,0,2,2,0,0,0,0,0,0,0.9903
500,DJI,MATRICE 210 RTK,4,0,1,2,0.25,ทั่วไป,ชื่อในช่องเอง,MATRICE 210 RTK ;; MATRICE 210 RTK(M210 RTK),0,0,2,2,0,0,0,0,0,0,0.9903
501,AUTEL ROBOTICS,MDCA,4,0,0,1,0.0,ทั่วไป,ชื่อในช่องเอง,MDCA,0,0,0,0,0,1,2,1,0,0,0.9903
502,FLYWOO,FLYLENS85,4,0,0,1,0.0,ทั่วไป,ชื่อในช่องเอง,FLYLENS85,0,0,0,0,0,0,0,3,1,0,0.9903
503,IMPULSE RC,APEX EVO 5,4,0,0,1,0.0,ทั่วไป,ชื่อในช่องเอง,APEX EVO 5,0,0,0,0,0,0,0,2,1,1,0.9903
504,ICS,VILVERIN VL340,4,0,0,1,0.0,ทั่วไป,ชื่อในช่องเอง,VILVERIN VL340,0,0,0,0,0,0,2,1,0,1,0.9904
505,AVILON ROBOTICS,TAILOR BIRD,4,0,0,1,0.0,ทั่วไป,ชื่อในช่องเอง,TAILOR BIRD,0,0,0,0,0,4,0,0,0,0,0.9904
506,KK AGRAS,6 AXIS KK AGRAS,4,0,4,1,1.0,เกษตร,ชื่อในช่องเอง,6 AXIS KK AGRAS,0,0,0,4,0,0,0,0,0,0,0.9904
507,AUTEL ROBOTICS,EVO II PRO V3 RUGGED BUNDLE,4,0,0,1,0.0,ทั่วไป,ชื่อในช่องเอง,EVO II PRO V3 RUGGED BUNDLE,0,0,0,0,0,0,0,0,3,1,0.9904
508,DJI MAVIC PRO,M1P,4,0,0,1,0.0,ทั่วไป,ชื่อในช่องเอง,M1P,0,0,0,0,0,0,4,0,0,0,0.9904
509,DJI MINI 2,MINI 2,4,0,0,2,0.0,ทั่วไป,ชื่อในช่องเอง,DJI MINI 2 ;; MINI 2,0,0,0,0,2,0,0,1,1,0,0.9905
510,INSEE,250,4,0,0,1,0.0,ทั่วไป,ชื่อในช่องเอง,250,0,0,0,0,0,0,1,2,0,1,0.9905
511,DJI MINI 3 PRO,MT3M3VD,4,0,0,1,0.0,ทั่วไป,รหัสที่ถอดไม่ได้,MT3M3VD,0,0,0,0,0,0,3,1,0,0,0.9905
512,DJI MINI 2 SE,MT2SD,4,0,0,1,0.0,ทั่วไป,รหัสที่ถอดไม่ได้,MT2SD,0,0,0,0,0,0,0,4,0,0,0.9905
513,ZLL,SG908 MAX,4,0,0,1,0.0,ทั่วไป,ชื่อในช่องเอง,SG908 MAX,0,0,0,0,0,1,1,1,1,0,0.9905
514,DJI,MIMI 3 PRO,4,0,0,1,0.0,ทั่วไป,ชื่อในช่องเอง,MIMI 3 PRO,0,0,0,0,0,0,1,1,1,1,0.9905
515,GEPRC,MARK5 DC,4,0,0,1,0.0,ทั่วไป,ชื่อในช่องเอง,MARK5 DC,0,0,0,0,0,0,1,1,2,0,0.9906
516,DJI,MAVIC3 CLASSIC,4,0,0,1,0.0,ทั่วไป,ชื่อในช่องเอง,MAVIC3 CLASSIC,0,0,0,0,0,0,2,2,0,0,0.9906
517,DJI,MINI 2 PRO,4,0,0,1,0.0,ทั่วไป,ชื่อในช่องเอง,MINI 2 PRO,0,0,0,0,0,0,1,2,1,0,0.9906
518,DJI,MAVIC2 PRO,4,0,0,1,0.0,ทั่วไป,ชื่อในช่องเอง,MAVIC2 PRO,0,0,0,0,1,0,1,2,0,0,0.9906
519,SPEEDY BEE,MASTER 5 HD,3,0,0,1,0.0,ทั่วไป,ชื่อในช่องเอง,MASTER 5 HD,0,0,0,0,0,0,1,2,0,0,0.9906
520,ประกอบเอง,M410,3,0,3,1,1.0,เกษตร,ชื่อในช่องเอง,M410,0,1,2,0,0,0,0,0,0,0,0.9907
521,BETAFPV,PAVO20,3,0,0,1,0.0,ทั่วไป,ชื่อในช่องเอง,PAVO20,0,0,0,0,0,0,1,0,2,0,0.9907
522,เจ้าเอี้ยง,NB-1A,3,0,3,1,1.0,เกษตร,ชื่อในช่องเอง,NB-1A,0,0,0,0,0,2,0,0,0,1,0.9907
523,HOLY STONE,HS720G,3,0,0,1,0.0,ทั่วไป,รหัสที่ถอดไม่ได้,HS720G,0,0,0,0,0,0,0,1,2,0,0.9907
524,DJI,MAVRIC AIR 2 S,3,0,0,1,0.0,ทั่วไป,ชื่อในช่องเอง,MAVRIC AIR 2 S,0,0,0,0,0,0,1,2,0,0,0.9907
525,DJI,MAVICAIR,3,0,0,1,0.0,ทั่วไป,ชื่อในช่องเอง,MAVICAIR,0,0,2,0,0,0,1,0,0,0,0.9907
526,ประกอบเอง,FIX WING,3,0,0,1,0.0,ทั่วไป,ชื่อในช่องเอง,FIX WING,3,0,0,0,0,0,0,0,0,0,0.9907
527,THE HELICOPTER GIRLS,BEAST X8,3,0,0,1,0.0,ทั่วไป,ชื่อในช่องเอง,BEAST X8,0,0,0,0,0,3,0,0,0,0,0.9908
528,DJI,MAVIC AIR S2,3,0,0,1,0.0,ทั่วไป,ชื่อในช่องเอง,MAVIC AIR S2,0,0,0,0,0,0,1,2,0,0,0.9908
529,BUG AWAY,BA3L,3,0,3,1,1.0,เกษตร,รหัสที่ถอดไม่ได้,BA3L,0,0,2,1,0,0,0,0,0,0,0.9908
530,CHEERSON,CX-35,3,0,0,1,0.0,ทั่วไป,ชื่อในช่องเอง,CX-35,1,2,0,0,0,0,0,0,0,0,0.9908
531,FEIMA,J.ME,3,0,0,1,0.0,ทั่วไป,ชื่อในช่องเอง,J.ME,0,0,3,0,0,0,0,0,0,0,0.9908
532,DJI MAVIC MINI 2,MT2PD,3,0,0,1,0.0,ทั่วไป,รหัสที่ถอดไม่ได้,MT2PD,0,0,0,0,0,0,3,0,0,0,0.9908
533,TAROT,(ไม่ระบุ),3,0,0,1,0.0,ทั่วไป,ว่าง,-,0,3,0,0,0,0,0,0,0,0,0.9908
534,DJI,MINI MAVIC,3,0,0,1,0.0,ทั่วไป,ชื่อในช่องเอง,MINI MAVIC,0,0,0,0,0,0,1,2,0,0,0.9909
535,DJI,MINI II,3,0,0,1,0.0,ทั่วไป,ชื่อในช่องเอง,MINI II,0,0,0,0,0,1,1,1,0,0,0.9909
536,SHANG HENG,AE86 PROMAX,3,0,0,1,0.0,ทั่วไป,ชื่อในช่องเอง,AE86 PROMAX,0,0,0,0,0,0,0,3,0,0,0.9909
537,SYMA,X5HW,3,0,0,1,0.0,ทั่วไป,ชื่อในช่องเอง,X5HW,3,0,0,0,0,0,0,0,0,0,0.9909
538,SWELLPRO,FD3 ADVANCED FISHERMAN,3,0,0,1,0.0,ทั่วไป,ชื่อในช่องเอง,FD3 ADVANCED FISHERMAN,0,0,0,0,0,0,0,1,1,1,0.9909
539,DJI,MINI SE2,3,0,0,1,0.0,ทั่วไป,ชื่อในช่องเอง,MINI SE2,0,0,0,0,0,0,1,1,0,1,0.9909
540,SB1,RP08 6-20,3,0,3,1,1.0,เกษตร,ชื่อในช่องเอง,RP08 6-20,0,0,0,0,3,0,0,0,0,0,0.9909
541,ZERO ZERO ROBOTICS,HOVERAIR X1 PRO,3,0,0,1,0.0,ทั่วไป,ชื่อในช่องเอง,HOVERAIR X1 PRO,0,0,0,0,0,0,0,2,0,1,0.991
542,AONIC,MIST 25050,3,0,3,1,1.0,เกษตร,ชื่อในช่องเอง,MIST 25050,0,0,0,0,0,0,0,0,0,3,0.991
543,SJRC,F22,3,0,0,1,0.0,ทั่วไป,ชื่อในช่องเอง,F22,0,0,0,0,0,0,1,2,0,0,0.991
544,DJI,MINI2SE,3,0,0,1,0.0,ทั่วไป,ชื่อในช่องเอง,MINI2SE,0,0,0,0,0,0,0,3,0,0,0.991
545,DJI,MT2PD MINI2,3,0,0,1,0.0,ทั่วไป,ชื่อในช่องเอง,MT2PD MINI2,0,0,0,0,1,1,1,0,0,0,0.991
546,DJI,MAVIC 2 PRO L1P,3,0,0,1,0.0,ทั่วไป,ชื่อในช่องเอง,MAVIC 2 PRO L1P,0,0,0,0,0,2,0,1,0,0,0.991
547,DJI MAVIC 3 CINE,MAVIC 3 CINE,3,0,3,1,1.0,เกษตร,ชื่อในช่องเอง,MAVIC 3 CINE,0,0,0,0,0,2,0,1,0,0,0.9911
548,IFLIGHT,NAZGUL V2 F5D,3,0,0,1,0.0,ทั่วไป,ชื่อในช่องเอง,NAZGUL V2 F5D,0,0,0,0,0,0,3,0,0,0,0.9911
549,IFLIGHT,NAZGUL F5D,3,0,0,1,0.0,ทั่วไป,ชื่อในช่องเอง,NAZGUL F5D,0,0,0,0,0,0,0,1,2,0,0.9911
550,TRIMBLE,UX5 HP,3,0,0,1,0.0,ทั่วไป,ชื่อในช่องเอง,UX5 HP,2,1,0,0,0,0,0,0,0,0,0.9911
551,GEPRC,TERN LR-40,3,0,0,1,0.0,ทั่วไป,ชื่อในช่องเอง,TERN LR-40,0,0,0,0,0,0,0,0,3,0,0.9911
552,GEPRC,CINELOG 25,3,0,0,1,0.0,ทั่วไป,ชื่อในช่องเอง,CINELOG 25,0,0,0,0,0,2,0,0,1,0,0.9911
553,GEPRC,CINELOG30 V3,3,0,0,1,0.0,ทั่วไป,ชื่อในช่องเอง,CINELOG30 V3,0,0,0,0,0,0,0,0,3,0,0.9911
554,BETAFPV,PAVO25 V2,3,0,0,1,0.0,ทั่วไป,ชื่อในช่องเอง,PAVO25 V2,0,0,0,0,0,0,0,2,1,0,0.9912
555,POTENSIC,ATOM DRONE,3,0,0,1,0.0,ทั่วไป,ชื่อในช่องเอง,ATOM DRONE,0,0,0,0,0,0,0,1,2,0,0.9912
556,QUANTUM SYSTEMS,TRINITY PRO,3,0,0,1,0.0,ทั่วไป,ชื่อในช่องเอง,TRINITY PRO,0,0,0,0,0,0,0,0,2,1,0.9912
557,DJI,MATICE 350 RTK,3,0,0,1,0.0,ทั่วไป,ชื่อในช่องเอง,MATICE 350 RTK,0,0,0,0,0,0,0,3,0,0,0.9912
558,DJI,4K MINI,3,0,0,1,0.0,ทั่วไป,ชื่อในช่องเอง,4K MINI,0,0,0,0,0,0,0,0,2,1,0.9912
559,HUBSAN,H501SS PRO,3,0,0,1,0.0,ทั่วไป,ชื่อในช่องเอง,H501SS PRO,3,0,0,0,0,0,0,0,0,0,0.9912
560,ICS,AVIX GN220 EVTOL,3,0,0,1,0.0,ทั่วไป,ชื่อในช่องเอง,AVIX GN220 EVTOL,0,0,0,0,0,0,1,0,1,1,0.9912
561,IFLIGHT,NAZGUL EVOGUE 6S HDF5X V2 FREESTYLE,3,0,0,1,0.0,ทั่วไป,ชื่อในช่องเอง,NAZGUL EVOGUE 6S HDF5X V2 FREESTYLE,0,0,0,0,0,0,2,1,0,0,0.9913
562,DJI MAVIC MINI,MT1SD25,3,0,0,1,0.0,ทั่วไป,รหัสที่ถอดไม่ได้,MT1SD25,0,0,0,0,1,0,1,1,0,0,0.9913
563,YUNEEC,MANTIS Q,3,0,0,1,0.0,ทั่วไป,ชื่อในช่องเอง,MANTIS Q,0,0,1,0,0,0,0,1,1,0,0.9913
564,WALKERA,QR-350PRO,3,0,0,1,0.0,ทั่วไป,ชื่อในช่องเอง,QR-350PRO,0,0,0,3,0,0,0,0,0,0,0.9913
565,OBK,ALTA-X9,3,0,0,1,0.0,ทั่วไป,ชื่อในช่องเอง,ALTA-X9,0,0,0,0,0,0,2,1,0,0,0.9913
566,HUBSAN,H501S PRO,3,0,0,1,0.0,ทั่วไป,ชื่อในช่องเอง,H501S PRO,0,1,2,0,0,0,0,0,0,0,0.9913
567,FIMI X8 MINI,FMWRJ04A7,3,0,0,1,0.0,ทั่วไป,ชื่อในช่องเอง,FMWRJ04A7,0,0,0,0,0,1,1,1,0,0,0.9913
568,FLYABILITY,ELIOS2,3,0,0,1,0.0,ทั่วไป,ชื่อในช่องเอง,ELIOS2,0,0,0,0,1,1,0,1,0,0,0.9914
569,DJI,MARVIC AIR,3,0,0,1,0.0,ทั่วไป,ชื่อในช่องเอง,MARVIC AIR,0,0,0,0,0,2,0,1,0,0,0.9914
570,WISDOM,HC629,3,0,0,1,0.0,ทั่วไป,รหัสที่ถอดไม่ได้,HC629,3,0,0,0,0,0,0,0,0,0,0.9914
571,DJI,PHANTOM 4 STANDARD,3,0,0,1,0.0,ทั่วไป,ชื่อในช่องเอง,PHANTOM 4 STANDARD,2,0,1,0,0,0,0,0,0,0,0.9914
572,MAVIC,AIR 2,3,0,0,1,0.0,ทั่วไป,ชื่อในช่องเอง,AIR 2,0,0,0,0,1,2,0,0,0,0,0.9914
573,AUTEL ROBOTICS,AUTEL ALPHA,3,0,0,1,0.0,ทั่วไป,ชื่อในช่องเอง,AUTEL ALPHA,0,0,0,0,0,0,0,0,3,0,0.9914
574,MI DRONE,FIMI X8 SE,3,0,0,1,0.0,ทั่วไป,ชื่อในช่องเอง,FIMI X8 SE,1,1,1,0,0,0,0,0,0,0,0.9914
575,DJI,M210RTK,3,0,0,1,0.0,ทั่วไป,ชื่อในช่องเอง,M210RTK,0,0,0,1,1,0,0,0,1,0,0.9915
576,IFLIGHT,NAZGUL 5,3,0,0,1,0.0,ทั่วไป,ชื่อในช่องเอง,NAZGUL 5,0,0,0,0,0,0,2,1,0,0,0.9915
577,DJI,WM331A และ GL300F,3,0,0,1,0.0,ทั่วไป,ชื่อในช่องเอง,WM331A และ GL300F,0,0,1,0,1,0,0,1,0,0,0.9915
578,DJI AVATA,QF2W4K,3,0,0,1,0.0,ทั่วไป,รหัสที่ถอดไม่ได้,QF2W4K,0,0,0,0,0,1,2,0,0,0,0.9915
579,DJI,"L1Z , RM500(CONTROLLER)",3,0,0,1,0.0,ทั่วไป,ชื่อในช่องเอง,"L1Z(AIRCRAFT), RM500(CONTROLLER)",0,0,0,1,0,0,0,0,1,1,0.9915
580,MAVIC,2 PRO,3,0,0,1,0.0,ทั่วไป,ชื่อในช่องเอง,2 PRO,0,0,0,0,1,1,1,0,0,0,0.9915
581,FREEFLY,ALTA X,3,0,0,1,0.0,ทั่วไป,ชื่อในช่องเอง,ALTA X,0,0,0,0,0,0,1,2,0,0,0.9915
582,FIMI,X8 TELE,3,0,0,1,0.0,ทั่วไป,ชื่อในช่องเอง,X8 TELE,0,0,0,0,0,0,0,0,1,2,0.9916
583,MERL,(ไม่ระบุ),3,0,0,1,0.0,ทั่วไป,ว่าง,-,0,3,0,0,0,0,0,0,0,0,0.9916
584,DJI,AVATA QF2W4K,3,0,0,1,0.0,ทั่วไป,ชื่อในช่องเอง,AVATA QF2W4K,0,0,0,0,0,0,1,2,0,0,0.9916
585,AUTEL ROBOTICS,EVO NANO,3,0,0,1,0.0,ทั่วไป,ชื่อในช่องเอง,EVO NANO,0,0,0,0,0,0,1,1,1,0,0.9916
586,YUNEEC,TYPHOON H ADVANCE,3,0,0,1,0.0,ทั่วไป,ชื่อในช่องเอง,TYPHOON H ADVANCE,2,1,0,0,0,0,0,0,0,0,0.9916
587,WL TOYS,Q333,3,0,0,1,0.0,ทั่วไป,ชื่อในช่องเอง,Q333,2,1,0,0,0,0,0,0,0,0,0.9916
588,DJI,MAVIC3 PRO,3,0,0,2,0.0,ทั่วไป,ชื่อในช่องเอง,MAVIC3 PRO ;; DJI MAVIC3 PRO,0,0,0,0,0,0,0,2,1,0,0.9917
589,EHANG,GHOST DRONE 2.0,3,0,0,1,0.0,ทั่วไป,ชื่อในช่องเอง,GHOST DRONE 2.0,1,2,0,0,0,0,0,0,0,0,0.9917
590,GEPRC,VAPOR D5,3,0,0,1,0.0,ทั่วไป,ชื่อในช่องเอง,VAPOR D5,0,0,0,0,0,0,0,0,2,1,0.9917
591,HOVERAIR,AIR X1 PRO,3,0,0,1,0.0,ทั่วไป,ชื่อในช่องเอง,AIR X1 PRO,0,0,0,0,0,0,0,1,2,0,0.9917
592,GEPRC,GEPRC MARK5,3,0,0,1,0.0,ทั่วไป,ชื่อในช่องเอง,GEPRC MARK5,0,0,0,0,0,0,0,2,1,0,0.9917
593,DJI,MAVIC AIR U11X,3,0,0,1,0.0,ทั่วไป,ชื่อในช่องเอง,MAVIC AIR U11X,0,0,0,0,0,1,2,0,0,0,0.9917
594,DJI,MINI 3 PRO RC,3,0,0,1,0.0,ทั่วไป,ชื่อในช่องเอง,MINI 3 PRO RC,0,0,0,0,0,1,1,1,0,0,0.9917
595,DJI,MAVIC ZOOM,2,0,0,1,0.0,ทั่วไป,ชื่อในช่องเอง,MAVIC ZOOM,0,0,0,0,0,0,2,0,0,0,0.9917
596,DJI,MAVIC PRO PLATINUM M1X,2,0,0,1,0.0,ทั่วไป,ชื่อในช่องเอง,MAVIC PRO PLATINUM M1X,0,0,0,0,0,0,2,0,0,0,0.9918
597,GEPRC,VAPOR-D5,2,0,0,1,0.0,ทั่วไป,ชื่อในช่องเอง,VAPOR-D5,0,0,0,0,0,0,0,0,2,0,0.9918
598,GEPRC,VAPOR-X5 DC,2,0,0,1,0.0,ทั่วไป,ชื่อในช่องเอง,VAPOR-X5 DC,0,0,0,0,0,0,0,0,2,0,0.9918
599,DJI,DN1A0822,2,0,0,1,0.0,ทั่วไป,รหัสที่ถอดไม่ได้,DN1A0822,0,0,0,0,0,0,0,1,1,0,0.9918
600,DJI,DN1A0832,2,0,0,1,0.0,ทั่วไป,รหัสที่ถอดไม่ได้,DN1A0832,0,0,0,0,0,0,0,0,2,0,0.9918
601,GEPRC,DARKSTAR 20,2,0,0,1,0.0,ทั่วไป,ชื่อในช่องเอง,DARKSTAR 20,0,0,0,0,0,0,0,0,1,1,0.9918
602,DJI,DN1A0769,2,0,0,1,0.0,ทั่วไป,รหัสที่ถอดไม่ได้,DN1A0769,0,0,0,0,0,0,0,0,0,2,0.9918
603,DJI,DN1A0784,2,0,0,1,0.0,ทั่วไป,รหัสที่ถอดไม่ได้,DN1A0784,0,0,0,0,0,0,0,0,2,0,0.9918
604,HOVERAIR,AIRX1,2,0,0,1,0.0,ทั่วไป,ชื่อในช่องเอง,AIRX1,0,0,0,0,0,0,0,1,1,0,0.9918
605,SYMA,X8 PRO,2,0,0,1,0.0,ทั่วไป,ชื่อในช่องเอง,X8 PRO,1,0,0,0,0,1,0,0,0,0,0.9918
606,DJI,MAVIC 4 MINI,2,0,0,1,0.0,ทั่วไป,ชื่อในช่องเอง,MAVIC 4 MINI,0,0,0,0,0,0,0,2,0,0,0.9919
607,ZLL,SG906 PRO MAX,2,0,0,1,0.0,ทั่วไป,ชื่อในช่องเอง,SG906 PRO MAX,0,0,0,0,0,0,2,0,0,0,0.9919
608,ประกอบเอง,HOBBYKING,2,0,0,1,0.0,ทั่วไป,ชื่อในช่องเอง,HOBBYKING,2,0,0,0,0,0,0,0,0,0,0.9919
609,DJI,MAVIC MINI 3PRO,2,0,0,1,0.0,ทั่วไป,ชื่อในช่องเอง,MAVIC MINI 3PRO,0,0,0,0,0,0,1,0,1,0,0.9919
610,DJI NEO 2,DEN225,2,0,0,1,0.0,ทั่วไป,รหัสที่ถอดไม่ได้,DEN225,0,0,0,0,0,0,0,0,1,1,0.9919
611,FIMI,FMWRJ03A8,2,0,0,1,0.0,ทั่วไป,ชื่อในช่องเอง,FMWRJ03A8,0,0,0,0,0,0,0,1,0,1,0.9919
612,DJI,MAVIK MINI,2,0,0,1,0.0,ทั่วไป,ชื่อในช่องเอง,MAVIK MINI,0,0,0,0,0,0,1,1,0,0,0.9919
613,DJI,MAVIK MINI 2,2,0,0,1,0.0,ทั่วไป,ชื่อในช่องเอง,MAVIK MINI 2,0,0,0,0,0,0,2,0,0,0,0.9919
614,DJI,MIN 3 PRO,2,0,0,1,0.0,ทั่วไป,ชื่อในช่องเอง,MIN 3 PRO,0,0,0,0,0,0,2,0,0,0,0.9919
615,DJI,MINE 3 PRO,2,0,0,2,0.0,ทั่วไป,ชื่อในช่องเอง,MINE 3 PRO ;; DJI MINE 3 PRO,0,0,0,0,0,0,1,1,0,0,0.9919
616,DJI,MAVID MINI,2,0,0,1,0.0,ทั่วไป,ชื่อในช่องเอง,MAVID MINI,0,0,2,0,0,0,0,0,0,0,0.992
617,DJI,"MAVIC2 ZOOM/L1Z,L1ZA",2,0,0,1,0.0,ทั่วไป,ชื่อในช่องเอง,"MAVIC2 ZOOM/L1Z,L1ZA",0,0,0,1,1,0,0,0,0,0,0.992
618,DJI,MAVIC3CLASSIC,2,0,0,1,0.0,ทั่วไป,ชื่อในช่องเอง,MAVIC3CLASSIC,0,0,0,0,0,0,2,0,0,0,0.992
619,DJI,MAVIC2 ENTERPRISE DUAL,2,0,0,1,0.0,ทั่วไป,ชื่อในช่องเอง,MAVIC2 ENTERPRISE DUAL,0,0,0,2,0,0,0,0,0,0,0.992
620,WL TOYS,Q323,2,0,0,1,0.0,ทั่วไป,ชื่อในช่องเอง,Q323,2,0,0,0,0,0,0,0,0,0,0.992
621,DJI,DN1A1303,2,0,0,1,0.0,ทั่วไป,รหัสที่ถอดไม่ได้,DN1A1303,0,0,0,0,0,0,0,0,2,0,0.992
622,DJI AIR 2S,DA2SUE1,2,0,0,1,0.0,ทั่วไป,รหัสที่ถอดไม่ได้,DA2SUE1,0,0,0,0,0,1,1,0,0,0,0.992
623,EMAX,TINYHAWK III PLUS FREESTYLE BNF,2,0,0,1,0.0,ทั่วไป,ชื่อในช่องเอง,TINYHAWK III PLUS FREESTYLE BNF,0,0,0,0,0,0,0,0,1,1,0.992
624,DJI,AVATAR 2,2,0,0,1,0.0,ทั่วไป,ชื่อในช่องเอง,AVATAR 2,0,0,0,0,0,0,0,1,1,0,0.992
625,DJI,AVATTA,2,0,0,1,0.0,ทั่วไป,ชื่อในช่องเอง,AVATTA,0,0,0,0,0,1,0,1,0,0,0.992
626,WLTOYS,Q303,2,0,0,1,0.0,ทั่วไป,ชื่อในช่องเอง,Q303,2,0,0,0,0,0,0,0,0,0,0.9921
627,DJI,PHANTOM4 PRO+OBSIDIAN,2,0,0,1,0.0,ทั่วไป,ชื่อในช่องเอง,PHANTOM4 PRO+OBSIDIAN (EU),0,0,0,2,0,0,0,0,0,0,0.9921
628,XIAOMI,MI DRONE 4K,2,0,0,1,0.0,ทั่วไป,ชื่อในช่องเอง,MI DRONE 4K,1,1,0,0,0,0,0,0,0,0,0.9921
629,AUTEL ROBOTICS,EVO LITE ENTERPRISE 640T,2,0,0,1,0.0,ทั่วไป,ชื่อในช่องเอง,EVO LITE ENTERPRISE 640T,0,0,0,0,0,0,0,0,2,0,0.9921
630,AUTEL ROBOTICS,EVO MAX 4N,2,0,0,1,0.0,ทั่วไป,ชื่อในช่องเอง,EVO MAX 4N (TH),0,0,0,0,0,0,0,1,1,0,0.9921
631,MAVIC AIR,U11X,2,0,0,1,0.0,ทั่วไป,ชื่อในช่องเอง,U11X,0,0,0,0,0,0,2,0,0,0,0.9921
632,LIONGREEN,L30,2,0,2,1,1.0,เกษตร,ชื่อในช่องเอง,L30,0,0,0,0,0,0,0,0,2,0,0.9921
633,LSRC,S1S,2,0,0,1,0.0,ทั่วไป,ชื่อในช่องเอง,S1S,0,0,0,0,0,0,0,1,1,0,0.9921
634,DJI,DN1A0653,2,0,0,1,0.0,ทั่วไป,รหัสที่ถอดไม่ได้,DN1A0653,0,0,0,0,0,0,0,1,1,0,0.9921
635,XAG,3WWDZ-60A,2,0,2,1,1.0,เกษตร,รหัสที่ถอดไม่ได้,P150 (3WWDZ-60A),0,0,0,0,0,0,0,0,2,0,0.9921
636,XAG,3WWDZ-U80AT,2,0,2,1,1.0,เกษตร,รหัสที่ถอดไม่ได้,3WWDZ-U80AT,0,0,0,0,0,0,0,0,0,2,0.9921
637,AUTEL ROBOTICS,MDXM2,2,0,0,1,0.0,ทั่วไป,ชื่อในช่องเอง,MDXM2,0,0,0,0,0,0,1,0,1,0,0.9922
638,AUTEL ROBOTICS,EVO NANO +,2,0,0,1,0.0,ทั่วไป,ชื่อในช่องเอง,EVO NANO +,0,0,0,0,0,0,1,0,1,0,0.9922
639,AUTEL ROBOTICS,EVO NANO SERIES,2,0,0,1,0.0,ทั่วไป,ชื่อในช่องเอง,EVO NANO SERIES,0,0,0,0,0,0,0,2,0,0,0.9922
640,ATMOS UAV,MARLYN-AC-TH-1,2,0,0,1,0.0,ทั่วไป,ชื่อในช่องเอง,MARLYN-AC-TH-1,0,0,0,0,1,0,0,1,0,0,0.9922
641,AUTEL ROBOTIC,EVO 2 PRO,2,0,0,1,0.0,ทั่วไป,ชื่อในช่องเอง,EVO 2 PRO,0,0,0,0,0,0,1,0,1,0,0.9922
642,DJI,F550,2,0,0,1,0.0,ทั่วไป,ชื่อในช่องเอง,F550,0,2,0,0,0,0,0,0,0,0,0.9922
643,DJI MAVIC,AIR 2S,2,0,0,1,0.0,ทั่วไป,ชื่อในช่องเอง,AIR 2S,0,0,0,0,0,1,0,1,0,0,0.9922
644,DJI,T650A / INSPIRE2,2,0,1,1,0.5,ทั่วไป,ชื่อในช่องเอง,T650A / INSPIRE2,0,0,0,0,1,0,0,0,1,0,0.9922
645,IFLIGHT,TAURUS X8,2,0,0,1,0.0,ทั่วไป,ชื่อในช่องเอง,TAURUS X8,0,0,0,0,0,0,0,2,0,0,0.9922
646,DJI,ZOOM/L1Z,2,0,0,1,0.0,ทั่วไป,ชื่อในช่องเอง,ZOOM/L1Z,0,0,0,0,1,1,0,0,0,0,0.9922
647,DJI,FLYCART 100,2,0,0,1,0.0,ทั่วไป,ชื่อในช่องเอง,FLYCART 100 (CE),0,0,0,0,0,0,0,0,0,2,0.9923
648,DJI,FPV 2,2,2,0,1,0.0,ทั่วไป,ชื่อในช่องเอง,FPV COMBO 2,0,0,0,0,0,0,1,0,1,0,0.9923
649,DJI,INSPIRE,2,0,0,1,0.0,ทั่วไป,ชื่อในช่องเอง,INSPIRE,1,0,0,0,0,0,0,0,0,1,0.9923
650,DJI,SPARK MM1A,2,0,0,1,0.0,ทั่วไป,ชื่อในช่องเอง,SPARK MM1A,0,0,0,0,0,0,0,2,0,0,0.9923
651,DJI,PHANTOM4 PRO V2.0,2,0,0,1,0.0,ทั่วไป,ชื่อในช่องเอง,PHANTOM4 PRO V2.0,0,0,0,0,0,2,0,0,0,0,0.9923
652,XAIRCRAFT,P20,2,0,0,1,0.0,ทั่วไป,ชื่อในช่องเอง,P20,0,2,0,0,0,0,0,0,0,0,0.9923
653,WL TOY,Q303,2,0,0,1,0.0,ทั่วไป,ชื่อในช่องเอง,Q303,2,0,0,0,0,0,0,0,0,0,0.9923
654,BAYANGTOYS,X21,2,0,0,1,0.0,ทั่วไป,ชื่อในช่องเอง,X21,1,1,0,0,0,0,0,0,0,0,0.9923
655,WL TOYS,Q303,2,0,0,1,0.0,ทั่วไป,ชื่อในช่องเอง,Q303,1,1,0,0,0,0,0,0,0,0,0.9923
656,DJI,M210 V2,2,0,0,1,0.0,ทั่วไป,ชื่อในช่องเอง,M210 V2,0,0,0,0,0,1,0,0,0,1,0.9923
657,DJI,PRO MINI 4,2,0,0,1,0.0,ทั่วไป,ชื่อในช่องเอง,PRO MINI 4,0,0,0,0,0,0,0,1,1,0,0.9924
658,MJX,BUGS 2W,2,0,0,1,0.0,ทั่วไป,ชื่อในช่องเอง,BUGS 2W,1,1,0,0,0,0,0,0,0,0,0.9924
659,DJI,PHANTOM PROFESSIONAL,2,0,0,1,0.0,ทั่วไป,ชื่อในช่องเอง,PHANTOM PROFESSIONAL,2,0,0,0,0,0,0,0,0,0,0.9924
660,VEFLY AUTOMATION,BLACK HORNET AHS1,2,0,0,1,0.0,ทั่วไป,ชื่อในช่องเอง,BLACK HORNET AHS1,0,0,2,0,0,0,0,0,0,0,0.9924
661,PARROT,ANAFI USA,2,0,0,1,0.0,ทั่วไป,ชื่อในช่องเอง,ANAFI USA,0,0,0,0,1,0,0,1,0,0,0.9924
662,PARROT,BEBOP,2,0,0,1,0.0,ทั่วไป,ชื่อในช่องเอง,BEBOP,0,2,0,0,0,0,0,0,0,0,0.9924
663,MONSTER DRONE,MD PLUS,2,0,2,1,1.0,เกษตร,ชื่อในช่องเอง,MD PLUS,0,0,0,0,1,1,0,0,0,0,0.9924
664,DJI,AIRCRAFT T650A,2,0,0,1,0.0,ทั่วไป,ชื่อในช่องเอง,AIRCRAFT T650A,0,0,0,1,0,0,0,0,1,0,0.9924
665,DJI,ATOM,2,0,0,1,0.0,ทั่วไป,ชื่อในช่องเอง,ATOM,0,0,0,0,0,0,0,2,0,0,0.9924
666,MAKER DRONE,MD616,2,0,2,1,1.0,เกษตร,รหัสที่ถอดไม่ได้,MD616,0,0,0,0,0,1,0,1,0,0,0.9924
667,FIMI,X8 MINI DRONE,2,0,0,1,0.0,ทั่วไป,ชื่อในช่องเอง,X8 MINI DRONE,0,0,0,0,0,0,1,1,0,0,0.9924
668,XIRO,XPLORER,2,0,0,1,0.0,ทั่วไป,ชื่อในช่องเอง,XPLORER,2,0,0,0,0,0,0,0,0,0,0.9925
669,XK DETECT,(ไม่ระบุ),2,0,0,1,0.0,ทั่วไป,ว่าง,-,1,1,0,0,0,0,0,0,0,0,0.9925
670,BETAFPV,AIR65,2,0,0,1,0.0,ทั่วไป,รหัสที่ถอดไม่ได้,AIR65,0,0,0,0,0,0,0,0,1,1,0.9925
671,BETAFPV,AIR75,2,0,0,1,0.0,ทั่วไป,รหัสที่ถอดไม่ได้,AIR75,0,0,0,0,0,0,0,2,0,0,0.9925
672,BETAFPV,PAVO 20,2,0,0,1,0.0,ทั่วไป,ชื่อในช่องเอง,PAVO 20,0,0,0,0,0,0,0,2,0,0,0.9925
673,WINGTRA,WINGTRAONE,2,0,0,1,0.0,ทั่วไป,ชื่อในช่องเอง,WINGTRAONE,0,0,1,0,1,0,0,0,0,0,0.9925
674,DJI,AVATA 1,2,0,0,1,0.0,ทั่วไป,ชื่อในช่องเอง,AVATA 1,0,0,0,0,0,0,0,2,0,0,0.9925
675,DJI,MAGIC MINI,2,0,0,1,0.0,ทั่วไป,ชื่อในช่องเอง,MAGIC MINI,0,0,0,0,0,1,1,0,0,0,0.9925
676,DJI,MAGIC MINI 3,2,0,0,1,0.0,ทั่วไป,ชื่อในช่องเอง,MAGIC MINI 3,0,0,0,0,0,0,0,1,1,0,0.9925
677,DJI,PHANTOM 4 ADVANCE,2,0,0,1,0.0,ทั่วไป,ชื่อในช่องเอง,PHANTOM 4 ADVANCE,2,0,0,0,0,0,0,0,0,0,0.9925
678,DJI,PHANTOM 4 PRO V2,2,0,0,1,0.0,ทั่วไป,ชื่อในช่องเอง,PHANTOM 4 PRO V2,0,0,0,0,0,2,0,0,0,0,0.9926
679,DJI,PHANTOM 4 PRO+ OBSIDIAN,2,0,0,1,0.0,ทั่วไป,ชื่อในช่องเอง,PHANTOM 4 PRO+ OBSIDIAN,0,0,0,0,2,0,0,0,0,0,0.9926
680,DJI,PHAMTOM 4 PROFESSIONAL,2,0,0,1,0.0,ทั่วไป,ชื่อในช่องเอง,PHAMTOM 4 PROFESSIONAL,2,0,0,0,0,0,0,0,0,0,0.9926
681,DJI,MARVIC AIR 2,2,0,0,1,0.0,ทั่วไป,ชื่อในช่องเอง,MARVIC AIR 2,0,0,0,0,0,0,1,1,0,0,0.9926
682,DJI,MARVIC MINI,2,0,0,1,0.0,ทั่วไป,ชื่อในช่องเอง,MARVIC MINI,0,0,0,0,0,0,1,0,1,0,0.9926
683,DJI,MAGIC 2 PRO,2,0,0,1,0.0,ทั่วไป,ชื่อในช่องเอง,MAGIC 2 PRO,0,0,0,0,0,0,1,0,1,0,0.9926
684,XM2,SIERRA,2,0,0,1,0.0,ทั่วไป,ชื่อในช่องเอง,SIERRA,0,0,2,0,0,0,0,0,0,0,0.9926
685,FLYFISH,ATLAS 4,2,0,0,1,0.0,ทั่วไป,ชื่อในช่องเอง,ATLAS 4,0,0,0,0,0,0,0,1,1,0,0.9926
686,FLYWOO,CINERACE20 V2,2,0,0,1,0.0,ทั่วไป,ชื่อในช่องเอง,CINERACE20 V2,0,0,0,0,0,0,0,1,1,0,0.9926
687,FLYWOO,EXPLORER,2,0,0,1,0.0,ทั่วไป,ชื่อในช่องเอง,EXPLORER,0,0,0,0,0,0,0,1,0,1,0.9926
688,FIMI,X8SE2020,2,0,0,1,0.0,ทั่วไป,ชื่อในช่องเอง,X8SE2020,0,0,0,0,0,1,1,0,0,0,0.9927
689,HUBSAN,H109S PRO,2,0,0,1,0.0,ทั่วไป,ชื่อในช่องเอง,H109S PRO,1,1,0,0,0,0,0,0,0,0,0.9927
690,HOLY STONE,HS 360E,2,0,0,1,0.0,ทั่วไป,ชื่อในช่องเอง,HS 360E,0,0,0,0,0,0,0,0,1,1,0.9927
691,XM2,TANGO,2,0,0,1,0.0,ทั่วไป,ชื่อในช่องเอง,TANGO,0,0,2,0,0,0,0,0,0,0,0.9927
692,YUNEEC,BREEZE 4K,2,0,0,1,0.0,ทั่วไป,ชื่อในช่องเอง,BREEZE 4K,1,0,1,0,0,0,0,0,0,0,0.9927
693,XAG,3WWDZ-30A,2,0,2,1,1.0,เกษตร,รหัสที่ถอดไม่ได้,P60 (3WWDZ-30A),0,0,0,0,0,0,0,0,2,0,0.9927
694,WALKERA,QR Y100,2,0,0,1,0.0,ทั่วไป,ชื่อในช่องเอง,QR Y100,2,0,0,0,0,0,0,0,0,0,0.9927
695,WALKERA,SCOUT X4,2,0,0,1,0.0,ทั่วไป,ชื่อในช่องเอง,SCOUT X4,1,1,0,0,0,0,0,0,0,0,0.9927
696,POTENSIC,ATOM 3,2,0,0,1,0.0,ทั่วไป,ชื่อในช่องเอง,ATOM 3,0,0,0,0,0,0,0,2,0,0,0.9927
697,DJI,AIR 4,2,0,0,1,0.0,ทั่วไป,ชื่อในช่องเอง,AIR 4,0,0,0,0,0,0,0,2,0,0,0.9927
698,DJI,AIR MAVIC 2,2,0,0,1,0.0,ทั่วไป,ชื่อในช่องเอง,AIR MAVIC 2,0,0,0,0,0,1,0,1,0,0,0.9928
699,DJI,ADS-B,2,0,0,1,0.0,ทั่วไป,ชื่อในช่องเอง,ADS-B,0,0,0,0,0,0,2,0,0,0,0.9928
700,DJI,PHANTOM 3 PROFESIONAL,2,0,0,1,0.0,ทั่วไป,ชื่อในช่องเอง,PHANTOM 3 PROFESIONAL,2,0,0,0,0,0,0,0,0,0,0.9928
701,DJI,NAZA LITE,2,0,0,1,0.0,ทั่วไป,ชื่อในช่องเอง,NAZA LITE,2,0,0,0,0,0,0,0,0,0,0.9928
702,DJI,MATRICE 210 RTK V2,2,0,0,2,0.0,ทั่วไป,ชื่อในช่องเอง,MATRICE 210 RTK V2 ;; M210 RTK V2 / MATRICE 210 RTK V2,0,0,0,0,2,0,0,0,0,0,0.9928
703,DJI,MATRICE 210 V2,2,0,0,1,0.0,ทั่วไป,ชื่อในช่องเอง,MATRICE 210 V2,0,0,0,2,0,0,0,0,0,0,0.9928
704,DJI,O3,2,0,0,1,0.0,ทั่วไป,ชื่อในช่องเอง,O3,0,0,0,0,0,0,2,0,0,0,0.9928
705,POTENSIC,ATOM LT,2,0,0,1,0.0,ทั่วไป,ชื่อในช่องเอง,ATOM LT,0,0,0,0,0,0,0,0,2,0,0.9928
706,POTENSIC,ATOM2,2,0,0,1,0.0,ทั่วไป,ชื่อในช่องเอง,ATOM2,0,0,0,0,0,0,0,0,1,1,0.9928
707,DJI MAVIC AIR,U11X,2,0,0,1,0.0,ทั่วไป,ชื่อในช่องเอง,U11X,0,0,0,0,0,1,0,1,0,0,0.9928
708,DJI MAVIC AIR 2,MA2UE3W,2,0,0,1,0.0,ทั่วไป,รหัสที่ถอดไม่ได้,MA2UE3W,0,0,0,0,0,1,0,1,0,0,0.9928
709,DJI MAVIC MINI,MR1SS5,2,0,0,1,0.0,ทั่วไป,รหัสที่ถอดไม่ได้,MR1SS5,0,0,0,0,1,0,1,0,0,0,0.9929
710,EPP FOAM GLIDER,EPP FOAM GLIDER,2,0,0,1,0.0,ทั่วไป,ชื่อในช่องเอง,EPP FOAM GLIDER,0,0,0,0,0,0,0,0,2,0,0.9929
711,DJI,DN1A0672,2,0,0,1,0.0,ทั่วไป,รหัสที่ถอดไม่ได้,DN1A0672,0,0,0,0,0,0,0,0,2,0,0.9929
712,IFLIGHT,NAZGUL EVOQUE F5D,2,0,0,1,0.0,ทั่วไป,ชื่อในช่องเอง,NAZGUL EVOQUE F5D,0,0,0,0,0,0,2,0,0,0,0.9929
713,IFLIGHT,CHIMERA PRO 7,2,0,0,1,0.0,ทั่วไป,ชื่อในช่องเอง,CHIMERA PRO 7,0,0,0,0,0,0,0,2,0,0,0.9929
714,IFLIGHT,CHIMERA7 V2,2,0,0,1,0.0,ทั่วไป,ชื่อในช่องเอง,CHIMERA7 V2,0,0,0,0,0,0,2,0,0,0,0.9929
715,IFLIGHT,CIDORA SL5,2,0,0,1,0.0,ทั่วไป,ชื่อในช่องเอง,CIDORA SL5,0,0,0,0,0,0,2,0,0,0,0.9929
716,IFLIGHT,IH3 HD 03 AIR UNIT 45,2,0,0,1,0.0,ทั่วไป,ชื่อในช่องเอง,IH3 HD 03 AIR UNIT 45,0,0,0,0,0,0,1,1,0,0,0.9929
717,ICS,VERTIX VL240,2,0,0,1,0.0,ทั่วไป,ชื่อในช่องเอง,VERTIX VL240,0,0,0,0,0,0,2,0,0,0,0.9929
718,IFLIGHT,AFTERBURNER,2,0,0,1,0.0,ทั่วไป,ชื่อในช่องเอง,AFTERBURNER,0,0,0,0,0,0,0,2,0,0,0.9929
719,ANTYGAVITY,A 1,2,0,0,1,0.0,ทั่วไป,ชื่อในช่องเอง,A 1,0,0,0,0,0,0,0,0,0,2,0.993
720,FLYWOO,LR4,2,0,0,1,0.0,ทั่วไป,ชื่อในช่องเอง,LR4,0,0,0,0,0,0,0,1,0,1,0.993
721,FOXTECH,LOONG 2160 VTOL,2,0,0,1,0.0,ทั่วไป,ชื่อในช่องเอง,LOONG 2160 VTOL,0,0,0,2,0,0,0,0,0,0,0.993
722,FPV,CG035,2,0,0,1,0.0,ทั่วไป,รหัสที่ถอดไม่ได้,CG035,1,1,0,0,0,0,0,0,0,0,0.993
723,DJI,MAVIC 2S,2,0,0,1,0.0,ทั่วไป,ชื่อในช่องเอง,MAVIC 2S,0,0,0,0,0,0,1,1,0,0,0.993
724,DJI,3W-DJI -8-10-015 (MG-1S),2,0,2,1,1.0,เกษตร,ชื่อในช่องเอง,3W-DJI -8-10-015 (MG-1S),0,0,2,0,0,0,0,0,0,0,0.993
725,PARROT,BEBOP DRONE 2,2,0,0,1,0.0,ทั่วไป,ชื่อในช่องเอง,BEBOP DRONE 2,0,0,2,0,0,0,0,0,0,0,0.993
726,DJI,5 MINI PRO,2,0,0,1,0.0,ทั่วไป,ชื่อในช่องเอง,5 MINI PRO,0,0,0,0,0,0,0,0,1,1,0.993
727,DJI,AAVATA 2,2,0,0,1,0.0,ทั่วไป,ชื่อในช่องเอง,AAVATA 2,0,0,0,0,0,0,0,0,1,1,0.993
728,DJI,MATRICE 4D,2,0,0,1,0.0,ทั่วไป,ชื่อในช่องเอง,MATRICE 4D,0,0,0,0,0,0,0,0,1,1,0.993
729,DJI,MATRICE 600PRO,2,0,0,1,0.0,ทั่วไป,ชื่อในช่องเอง,MATRICE 600PRO (M600P),0,0,2,0,0,0,0,0,0,0,0.9931
730,DJI,MATRICE M600 PRO,2,0,0,1,0.0,ทั่วไป,ชื่อในช่องเอง,MATRICE M600 PRO,1,0,0,0,0,0,1,0,0,0,0.9931
731,VELOS ROTORS,VELOS V3,2,0,0,1,0.0,ทั่วไป,ชื่อในช่องเอง,VELOS V3,0,0,0,0,0,0,0,2,0,0,0.9931
732,VERTICAL TECHNOLOGIES,DELTAQUAD PRO,2,0,0,1,0.0,ทั่วไป,ชื่อในช่องเอง,DELTAQUAD PRO,0,0,0,0,1,0,0,1,0,0,0.9931
733,VERTICAL TECHNOLOGIES,DELTAQUAD PRO #VIEW,2,0,0,1,0.0,ทั่วไป,ชื่อในช่องเอง,DELTAQUAD PRO #VIEW,0,0,0,1,0,0,0,1,0,0,0.9931
734,GEPRC,CINELOG25,2,0,1,1,0.5,ทั่วไป,ชื่อในช่องเอง,CINELOG25,0,0,0,0,0,1,0,1,0,0,0.9931
735,GEPRC,CINE LOG 30 V3,2,0,0,1,0.0,ทั่วไป,ชื่อในช่องเอง,CINE LOG 30 V3,0,0,0,0,0,0,0,0,1,1,0.9931
736,GEPRC,CINEBOT 30,2,0,0,1,0.0,ทั่วไป,ชื่อในช่องเอง,CINEBOT 30,0,0,0,0,0,0,0,1,1,0,0.9931
737,GEPRC,CINELOG,2,0,0,1,0.0,ทั่วไป,ชื่อในช่องเอง,CINELOG,0,0,0,0,0,0,1,1,0,0,0.9931
738,GEPRC,CINELOG 2S,2,0,0,1,0.0,ทั่วไป,ชื่อในช่องเอง,CINELOG 2S,0,0,0,0,0,0,2,0,0,0,0.9931
739,FPV RACING,CG035,2,0,0,1,0.0,ทั่วไป,รหัสที่ถอดไม่ได้,CG035,2,0,0,0,0,0,0,0,0,0,0.9932
740,FREE FLY,ALTA X,2,0,0,1,0.0,ทั่วไป,ชื่อในช่องเอง,ALTA X,0,0,0,0,0,2,0,0,0,0,0.9932
741,TOYOTA,UAVT0000003,2,0,2,1,1.0,เกษตร,ชื่อในช่องเอง,UAVT0000003,0,0,0,0,0,0,2,0,0,0,0.9932
742,DRONE DJI,MINI 3 PRO,2,0,0,2,0.0,ทั่วไป,ชื่อในช่องเอง,MINI 3 PRO ;; DJI MINI 3 PRO / MT3M3VD,0,0,0,0,0,0,2,0,0,0,0.9932
743,DJI MINI PRO 3,MT3M3VD,2,0,0,1,0.0,ทั่วไป,รหัสที่ถอดไม่ได้,MT3M3VD,0,0,0,0,0,0,2,0,0,0,0.9932
744,DJI MINI PRO 4,MT4MFVD,2,0,0,1,0.0,ทั่วไป,รหัสที่ถอดไม่ได้,MT4MFVD,0,0,0,0,0,0,0,1,1,0,0.9932
745,DJI MINI2,MT2PD,2,0,0,1,0.0,ทั่วไป,รหัสที่ถอดไม่ได้,MT2PD,0,0,0,0,0,2,0,0,0,0,0.9932
746,JOUSHA BARWELL,QVA-S2,2,0,0,1,0.0,ทั่วไป,ชื่อในช่องเอง,QVA-S2,0,0,0,0,0,0,0,2,0,0,0.9932
747,IMPULSERC,APEX,2,0,0,1,0.0,ทั่วไป,ชื่อในช่องเอง,APEX,0,0,0,0,0,1,1,0,0,0,0.9932
748,IMPULSERC,APEX HD,2,0,0,1,0.0,ทั่วไป,ชื่อในช่องเอง,APEX HD,0,0,0,0,0,1,0,1,0,0,0.9932
749,IFLIGHT,NAZGUL EVOQUE F5X,2,0,0,1,0.0,ทั่วไป,ชื่อในช่องเอง,NAZGUL EVOQUE F5X,0,0,0,0,0,0,1,1,0,0,0.9932
750,IFLIGHT,PROTEK25,2,0,0,1,0.0,ทั่วไป,ชื่อในช่องเอง,PROTEK25,0,0,0,0,0,0,1,1,0,0,0.9933
751,DJI MINI,3 PRO,2,0,0,1,0.0,ทั่วไป,ชื่อในช่องเอง,3 PRO,0,0,0,0,0,0,0,0,1,1,0.9933
752,DJI MINI 3,MT3PD,2,0,0,1,0.0,ทั่วไป,รหัสที่ถอดไม่ได้,MT3PD,0,0,0,0,0,0,0,2,0,0,0.9933
753,DJI MAVIC,MINI,2,0,0,1,0.0,ทั่วไป,ชื่อในช่องเอง,MINI,0,0,0,0,0,0,2,0,0,0,0.9933
754,DJI MAVIC 3,L2A,2,0,0,1,0.0,ทั่วไป,ชื่อในช่องเอง,L2A,0,0,0,0,0,1,0,0,1,0,0.9933
755,DJI,MAVIC 2 MINI,2,0,0,1,0.0,ทั่วไป,ชื่อในช่องเอง,MAVIC 2 MINI,0,0,0,0,0,0,1,0,1,0,0.9933
756,DJ,MINI 4 PRO,2,0,0,1,0.0,ทั่วไป,ชื่อในช่องเอง,MINI 4 PRO,0,0,0,0,0,0,1,0,1,0,0.9933
757,PT,PHANTOM,2,0,0,1,0.0,ทั่วไป,ชื่อในช่องเอง,PHANTOM,0,0,0,0,0,0,2,0,0,0,0.9933
758,QUANTUM SYSTEMS,TRINITY F90+,2,0,0,1,0.0,ทั่วไป,ชื่อในช่องเอง,TRINITY F90+,0,0,0,0,0,1,1,0,0,0,0.9933
759,DJI,MINI5 PRO,2,0,0,1,0.0,ทั่วไป,ชื่อในช่องเอง,MINI5 PRO,0,0,0,0,0,0,0,0,1,1,0.9933
760,ASCTEC,INTEL FALCON 8 TRINITY,2,0,0,1,0.0,ทั่วไป,ชื่อในช่องเอง,INTEL FALCON 8 TRINITY,0,0,1,1,0,0,0,0,0,0,0.9934
761,SIMTOO MOMENT,(ไม่ระบุ),2,0,0,1,0.0,ทั่วไป,ว่าง,-,0,2,0,0,0,0,0,0,0,0,0.9934
762,DJI,03 AIR UNIT,2,0,0,1,0.0,ทั่วไป,ชื่อในช่องเอง,03 AIR UNIT,0,0,0,0,0,0,1,0,1,0,0.9934
763,DJI,2,2,1,0,2,0.0,ทั่วไป,ชื่อในช่องเอง,2 ;; FLY MORE COMBO 2,0,0,0,0,0,0,1,0,1,0,0.9934
764,DJI,2 MINI,2,0,0,2,0.0,ทั่วไป,ชื่อในช่องเอง,2 MINI ;; DJI 2 MINI,0,0,0,0,0,0,1,0,1,0,0.9934
765,BUG AWAY,BA10LTH,2,0,2,1,1.0,เกษตร,รหัสที่ถอดไม่ได้,BA10LTH,0,0,0,0,2,0,0,0,0,0,0.9934
766,GEPRC,MARK 5 DC,2,0,0,1,0.0,ทั่วไป,ชื่อในช่องเอง,MARK 5 DC,0,0,0,0,0,0,0,0,0,2,0.9934
767,GEPRC,CINELOG 30 V3,2,0,0,1,0.0,ทั่วไป,ชื่อในช่องเอง,CINELOG 30 V3,0,0,0,0,0,0,0,0,2,0,0.9934
768,SPEEDYBEE,MASTER 3X,2,0,0,1,0.0,ทั่วไป,ชื่อในช่องเอง,MASTER 3X,0,0,0,0,0,0,0,0,0,2,0.9934
769,ST ENGINEERING AEROSPACE,DRN-15L,2,0,0,1,0.0,ทั่วไป,ชื่อในช่องเอง,DRN-15L,0,0,0,0,0,2,0,0,0,0,0.9934
770,ST ENGINEERING AEROSPACE,DRN-40,2,0,0,1,0.0,ทั่วไป,ชื่อในช่องเอง,DRN-40,0,0,0,0,0,0,0,0,2,0,0.9935
771,SENSEFLY,EBEE PLUS RTK,2,0,0,1,0.0,ทั่วไป,ชื่อในช่องเอง,EBEE PLUS RTK,1,0,0,0,1,0,0,0,0,0,0.9935
772,DJI,MAVIC 3 V2.0,2,0,0,1,0.0,ทั่วไป,ชื่อในช่องเอง,MAVIC 3 V2.0,0,0,0,0,0,0,2,0,0,0,0.9935
773,DJI,MAVIC 3PRO,2,0,0,1,0.0,ทั่วไป,ชื่อในช่องเอง,MAVIC 3PRO,0,0,0,0,0,0,0,0,2,0,0.9935
774,DJI,MAVIC 4,2,0,0,1,0.0,ทั่วไป,ชื่อในช่องเอง,MAVIC 4,0,0,0,0,0,0,0,0,1,1,0.9935
775,DJI,MINI UAV,2,0,0,1,0.0,ทั่วไป,ชื่อในช่องเอง,MINI UAV,0,0,0,0,0,0,2,0,0,0,0.9935
776,SKYPORTS,HYBRID-POWERED LIFT TRANSITIONAL PLATFORM (VTOL),2,0,0,1,0.0,ทั่วไป,ชื่อในช่องเอง,HYBRID-POWERED LIFT TRANSITIONAL PLATFORM (VTOL),0,0,0,0,0,0,2,0,0,0,0.9935
777,SKEYE,(ไม่ระบุ),2,0,0,1,0.0,ทั่วไป,ว่าง,-,1,1,0,0,0,0,0,0,0,0,0.9935
778,SKYARTEC,FREEX SKYVIEW,2,0,0,1,0.0,ทั่วไป,ชื่อในช่องเอง,FREEX SKYVIEW,2,0,0,0,0,0,0,0,0,0,0.9935
779,SKYDIO,X2D,2,0,0,1,0.0,ทั่วไป,ชื่อในช่องเอง,X2D,0,0,0,0,0,0,1,0,1,0,0.9935
780,DIJ,MINI 3 PRO,2,0,0,1,0.0,ทั่วไป,ชื่อในช่องเอง,MINI 3 PRO,0,0,0,0,0,0,0,2,0,0,0.9936
781,SJRC,F11S,2,0,0,1,0.0,ทั่วไป,ชื่อในช่องเอง,F11S,0,0,0,0,0,1,0,0,1,0,0.9936
782,SJRC,F11S PRO,2,0,0,1,0.0,ทั่วไป,ชื่อในช่องเอง,F11S PRO,0,0,0,0,1,0,1,0,0,0,0.9936
783,TAROT,T810,2,0,0,1,0.0,ทั่วไป,ชื่อในช่องเอง,T810,0,2,0,0,0,0,0,0,0,0,0.9936
784,TAROT,T960,2,0,0,1,0.0,ทั่วไป,ชื่อในช่องเอง,T960,2,0,0,0,0,0,0,0,0,0,0.9936
785,TAROT,TL250H,2,0,0,1,0.0,ทั่วไป,รหัสที่ถอดไม่ได้,TL250H,2,0,0,0,0,0,0,0,0,0,0.9936
786,SYMA,X5C,2,0,0,1,0.0,ทั่วไป,ชื่อในช่องเอง,X5C,2,0,0,0,0,0,0,0,0,0,0.9936
787,DJI,MAVIC AIR 2 FLY,2,0,0,1,0.0,ทั่วไป,ชื่อในช่องเอง,MAVIC AIR 2 FLY,0,0,0,0,0,0,0,2,0,0,0.9936
788,DJI,MAVIC 3 MULTISPECTRAL TH,2,0,0,1,0.0,ทั่วไป,ชื่อในช่องเอง,MAVIC 3 MULTISPECTRAL TH (M3M TH),0,0,0,0,0,0,2,0,0,0,0.9936
789,CHEERSON,CX 23,2,0,0,1,0.0,ทั่วไป,ชื่อในช่องเอง,CX 23,2,0,0,0,0,0,0,0,0,0,0.9936
790,DJI,MINI 4 PRO PLUS,2,1,0,2,0.0,ทั่วไป,ชื่อในช่องเอง,MINI 4 PRO PLUS ;; MINI 4 PRO COMBO PLUS,0,0,0,0,0,0,0,1,1,0,0.9936
791,DJI,MAVIC PRO 1,2,0,0,1,0.0,ทั่วไป,ชื่อในช่องเอง,MAVIC PRO 1,0,0,0,0,0,1,1,0,0,0,0.9937
792,THE HELICOPTER GIRLS,X-AERIAL LIFTER X8 9,2,0,0,1,0.0,ทั่วไป,ชื่อในช่องเอง,X-AERIAL LIFTER X8 9,0,0,0,0,0,2,0,0,0,0,0.9937
793,DJI MAVIC MINI,MT2PD,2,0,0,1,0.0,ทั่วไป,รหัสที่ถอดไม่ได้,MT2PD,0,0,0,0,0,0,1,1,0,0,0.9937
794,DJI MAVIC MINI SE,MT2SS5,2,0,0,1,0.0,ทั่วไป,รหัสที่ถอดไม่ได้,MT2SS5,0,0,0,0,0,1,1,0,0,0,0.9937
795,DJI,์NEO,2,0,0,1,0.0,ทั่วไป,ชื่อในช่องเอง,์NEO,0,0,0,0,0,0,0,0,1,1,0.9937
796,IFLIGHT,AOS 5,2,0,0,1,0.0,ทั่วไป,ชื่อในช่องเอง,AOS 5,0,0,0,0,0,0,2,0,0,0,0.9937
797,IFLIGHT,CHIMERA 7 PRO,2,0,0,1,0.0,ทั่วไป,ชื่อในช่องเอง,CHIMERA 7 PRO,0,0,0,0,0,0,1,0,1,0,0.9937
798,FARM D,FOX 2,2,0,0,1,0.0,ทั่วไป,ชื่อในช่องเอง,FOX 2,0,1,1,0,0,0,0,0,0,0,0.9937
799,EAVISION,3WWDZ-30B,2,0,2,1,1.0,เกษตร,รหัสที่ถอดไม่ได้,3WWDZ-30B,0,0,0,0,0,0,1,0,1,0,0.9937
800,DJO,MINI 2,2,0,0,1,0.0,ทั่วไป,ชื่อในช่องเอง,MINI 2,0,0,0,0,2,0,0,0,0,0,0.9937
801,DK 8K/4K CAMERA DRONE,DKDRONE-84K,2,0,0,1,0.0,ทั่วไป,ชื่อในช่องเอง,DKDRONE-84K,0,0,0,0,0,0,0,0,2,0,0.9938
802,DREAM FLY,HC 628,2,0,0,1,0.0,ทั่วไป,ชื่อในช่องเอง,HC 628,2,0,0,0,0,0,0,0,0,0,0.9938
803,CS,V3,2,0,0,1,0.0,ทั่วไป,ชื่อในช่องเอง,V3,0,0,0,0,0,0,0,1,1,0,0.9938
804,SPEEDYBEE,F405,2,0,0,1,0.0,ทั่วไป,ชื่อในช่องเอง,F405,0,0,0,0,0,0,0,0,2,0,0.9938
805,DJI,MAVIK AIR,2,0,0,1,0.0,ทั่วไป,ชื่อในช่องเอง,MAVIK AIR,0,0,0,0,0,0,0,2,0,0,0.9938
806,ประกอบเอง,MAVIC AIR,2,0,0,1,0.0,ทั่วไป,ชื่อในช่องเอง,MAVIC AIR,0,0,2,0,0,0,0,0,0,0,0.9938
807,ประกอบเอง,QAV-X210,2,0,0,1,0.0,ทั่วไป,ชื่อในช่องเอง,QAV-X210,2,0,0,0,0,0,0,0,0,0,0.9938
808,ประกอบเอง,RD210,2,0,0,1,0.0,ทั่วไป,รหัสที่ถอดไม่ได้,RD210,2,0,0,0,0,0,0,0,0,0,0.9938
809,ประกอบเอง,CG035,2,0,0,1,0.0,ทั่วไป,รหัสที่ถอดไม่ได้,CG035,2,0,0,0,0,0,0,0,0,0,0.9938
810,ALIGN,MR25,2,0,0,1,0.0,ทั่วไป,รหัสที่ถอดไม่ได้,MR25,1,1,0,0,0,0,0,0,0,0,0.9938
811,AMETA,S20 LITE,2,0,0,1,0.0,ทั่วไป,ชื่อในช่องเอง,S20 LITE,0,0,0,0,0,0,0,0,0,2,0.9939
812,AERYON,SKYRANGER,2,0,0,1,0.0,ทั่วไป,ชื่อในช่องเอง,SKYRANGER,0,0,1,1,0,0,0,0,0,0,0.9939
813,ประกอบเอง,F450,2,0,0,1,0.0,ทั่วไป,ชื่อในช่องเอง,F450,1,1,0,0,0,0,0,0,0,0,0.9939
814,DJI,MAVIS AIR 2,2,0,0,1,0.0,ทั่วไป,ชื่อในช่องเอง,MAVIS AIR 2,0,0,0,0,0,0,1,0,1,0,0.9939
815,ประกอบเอง,ประกอบเอง,2,0,0,1,0.0,ทั่วไป,ชื่อในช่องเอง,ประกอบเอง,1,0,0,0,0,1,0,0,0,0,0.9939
816,ACECORE,ZOE,2,0,0,1,0.0,ทั่วไป,ชื่อในช่องเอง,ZOE,0,0,1,1,0,0,0,0,0,0,0.9939
817,ไม่ระบุยี่ห้อ,ไม่ระบุรุ่น,2,0,0,1,0.0,ทั่วไป,ชื่อในช่องเอง,ไม่ระบุรุ่น,1,1,0,0,0,0,0,0,0,0,0.9939
818,1581F9DEC259L0293KPP,MINI PRO 5,1,0,0,1,0.0,ทั่วไป,ชื่อในช่องเอง,DJI MINI PRO 5,0,0,0,0,0,0,0,0,0,1,0.9939
819,1581F6Z9C24CK0039HSK,MINI 4 PRO,1,0,0,1,0.0,ทั่วไป,ชื่อในช่องเอง,MINI 4 PRO,0,0,0,0,0,0,0,0,0,1,0.9939
820,AGRI TECH DRONE,NTB-810,1,0,1,1,1.0,เกษตร,ชื่อในช่องเอง,NTB-810,0,0,1,0,0,0,0,0,0,0,0.9939
821,ประกอบเอง,S1000,1,0,0,1,0.0,ทั่วไป,ชื่อในช่องเอง,S1000,1,0,0,0,0,0,0,0,0,0,0.9939
822,ประกอบเอง,S500,1,0,0,1,0.0,ทั่วไป,ชื่อในช่องเอง,S500,0,1,0,0,0,0,0,0,0,0,0.9939
823,ประกอบเอง,S70W,1,0,0,1,0.0,ทั่วไป,ชื่อในช่องเอง,S70W,0,1,0,0,0,0,0,0,0,0,0.9939
824,ประกอบเอง,MATRICE 600,1,0,0,1,0.0,ทั่วไป,ชื่อในช่องเอง,MATRICE 600,1,0,0,0,0,0,0,0,0,0,0.9939
825,ประกอบเอง,MAVIC 2 PRO,1,0,0,1,0.0,ทั่วไป,ชื่อในช่องเอง,MAVIC 2 PRO,0,0,1,0,0,0,0,0,0,0,0.9939
826,ประกอบเอง,MG-1,1,0,1,1,1.0,เกษตร,ชื่อในช่องเอง,MG-1,0,0,1,0,0,0,0,0,0,0,0.994
827,ประกอบเอง,MICRO RACING DRONE,1,0,0,1,0.0,ทั่วไป,ชื่อในช่องเอง,MICRO RACING DRONE,1,0,0,0,0,0,0,0,0,0,0.994
828,ประกอบเอง,MR25,1,0,0,1,0.0,ทั่วไป,รหัสที่ถอดไม่ได้,MR25,0,1,0,0,0,0,0,0,0,0,0.994
829,ประกอบเอง,NAZA 450,1,0,0,1,0.0,ทั่วไป,ชื่อในช่องเอง,NAZA 450,1,0,0,0,0,0,0,0,0,0,0.994
830,ประกอบเอง,QAVX210,1,0,0,1,0.0,ทั่วไป,ชื่อในช่องเอง,QAVX210,1,0,0,0,0,0,0,0,0,0,0.994
831,ประกอบเอง,RC136,1,0,0,1,0.0,ทั่วไป,ชื่อในช่องเอง,RC136,0,1,0,0,0,0,0,0,0,0,0.994
832,ประกอบเอง,CG 035,1,0,0,1,0.0,ทั่วไป,ชื่อในช่องเอง,CG 035,1,0,0,0,0,0,0,0,0,0,0.994
833,ประกอบเอง,DF01,1,0,0,1,0.0,ทั่วไป,รหัสที่ถอดไม่ได้,DF01,1,0,0,0,0,0,0,0,0,0,0.994
834,AGT,RAIDEN,1,0,0,1,0.0,ทั่วไป,ชื่อในช่องเอง,RAIDEN,0,0,0,0,0,0,1,0,0,0,0.994
835,AM DRONE,TL610,1,0,1,1,1.0,เกษตร,รหัสที่ถอดไม่ได้,TL610,0,0,0,0,1,0,0,0,0,0,0.994
836,DJI,MAVIC PRO CINE,1,0,0,1,0.0,ทั่วไป,ชื่อในช่องเอง,MAVIC PRO CINE,0,0,0,0,0,0,1,0,0,0,0.994
837,DJI,MAVIK AIR 2,1,0,0,1,0.0,ทั่วไป,ชื่อในช่องเอง,MAVIK AIR 2,0,0,0,0,1,0,0,0,0,0,0.994
838,DJI,MAVIK MINI 3 PRO,1,0,0,1,0.0,ทั่วไป,ชื่อในช่องเอง,MAVIK MINI 3 PRO,0,0,0,0,0,0,0,1,0,0,0.994
839,DJI,MAVIK MINI PRO 4,1,0,0,1,0.0,ทั่วไป,ชื่อในช่องเอง,MAVIK MINI PRO 4,0,0,0,0,0,0,0,1,0,0,0.994
840,DJI,MAVIR AIR,1,0,0,1,0.0,ทั่วไป,ชื่อในช่องเอง,MAVIR AIR,0,0,0,0,0,1,0,0,0,0,0.994
841,DJI,MAVIS 2 PRO,1,0,0,1,0.0,ทั่วไป,ชื่อในช่องเอง,MAVIS 2 PRO,0,0,0,0,0,0,0,0,0,1,0.994
842,DJI,MAVIV 2 PRO,1,0,0,1,0.0,ทั่วไป,ชื่อในช่องเอง,MAVIV 2 PRO,0,0,0,0,0,0,1,0,0,0,0.994
843,DJI,MAVIV MINI,1,0,0,1,0.0,ทั่วไป,ชื่อในช่องเอง,MAVIV MINI,0,0,0,0,0,0,1,0,0,0,0.994
844,DJI,MAVRIC AIR2 S,1,0,0,1,0.0,ทั่วไป,ชื่อในช่องเอง,MAVRIC AIR2 S,0,0,0,0,0,0,1,0,0,0,0.994
845,DJI,MAVIC2 ZOOM,1,0,0,1,0.0,ทั่วไป,ชื่อในช่องเอง,MAVIC2 ZOOM,0,0,0,0,0,0,1,0,0,0,0.994
846,3DR,SOLO,1,0,0,1,0.0,ทั่วไป,ชื่อในช่องเอง,SOLO,1,0,0,0,0,0,0,0,0,0,0.9941
847,4TRC,MARK300,1,0,0,1,0.0,ทั่วไป,ชื่อในช่องเอง,MARK300,0,0,0,0,0,0,0,1,0,0,0.9941
848,AA,AAA,1,0,1,1,1.0,เกษตร,ชื่อในช่องเอง,AAA,0,0,0,0,0,0,0,1,0,0,0.9941
849,ACE CORE,NEO,1,0,0,1,0.0,ทั่วไป,ชื่อในช่องเอง,NEO,1,0,0,0,0,0,0,0,0,0,0.9941
850,ACE CORE,ZOE,1,0,0,1,0.0,ทั่วไป,ชื่อในช่องเอง,ZOE,1,0,0,0,0,0,0,0,0,0,0.9941
851,ACECORE,NEO,1,0,0,1,0.0,ทั่วไป,ชื่อในช่องเอง,NEO,0,0,0,1,0,0,0,0,0,0,0.9941
852,DJI,MINI 2PRO,1,0,0,1,0.0,ทั่วไป,ชื่อในช่องเอง,MINI 2PRO,0,0,0,0,0,0,0,0,0,1,0.9941
853,DJI,MAVRIC MINI 3 PRO,1,0,0,1,0.0,ทั่วไป,ชื่อในช่องเอง,MAVRIC MINI 3 PRO,0,0,0,0,0,0,0,0,1,0,0.9941
854,DJI,MG-1,1,0,1,1,1.0,เกษตร,ชื่อในช่องเอง,MG-1,0,0,1,0,0,0,0,0,0,0,0.9941
855,DJI,MIIN 3 PRO,1,0,0,1,0.0,ทั่วไป,ชื่อในช่องเอง,MIIN 3 PRO,0,0,0,0,0,0,1,0,0,0,0.9941
856,DJI,MIINI 4 PRO,1,0,0,1,0.0,ทั่วไป,ชื่อในช่องเอง,MIINI 4 PRO,0,0,0,0,0,0,1,0,0,0,0.9941
857,DJI,MIMI 4 PRO,1,0,0,1,0.0,ทั่วไป,ชื่อในช่องเอง,MIMI 4 PRO,0,0,0,0,0,0,0,1,0,0,0.9941
858,DJI,MIN4PRO,1,0,0,1,0.0,ทั่วไป,รหัสที่ถอดไม่ได้,MIN4PRO,0,0,0,0,0,0,0,1,0,0,0.9941
859,DJI,MINI 2 - 249G,1,0,0,1,0.0,ทั่วไป,ชื่อในช่องเอง,MINI 2 - 249G,0,0,0,0,0,1,0,0,0,0,0.9941
860,DJI,MINI 2 4K,1,0,0,1,0.0,ทั่วไป,ชื่อในช่องเอง,MINI 2 4K,0,0,0,0,0,0,0,0,1,0,0.9941
861,DJI,MAVICPRO,1,0,0,1,0.0,ทั่วไป,ชื่อในช่องเอง,MAVICPRO,0,0,0,0,0,0,0,1,0,0,0.9941
862,DJI,MAVIK 3PRO,1,0,0,1,0.0,ทั่วไป,ชื่อในช่องเอง,MAVIK 3PRO,0,0,0,0,0,0,0,1,0,0,0.9941
863,DJI,MAVIC3 CINE,1,0,0,1,0.0,ทั่วไป,ชื่อในช่องเอง,MAVIC3 CINE,0,0,0,0,0,0,1,0,0,0,0.9941
864,DJI,MAVIC3PRO CINE,1,0,0,1,0.0,ทั่วไป,ชื่อในช่องเอง,MAVIC3PRO CINE,0,0,0,0,0,0,0,1,0,0,0.9941
865,DJI,MAVIC4 PRO,1,0,0,1,0.0,ทั่วไป,ชื่อในช่องเอง,MAVIC4 PRO,0,0,0,0,0,0,0,0,1,0,0.9941
866,DJI,MAVICK AIR 1,1,0,0,1,0.0,ทั่วไป,ชื่อในช่องเอง,MAVICK AIR 1,0,0,0,0,0,0,0,0,1,0,0.9941
867,DJI,MAVICMINI2,1,0,0,1,0.0,ทั่วไป,ชื่อในช่องเอง,MAVICMINI2,0,0,0,0,0,0,1,0,0,0,0.9942
868,DJI,MINI 2 FLY,1,0,0,1,0.0,ทั่วไป,ชื่อในช่องเอง,MINI 2 FLY,0,0,0,0,0,0,1,0,0,0,0.9942
869,DJI,MAVIC PRO MINI 3,1,0,0,1,0.0,ทั่วไป,ชื่อในช่องเอง,MAVIC PRO MINI 3,0,0,0,0,0,0,0,0,1,0,0.9942
870,DJI,MAVIC PRO V2,1,0,0,1,0.0,ทั่วไป,ชื่อในช่องเอง,MAVIC PRO V2,0,0,0,0,0,0,0,1,0,0,0.9942
871,DJI,MAVIC PRO2,1,0,0,1,0.0,ทั่วไป,ชื่อในช่องเอง,MAVIC PRO2,0,0,0,0,1,0,0,0,0,0,0.9942
872,DJI,MAVIC SE,1,0,0,1,0.0,ทั่วไป,ชื่อในช่องเอง,MAVIC SE,0,0,0,0,0,0,1,0,0,0,0.9942
873,DJI,MAVIC ZOOM 2,1,0,0,1,0.0,ทั่วไป,ชื่อในช่องเอง,MAVIC ZOOM 2,0,0,0,0,0,0,1,0,0,0,0.9942
874,DJI,MAVIC MINI I,1,0,0,1,0.0,ทั่วไป,ชื่อในช่องเอง,MAVIC MINI I,0,0,0,0,0,1,0,0,0,0,0.9942
875,DJI,MAVIC MINI MR1SD25,1,0,0,1,0.0,ทั่วไป,ชื่อในช่องเอง,MAVIC MINI MR1SD25,0,0,0,0,0,1,0,0,0,0,0.9942
876,DJI,MINI 2 FLY MORE,1,0,0,1,0.0,ทั่วไป,ชื่อในช่องเอง,MT2PD / DJI MINI 2 FLY MORE,0,0,0,0,0,1,0,0,0,0,0.9942
877,DJI,MINI 2 MT2PT,1,0,0,1,0.0,ทั่วไป,ชื่อในช่องเอง,MINI 2 MT2PT,0,0,0,0,0,1,0,0,0,0,0.9942
878,DJI,MINI 2 SE 4K,1,0,0,1,0.0,ทั่วไป,ชื่อในช่องเอง,MINI 2 SE 4K,0,0,0,0,0,0,0,0,1,0,0.9942
879,DJI,MINI 2 SE C0,1,0,0,1,0.0,ทั่วไป,ชื่อในช่องเอง,MINI 2 SE C0,0,0,0,0,0,0,0,1,0,0,0.9942
880,DJI,MINI 2 SE FLY,1,1,0,1,0.0,ทั่วไป,ชื่อในช่องเอง,DJI MINI 2 SE FLY COMBO,0,0,0,0,0,0,1,0,0,0,0.9942
881,DJI,MINI 2 SE MT2SD,1,0,0,1,0.0,ทั่วไป,ชื่อในช่องเอง,MINI 2 SE MT2SD,0,0,0,0,0,0,0,1,0,0,0.9942
882,DJI,MINI 2 SW,1,0,0,1,0.0,ทั่วไป,ชื่อในช่องเอง,MINI 2 SW,0,0,0,0,0,0,1,0,0,0,0.9942
883,DJI,MINI 2.,1,0,0,1,0.0,ทั่วไป,ชื่อในช่องเอง,MINI 2.,0,0,0,0,0,1,0,0,0,0,0.9942
884,DJI,MAVIC MINI QUADROCOPTER,1,1,0,1,0.0,ทั่วไป,ชื่อในช่องเอง,MAVIC MINI COMBO QUADROCOPTER,0,0,0,0,0,0,0,1,0,0,0.9942
885,DJI,MAVIC PRO 4 MINI,1,0,0,1,0.0,ทั่วไป,ชื่อในช่องเอง,MAVIC PRO 4 MINI,0,0,0,0,0,0,0,1,0,0,0.9942
886,DJI,MAVIC AIR PRO4,1,0,0,1,0.0,ทั่วไป,ชื่อในช่องเอง,MAVIC AIR PRO4,0,0,0,0,0,0,0,0,1,0,0.9942
887,DJI,MINI 3 FLY MORE,1,0,0,1,0.0,ทั่วไป,ชื่อในช่องเอง,MINI 3 FLY MORE,0,0,0,0,0,0,0,0,1,0,0.9943
888,DJI,MINI 3 FMC RC,1,0,0,1,0.0,ทั่วไป,ชื่อในช่องเอง,MINI 3 FMC RC,0,0,0,0,0,0,0,1,0,0,0.9943
889,DJI,MINI 3 MT3PD,1,0,0,1,0.0,ทั่วไป,ชื่อในช่องเอง,MINI 3 MT3PD,0,0,0,0,0,0,0,1,0,0,0.9943
890,DJI,MINI 3 PLUS,1,0,0,1,0.0,ทั่วไป,ชื่อในช่องเอง,MINI 3 PLUS,0,0,0,0,0,0,1,0,0,0,0.9943
891,DJI,MINI 3 PRI,1,0,0,1,0.0,ทั่วไป,ชื่อในช่องเอง,MINI 3 PRI,0,0,0,0,0,0,1,0,0,0,0.9943
892,DJI,MINI 3 PRO 3,1,0,0,1,0.0,ทั่วไป,ชื่อในช่องเอง,MINI 3 PRO 3,0,0,0,0,0,0,0,1,0,0,0.9943
893,DJI,MINI 3 PRO CAMERA DRONE,1,0,0,1,0.0,ทั่วไป,ชื่อในช่องเอง,MINI 3 PRO (DJI RC) CAMERA DRONE,0,0,0,0,0,0,0,1,0,0,0.9943
894,DJI,MINI 3 PRO MT3M3VD,1,0,0,1,0.0,ทั่วไป,ชื่อในช่องเอง,MINI 3 PRO MT3M3VD,0,0,0,0,0,0,1,0,0,0,0.9943
895,DJI,MINI 3 PRO RC 249 GRAMS,1,0,0,1,0.0,ทั่วไป,ชื่อในช่องเอง,DJI MINI 3 PRO RC 249 GRAMS,0,0,0,0,0,0,0,1,0,0,0.9943
896,DJI,MINI 3 PRO ULTRA LIGHT 249G,1,0,0,1,0.0,ทั่วไป,ชื่อในช่องเอง,MINI 3 PRO ULTRA LIGHT 249G,0,0,0,0,0,1,0,0,0,0,0.9943
897,DJI,MINI 3 PROO,1,0,0,1,0.0,ทั่วไป,ชื่อในช่องเอง,MINI 3 PROO,0,0,0,0,0,0,0,1,0,0,0.9943
898,DJI,MINI 2 DISPLAY DEMO,1,0,0,1,0.0,ทั่วไป,ชื่อในช่องเอง,DJI MINI 2 DISPLAY DEMO (GL),0,0,0,0,0,0,0,0,1,0,0.9943
899,DJI,MINI 2 EU,1,1,0,1,0.0,ทั่วไป,ชื่อในช่องเอง,DJI MINI 2 FLY MORE COMBO EU,0,0,0,0,0,1,0,0,0,0,0.9943
900,DJI,MAVIC CINE PRO 3,1,0,0,1,0.0,ทั่วไป,ชื่อในช่องเอง,DJI MAVIC CINE PRO 3,0,0,0,0,0,0,0,0,1,0,0.9943
901,DJI,MAVIC CLASSIC,1,0,0,1,0.0,ทั่วไป,ชื่อในช่องเอง,MAVIC CLASSIC,0,0,0,0,0,0,0,1,0,0,0.9943
902,DJI,MAVIC MIMI,1,0,0,1,0.0,ทั่วไป,ชื่อในช่องเอง,MAVIC MIMI,0,0,0,0,0,0,1,0,0,0,0.9943
903,DJI,MAVIC MINI 2 SE,1,0,0,1,0.0,ทั่วไป,ชื่อในช่องเอง,MAVIC MINI 2 SE,0,0,0,0,0,0,0,1,0,0,0.9943
904,DJI,MAVIC MINI 5,1,0,0,1,0.0,ทั่วไป,ชื่อในช่องเอง,MAVIC MINI 5,0,0,0,0,0,0,0,0,0,1,0.9943
905,DJI,MAVIC 4 MINI PRO,1,0,0,1,0.0,ทั่วไป,ชื่อในช่องเอง,DJI MAVIC 4 MINI PRO,0,0,0,0,0,0,0,1,0,0,0.9943
906,DJI,MINI 4 PRO MINI,1,1,0,1,0.0,ทั่วไป,ชื่อในช่องเอง,DJI MINI 4 PRO FLY MORE COMBO (DJI RC 2) MINI,0,0,0,0,0,0,0,1,0,0,0.9943
907,DJI,MINI 4 PRO0,1,0,0,1,0.0,ทั่วไป,ชื่อในช่องเอง,MINI 4 PRO0,0,0,0,0,0,0,0,0,0,1,0.9943
908,DJI,MINI 4K PRO,1,0,0,1,0.0,ทั่วไป,ชื่อในช่องเอง,DJI MINI 4K PRO,0,0,0,0,0,0,0,0,1,0,0.9944
909,DJI,MINI 4K SE,1,0,0,1,0.0,ทั่วไป,ชื่อในช่องเอง,MINI 4K SE,0,0,0,0,0,0,0,1,0,0,0.9944
910,DJI,MINI 4K UNDER 250GR,1,0,0,1,0.0,ทั่วไป,ชื่อในช่องเอง,MINI 4K UNDER 250GR,0,0,0,0,0,0,0,1,0,0,0.9944
911,DJI,MINI 5,1,0,0,1,0.0,ทั่วไป,ชื่อในช่องเอง,MINI 5,0,0,0,0,0,0,0,0,0,1,0.9944
912,DJI,MINI 3 CLASSIC,1,0,0,1,0.0,ทั่วไป,ชื่อในช่องเอง,MINI 3 CLASSIC,0,0,0,0,0,0,1,0,0,0,0.9944
913,DJI,MAVIC MINI MT1SS5,1,0,0,1,0.0,ทั่วไป,ชื่อในช่องเอง,MAVIC MINI MT1SS5,0,0,0,0,0,0,1,0,0,0,0.9944
914,DJI,MAVIC MINI PRO,1,0,0,1,0.0,ทั่วไป,ชื่อในช่องเอง,MAVIC MINI PRO,0,0,0,0,0,0,0,0,1,0,0.9944
915,DJI,MAVIC MINI PRO 4,1,0,0,1,0.0,ทั่วไป,ชื่อในช่องเอง,MAVIC MINI PRO 4,0,0,0,0,0,0,0,1,0,0,0.9944
916,DJI,MAVIC AIR 2 MA2UE3W,1,0,0,1,0.0,ทั่วไป,ชื่อในช่องเอง,MAVIC AIR 2 MA2UE3W,0,0,0,0,0,1,0,0,0,0,0.9944
917,DJI,MAVIC AIR 2 MINI,1,0,0,1,0.0,ทั่วไป,ชื่อในช่องเอง,MAVIC AIR 2 MINI,0,0,0,0,0,0,0,0,1,0,0.9944
918,DJI,MAVIC AIR MODEL U11X,1,0,0,1,0.0,ทั่วไป,ชื่อในช่องเอง,MAVIC AIR MODEL U11X,0,0,0,0,0,0,0,1,0,0,0.9944
919,DJI,MAVIC 3 MINI PRO RC,1,0,0,1,0.0,ทั่วไป,ชื่อในช่องเอง,MAVIC 3 MINI PRO RC,0,0,0,0,0,0,1,0,0,0,0.9944
920,DJI,MINI A PRO,1,0,0,1,0.0,ทั่วไป,ชื่อในช่องเอง,MINI A PRO,0,0,0,0,0,0,0,0,0,1,0.9944
921,DJI,MINI FLY 2 MORE,1,1,0,1,0.0,ทั่วไป,ชื่อในช่องเอง,MINI FLY 2 MORE COMBO,0,0,0,0,0,0,0,0,1,0,0.9944
922,DJI,MINI MAVIC 2,1,0,0,1,0.0,ทั่วไป,ชื่อในช่องเอง,MINI MAVIC 2,0,0,0,0,0,0,1,0,0,0,0.9944
923,DJI,MINI MR1SD25,1,0,0,1,0.0,ทั่วไป,ชื่อในช่องเอง,MINI MR1SD25,0,0,0,0,0,0,1,0,0,0,0.9944
924,DJI,MINI PRO 2,1,0,0,1,0.0,ทั่วไป,ชื่อในช่องเอง,MINI PRO 2,0,0,0,0,0,0,0,0,1,0,0.9944
925,DJI,MINI PRO III,1,0,0,1,0.0,ทั่วไป,ชื่อในช่องเอง,MINI PRO III,0,0,0,0,0,0,1,0,0,0,0.9944
926,DJI,MINI PROU 3,1,0,0,1,0.0,ทั่วไป,ชื่อในช่องเอง,MINI PROU 3,0,0,0,0,0,0,1,0,0,0,0.9944
927,DJI,MINI 3 P{RO,1,0,0,1,0.0,ทั่วไป,ชื่อในช่องเอง,MINI 3 P{RO,0,0,0,0,0,0,0,0,0,1,0.9944
928,DJI,MINI 3 RC,1,0,0,1,0.0,ทั่วไป,ชื่อในช่องเอง,MINI 3 RC,0,0,0,0,0,0,0,0,0,1,0.9945
929,DJI,MINI 3. PRO,1,0,0,1,0.0,ทั่วไป,ชื่อในช่องเอง,MINI 3. PRO,0,0,0,0,0,0,0,1,0,0,0.9945
930,DJI,MAVIC AIR3,1,0,0,1,0.0,ทั่วไป,ชื่อในช่องเอง,MAVIC AIR3,0,0,0,0,0,0,1,0,0,0,0.9945
931,DJI,MAVIC CINE 3 PRO,1,0,0,1,0.0,ทั่วไป,ชื่อในช่องเอง,MAVIC CINE 3 PRO,0,0,0,0,0,0,0,1,0,0,0.9945
932,DJI,MINNI 3 PRO,1,0,0,1,0.0,ทั่วไป,ชื่อในช่องเอง,MINNI 3 PRO,0,0,0,0,0,0,1,0,0,0,0.9945
933,DJI,MINU 2,1,0,0,1,0.0,ทั่วไป,ชื่อในช่องเอง,MINU 2,0,0,0,0,0,0,1,0,0,0,0.9945
934,DJI,MAVIC 3 V2,1,0,0,1,0.0,ทั่วไป,ชื่อในช่องเอง,MAVIC 3 V2,0,0,0,0,0,0,0,0,1,0,0.9945
935,DJI,MAVIC 2 PRO ZOOM,1,0,0,1,0.0,ทั่วไป,ชื่อในช่องเอง,MAVIC 2 PRO ZOOM,0,0,0,0,0,1,0,0,0,0,0.9945
936,DJI,MINI SE MT2SD25,1,0,0,1,0.0,ทั่วไป,ชื่อในช่องเอง,MINI SE MT2SD25,0,0,0,0,0,1,0,0,0,0,0.9945
937,DJI,MINI SE MT2SS5,1,0,0,1,0.0,ทั่วไป,ชื่อในช่องเอง,MINI SE MT2SS5,0,0,0,0,0,1,0,0,0,0,0.9945
938,DJI,MINI SE2SSS,1,0,0,1,0.0,ทั่วไป,ชื่อในช่องเอง,MINI SE2SSS,0,0,0,0,0,0,0,1,0,0,0.9945
939,DJI,MINI SED,1,0,0,1,0.0,ทั่วไป,ชื่อในช่องเอง,MINI SED,0,0,0,0,0,0,1,0,0,0,0.9945
940,DJI,MINI-2 MT2PD,1,0,0,1,0.0,ทั่วไป,ชื่อในช่องเอง,MINI-2 MT2PD,0,0,0,0,0,0,1,0,0,0,0.9945
941,DJI,MINI2 - MT2PD,1,0,0,1,0.0,ทั่วไป,ชื่อในช่องเอง,MINI2 - MT2PD,0,0,0,0,0,1,0,0,0,0,0.9945
942,DJI,MINI2 4 K,1,0,0,1,0.0,ทั่วไป,ชื่อในช่องเอง,MINI2 4 K,0,0,0,0,0,0,0,1,0,0,0.9945
943,DJI,MINI2 MT2PD,1,0,0,1,0.0,ทั่วไป,ชื่อในช่องเอง,MINI2 MT2PD,0,0,0,0,0,0,0,1,0,0,0.9945
944,DJI,MINI2-8EED2,1,0,0,1,0.0,ทั่วไป,ชื่อในช่องเอง,DJI MINI2-8EED2,0,0,0,0,0,0,1,0,0,0,0.9945
945,DJI,MINI2PRO,1,0,0,1,0.0,ทั่วไป,ชื่อในช่องเอง,MINI2PRO,0,0,0,0,0,0,1,0,0,0,0.9945
946,DJI,MAVIC 4 PRO MINI,1,0,0,1,0.0,ทั่วไป,ชื่อในช่องเอง,MAVIC 4 PRO MINI,0,0,0,0,0,0,0,1,0,0,0.9945
947,DJI,MAVIC 4PRO,1,0,0,1,0.0,ทั่วไป,ชื่อในช่องเอง,MAVIC 4PRO,0,0,0,0,0,0,0,0,0,1,0.9945
948,DJI,MAVIC 3 CLASSIC DRONE,1,0,0,1,0.0,ทั่วไป,ชื่อในช่องเอง,MAVIC 3 CLASSIC DRONE,0,0,0,0,0,0,0,1,0,0,0.9945
949,DJI,MAVIC 3 CLASSIC L2C,1,0,0,1,0.0,ทั่วไป,ชื่อในช่องเอง,MAVIC 3 CLASSIC L2C,0,0,0,0,0,0,0,0,1,0,0.9946
950,DJI,MAVIC 3 ENTERPRISE THERMAL,1,0,0,1,0.0,ทั่วไป,ชื่อในช่องเอง,DJI MAVIC 3 ENTERPRISE THERMAL,0,0,0,0,0,0,0,1,0,0,0.9946
951,DJI,MAVIC 3 MINI,1,0,0,1,0.0,ทั่วไป,ชื่อในช่องเอง,MAVIC 3 MINI,0,0,0,0,0,0,1,0,0,0,0.9946
952,DJI,MAVIC 3 MINI PRO,1,0,0,1,0.0,ทั่วไป,ชื่อในช่องเอง,MAVIC 3 MINI PRO,0,0,0,0,0,0,1,0,0,0,0.9946
953,DJI,MATRICE210RTK V2,1,0,0,1,0.0,ทั่วไป,ชื่อในช่องเอง,MATRICE210RTK V2,0,0,0,1,0,0,0,0,0,0,0.9946
954,DJI,MATRICE210RTK V2 (M210RTK V2),1,0,0,1,0.0,ทั่วไป,ชื่อในช่องเอง,MATRICE210RTK V2 (M210RTK V2) (CE),0,0,0,1,0,0,0,0,0,0,0.9946
955,DJI,MAVI AIR 2,1,0,0,1,0.0,ทั่วไป,ชื่อในช่องเอง,MAVI AIR 2,0,0,0,0,0,0,0,1,0,0,0.9946
956,DJI,MINI4 K,1,0,0,1,0.0,ทั่วไป,ชื่อในช่องเอง,MINI4 K,0,0,0,0,0,0,0,0,0,1,0.9946
957,DJI,MINI4KPRO,1,0,0,1,0.0,ทั่วไป,ชื่อในช่องเอง,MINI4KPRO,0,0,0,0,0,0,0,0,1,0,0.9946
958,DJI,MINI5PRO,1,0,0,1,0.0,ทั่วไป,ชื่อในช่องเอง,MINI5PRO,0,0,0,0,0,0,0,0,0,1,0.9946
959,DJI,MINII 3 PRO,1,0,0,1,0.0,ทั่วไป,ชื่อในช่องเอง,MINII 3 PRO (DJI RC) (GL),0,0,0,0,0,0,0,1,0,0,0.9946
960,DJI,MININ3,1,0,0,1,0.0,ทั่วไป,ชื่อในช่องเอง,MININ3,0,0,0,0,0,0,0,0,1,0,0.9946
961,DJI,MININPRO3,1,0,0,1,0.0,ทั่วไป,ชื่อในช่องเอง,MININPRO3,0,0,0,0,0,0,0,1,0,0,0.9946
962,DJI,MINIPRO,1,0,0,1,0.0,ทั่วไป,ชื่อในช่องเอง,MINIPRO,0,0,0,0,0,0,0,1,0,0,0.9946
963,DJI,MINIPRO4,1,0,0,1,0.0,ทั่วไป,ชื่อในช่องเอง,MINIPRO4,0,0,0,0,0,0,0,0,1,0,0.9946
964,DJI,MAVI PRO 2,1,0,0,1,0.0,ทั่วไป,ชื่อในช่องเอง,MAVI PRO 2,0,0,0,0,0,1,0,0,0,0,0.9946
965,DJI,MAVIC 2 AIR,1,0,0,1,0.0,ทั่วไป,ชื่อในช่องเอง,MAVIC 2 AIR,0,0,0,0,0,0,0,1,0,0,0.9946
966,DJI,MAVIC 2 ENTERPRISE SERIES,1,0,0,1,0.0,ทั่วไป,ชื่อในช่องเอง,MAVIC 2 ENTERPRISE SERIES,0,0,0,0,0,0,0,0,1,0,0.9946
967,DJI,MAVIC 2 PRI,1,0,0,1,0.0,ทั่วไป,ชื่อในช่องเอง,MAVIC 2 PRI,0,0,0,0,0,0,0,0,1,0,0.9946
968,DJI,MATRICE 4 T,1,0,0,1,0.0,ทั่วไป,ชื่อในช่องเอง,MATRICE 4 T,0,0,0,0,0,0,0,0,0,1,0.9946
969,DJI,MSVIC PRO 2,1,0,0,1,0.0,ทั่วไป,ชื่อในช่องเอง,MSVIC PRO 2,0,0,0,0,0,1,0,0,0,0,0.9947
970,DJI,MT25D,1,0,0,1,0.0,ทั่วไป,รหัสที่ถอดไม่ได้,MT25D,0,0,0,0,0,0,0,1,0,0,0.9947
971,DJI,MT25DCE,1,0,0,1,0.0,ทั่วไป,รหัสที่ถอดไม่ได้,MT25DCE,0,0,0,0,0,0,0,0,1,0,0.9947
972,DJI,MT2BT MAVIC MINI 2,1,0,0,1,0.0,ทั่วไป,ชื่อในช่องเอง,MT2BT MAVIC MINI 2,0,0,0,0,0,0,1,0,0,0,0.9947
973,DJI,MT2DD,1,0,0,1,0.0,ทั่วไป,รหัสที่ถอดไม่ได้,MT2DD,0,0,0,0,0,0,0,1,0,0,0.9947
974,DJI,MT2PD MINI 2,1,0,0,1,0.0,ทั่วไป,ชื่อในช่องเอง,MT2PD MINI 2,0,0,0,0,0,1,0,0,0,0,0.9947
975,DJI,MT2PL,1,0,0,1,0.0,ทั่วไป,รหัสที่ถอดไม่ได้,MT2PL (MINI2),0,0,0,0,0,0,1,0,0,0,0.9947
976,DJI,MT2SD,1,0,0,1,0.0,ทั่วไป,ชื่อในช่องเอง,DJI MT2SD,0,0,0,0,0,0,0,0,1,0,0.9947
977,DJI,MT3 M3VD,1,0,0,1,0.0,ทั่วไป,ชื่อในช่องเอง,MT3 M3VD,0,0,0,0,0,0,1,0,0,0,0.9947
978,DJI,MT3DP,1,0,0,1,0.0,ทั่วไป,รหัสที่ถอดไม่ได้,MT3DP,0,0,0,0,0,0,1,0,0,0,0.9947
979,DJI,MTISS5,1,0,0,1,0.0,ทั่วไป,ชื่อในช่องเอง,MTISS5,0,0,0,0,0,0,0,1,0,0,0.9947
980,DJI,MAGIC PRO PLATINUM,1,0,0,1,0.0,ทั่วไป,ชื่อในช่องเอง,MAGIC PRO PLATINUM,0,0,0,0,0,1,0,0,0,0,0.9947
981,DJI,MAIVIK 2 PRO,1,0,0,1,0.0,ทั่วไป,ชื่อในช่องเอง,MAIVIK 2 PRO,0,0,0,0,0,0,1,0,0,0,0.9947
982,DJI,MANIC AIR 2,1,0,0,1,0.0,ทั่วไป,ชื่อในช่องเอง,MANIC AIR 2,0,0,0,0,0,0,1,0,0,0,0.9947
983,DJI,NAZA M LITE V1.1,1,0,0,1,0.0,ทั่วไป,ชื่อในช่องเอง,NAZA M LITE V1.1,1,0,0,0,0,0,0,0,0,0,0.9947
984,DJI,NAZA V2,1,0,0,1,0.0,ทั่วไป,ชื่อในช่องเอง,NAZA V2,1,0,0,0,0,0,0,0,0,0,0.9947
985,DJI,NEO DN1A0626,1,0,0,1,0.0,ทั่วไป,ชื่อในช่องเอง,NEO DN1A0626,0,0,0,0,0,0,0,0,0,1,0.9947
986,DJI,NEO FLY,1,1,0,1,0.0,ทั่วไป,ชื่อในช่องเอง,NEO FLY COMBO,0,0,0,0,0,0,0,1,0,0,0.9947
987,DJI,NEO MINI,1,0,0,1,0.0,ทั่วไป,ชื่อในช่องเอง,NEO MINI,0,0,0,0,0,0,0,0,1,0,0.9947
988,DJI,MMAVIC AIR 2,1,0,0,1,0.0,ทั่วไป,ชื่อในช่องเอง,MMAVIC AIR 2,0,0,0,0,0,0,1,0,0,0,0.9947
989,DJI,MOVIC 2 PRO,1,0,0,1,0.0,ทั่วไป,ชื่อในช่องเอง,MOVIC 2 PRO,0,0,0,0,0,0,1,0,0,0,0.9947
990,DJI,MP1,1,0,0,1,0.0,ทั่วไป,ชื่อในช่องเอง,MP1,0,0,0,0,0,0,1,0,0,0,0.9948
991,DJI,MATRICE M600,1,0,0,1,0.0,ทั่วไป,ชื่อในช่องเอง,MATRICE M600,0,1,0,0,0,0,0,0,0,0,0.9948
992,DJI,MATRICE200,1,0,0,1,0.0,ทั่วไป,ชื่อในช่องเอง,MATRICE200,0,0,1,0,0,0,0,0,0,0,0.9948
993,DJI,MATRICE210 V2,1,0,0,1,0.0,ทั่วไป,ชื่อในช่องเอง,MATRICE210 V2,0,0,0,1,0,0,0,0,0,0,0.9948
994,DJI,MATRICE210RTK,1,0,0,1,0.0,ทั่วไป,ชื่อในช่องเอง,MATRICE210RTK,0,0,0,0,0,1,0,0,0,0,0.9948
995,DJI,MATRIC 600 PRO (M600P),1,0,0,1,0.0,ทั่วไป,ชื่อในช่องเอง,MATRIC 600 PRO (M600P),0,0,0,1,0,0,0,0,0,0,0.9948
996,DJI,MARVIC 4 PRO,1,0,0,1,0.0,ทั่วไป,ชื่อในช่องเอง,MARVIC 4 PRO,0,0,0,0,0,0,0,0,1,0,0.9948
997,DJI,MARVIC AIR2,1,0,0,1,0.0,ทั่วไป,ชื่อในช่องเอง,MARVIC AIR2,0,0,0,0,0,0,1,0,0,0,0.9948
998,DJI,MARVIC MINI 1,1,0,0,1,0.0,ทั่วไป,ชื่อในช่องเอง,MARVIC MINI 1,0,0,0,0,1,0,0,0,0,0,0.9948
999,DJI,MARVIC PRO,1,0,0,1,0.0,ทั่วไป,ชื่อในช่องเอง,MARVIC PRO,1,0,0,0,0,0,0,0,0,0,0.9948
1000,DJI,MARVIC PRO PLATINUM,1,0,0,1,0.0,ทั่วไป,ชื่อในช่องเอง,MARVIC PRO PLATINUM,0,0,0,0,0,0,0,0,0,1,0.9948
1001,DJI,MARVIK AIR2,1,0,0,1,0.0,ทั่วไป,ชื่อในช่องเอง,MARVIK AIR2,0,0,0,0,0,0,0,1,0,0,0.9948
1002,DJI,MACIV 3 PRO,1,0,0,1,0.0,ทั่วไป,ชื่อในช่องเอง,DJI MACIV 3 PRO,0,0,0,0,0,0,0,1,0,0,0.9948
1003,DJI,MAGIC 3 CINE,1,0,0,1,0.0,ทั่วไป,ชื่อในช่องเอง,MAGIC 3 CINE,0,0,0,0,0,0,0,0,1,0,0.9948
1004,DJI,PHANTOM 2 PLUS,1,0,0,1,0.0,ทั่วไป,ชื่อในช่องเอง,PHANTOM 2 PLUS,0,0,0,1,0,0,0,0,0,0,0.9948
1005,DJI,PHANTOM 3 4K,1,0,0,1,0.0,ทั่วไป,ชื่อในช่องเอง,PHANTOM 3 4K,0,0,0,0,0,1,0,0,0,0,0.9948
1006,DJI,NA2UE3W,1,0,0,1,0.0,ทั่วไป,รหัสที่ถอดไม่ได้,NA2UE3W,0,0,0,0,0,0,1,0,0,0,0.9948
1007,DJI,NAN,1,0,0,1,0.0,ทั่วไป,ชื่อในช่องเอง,NAN,1,0,0,0,0,0,0,0,0,0,0.9948
1008,DJI,MATRICE 210 V2 RTK,1,0,0,1,0.0,ทั่วไป,ชื่อในช่องเอง,MATRICE 210 V2 RTK (M210 V2 RTK),0,0,0,1,0,0,0,0,0,0,0.9948
1009,DJI,MATRICE 30 T,1,0,0,1,0.0,ทั่วไป,ชื่อในช่องเอง,MATRICE 30 T (M30T),0,0,0,0,0,1,0,0,0,0,0.9948
1010,DJI,MATRICE 350,1,0,0,1,0.0,ทั่วไป,ชื่อในช่องเอง,MATRICE 350,0,0,0,0,0,0,0,0,0,1,0.9949
1011,DJI,MATRICE 3D,1,0,0,1,0.0,ทั่วไป,ชื่อในช่องเอง,MATRICE 3D,0,0,0,0,0,0,0,1,0,0,0.9949
1012,DJI,MAGIC AIR 3,1,0,0,1,0.0,ทั่วไป,ชื่อในช่องเอง,MAGIC AIR 3,0,0,0,0,0,1,0,0,0,0,0.9949
1013,DJI,MAGIC MINI 3 PRO,1,0,0,1,0.0,ทั่วไป,ชื่อในช่องเอง,MAGIC MINI 3 PRO,0,0,0,0,0,0,0,0,1,0,0.9949
1014,DJI,MAGIC MINI SE,1,0,0,1,0.0,ทั่วไป,ชื่อในช่องเอง,MAGIC MINI SE,0,0,0,0,0,1,0,0,0,0,0.9949
1015,DJI,MAGIC PRO 2,1,0,0,1,0.0,ทั่วไป,ชื่อในช่องเอง,MAGIC PRO 2,0,0,0,0,0,1,0,0,0,0,0.9949
1016,DJI,M30T RTK,1,0,0,1,0.0,ทั่วไป,ชื่อในช่องเอง,M30T RTK,0,0,0,0,0,0,0,0,1,0,0.9949
1017,DJI,PHANTOM 4 ADVANCED PLUS,1,0,0,1,0.0,ทั่วไป,ชื่อในช่องเอง,PHANTOM 4 ADVANCED PLUS,1,0,0,0,0,0,0,0,0,0,0.9949
1018,DJI,PHANTOM 4 PRO + V2.0,1,0,0,1,0.0,ทั่วไป,ชื่อในช่องเอง,WM331S / PHANTOM 4 PRO + V2.0,0,0,0,0,1,0,0,0,0,0,0.9949
1019,DJI,PHANTOM 4 PRO PLUS,1,0,0,1,0.0,ทั่วไป,ชื่อในช่องเอง,PHANTOM 4 PRO PLUS,0,0,0,0,0,0,0,1,0,0,0.9949
1020,DJI,PHANTOM 4 PRO PLUS V2.O,1,0,0,1,0.0,ทั่วไป,ชื่อในช่องเอง,"PHANTOM 4 PRO PLUS V2.O, MODEL : WM331S",0,0,0,0,0,1,0,0,0,0,0.9949
1021,DJI,PHANTOM 4 PRO V.2,1,0,0,1,0.0,ทั่วไป,ชื่อในช่องเอง,PHANTOM 4 PRO V.2,0,0,0,0,0,0,0,1,0,0,0.9949
1022,DJI,P4RTK,1,0,0,1,0.0,ทั่วไป,ชื่อในช่องเอง,P4RTK,0,0,0,0,0,0,1,0,0,0,0.9949
1023,DJI,PHAMTOM 2,1,0,0,1,0.0,ทั่วไป,ชื่อในช่องเอง,PHAMTOM 2,1,0,0,0,0,0,0,0,0,0,0.9949
1024,DJI,MARTRICE 210 RTK V2,1,0,0,1,0.0,ทั่วไป,ชื่อในช่องเอง,MARTRICE 210 RTK V2,0,0,0,0,0,1,0,0,0,0,0.9949
1025,DJI,MARVIC 3,1,0,0,1,0.0,ทั่วไป,ชื่อในช่องเอง,MARVIC 3,0,0,0,0,0,0,1,0,0,0,0.9949
1026,DJI,MARVIC 3 CINE,1,0,0,1,0.0,ทั่วไป,ชื่อในช่องเอง,MARVIC 3 CINE,0,0,0,0,0,0,0,1,0,0,0.9949
1027,DJI,MARVIC 3 PRO CINE,1,0,0,1,0.0,ทั่วไป,ชื่อในช่องเอง,MARVIC 3 PRO CINE,0,0,0,0,0,0,0,1,0,0,0.9949
1028,DJI,MA2UE3W - DJI MAVIC AIR 2,1,0,0,1,0.0,ทั่วไป,ชื่อในช่องเอง,MA2UE3W - DJI MAVIC AIR 2,0,0,0,0,0,1,0,0,0,0,0.9949
1029,DJI,MA2UE3W MAVIC AIR 2,1,0,0,1,0.0,ทั่วไป,ชื่อในช่องเอง,MA2UE3W MAVIC AIR 2,0,0,0,0,0,0,1,0,0,0,0.9949
1030,DJI,MA2UEIN,1,0,0,1,0.0,ทั่วไป,รหัสที่ถอดไม่ได้,MA2UEIN,0,0,0,0,0,0,1,0,0,0,0.9949
1031,DJI,MACAMERAVIC AIR,1,0,0,1,0.0,ทั่วไป,ชื่อในช่องเอง,MACAMERAVIC AIR,0,0,0,0,0,1,0,0,0,0,0.995
1032,DJI,PHANTOM 4 V2,1,0,0,1,0.0,ทั่วไป,ชื่อในช่องเอง,PHANTOM 4 V2,0,0,0,0,0,0,0,0,0,1,0.995
1033,DJI,PHANTOM ADVANCED,1,0,0,1,0.0,ทั่วไป,ชื่อในช่องเอง,PHANTOM ADVANCED,1,0,0,0,0,0,0,0,0,0,0.995
1034,DJI,PHANTOM P-330D,1,0,0,1,0.0,ทั่วไป,ชื่อในช่องเอง,PHANTOM P-330D,1,0,0,0,0,0,0,0,0,0,0.995
1035,DJI,PHANTOM P78,1,0,0,1,0.0,ทั่วไป,ชื่อในช่องเอง,PHANTOM P78,0,0,0,0,0,0,0,1,0,0,0.995
1036,DJI,PHANTOM STANDARD,1,0,0,1,0.0,ทั่วไป,ชื่อในช่องเอง,PHANTOM STANDARD,1,0,0,0,0,0,0,0,0,0,0.995
1037,DJI,PHANTOM STANDARD W 321,1,0,0,1,0.0,ทั่วไป,ชื่อในช่องเอง,PHANTOM STANDARD W 321,1,0,0,0,0,0,0,0,0,0,0.995
1038,DJI,PHANTOM3 STANDARD,1,0,0,1,0.0,ทั่วไป,ชื่อในช่องเอง,PHANTOM3 STANDARD,1,0,0,0,0,0,0,0,0,0,0.995
1039,DJI,PHANTOM4,1,0,0,1,0.0,ทั่วไป,ชื่อในช่องเอง,PHANTOM4,0,0,0,0,1,0,0,0,0,0,0.995
1040,DJI,PHANTOM 4 ADV+,1,0,0,1,0.0,ทั่วไป,ชื่อในช่องเอง,PHANTOM 4 ADV+,0,0,0,1,0,0,0,0,0,0,0.995
1041,DJI,MAGIC 3E,1,0,0,1,0.0,ทั่วไป,ชื่อในช่องเอง,MAGIC 3E,0,0,0,0,0,1,0,0,0,0,0.995
1042,DJI,MAGIC 4PRO,1,0,0,1,0.0,ทั่วไป,ชื่อในช่องเอง,MAGIC 4PRO,0,0,0,0,0,0,0,0,1,0,0.995
1043,DJI,MAGIC AIR 2S,1,0,0,1,0.0,ทั่วไป,ชื่อในช่องเอง,MAGIC AIR 2S,0,0,0,0,0,0,0,1,0,0,0.995
1044,DJI,M100,1,0,0,1,0.0,ทั่วไป,ชื่อในช่องเอง,M100,0,0,0,1,0,0,0,0,0,0,0.995
1045,DJI,M210,1,0,0,1,0.0,ทั่วไป,ชื่อในช่องเอง,M210,0,0,1,0,0,0,0,0,0,0,0.995
1046,DJI,M30 RTK,1,0,0,1,0.0,ทั่วไป,ชื่อในช่องเอง,M30 RTK,0,0,0,0,0,0,0,0,1,0,0.995
1047,DJI,INSPIRE 03,1,0,0,1,0.0,ทั่วไป,ชื่อในช่องเอง,INSPIRE 03,0,0,0,0,0,0,0,1,0,0,0.995
1048,DJI,PHANTOM4RTK,1,0,0,1,0.0,ทั่วไป,ชื่อในช่องเอง,PHANTOM4RTK,0,0,0,1,0,0,0,0,0,0,0.995
1049,DJI,PRO 3,1,0,0,1,0.0,ทั่วไป,ชื่อในช่องเอง,PRO 3,0,0,0,0,0,0,0,1,0,0,0.995
1050,DJI,PRO 3 MINI,1,0,0,1,0.0,ทั่วไป,ชื่อในช่องเอง,PRO 3 MINI,0,0,0,0,0,0,0,0,1,0,0.995
1051,DJI,PRO 4,1,0,0,1,0.0,ทั่วไป,ชื่อในช่องเอง,PRO 4,0,0,0,0,0,0,0,0,1,0,0.9951
1052,DJI,PRO/L1P,1,0,0,1,0.0,ทั่วไป,ชื่อในช่องเอง,PRO/L1P,0,0,0,0,1,0,0,0,0,0,0.9951
1053,DJI,QF2W4K DJI AVATA,1,0,0,1,0.0,ทั่วไป,ชื่อในช่องเอง,QF2W4K DJI AVATA,0,0,0,0,0,0,1,0,0,0,0.9951
1054,DJI,QF2W5K,1,0,0,1,0.0,ทั่วไป,รหัสที่ถอดไม่ได้,QF2W5K,0,0,0,0,0,0,0,0,0,1,0.9951
1055,DJI,QW2F4K,1,0,0,1,0.0,ทั่วไป,รหัสที่ถอดไม่ได้,QW2F4K,0,0,0,0,0,0,1,0,0,0,0.9951
1056,DJI,R2S,1,0,0,1,0.0,ทั่วไป,ชื่อในช่องเอง,R2S,0,0,0,0,0,1,0,0,0,0,0.9951
1057,DJI,PHANTOM 4 PRO+ V 2.0,1,0,0,1,0.0,ทั่วไป,ชื่อในช่องเอง,PHANTOM 4 PRO+ V 2.0,0,0,1,0,0,0,0,0,0,0,0.9951
1058,DJI,M4D,1,0,0,1,0.0,ทั่วไป,ชื่อในช่องเอง,M4D,0,0,0,0,0,0,0,0,0,1,0.9951
1059,DJI,MA2UE1N - MARVIC AIR 2,1,0,0,1,0.0,ทั่วไป,ชื่อในช่องเอง,MA2UE1N - MARVIC AIR 2,0,0,0,0,0,1,0,0,0,0,0.9951
1060,DJI,FLIP RC-N3,1,0,0,1,0.0,ทั่วไป,ชื่อในช่องเอง,FLIP RC-N3,0,0,0,0,0,0,0,0,1,0,0.9951
1061,DJI,FLY MINI 2,1,0,0,1,0.0,ทั่วไป,ชื่อในช่องเอง,FLY MINI 2,0,0,0,0,0,1,0,0,0,0,0.9951
1062,DJI,FPV DRONE,1,0,0,1,0.0,ทั่วไป,ชื่อในช่องเอง,FPV DRONE,0,0,0,0,0,0,1,0,0,0,0.9951
1063,DJI,DN1A1244,1,0,0,1,0.0,ทั่วไป,รหัสที่ถอดไม่ได้,DN1A1244,0,0,0,0,0,0,0,0,1,0,0.9951
1064,DJI,DN1A1251,1,0,0,1,0.0,ทั่วไป,รหัสที่ถอดไม่ได้,DN1A1251,0,0,0,0,0,0,0,0,1,0,0.9951
1065,DJI,DN1A1258,1,0,0,1,0.0,ทั่วไป,รหัสที่ถอดไม่ได้,DN1A1258,0,0,0,0,0,0,0,0,1,0,0.9951
1066,DJI,SE,1,0,0,1,0.0,ทั่วไป,ชื่อในช่องเอง,SE,0,0,0,0,0,0,1,0,0,0,0.9951
1067,DJI,SPARK 1,1,0,0,1,0.0,ทั่วไป,ชื่อในช่องเอง,SPARK 1,0,0,0,0,0,0,1,0,0,0,0.9951
1068,DJI,SPARKB,1,0,0,1,0.0,ทั่วไป,ชื่อในช่องเอง,SPARKB,0,0,0,0,0,1,0,0,0,0,0.9951
1069,DJI,SPREADING WINGS S1000,1,0,0,1,0.0,ทั่วไป,ชื่อในช่องเอง,SPREADING WINGS S1000,1,0,0,0,0,0,0,0,0,0,0.9951
1070,DJI,INSPIRE 1 PROFESSIONAL,1,0,0,1,0.0,ทั่วไป,ชื่อในช่องเอง,INSPIRE 1 PROFESSIONAL,1,0,0,0,0,0,0,0,0,0,0.9951
1071,DJI,INSPIRE 3 DISPLAY UNIT,1,0,0,1,0.0,ทั่วไป,ชื่อในช่องเอง,DJI INSPIRE 3 DISPLAY UNIT,0,0,0,0,0,0,1,0,0,0,0.9951
1072,DJI,DRONE MINI 4 PRO FLY,1,0,0,1,0.0,ทั่วไป,ชื่อในช่องเอง,DRONE MINI 4 PRO FLY,0,0,0,0,0,0,0,1,0,0,0.9952
1073,DJI,F450,1,0,0,1,0.0,ทั่วไป,ชื่อในช่องเอง,F450,1,0,0,0,0,0,0,0,0,0,0.9952
1074,DJI,"L3A, L3B",1,0,0,1,0.0,ทั่วไป,ชื่อในช่องเอง,"L3A, L3B",0,0,0,0,0,0,0,0,0,1,0.9952
1075,DJI,LQP,1,0,0,1,0.0,ทั่วไป,ชื่อในช่องเอง,LQP,0,0,0,0,0,0,0,1,0,0,0.9952
1076,DJI DRONE,MINI 3 PRO,1,0,0,1,0.0,ทั่วไป,ชื่อในช่องเอง,MINI 3 PRO,0,0,0,0,0,0,0,1,0,0,0.9952
1077,DJI FLIP,DF1A0424,1,0,0,1,0.0,ทั่วไป,รหัสที่ถอดไม่ได้,DF1A0424,0,0,0,0,0,0,0,0,1,0,0.9952
1078,DJI GLOBAL,MINI 3 PRO,1,0,0,1,0.0,ทั่วไป,ชื่อในช่องเอง,DJI MINI 3 PRO,0,0,0,0,0,0,1,0,0,0,0.9952
1079,DJI MACIC,2 PRO,1,0,0,1,0.0,ทั่วไป,ชื่อในช่องเอง,2 PRO,0,0,0,0,0,1,0,0,0,0,0.9952
1080,DJI MAVIC,AIR 2,1,0,0,1,0.0,ทั่วไป,ชื่อในช่องเอง,AIR 2,0,0,0,0,0,0,1,0,0,0,0.9952
1081,DJI,U11X MAVIC AIR,1,0,0,1,0.0,ทั่วไป,ชื่อในช่องเอง,U11X MAVIC AIR,0,0,0,0,1,0,0,0,0,0,0.9952
1082,DJI,W323B,1,0,0,1,0.0,ทั่วไป,ชื่อในช่องเอง,W323B,0,0,0,0,1,0,0,0,0,0,0.9952
1083,DJI,WM332B,1,0,0,1,0.0,ทั่วไป,รหัสที่ถอดไม่ได้,WM332B,0,0,0,1,0,0,0,0,0,0,0.9952
1084,DJI,ืNEO 2,1,0,0,1,0.0,ทั่วไป,ชื่อในช่องเอง,ืNEO 2,0,0,0,0,0,0,0,0,0,1,0.9952
1085,DJI,ืNEO2,1,0,0,1,0.0,ทั่วไป,ชื่อในช่องเอง,ืNEO2,0,0,0,0,0,0,0,0,1,0,0.9952
1086,DJI,ไม่ะบุ,1,0,0,1,0.0,ทั่วไป,ชื่อในช่องเอง,ไม่ะบุ,1,0,0,0,0,0,0,0,0,0,0.9952
1087,DJI,RC2,1,0,0,1,0.0,ทั่วไป,ชื่อในช่องเอง,RC2,0,0,0,0,0,0,0,1,0,0,0.9952
1088,DJI,REMOTE 3,1,0,0,1,0.0,ทั่วไป,ชื่อในช่องเอง,REMOTE 3,0,0,0,0,0,0,0,0,0,1,0.9952
1089,DJI,ROBOMASTER TT TELLO TALENT,1,0,0,1,0.0,ทั่วไป,ชื่อในช่องเอง,ROBOMASTER TT TELLO TALENT (GL),0,0,0,0,0,0,1,0,0,0,0.9952
1090,DJI,FKIP,1,0,0,1,0.0,ทั่วไป,ชื่อในช่องเอง,FKIP,0,0,0,0,0,0,0,0,1,0,0.9952
1091,DJI,FLIP - MINI CAMERA DRONE,1,0,0,1,0.0,ทั่วไป,ชื่อในช่องเอง,FLIP - MINI CAMERA DRONE,0,0,0,0,0,0,0,0,1,0,0.9952
1092,DJI,DN1A1289,1,0,0,1,0.0,ทั่วไป,รหัสที่ถอดไม่ได้,DN1A1289,0,0,0,0,0,0,0,0,1,0,0.9953
1093,DJI,DN1A1292,1,0,0,1,0.0,ทั่วไป,รหัสที่ถอดไม่ได้,DN1A1292,0,0,0,0,0,0,0,0,1,0,0.9953
1094,DJI,DN1A1297,1,0,0,1,0.0,ทั่วไป,รหัสที่ถอดไม่ได้,DN1A1297,0,0,0,0,0,0,0,0,1,0,0.9953
1095,DJI,DN1A1298,1,0,0,1,0.0,ทั่วไป,รหัสที่ถอดไม่ได้,DN1A1298,0,0,0,0,0,0,0,0,1,0,0.9953
1096,DJI,DN1A1299,1,0,0,1,0.0,ทั่วไป,รหัสที่ถอดไม่ได้,DN1A1299,0,0,0,0,0,0,0,0,1,0,0.9953
1097,DJI,DN1A1307,1,0,0,1,0.0,ทั่วไป,รหัสที่ถอดไม่ได้,DN1A1307,0,0,0,0,0,0,0,0,1,0,0.9953
1098,DJI,DN1A1308,1,0,0,1,0.0,ทั่วไป,รหัสที่ถอดไม่ได้,DN1A1308,0,0,0,0,0,0,0,0,0,1,0.9953
1099,DJI,DRONE MINI 4 PRO,1,1,0,1,0.0,ทั่วไป,ชื่อในช่องเอง,DRONE MINI 4 PRO FLY MORE COMBO,0,0,0,0,0,0,0,1,0,0,0.9953
1100,DJI,DN1A1187,1,0,0,1,0.0,ทั่วไป,รหัสที่ถอดไม่ได้,DN1A1187,0,0,0,0,0,0,0,0,1,0,0.9953
1101,DJI,DN1A1192,1,0,0,1,0.0,ทั่วไป,รหัสที่ถอดไม่ได้,DN1A1192,0,0,0,0,0,0,0,0,1,0,0.9953
1102,DJI,DN1A1198,1,0,0,1,0.0,ทั่วไป,รหัสที่ถอดไม่ได้,DN1A1198,0,0,0,0,0,0,0,0,1,0,0.9953
1103,DJI AIR 3,MAVIK,1,0,0,1,0.0,ทั่วไป,ชื่อในช่องเอง,MAVIK,0,0,0,0,0,0,1,0,0,0,0.9953
1104,DJI AIR3,CHX233-100,1,0,0,1,0.0,ทั่วไป,ชื่อในช่องเอง,CHX233-100,0,0,0,0,0,0,0,1,0,0,0.9953
1105,DJI AL,AIR-3,1,0,0,1,0.0,ทั่วไป,ชื่อในช่องเอง,AIR-3,0,0,0,0,0,0,0,1,0,0,0.9953
1106,DJI BETA FPV,PAVO20PRO,1,0,0,1,0.0,ทั่วไป,ชื่อในช่องเอง,PAVO20PRO,0,0,0,0,0,0,0,1,0,0,0.9953
1107,DJI CO.,AIR 2S,1,0,0,1,0.0,ทั่วไป,ชื่อในช่องเอง,MAVIC AIR2S,0,0,0,0,0,1,0,0,0,0,0.9953
1108,DJI MINI,MT2PD,1,0,0,1,0.0,ทั่วไป,รหัสที่ถอดไม่ได้,MT2PD,0,0,0,0,0,1,0,0,0,0,0.9953
1109,DJI MINI 2 SE,MINI 2 SE,1,0,0,1,0.0,ทั่วไป,ชื่อในช่องเอง,DJI MINI 2 SE,0,0,0,0,0,0,1,0,0,0,0.9953
1110,DJI MINI 3 PRO,1581F4XFC235C00720JE,1,0,0,1,0.0,ทั่วไป,ชื่อในช่องเอง,1581F4XFC235C00720JE,0,0,0,0,0,0,1,0,0,0,0.9953
1111,DJI MINI 3 PRO,INTELLIGENT FLIGHT,1,0,0,1,0.0,ทั่วไป,ชื่อในช่องเอง,INTELLIGENT FLIGHT,0,0,0,0,0,0,0,1,0,0,0.9953
1112,DJI MAVIC,MINI 2,1,0,0,1,0.0,ทั่วไป,ชื่อในช่องเอง,MINI 2,0,0,0,0,0,1,0,0,0,0,0.9953
1113,DJI MAVIC,MT2PD,1,0,0,1,0.0,ทั่วไป,รหัสที่ถอดไม่ได้,MT2PD,0,0,0,0,1,0,0,0,0,0,0.9954
1114,DJI MAVIC 2 ZOOM,L1Z,1,0,0,1,0.0,ทั่วไป,ชื่อในช่องเอง,L1Z,0,0,0,0,0,0,0,1,0,0,0.9954
1115,DJI MAVIC AIR,FLY MOR,1,1,0,1,0.0,ทั่วไป,ชื่อในช่องเอง,FLY MOR COMBO,0,0,0,0,0,0,1,0,0,0,0.9954
1116,DJI MAVIC AIR 2,EUROPEAN UNION MODEL,1,0,0,1,0.0,ทั่วไป,ชื่อในช่องเอง,EUROPEAN UNION MODEL,0,0,0,0,1,0,0,0,0,0,0.9954
1117,DJI MAVIC AIR2,MA2UE3W,1,0,0,1,0.0,ทั่วไป,รหัสที่ถอดไม่ได้,MA2UE3W,0,0,0,0,0,0,0,0,1,0,0.9954
1118,DJI,์NEO 2,1,0,0,1,0.0,ทั่วไป,ชื่อในช่องเอง,์NEO 2,0,0,0,0,0,0,0,0,0,1,0.9954
1119,DJI 03 AU,CINELOG 25 V2,1,0,0,1,0.0,ทั่วไป,ชื่อในช่องเอง,CINELOG 25 V2,0,0,0,0,0,0,0,1,0,0,0.9954
1120,DJI,DN1A1270,1,0,0,1,0.0,ทั่วไป,รหัสที่ถอดไม่ได้,DN1A1270,0,0,0,0,0,0,0,0,1,0,0.9954
1121,DJI,DN1A1278,1,0,0,1,0.0,ทั่วไป,รหัสที่ถอดไม่ได้,DN1A1278,0,0,0,0,0,0,0,0,0,1,0.9954
1122,DJI,DN1A1283,1,0,0,1,0.0,ทั่วไป,รหัสที่ถอดไม่ได้,DN1A1283,0,0,0,0,0,0,0,0,0,1,0.9954
1123,DJI,DN1A1288,1,0,0,1,0.0,ทั่วไป,รหัสที่ถอดไม่ได้,DN1A1288,0,0,0,0,0,0,0,0,1,0,0.9954
1124,DJI,DN1A1214,1,0,0,1,0.0,ทั่วไป,รหัสที่ถอดไม่ได้,DN1A1214,0,0,0,0,0,0,0,0,1,0,0.9954
1125,DJI,DN1A1215,1,0,0,1,0.0,ทั่วไป,รหัสที่ถอดไม่ได้,DN1A1215,0,0,0,0,0,0,0,0,1,0,0.9954
1126,DJI,DN1A1216,1,0,0,1,0.0,ทั่วไป,รหัสที่ถอดไม่ได้,DN1A1216,0,0,0,0,0,0,0,0,1,0,0.9954
1127,DJI,DN1A1223,1,0,0,1,0.0,ทั่วไป,รหัสที่ถอดไม่ได้,DN1A1223,0,0,0,0,0,0,0,0,1,0,0.9954
1128,DJI,DN1A1232,1,0,0,1,0.0,ทั่วไป,รหัสที่ถอดไม่ได้,DN1A1232,0,0,0,0,0,0,0,0,1,0,0.9954
1129,DJI,DN1A1233,1,0,0,1,0.0,ทั่วไป,รหัสที่ถอดไม่ได้,DN1A1233,0,0,0,0,0,0,0,0,1,0,0.9954
1130,DJI,DN1A1234,1,0,0,1,0.0,ทั่วไป,รหัสที่ถอดไม่ได้,DN1A1234,0,0,0,0,0,0,0,0,1,0,0.9954
1131,DJI,DN1A1236,1,0,0,1,0.0,ทั่วไป,รหัสที่ถอดไม่ได้,DN1A1236,0,0,0,0,0,0,0,0,1,0,0.9954
1132,DJI,DN1A1237,1,0,0,1,0.0,ทั่วไป,รหัสที่ถอดไม่ได้,DN1A1237,0,0,0,0,0,0,0,0,1,0,0.9954
1133,DJI,DN1A1238,1,0,0,1,0.0,ทั่วไป,รหัสที่ถอดไม่ได้,DN1A1238,0,0,0,0,0,0,0,0,1,0,0.9955
1134,DJI,DN1A1119,1,0,0,1,0.0,ทั่วไป,รหัสที่ถอดไม่ได้,DN1A1119,0,0,0,0,0,0,0,0,1,0,0.9955
1135,DJI,DN1A1120,1,0,0,1,0.0,ทั่วไป,รหัสที่ถอดไม่ได้,DN1A1120,0,0,0,0,0,0,0,0,1,0,0.9955
1136,DJI,DN1A1121,1,0,0,1,0.0,ทั่วไป,รหัสที่ถอดไม่ได้,DN1A1121,0,0,0,0,0,0,0,0,1,0,0.9955
1137,DJI MINI,4 PRO,1,0,0,1,0.0,ทั่วไป,ชื่อในช่องเอง,4 PRO,0,0,0,0,0,0,0,1,0,0,0.9955
1138,DJI MINI,MAVIC MINI,1,0,0,1,0.0,ทั่วไป,ชื่อในช่องเอง,MAVIC MINI,0,0,0,0,0,0,0,0,0,1,0.9955
1139,DJI MINI,MINI 3 PRO,1,0,0,1,0.0,ทั่วไป,ชื่อในช่องเอง,MINI 3 PRO,0,0,0,0,0,0,1,0,0,0,0.9955
1140,DRONE EXPLORER,LH X25,1,0,0,1,0.0,ทั่วไป,ชื่อในช่องเอง,LH X25,1,0,0,0,0,0,0,0,0,0,0.9955
1141,DJI MINI 3 PRO,MINI 3 PRO,1,0,0,1,0.0,ทั่วไป,ชื่อในช่องเอง,MINI 3 PRO,0,0,0,0,0,0,1,0,0,0,0.9955
1142,DJI MINI 3 PRO,RA-02-25-2332,1,0,0,1,0.0,ทั่วไป,ชื่อในช่องเอง,RA-02-25-2332,0,0,0,0,0,0,0,0,1,0,0.9955
1143,DJI MINI 3 PRO,RM330,1,0,0,1,0.0,ทั่วไป,ชื่อในช่องเอง,RM330,0,0,0,0,0,0,0,1,0,0,0.9955
1144,DJI MINI3,RC,1,0,0,1,0.0,ทั่วไป,ชื่อในช่องเอง,DJI RC,0,0,0,0,0,0,1,0,0,0,0.9955
1145,DJI MINI3PRO,RM330,1,0,0,1,0.0,ทั่วไป,ชื่อในช่องเอง,RM330,0,0,0,0,0,0,1,0,0,0,0.9955
1146,DJI NEO,DN1A0626,1,0,0,1,0.0,ทั่วไป,รหัสที่ถอดไม่ได้,DN1A0626,0,0,0,0,0,0,0,0,1,0,0.9955
1147,DJI NEO,DNIAO626,1,0,0,1,0.0,ทั่วไป,ชื่อในช่องเอง,DNIAO626,0,0,0,0,0,0,0,0,1,0,0.9955
1148,DJI RS,MINI 3 PRO,1,0,0,1,0.0,ทั่วไป,ชื่อในช่องเอง,MINI 3 PRO,0,0,0,0,0,0,0,1,0,0,0.9955
1149,DJI TECHNOLOGY,MINI 3 PRO,1,0,0,1,0.0,ทั่วไป,ชื่อในช่องเอง,MINI 3 PRO,0,0,0,0,0,1,0,0,0,0,0.9955
1150,"DJI, SZ DJI TECHNOLOGY",MAVIC MINI 3 PRO,1,0,0,1,0.0,ทั่วไป,ชื่อในช่องเอง,DJI MAVIC MINI 3 PRO,0,0,0,0,0,0,0,0,1,0,0.9955
1151,DJI4 MINI PRO,4 PRO,1,0,0,1,0.0,ทั่วไป,ชื่อในช่องเอง,DJI 4 PRO,0,0,0,0,0,0,0,0,0,1,0.9955
1152,DJI MAVIC PRO 2,L1P,1,0,0,1,0.0,ทั่วไป,ชื่อในช่องเอง,L1P,0,0,0,0,0,1,0,0,0,0,0.9955
1153,DJI,DN1A1202,1,0,0,1,0.0,ทั่วไป,รหัสที่ถอดไม่ได้,DN1A1202,0,0,0,0,0,0,0,0,1,0,0.9955
1154,DJI,DN1A1207,1,0,0,1,0.0,ทั่วไป,รหัสที่ถอดไม่ได้,DN1A1207,0,0,0,0,0,0,0,0,1,0,0.9956
1155,DJI,DN1A1212,1,0,1,1,1.0,เกษตร,รหัสที่ถอดไม่ได้,DN1A1212,0,0,0,0,0,0,0,1,0,0,0.9956
1156,EACHINE,QX95,1,0,0,1,0.0,ทั่วไป,รหัสที่ถอดไม่ได้,QX95,1,0,0,0,0,0,0,0,0,0,0.9956
1157,EACHINE,VISWHOOP,1,0,0,1,0.0,ทั่วไป,ชื่อในช่องเอง,VISWHOOP,0,0,0,0,1,0,0,0,0,0,0.9956
1158,EAGLE EYES,V1,1,0,1,1,1.0,เกษตร,ชื่อในช่องเอง,V1,0,0,0,0,1,0,0,0,0,0,0.9956
1159,EC120,EC120,1,0,0,1,0.0,ทั่วไป,รหัสที่ถอดไม่ได้,EC120,0,0,0,0,0,0,0,0,1,0,0.9956
1160,EHANG,EH-216-TH,1,0,0,1,0.0,ทั่วไป,ชื่อในช่องเอง,EH-216-TH,0,0,0,0,0,0,0,0,1,0,0.9956
1161,EHANG,EH216-TH,1,0,0,1,0.0,ทั่วไป,ชื่อในช่องเอง,EH216-TH,0,0,0,0,0,0,1,0,0,0,0.9956
1162,DJII,AVATA 2,1,0,0,1,0.0,ทั่วไป,ชื่อในช่องเอง,AVATA 2,0,0,0,0,0,0,0,0,0,1,0.9956
1163,DJJ,MINI2SE,1,0,0,1,0.0,ทั่วไป,ชื่อในช่องเอง,MINI2SE,0,0,0,0,0,0,0,0,1,0,0.9956
1164,DJL,MAVIC 3,1,0,0,1,0.0,ทั่วไป,ชื่อในช่องเอง,MAVIC 3,0,0,0,0,0,0,0,1,0,0,0.9956
1165,DJL,MAVIC AIR,1,0,0,1,0.0,ทั่วไป,ชื่อในช่องเอง,MAVIC AIR,0,0,0,0,0,1,0,0,0,0,0.9956
1166,DJO,AIR 2S,1,0,0,1,0.0,ทั่วไป,ชื่อในช่องเอง,AIR 2S,0,0,0,0,0,0,0,0,1,0,0.9956
1167,DJU,NEO 2,1,0,0,1,0.0,ทั่วไป,ชื่อในช่องเอง,NEO 2,0,0,0,0,0,0,0,0,0,1,0.9956
1168,DJY,MAVIC AIR 2,1,0,0,1,0.0,ทั่วไป,ชื่อในช่องเอง,MAVIC AIR 2,0,0,0,0,0,0,1,0,0,0,0.9956
1169,DOBBY,(ไม่ระบุ),1,0,0,1,0.0,ทั่วไป,ว่าง,-,1,0,0,0,0,0,0,0,0,0,0.9956
1170,DRONE,CZ28,1,0,0,1,0.0,ทั่วไป,รหัสที่ถอดไม่ได้,CZ28,0,0,0,0,0,0,0,0,1,0,0.9956
1171,DRONE CH-X19,(ไม่ระบุ),1,0,0,1,0.0,ทั่วไป,ว่าง,-,1,0,0,0,0,0,0,0,0,0,0.9956
1172,DJI,DN1A1135,1,0,0,1,0.0,ทั่วไป,รหัสที่ถอดไม่ได้,DN1A1135,0,0,0,0,0,0,0,0,1,0,0.9956
1173,DJI,DN1A1138,1,0,0,1,0.0,ทั่วไป,รหัสที่ถอดไม่ได้,DN1A1138,0,0,0,0,0,0,0,0,1,0,0.9956
1174,DJI,DN1A1147,1,0,0,1,0.0,ทั่วไป,รหัสที่ถอดไม่ได้,DN1A1147,0,0,0,0,0,0,0,1,0,0,0.9956
1175,DJI,DN1A1151,1,0,0,1,0.0,ทั่วไป,รหัสที่ถอดไม่ได้,DN1A1151,0,0,0,0,0,0,0,0,1,0,0.9957
1176,DJI,DN1A1154,1,0,0,1,0.0,ทั่วไป,รหัสที่ถอดไม่ได้,DN1A1154,0,0,0,0,0,0,0,0,1,0,0.9957
1177,DJI,DN1A1158,1,0,0,1,0.0,ทั่วไป,รหัสที่ถอดไม่ได้,DN1A1158,0,0,0,0,0,0,0,0,1,0,0.9957
1178,DJI,DN1A1161,1,0,0,1,0.0,ทั่วไป,รหัสที่ถอดไม่ได้,DN1A1161,0,0,0,0,0,0,0,0,1,0,0.9957
1179,DJI,DN1A1171,1,0,0,1,0.0,ทั่วไป,รหัสที่ถอดไม่ได้,DN1A1171,0,0,0,0,0,0,0,0,1,0,0.9957
1180,DJI,DN1A1174,1,0,0,1,0.0,ทั่วไป,รหัสที่ถอดไม่ได้,DN1A1174,0,0,0,0,0,0,0,0,1,0,0.9957
1181,DJI,DN1A1175,1,0,0,1,0.0,ทั่วไป,รหัสที่ถอดไม่ได้,DN1A1175,0,0,0,0,0,0,0,0,1,0,0.9957
1182,DJI,DN1A1176,1,0,0,1,0.0,ทั่วไป,รหัสที่ถอดไม่ได้,DN1A1176,0,0,0,0,0,0,0,0,1,0,0.9957
1183,DJI,DN1A1028,1,0,0,1,0.0,ทั่วไป,รหัสที่ถอดไม่ได้,DN1A1028,0,0,0,0,0,0,0,0,1,0,0.9957
1184,DJI,DN1A1037,1,0,0,1,0.0,ทั่วไป,รหัสที่ถอดไม่ได้,DN1A1037,0,0,0,0,0,0,0,0,1,0,0.9957
1185,DJI,DN1A1038,1,0,0,1,0.0,ทั่วไป,รหัสที่ถอดไม่ได้,DN1A1038,0,0,0,0,0,0,0,0,1,0,0.9957
1186,EACHINE,250,1,0,0,1,0.0,ทั่วไป,ชื่อในช่องเอง,250,1,0,0,0,0,0,0,0,0,0,0.9957
1187,EACHINE,E56,1,0,0,1,0.0,ทั่วไป,ชื่อในช่องเอง,E56,1,0,0,0,0,0,0,0,0,0,0.9957
1188,FIMI,FMERJ03A8,1,0,0,1,0.0,ทั่วไป,ชื่อในช่องเอง,FMERJ03A8,0,0,0,0,0,0,0,0,1,0,0.9957
1189,FIMI,FMWRJ02A5,1,0,0,1,0.0,ทั่วไป,ชื่อในช่องเอง,FMWRJ02A5,0,0,0,0,0,0,1,0,0,0,0.9957
1190,FIMI,FMWRJ03A6,1,0,0,1,0.0,ทั่วไป,ชื่อในช่องเอง,FMWRJ03A6,0,0,0,0,0,0,0,1,0,0,0.9957
1191,FIMI,FMWRJ04A3,1,0,0,1,0.0,ทั่วไป,ชื่อในช่องเอง,FMWRJ04A3,0,0,0,0,0,0,0,0,1,0,0.9957
1192,FIMI,MINI,1,0,0,1,0.0,ทั่วไป,ชื่อในช่องเอง,MINI,0,0,0,0,0,0,1,0,0,0,0.9957
1193,EMAX,BABYHAWK II HD,1,0,0,1,0.0,ทั่วไป,ชื่อในช่องเอง,BABYHAWK II HD,0,0,0,0,0,0,1,0,0,0,0.9957
1194,EMAX,BABYHAWK O3,1,0,0,1,0.0,ทั่วไป,ชื่อในช่องเอง,BABYHAWK O3,0,0,0,0,0,0,0,1,0,0,0.9957
1195,EXPLORER,LR4,1,0,0,1,0.0,ทั่วไป,ชื่อในช่องเอง,LR4,0,0,0,0,0,0,0,0,0,1,0.9958
1196,F&O,GERRIDAE,1,0,0,1,0.0,ทั่วไป,ชื่อในช่องเอง,GERRIDAE,0,0,0,0,0,0,0,1,0,0,0.9958
1197,F-DRONES,HYPERCOPTER (HC-160 PLUS),1,0,0,1,0.0,ทั่วไป,ชื่อในช่องเอง,HYPERCOPTER (HC-160 PLUS),0,0,0,0,0,0,0,1,0,0,0.9958
1198,FD (FANCY DRONE),FD-30V1,1,0,1,1,1.0,เกษตร,ชื่อในช่องเอง,FD-30V1,0,0,0,0,0,1,0,0,0,0,0.9958
1199,FEILUN,FEILUN,1,0,0,1,0.0,ทั่วไป,ชื่อในช่องเอง,FEILUN,1,0,0,0,0,0,0,0,0,0,0.9958
1200,FEILUN,FX176,1,0,0,1,0.0,ทั่วไป,รหัสที่ถอดไม่ได้,FX176,1,0,0,0,0,0,0,0,0,0,0.9958
1201,DRONETOOLS,CONDOR (RECEIVER ON AIRCRAFT รุ่น R16 ),1,0,0,1,0.0,ทั่วไป,ชื่อในช่องเอง,CONDOR (RECEIVER ON AIRCRAFT รุ่น R16 ),0,0,0,0,0,0,0,1,0,0,0.9958
1202,DJI,DN1A1128,1,0,0,1,0.0,ทั่วไป,รหัสที่ถอดไม่ได้,DN1A1128,0,0,0,0,0,0,0,0,1,0,0.9958
1203,DJI,DN1A1131,1,0,0,1,0.0,ทั่วไป,รหัสที่ถอดไม่ได้,DN1A1131,0,0,0,0,0,0,0,0,1,0,0.9958
1204,DJI,DN1A1052,1,0,0,1,0.0,ทั่วไป,รหัสที่ถอดไม่ได้,DN1A1052,0,0,0,0,0,0,0,0,1,0,0.9958
1205,DJI,DN1A1062,1,0,0,1,0.0,ทั่วไป,รหัสที่ถอดไม่ได้,DN1A1062,0,0,0,0,0,0,0,0,1,0,0.9958
1206,DJI,DN1A1071,1,0,0,1,0.0,ทั่วไป,รหัสที่ถอดไม่ได้,DN1A1071,0,0,0,0,0,0,0,0,1,0,0.9958
1207,DJI,DN1A1075,1,0,0,1,0.0,ทั่วไป,รหัสที่ถอดไม่ได้,DN1A1075,0,0,0,0,0,0,0,0,1,0,0.9958
1208,DJI,DN1A1081,1,0,0,1,0.0,ทั่วไป,รหัสที่ถอดไม่ได้,DN1A1081,0,0,0,0,0,0,0,1,0,0,0.9958
1209,DJI,DN1A1085,1,0,0,1,0.0,ทั่วไป,รหัสที่ถอดไม่ได้,DN1A1085,0,0,0,0,0,0,0,1,0,0,0.9958
1210,DJI,DN1A1091,1,0,0,1,0.0,ทั่วไป,รหัสที่ถอดไม่ได้,DN1A1091,0,0,0,0,0,0,0,0,1,0,0.9958
1211,DJI,DN1A1093,1,0,0,1,0.0,ทั่วไป,รหัสที่ถอดไม่ได้,DN1A1093,0,0,0,0,0,0,0,0,1,0,0.9958
1212,DJI,DN1A1097,1,0,0,1,0.0,ทั่วไป,รหัสที่ถอดไม่ได้,DN1A1097,0,0,0,0,0,0,0,0,1,0,0.9958
1213,DJI,DN1A1115,1,0,0,1,0.0,ทั่วไป,รหัสที่ถอดไม่ได้,DN1A1115,0,0,0,0,0,0,0,0,1,0,0.9958
1214,DJI,DN1A1117,1,0,0,1,0.0,ทั่วไป,รหัสที่ถอดไม่ได้,DN1A1117,0,0,0,0,0,0,0,0,1,0,0.9958
1215,DJI,DN1A0958,1,0,0,1,0.0,ทั่วไป,รหัสที่ถอดไม่ได้,DN1A0958,0,0,0,0,0,0,0,0,1,0,0.9958
1216,DJI,DN1A0961,1,0,0,1,0.0,ทั่วไป,รหัสที่ถอดไม่ได้,DN1A0961,0,0,0,0,0,0,0,0,1,0,0.9959
1217,DJI,DN1A0968,1,0,0,1,0.0,ทั่วไป,รหัสที่ถอดไม่ได้,DN1A0968,0,0,0,0,0,0,0,0,1,0,0.9959
1218,FIMI,FIMI X8 SE 2020,1,0,0,1,0.0,ทั่วไป,ชื่อในช่องเอง,FIMI X8 SE 2020,0,0,0,0,0,1,0,0,0,0,0.9959
1219,FIMI,FIMI X8 SE 2022,1,0,0,1,0.0,ทั่วไป,ชื่อในช่องเอง,FIMI X8 SE 2022,0,0,0,0,0,0,1,0,0,0,0.9959
1220,FIXWINYS,CV 2.0 (SONGKHLA),1,0,0,1,0.0,ทั่วไป,ชื่อในช่องเอง,CV 2.0 (SONGKHLA),1,0,0,0,0,0,0,0,0,0,0.9959
1221,FIXWINYS,CV.2.0 (LAMPHUN),1,0,0,1,0.0,ทั่วไป,ชื่อในช่องเอง,CV.2.0 (LAMPHUN),1,0,0,0,0,0,0,0,0,0,0.9959
1222,FLY FISH,VOLADOR,1,0,0,1,0.0,ทั่วไป,ชื่อในช่องเอง,VOLADOR,0,0,0,0,0,0,0,1,0,0,0.9959
1223,FIMI,MINI 3 SE,1,0,0,1,0.0,ทั่วไป,ชื่อในช่องเอง,MINI 3 SE,0,0,0,0,0,0,0,1,0,0,0.9959
1224,FIMI,SE2020,1,0,0,1,0.0,ทั่วไป,รหัสที่ถอดไม่ได้,SE2020,0,0,0,0,0,0,0,1,0,0,0.9959
1225,FIMI,X8,1,0,0,1,0.0,ทั่วไป,ชื่อในช่องเอง,X8,0,0,0,0,0,1,0,0,0,0,0.9959
1226,FIMI,X8 2022,1,0,0,1,0.0,ทั่วไป,ชื่อในช่องเอง,X8 2022,0,0,0,0,0,0,1,0,0,0,0.9959
1227,FIMI,X8 MINI PRO,1,0,0,1,0.0,ทั่วไป,ชื่อในช่องเอง,X8 MINI PRO,0,0,0,0,0,0,1,0,0,0,0.9959
1228,FIMI,X8 MINI V 2,1,0,0,1,0.0,ทั่วไป,ชื่อในช่องเอง,X8 MINI V 2,0,0,0,0,0,0,0,1,0,0,0.9959
1229,FIMI,X8 MINI V2,1,0,0,1,0.0,ทั่วไป,ชื่อในช่องเอง,X8 MINI V2,0,0,0,0,0,0,0,0,1,0,0.9959
1230,FIMI,X8 SE (2019),1,0,0,1,0.0,ทั่วไป,ชื่อในช่องเอง,X8 SE (2019),0,0,0,0,0,0,0,1,0,0,0.9959
1231,FIMI,X8 SE 2022 / FMWRJ03A8,1,0,0,1,0.0,ทั่วไป,ชื่อในช่องเอง,X8 SE 2022 / FMWRJ03A8,0,0,0,0,0,0,0,1,0,0,0.9959
1232,FEIMA ROBOTICS,J.ME/FM 2000,1,0,0,1,0.0,ทั่วไป,ชื่อในช่องเอง,J.ME/FM 2000,0,0,1,0,0,0,0,0,0,0,0.9959
1233,FIMI,FIMI MINI 3SE,1,0,0,1,0.0,ทั่วไป,ชื่อในช่องเอง,FIMI MINI 3SE,0,0,0,0,0,0,0,1,0,0,0.9959
1234,DJI,DN1A1040,1,0,0,1,0.0,ทั่วไป,รหัสที่ถอดไม่ได้,DN1A1040,0,0,0,0,0,0,0,0,1,0,0.9959
1235,DJI,DN1A1051,1,0,0,1,0.0,ทั่วไป,รหัสที่ถอดไม่ได้,DN1A1051,0,0,0,0,0,0,0,0,1,0,0.9959
1236,FLYFISH RC,VOLADOR VX3.5,1,0,0,1,0.0,ทั่วไป,ชื่อในช่องเอง,VOLADOR VX3.5,0,0,0,0,0,0,0,0,1,0,0.996
1237,FLYFISHRC,ATLAS4,1,0,0,1,0.0,ทั่วไป,ชื่อในช่องเอง,ATLAS4,0,0,0,0,0,0,0,0,1,0,0.996
1238,FLYFISHRC,VOLADOR VX3.5,1,0,0,1,0.0,ทั่วไป,ชื่อในช่องเอง,VOLADOR VX3.5,0,0,0,0,0,0,0,0,1,0,0.996
1239,FLYSTER,X8-W,1,0,0,1,0.0,ทั่วไป,ชื่อในช่องเอง,X8-W,0,1,0,0,0,0,0,0,0,0,0.996
1240,FLYWOO,CINERACE 20,1,0,0,1,0.0,ทั่วไป,ชื่อในช่องเอง,CINERACE 20,0,0,0,0,1,0,0,0,0,0,0.996
1241,FLYWOO,CINERACE20,1,0,0,1,0.0,ทั่วไป,ชื่อในช่องเอง,CINERACE20,0,0,0,0,1,0,0,0,0,0,0.996
1242,FLYWOO,EXPLORER 4 V2.2,1,0,0,1,0.0,ทั่วไป,ชื่อในช่องเอง,EXPLORER 4 V2.2,0,0,0,0,0,0,0,0,0,1,0.996
1243,FLYWOO,EXPLORER LR-4,1,0,0,1,0.0,ทั่วไป,ชื่อในช่องเอง,EXPLORER LR-4,0,0,0,0,0,0,0,0,1,0,0.996
1244,FIMI,X8MINI,1,0,0,1,0.0,ทั่วไป,ชื่อในช่องเอง,X8MINI,0,0,0,0,0,0,0,1,0,0,0.996
1245,FIMI,X8SE 2018,1,0,0,1,0.0,ทั่วไป,ชื่อในช่องเอง,X8SE 2018,0,0,0,0,0,1,0,0,0,0,0.996
1246,FIMI,X8SE 2020 DRONE,1,0,0,1,0.0,ทั่วไป,ชื่อในช่องเอง,X8SE 2020 DRONE,0,0,0,0,0,0,0,1,0,0,0.996
1247,FIMI,X8SE 2022,1,0,0,1,0.0,ทั่วไป,ชื่อในช่องเอง,X8SE 2022,0,0,0,0,0,0,0,1,0,0,0.996
1248,FIMI TECHNOLOGY LTD.,FMWRJ02A5,1,0,0,1,0.0,ทั่วไป,ชื่อในช่องเอง,FMWRJ02A5,0,0,0,0,0,0,1,0,0,0,0.996
1249,FIMI X8 SE 2020,FMWRJ03A6,1,0,0,1,0.0,ทั่วไป,ชื่อในช่องเอง,FMWRJ03A6,0,0,0,0,0,0,0,1,0,0,0.996
1250,FIMI X8 SE 2022,FMWRJ03A8,1,0,0,1,0.0,ทั่วไป,ชื่อในช่องเอง,FMWRJ03A8,0,0,0,0,0,0,0,1,0,0,0.996
1251,FIMI X8 SE 2022,X8 SE 2022,1,0,0,1,0.0,ทั่วไป,ชื่อในช่องเอง,X8 SE 2022,0,0,0,0,0,0,1,0,0,0,0.996
1252,DJI,DN1A0877,1,0,0,1,0.0,ทั่วไป,รหัสที่ถอดไม่ได้,DN1A0877,0,0,0,0,0,0,0,0,1,0,0.996
1253,DJI,DN1A0880,1,0,0,1,0.0,ทั่วไป,รหัสที่ถอดไม่ได้,DN1A0880,0,0,0,0,0,0,0,0,1,0,0.996
1254,FOLDING,HC 639,1,0,0,1,0.0,ทั่วไป,ชื่อในช่องเอง,HC 639,1,0,0,0,0,0,0,0,0,0,0.996
1255,FOLLOWER,FOLLOWER GPS,1,0,0,1,0.0,ทั่วไป,ชื่อในช่องเอง,FOLLOWER GPS,0,1,0,0,0,0,0,0,0,0,0.996
1256,FOXEER,FOXWHOOP,1,0,0,1,0.0,ทั่วไป,ชื่อในช่องเอง,FOXWHOOP,0,0,0,0,0,0,0,1,0,0,0.996
1257,FOXTECH,AYK-350,1,0,0,1,0.0,ทั่วไป,ชื่อในช่องเอง,AYK-350,0,0,0,0,0,0,1,0,0,0,0.9961
1258,FOXTECH,NAGA QUADCOPTER,1,0,0,1,0.0,ทั่วไป,ชื่อในช่องเอง,NAGA QUADCOPTER,0,0,0,0,0,0,1,0,0,0,0.9961
1259,FPV,BAYANGTOYS X21,1,0,0,1,0.0,ทั่วไป,ชื่อในช่องเอง,BAYANGTOYS X21,0,1,0,0,0,0,0,0,0,0,0.9961
1260,FPV,BOB57,1,0,0,1,0.0,ทั่วไป,รหัสที่ถอดไม่ได้,BOB57,0,0,0,0,0,0,0,1,0,0,0.9961
1261,FPV,FPV,1,0,0,1,0.0,ทั่วไป,ชื่อในช่องเอง,FPV,0,0,0,0,0,0,0,1,0,0,0.9961
1262,FPV,HOME BUILD,1,0,0,1,0.0,ทั่วไป,ชื่อในช่องเอง,HOME BUILD,0,0,0,0,0,0,0,1,0,0,0.9961
1263,FPV,LH X14,1,0,0,1,0.0,ทั่วไป,ชื่อในช่องเอง,LH X14,0,1,0,0,0,0,0,0,0,0,0.9961
1264,FLYABILITY,"ELIOS 3 (AIRCRAFT 107000, REMOTE 109008)",1,0,0,1,0.0,ทั่วไป,ชื่อในช่องเอง,"ELIOS 3 (AIRCRAFT 107000, REMOTE 109008)",0,0,0,0,0,0,0,0,1,0,0.9961
1265,FLYABILITY,ELIOS3,1,0,0,1,0.0,ทั่วไป,ชื่อในช่องเอง,ELIOS3,0,0,0,0,0,1,0,0,0,0,0.9961
1266,FLYABILITY,GL858A,1,0,0,1,0.0,ทั่วไป,รหัสที่ถอดไม่ได้,"ELIOS(AIRCRAFT), GL858A(REMOTE)",0,0,1,0,0,0,0,0,0,0,0.9961
1267,FLYBOTIX,ASIO,1,0,0,1,0.0,ทั่วไป,ชื่อในช่องเอง,ASIO,0,0,0,0,0,1,0,0,0,0,0.9961
1268,GARUDA,WIFI DRONE,1,0,0,1,0.0,ทั่วไป,ชื่อในช่องเอง,WIFI DRONE,0,0,0,0,0,0,1,0,0,0,0.9961
1269,GDU,S400E,1,0,0,1,0.0,ทั่วไป,ชื่อในช่องเอง,S400E,0,0,0,0,0,0,1,0,0,0,0.9961
1270,DJI,DN1A0974,1,0,0,1,0.0,ทั่วไป,รหัสที่ถอดไม่ได้,DN1A0974,0,0,0,0,0,0,0,0,1,0,0.9961
1271,DJI,DN1A0975,1,0,0,1,0.0,ทั่วไป,รหัสที่ถอดไม่ได้,DN1A0975,0,0,0,0,0,0,0,0,1,0,0.9961
1272,DJI,DN1A0976,1,0,0,1,0.0,ทั่วไป,รหัสที่ถอดไม่ได้,DN1A0976,0,0,0,0,0,0,0,0,1,0,0.9961
1273,DJI,DN1A0979,1,0,0,1,0.0,ทั่วไป,รหัสที่ถอดไม่ได้,DN1A0979,0,0,0,0,0,0,0,0,1,0,0.9961
1274,DJI,DN1A0983,1,0,0,1,0.0,ทั่วไป,รหัสที่ถอดไม่ได้,DN1A0983,0,0,0,0,0,0,0,0,1,0,0.9961
1275,DJI,DN1A0984,1,0,0,1,0.0,ทั่วไป,รหัสที่ถอดไม่ได้,DN1A0984,0,0,0,0,0,0,0,0,1,0,0.9961
1276,DJI,DN1A0990,1,0,0,1,0.0,ทั่วไป,รหัสที่ถอดไม่ได้,DN1A0990,0,0,0,0,0,0,0,0,1,0,0.9961
1277,DJI,DN1A0997,1,0,0,1,0.0,ทั่วไป,รหัสที่ถอดไม่ได้,DN1A0997,0,0,0,0,0,0,0,0,1,0,0.9962
1278,DJI,DN1A1003,1,0,0,1,0.0,ทั่วไป,รหัสที่ถอดไม่ได้,DN1A1003,0,0,0,0,0,0,0,0,1,0,0.9962
1279,DJI,DN1A1020,1,0,0,1,0.0,ทั่วไป,รหัสที่ถอดไม่ได้,DN1A1020,0,0,0,0,0,0,0,0,1,0,0.9962
1280,DJI,DN1A1024,1,0,0,1,0.0,ทั่วไป,รหัสที่ถอดไม่ได้,DN1A1024,0,0,0,0,0,0,0,0,1,0,0.9962
1281,DJI,DN1A1025,1,0,0,1,0.0,ทั่วไป,รหัสที่ถอดไม่ได้,DN1A1025,0,0,0,0,0,0,0,0,1,0,0.9962
1282,DJI,DN1A1027,1,0,0,1,0.0,ทั่วไป,รหัสที่ถอดไม่ได้,DN1A1027,0,0,0,0,0,0,0,0,1,0,0.9962
1283,DJI,DN1A0873,1,0,0,1,0.0,ทั่วไป,รหัสที่ถอดไม่ได้,DN1A0873,0,0,0,0,0,0,0,0,1,0,0.9962
1284,GEPRC,CINEBOT30 HD O3 FPV,1,0,0,1,0.0,ทั่วไป,ชื่อในช่องเอง,CINEBOT30 HD O3 FPV,0,0,0,0,0,0,1,0,0,0,0.9962
1285,GEPRC,CINELO35HD,1,0,0,1,0.0,ทั่วไป,ชื่อในช่องเอง,CINELO35HD,0,0,0,0,0,1,0,0,0,0,0.9962
1286,GEPRC,CINELOG 20,1,0,0,1,0.0,ทั่วไป,ชื่อในช่องเอง,CINELOG 20,0,0,0,0,0,0,1,0,0,0,0.9962
1287,GEPRC,CINELOG 25 V2,1,0,0,1,0.0,ทั่วไป,ชื่อในช่องเอง,CINELOG 25 V2,0,0,0,0,0,0,0,0,1,0,0.9962
1288,GEPRC,CINELOG 30 V2,1,0,0,1,0.0,ทั่วไป,ชื่อในช่องเอง,CINELOG 30 V2,0,0,0,0,0,0,0,0,0,1,0.9962
1289,FPV,MARK 5,1,0,0,1,0.0,ทั่วไป,ชื่อในช่องเอง,MARK 5,0,0,0,0,0,0,0,1,0,0,0.9962
1290,FPV,MODEL 2022,1,0,0,1,0.0,ทั่วไป,ชื่อในช่องเอง,MODEL 2022,0,0,0,0,0,0,0,1,0,0,0.9962
1291,FPV,TOP,1,0,0,1,0.0,ทั่วไป,ชื่อในช่องเอง,TOP,1,0,0,0,0,0,0,0,0,0,0.9962
1292,FPV DRONE,SELF DESIGNED,1,0,0,1,0.0,ทั่วไป,ชื่อในช่องเอง,SELF DESIGNED,0,0,0,0,0,0,0,0,1,0,0.9962
1293,FPV RACING,ALIGN MR25,1,0,0,1,0.0,ทั่วไป,ชื่อในช่องเอง,ALIGN MR25,1,0,0,0,0,0,0,0,0,0,0.9962
1294,FPV RACING,BETAFPV 75 PRO,1,0,0,1,0.0,ทั่วไป,ชื่อในช่องเอง,BETAFPV 75 PRO,1,0,0,0,0,0,0,0,0,0,0.9962
1295,FPV RACING,BETAFPV 85X,1,0,0,1,0.0,ทั่วไป,ชื่อในช่องเอง,BETAFPV 85X,1,0,0,0,0,0,0,0,0,0,0.9962
1296,FREEFLY,ALTA,1,0,0,1,0.0,ทั่วไป,ชื่อในช่องเอง,ALTA,0,0,1,0,0,0,0,0,0,0,0.9962
1297,FUTABA,UAVP316,1,0,0,1,0.0,ทั่วไป,ชื่อในช่องเอง,UAVP316,0,0,1,0,0,0,0,0,0,0,0.9962
1298,FUTUNE,Q333,1,0,0,1,0.0,ทั่วไป,ชื่อในช่องเอง,Q333,1,0,0,0,0,0,0,0,0,0,0.9963
1299,FUTURE 1,Q333-B WIFI,1,0,0,1,0.0,ทั่วไป,ชื่อในช่องเอง,Q333-B WIFI,0,1,0,0,0,0,0,0,0,0,0.9963
1300,DJI,DN1A0887,1,0,0,1,0.0,ทั่วไป,รหัสที่ถอดไม่ได้,DN1A0887,0,0,0,0,0,0,0,0,1,0,0.9963
1301,DJI,DN1A0888,1,0,0,1,0.0,ทั่วไป,รหัสที่ถอดไม่ได้,DN1A0888,0,0,0,0,0,0,0,0,1,0,0.9963
1302,DJI,DN1A0890,1,0,0,1,0.0,ทั่วไป,รหัสที่ถอดไม่ได้,DN1A0890,0,0,0,0,0,0,0,0,1,0,0.9963
1303,DJI,DN1A0906,1,0,0,1,0.0,ทั่วไป,รหัสที่ถอดไม่ได้,DN1A0906,0,0,0,0,0,0,0,0,1,0,0.9963
1304,DJI,DN1A0907,1,0,0,1,0.0,ทั่วไป,รหัสที่ถอดไม่ได้,DN1A0907,0,0,0,0,0,0,0,0,1,0,0.9963
1305,DJI,DN1A0910,1,0,0,1,0.0,ทั่วไป,รหัสที่ถอดไม่ได้,DN1A0910,0,0,0,0,0,0,0,0,1,0,0.9963
1306,DJI,DN1A0916,1,0,0,1,0.0,ทั่วไป,รหัสที่ถอดไม่ได้,DN1A0916,0,0,0,0,0,0,0,0,1,0,0.9963
1307,DJI,DN1A0927,1,0,0,1,0.0,ทั่วไป,รหัสที่ถอดไม่ได้,DN1A0927,0,0,0,0,0,0,0,0,1,0,0.9963
1308,DJI,DN1A0933,1,0,0,1,0.0,ทั่วไป,รหัสที่ถอดไม่ได้,DN1A0933,0,0,0,0,0,0,0,0,1,0,0.9963
1309,DJI,DN1A0944,1,0,0,1,0.0,ทั่วไป,รหัสที่ถอดไม่ได้,DN1A0944,0,0,0,0,0,0,0,0,1,0,0.9963
1310,DJI,DN1A0949,1,0,0,1,0.0,ทั่วไป,รหัสที่ถอดไม่ได้,DN1A0949,0,0,0,0,0,0,0,0,1,0,0.9963
1311,DJI,DN1A0956,1,0,0,1,0.0,ทั่วไป,รหัสที่ถอดไม่ได้,DN1A0956,0,0,0,0,0,0,0,0,1,0,0.9963
1312,DJI,DN1A0817,1,0,0,1,0.0,ทั่วไป,รหัสที่ถอดไม่ได้,DN1A0817,0,0,0,0,0,0,0,1,0,0,0.9963
1313,DJI,DN1A0818,1,0,0,1,0.0,ทั่วไป,รหัสที่ถอดไม่ได้,DN1A0818,0,0,0,0,0,0,0,1,0,0,0.9963
1314,DJI,DN1A0820,1,0,0,1,0.0,ทั่วไป,รหัสที่ถอดไม่ได้,DN1A0820,0,0,0,0,0,0,0,0,1,0,0.9963
1315,GEPRC,CINEBOT,1,0,0,1,0.0,ทั่วไป,ชื่อในช่องเอง,CINEBOT,0,0,0,0,0,0,1,0,0,0,0.9963
1316,GEPRC,GECO 5,1,0,0,1,0.0,ทั่วไป,ชื่อในช่องเอง,GECO 5,0,0,0,0,0,0,0,0,0,1,0.9963
1317,GEPRC,GEPRC CINEBOT 30,1,0,0,1,0.0,ทั่วไป,ชื่อในช่องเอง,GEPRC CINEBOT 30,0,0,0,0,0,0,0,1,0,0,0.9963
1318,GEPRC,LR40 TERN,1,0,0,1,0.0,ทั่วไป,ชื่อในช่องเอง,LR40 TERN,0,0,0,0,0,0,0,1,0,0,0.9964
1319,GEPRC,MARC 5,1,0,0,1,0.0,ทั่วไป,ชื่อในช่องเอง,MARC 5,0,0,0,0,0,0,0,1,0,0,0.9964
1320,GEPRC,MARK 4,1,0,0,1,0.0,ทั่วไป,ชื่อในช่องเอง,MARK 4,0,0,0,0,0,0,0,1,0,0,0.9964
1321,GEPRC,CINELOG 30V2,1,0,0,1,0.0,ทั่วไป,ชื่อในช่องเอง,CINELOG 30V2,0,0,0,0,0,0,0,0,1,0,0.9964
1322,GEPRC,CINELOG 35V2,1,0,0,1,0.0,ทั่วไป,ชื่อในช่องเอง,CINELOG 35V2,0,0,0,0,0,0,0,1,0,0,0.9964
1323,GEPRC,CINELOG20,1,0,0,1,0.0,ทั่วไป,ชื่อในช่องเอง,CINELOG20,0,0,0,0,0,0,0,1,0,0,0.9964
1324,GEPRC,CINELOG25 HD 4S,1,0,0,1,0.0,ทั่วไป,ชื่อในช่องเอง,CINELOG25 HD 4S,0,0,0,0,0,0,0,1,0,0,0.9964
1325,GEPRC,CINELOG25 V2 HD O3,1,0,0,1,0.0,ทั่วไป,ชื่อในช่องเอง,CINELOG25 V2 HD O3,0,0,0,0,0,0,0,1,0,0,0.9964
1326,GEPRC,CINELOG35 HD,1,0,0,1,0.0,ทั่วไป,ชื่อในช่องเอง,CINELOG35 HD,0,0,0,0,0,0,0,1,0,0,0.9964
1327,GEPRC,CINELOG35HD,1,0,0,1,0.0,ทั่วไป,ชื่อในช่องเอง,CINELOG35HD,0,0,0,0,0,0,0,1,0,0,0.9964
1328,GEPRC,CINELOG35V2,1,0,0,1,0.0,ทั่วไป,ชื่อในช่องเอง,CINELOG35V2,0,0,0,0,0,0,0,1,0,0,0.9964
1329,GEP RC,CINELOG 35 V2,1,0,0,1,0.0,ทั่วไป,ชื่อในช่องเอง,CINELOG 35 V2,0,0,0,0,0,0,0,1,0,0,0.9964
1330,GEP RC,MARK 5,1,0,0,1,0.0,ทั่วไป,ชื่อในช่องเอง,MARK 5,0,0,0,0,0,0,0,0,0,1,0.9964
1331,DJI,DN1A0882,1,0,0,1,0.0,ทั่วไป,รหัสที่ถอดไม่ได้,DN1A0882,0,0,0,0,0,0,0,0,1,0,0.9964
1332,DJI,DN1A0826,1,0,0,1,0.0,ทั่วไป,รหัสที่ถอดไม่ได้,DN1A0826,0,0,0,0,0,0,0,1,0,0,0.9964
1333,DJI,DN1A0827,1,0,0,1,0.0,ทั่วไป,รหัสที่ถอดไม่ได้,DN1A0827,0,0,0,0,0,0,0,0,1,0,0.9964
1334,DJI,DN1A0836,1,0,0,1,0.0,ทั่วไป,รหัสที่ถอดไม่ได้,DN1A0836,0,0,0,0,0,0,0,0,1,0,0.9964
1335,DJI,DN1A0838,1,0,0,1,0.0,ทั่วไป,รหัสที่ถอดไม่ได้,DN1A0838,0,0,0,0,0,0,0,0,1,0,0.9964
1336,DJI,DN1A0843,1,0,0,1,0.0,ทั่วไป,รหัสที่ถอดไม่ได้,DN1A0843,0,0,0,0,0,0,0,0,1,0,0.9964
1337,DJI,DN1A0847,1,0,0,1,0.0,ทั่วไป,รหัสที่ถอดไม่ได้,DN1A0847,0,0,0,0,0,0,0,0,0,1,0.9964
1338,DJI,DN1A0853,1,0,0,1,0.0,ทั่วไป,รหัสที่ถอดไม่ได้,DN1A0853,0,0,0,0,0,0,0,0,1,0,0.9964
1339,DJI,DN1A0863,1,0,0,1,0.0,ทั่วไป,รหัสที่ถอดไม่ได้,DN1A0863,0,0,0,0,0,0,0,0,1,0,0.9965
1340,DJI,DN1A0866,1,0,0,1,0.0,ทั่วไป,รหัสที่ถอดไม่ได้,DN1A0866,0,0,0,0,0,0,0,0,1,0,0.9965
1341,DJI,DN1A0794,1,0,0,1,0.0,ทั่วไป,รหัสที่ถอดไม่ได้,DN1A0794,0,0,0,0,0,0,0,1,0,0,0.9965
1342,DJI,DN1A0795,1,0,0,1,0.0,ทั่วไป,รหัสที่ถอดไม่ได้,DN1A0795,0,0,0,0,0,0,0,1,0,0,0.9965
1343,DJI,DN1A0796,1,0,0,1,0.0,ทั่วไป,รหัสที่ถอดไม่ได้,DN1A0796,0,0,0,0,0,0,0,0,1,0,0.9965
1344,GEPRC,DARK STAR 20,1,0,0,1,0.0,ทั่วไป,ชื่อในช่องเอง,DARK STAR 20,0,0,0,0,0,0,0,1,0,0,0.9965
1345,GEPRC,DARKSTAR 16,1,0,0,1,0.0,ทั่วไป,ชื่อในช่องเอง,DARKSTAR 16,0,0,0,0,0,0,0,0,1,0,0.9965
1346,GEPRC,DARKSTAR20,1,0,0,1,0.0,ทั่วไป,ชื่อในช่องเอง,DARKSTAR20,0,0,0,0,0,0,0,0,1,0,0.9965
1347,GEPRC,FPX-VAPOR-X5ANALOGELRS24,1,0,0,1,0.0,ทั่วไป,ชื่อในช่องเอง,FPX-VAPOR-X5ANALOGELRS24,0,0,0,0,0,0,0,0,1,0,0.9965
1348,HANBACK,AUTOFLY-SPRING,1,0,0,1,0.0,ทั่วไป,ชื่อในช่องเอง,AUTOFLY-SPRING,0,0,0,0,1,0,0,0,0,0,0.9965
1349,HAPPY MODEL,MOBULA 7 1S,1,0,0,1,0.0,ทั่วไป,ชื่อในช่องเอง,MOBULA 7 1S,0,0,0,0,0,0,0,1,0,0,0.9965
1350,GEPRC,MARK4,1,0,0,1,0.0,ทั่วไป,ชื่อในช่องเอง,MARK4,0,0,0,0,0,1,0,0,0,0,0.9965
1351,GEPRC,MARK5 O4 PRO WIDE X ELRS2.4G,1,0,0,1,0.0,ทั่วไป,ชื่อในช่องเอง,MARK5 O4 PRO WIDE X ELRS2.4G,0,0,0,0,0,0,0,0,1,0,0.9965
1352,GEPRC,MOZ7,1,0,0,1,0.0,ทั่วไป,ชื่อในช่องเอง,MOZ7,0,0,0,0,0,0,0,0,0,1,0.9965
1353,GEPRC,SINEBOT,1,0,0,1,0.0,ทั่วไป,ชื่อในช่องเอง,SINEBOT,0,0,0,0,0,0,0,1,0,0,0.9965
1354,GEPRC,SMART 35,1,0,0,1,0.0,ทั่วไป,ชื่อในช่องเอง,SMART 35,0,0,0,0,0,1,0,0,0,0,0.9965
1355,GEPRC,SMART 35 HD,1,0,0,1,0.0,ทั่วไป,ชื่อในช่องเอง,SMART 35 HD,0,0,0,0,0,0,0,0,1,0,0.9965
1356,GEPRC,SMART35,1,0,0,1,0.0,ทั่วไป,ชื่อในช่องเอง,SMART35,0,0,0,0,0,0,1,0,0,0,0.9965
1357,GEPRC,VAPOR D6,1,0,0,1,0.0,ทั่วไป,ชื่อในช่องเอง,VAPOR D6,0,0,0,0,0,0,0,0,1,0,0.9965
1358,GEPRC,VAPOR-D5 O4 PRO,1,0,0,1,0.0,ทั่วไป,ชื่อในช่องเอง,VAPOR-D5 O4 PRO,0,0,0,0,0,0,0,0,1,0,0.9965
1359,GEPRC,CONEBOT30,1,0,0,1,0.0,ทั่วไป,ชื่อในช่องเอง,CONEBOT30,0,0,0,0,0,0,0,1,0,0,0.9966
1360,GEPRC,CONELOG35 V2,1,0,0,1,0.0,ทั่วไป,ชื่อในช่องเอง,CONELOG35 V2,0,0,0,0,0,0,1,0,0,0,0.9966
1361,GEPRC,CROCODILE BABY 5,1,0,0,1,0.0,ทั่วไป,ชื่อในช่องเอง,CROCODILE BABY 5,0,0,0,0,0,0,0,1,0,0,0.9966
1362,DJI,DN1A0823,1,0,0,1,0.0,ทั่วไป,รหัสที่ถอดไม่ได้,DN1A0823,0,0,0,0,0,0,0,0,1,0,0.9966
1363,DJI,DN1A0825,1,0,0,1,0.0,ทั่วไป,รหัสที่ถอดไม่ได้,DN1A0825,0,0,0,0,0,0,0,0,1,0,0.9966
1364,HG ROBOTICS,VETAL,1,0,0,1,0.0,ทั่วไป,ชื่อในช่องเอง,VETAL,0,0,0,0,1,0,0,0,0,0,0.9966
1365,HGLRC,SECTOR,1,0,0,1,0.0,ทั่วไป,ชื่อในช่องเอง,SECTOR,0,0,0,0,0,0,0,0,1,0,0.9966
1366,HGLRC,SECTOR 3,1,0,0,1,0.0,ทั่วไป,ชื่อในช่องเอง,SECTOR 3,0,0,0,0,0,0,1,0,0,0,0.9966
1367,HGLRC,SECTOR150,1,0,0,1,0.0,ทั่วไป,ชื่อในช่องเอง,SECTOR150,0,0,0,0,1,0,0,0,0,0,0.9966
1368,GEPRC PAVO 35V2,PAVO 35V2,1,0,0,1,0.0,ทั่วไป,ชื่อในช่องเอง,PAVO 35V2,0,0,0,0,0,0,0,0,1,0,0.9966
1369,GEPRC PAVO20PRO,PAVO 20 PRO,1,0,0,1,0.0,ทั่วไป,ชื่อในช่องเอง,PAVO 20 PRO,0,0,0,0,0,0,0,0,1,0,0.9966
1370,GEPRRC,MARK5,1,0,0,1,0.0,ทั่วไป,ชื่อในช่องเอง,MARK5,0,0,0,0,0,1,0,0,0,0,0.9966
1371,GHOSTDRONE 2.0 VR,EHANG,1,0,0,1,0.0,ทั่วไป,ชื่อในช่องเอง,EHANG,1,0,0,0,0,0,0,0,0,0,0.9966
1372,GJI,MINI SE,1,0,0,1,0.0,ทั่วไป,ชื่อในช่องเอง,MINI SE,0,0,0,0,0,0,0,1,0,0,0.9966
1373,GLOBAL DRONE,GW018 POCKET DRONE,1,0,0,1,0.0,ทั่วไป,ชื่อในช่องเอง,GW018 POCKET DRONE,1,0,0,0,0,0,0,0,0,0,0.9966
1374,GLOBAL DRONE,GW180,1,0,0,1,0.0,ทั่วไป,รหัสที่ถอดไม่ได้,GW180,1,0,0,0,0,0,0,0,0,0,0.9966
1375,GM166GDS,QAZ FLY,1,0,0,1,0.0,ทั่วไป,ชื่อในช่องเอง,QAZ FLY,0,0,0,0,0,0,0,0,1,0,0.9966
1376,GOPRO,KARMA DRONE,1,0,0,1,0.0,ทั่วไป,ชื่อในช่องเอง,KARMA DRONE,0,0,0,0,0,1,0,0,0,0,0.9966
1377,GOSHAKW,GOSHAKW 10M,1,0,0,1,0.0,ทั่วไป,ชื่อในช่องเอง,GOSHAKW 10M,0,0,0,0,0,0,0,0,0,1,0.9966
1378,GPS,X 21,1,0,0,1,0.0,ทั่วไป,ชื่อในช่องเอง,X 21,1,0,0,0,0,0,0,0,0,0,0.9966
1379,GTEN UPAIR,UPAIR FAIRY,1,0,0,1,0.0,ทั่วไป,ชื่อในช่องเอง,UPAIR FAIRY,0,0,1,0,0,0,0,0,0,0,0.9966
1380,HOLY STONE,HS720E,1,0,0,1,0.0,ทั่วไป,รหัสที่ถอดไม่ได้,HS720E,0,0,0,0,0,0,0,0,1,0,0.9967
1381,HOLY STONE,HS720R,1,0,0,1,0.0,ทั่วไป,รหัสที่ถอดไม่ได้,HS720R,0,0,0,0,0,0,0,1,0,0,0.9967
1382,HOLY STONE,HS900,1,0,0,1,0.0,ทั่วไป,รหัสที่ถอดไม่ได้,HS900,0,0,0,0,0,0,0,0,1,0,0.9967
1383,HOLYBRO,S500 PIXHAWK,1,0,0,1,0.0,ทั่วไป,ชื่อในช่องเอง,S500 PIXHAWK,0,0,0,0,0,0,0,0,1,0,0.9967
1384,HOLYBRO,X500 V2,1,0,0,1,0.0,ทั่วไป,ชื่อในช่องเอง,X500 V2,0,0,0,0,0,0,0,0,1,0,0.9967
1385,HOLYSTONE,HS720,1,0,0,1,0.0,ทั่วไป,รหัสที่ถอดไม่ได้,HS720,0,0,0,0,0,1,0,0,0,0,0.9967
1386,HOMEMADE,FPV,1,0,0,1,0.0,ทั่วไป,ชื่อในช่องเอง,FPV,0,0,0,0,0,0,0,1,0,0,0.9967
1387,HOOVER,X1 PRO,1,0,0,1,0.0,ทั่วไป,ชื่อในช่องเอง,X1 PRO,0,0,0,0,0,0,0,0,1,0,0.9967
1388,HAPPY MODEL,MOBULA 8,1,0,0,1,0.0,ทั่วไป,ชื่อในช่องเอง,MOBULA 8,0,0,0,0,0,0,0,0,1,0,0.9967
1389,HAPPYMODEL,CRUX35,1,0,0,1,0.0,ทั่วไป,ชื่อในช่องเอง,CRUX35,0,0,0,0,0,0,0,1,0,0,0.9967
1390,HAPPYMODEL,MOBULA 7,1,0,0,1,0.0,ทั่วไป,ชื่อในช่องเอง,MOBULA 7,0,0,0,0,0,0,0,1,0,0,0.9967
1391,HAPPYMODEL,MOBULA 8,1,0,0,1,0.0,ทั่วไป,ชื่อในช่องเอง,MOBULA 8,0,0,0,0,0,0,0,1,0,0,0.9967
1392,HAPPYMODEL,MOBULA7,1,0,0,1,0.0,ทั่วไป,ชื่อในช่องเอง,MOBULA7,0,0,0,0,0,0,0,0,0,1,0.9967
1393,HAPPYMODEL,MOBULA8 DIGITAL HD,1,0,0,1,0.0,ทั่วไป,ชื่อในช่องเอง,MOBULA8 DIGITAL HD,0,0,0,0,0,0,0,0,0,1,0.9967
1394,HARPIA,HARPIA 100C,1,0,0,1,0.0,ทั่วไป,ชื่อในช่องเอง,HARPIA 100C,0,0,0,0,0,0,0,0,0,1,0.9967
1395,HG ROBOTICS,VESPA HEX 650,1,0,0,1,0.0,ทั่วไป,ชื่อในช่องเอง,VESPA HEX 650,1,0,0,0,0,0,0,0,0,0,0.9967
1396,DJI,DN1A0759,1,0,0,1,0.0,ทั่วไป,รหัสที่ถอดไม่ได้,DN1A0759,0,0,0,0,0,0,0,0,1,0,0.9967
1397,DJI,DN1A0760,1,0,0,1,0.0,ทั่วไป,รหัสที่ถอดไม่ได้,DN1A0760,0,0,0,0,0,0,0,0,1,0,0.9967
1398,HOSHI,007 PRO,1,0,0,1,0.0,ทั่วไป,ชื่อในช่องเอง,007 PRO,1,0,0,0,0,0,0,0,0,0,0.9967
1399,HOVER CAMERA,X1,1,0,0,1,0.0,ทั่วไป,ชื่อในช่องเอง,X1,0,0,0,0,0,0,0,1,0,0,0.9967
1400,HOVER CAMERA PASSPORT,(ไม่ระบุ),1,0,0,1,0.0,ทั่วไป,ว่าง,-,1,0,0,0,0,0,0,0,0,0,0.9968
1401,HOVERAIR,AIR X1 PROMAX,1,0,0,1,0.0,ทั่วไป,ชื่อในช่องเอง,AIR X1 PROMAX,0,0,0,0,0,0,0,0,0,1,0.9968
1402,HOVERAIR,PASSPORT,1,0,0,1,0.0,ทั่วไป,ชื่อในช่องเอง,PASSPORT,0,1,0,0,0,0,0,0,0,0,0.9968
1403,HOVERAIR,PRO MAX,1,0,0,1,0.0,ทั่วไป,ชื่อในช่องเอง,PRO MAX,0,0,0,0,0,0,0,0,1,0,0.9968
1404,HOVERAIR,PROMAX,1,0,0,1,0.0,ทั่วไป,ชื่อในช่องเอง,PROMAX,0,0,0,0,0,0,0,0,0,1,0.9968
1405,HOVERAIR,"ROBOTICS, ZZ-H-1-001",1,0,0,1,0.0,ทั่วไป,ชื่อในช่องเอง,"ROBOTICS, ZZ-H-1-001",0,0,0,0,0,0,0,1,0,0,0.9968
1406,HOVERAIR,X 1 PRO,1,0,0,1,0.0,ทั่วไป,ชื่อในช่องเอง,X 1 PRO,0,0,0,0,0,0,0,1,0,0,0.9968
1407,HOVERAIR,X-AIR,1,0,0,1,0.0,ทั่วไป,ชื่อในช่องเอง,X-AIR,0,0,0,0,0,0,0,0,1,0,0.9968
1408,HOLY STONE,HS175,1,0,0,1,0.0,ทั่วไป,รหัสที่ถอดไม่ได้,HS175,0,0,0,0,1,0,0,0,0,0,0.9968
1409,HOLY STONE,HS175D,1,0,0,1,0.0,ทั่วไป,รหัสที่ถอดไม่ได้,HS175D,0,0,0,0,0,0,1,0,0,0,0.9968
1410,HOLY STONE,HS280,1,0,0,1,0.0,ทั่วไป,รหัสที่ถอดไม่ได้,HS280,0,0,0,0,0,0,1,0,0,0,0.9968
1411,HOLY STONE,HS720,1,0,0,1,0.0,ทั่วไป,รหัสที่ถอดไม่ได้,HS720,0,0,0,0,0,0,1,0,0,0,0.9968
1412,HUBSAN,H019S,1,0,0,1,0.0,ทั่วไป,ชื่อในช่องเอง,H019S,1,0,0,0,0,0,0,0,0,0,0.9968
1413,HORNET,HORNET 2.5 INCH,1,0,0,1,0.0,ทั่วไป,ชื่อในช่องเอง,HORNET 2.5 INCH,0,0,0,0,1,0,0,0,0,0,0.9968
1414,DJI,DN1A0797,1,0,0,1,0.0,ทั่วไป,รหัสที่ถอดไม่ได้,DN1A0797,0,0,0,0,0,0,0,1,0,0,0.9968
1415,DJI,DN1A0798,1,0,0,1,0.0,ทั่วไป,รหัสที่ถอดไม่ได้,DN1A0798,0,0,0,0,0,0,0,0,1,0,0.9968
1416,DJI,DN1A0799,1,0,0,1,0.0,ทั่วไป,รหัสที่ถอดไม่ได้,DN1A0799,0,0,0,0,0,0,0,0,1,0,0.9968
1417,DJI,DN1A0800,1,0,0,1,0.0,ทั่วไป,รหัสที่ถอดไม่ได้,DN1A0800,0,0,0,0,0,0,0,0,1,0,0.9968
1418,DJI,DN1A0801,1,0,0,1,0.0,ทั่วไป,รหัสที่ถอดไม่ได้,DN1A0801,0,0,0,0,0,0,0,0,1,0,0.9968
1419,DJI,DN1A0802,1,0,0,1,0.0,ทั่วไป,รหัสที่ถอดไม่ได้,DN1A0802,0,0,0,0,0,0,0,0,1,0,0.9968
1420,DJI,DN1A0804,1,0,0,1,0.0,ทั่วไป,รหัสที่ถอดไม่ได้,DN1A0804,0,0,0,0,0,0,0,0,0,1,0.9968
1421,DJI,DN1A0807,1,0,0,1,0.0,ทั่วไป,รหัสที่ถอดไม่ได้,DN1A0807,0,0,0,0,0,0,0,1,0,0,0.9969
1422,DJI,DN1A0808,1,0,0,1,0.0,ทั่วไป,รหัสที่ถอดไม่ได้,DN1A0808,0,0,0,0,0,0,0,0,1,0,0.9969
1423,DJI,DN1A0810,1,0,0,1,0.0,ทั่วไป,รหัสที่ถอดไม่ได้,DN1A0810,0,0,0,0,0,0,0,1,0,0,0.9969
1424,DJI,DN1A0812,1,0,0,1,0.0,ทั่วไป,รหัสที่ถอดไม่ได้,DN1A0812,0,0,0,0,0,0,0,0,1,0,0.9969
1425,DJI,DN1A0813,1,0,0,1,0.0,ทั่วไป,รหัสที่ถอดไม่ได้,DN1A0813,0,0,0,0,0,0,0,0,1,0,0.9969
1426,DJI,DN1A0814,1,0,0,1,0.0,ทั่วไป,รหัสที่ถอดไม่ได้,DN1A0814,0,0,0,0,0,0,0,1,0,0,0.9969
1427,DJI,DN1A0756,1,0,0,1,0.0,ทั่วไป,รหัสที่ถอดไม่ได้,DN1A0756,0,0,0,0,0,0,0,0,1,0,0.9969
1428,DJI,DN1A0773,1,0,0,1,0.0,ทั่วไป,รหัสที่ถอดไม่ได้,DN1A0773,0,0,0,0,0,0,0,0,1,0,0.9969
1429,DJI,DN1A0776,1,0,0,1,0.0,ทั่วไป,รหัสที่ถอดไม่ได้,DN1A0776,0,0,0,0,0,0,0,1,0,0,0.9969
1430,DJI,DN1A0777,1,0,0,1,0.0,ทั่วไป,รหัสที่ถอดไม่ได้,DN1A0777,0,0,0,0,0,0,0,0,1,0,0.9969
1431,DJI,DN1A0778,1,0,0,1,0.0,ทั่วไป,รหัสที่ถอดไม่ได้,DN1A0778,0,0,0,0,0,0,0,0,1,0,0.9969
1432,DJI,DN1A0779,1,0,0,1,0.0,ทั่วไป,รหัสที่ถอดไม่ได้,DN1A0779,0,0,0,0,0,0,0,1,0,0,0.9969
1433,DJI,DN1A0780,1,0,0,1,0.0,ทั่วไป,รหัสที่ถอดไม่ได้,DN1A0780,0,0,0,0,0,0,0,1,0,0,0.9969
1434,DJI,DN1A0785,1,0,0,1,0.0,ทั่วไป,รหัสที่ถอดไม่ได้,DN1A0785,0,0,0,0,0,0,0,0,1,0,0.9969
1435,DJI,DN1A0789,1,0,0,1,0.0,ทั่วไป,รหัสที่ถอดไม่ได้,DN1A0789,0,0,0,0,0,0,0,0,1,0,0.9969
1436,DJI,DN1A0791,1,0,0,1,0.0,ทั่วไป,รหัสที่ถอดไม่ได้,DN1A0791,0,0,0,0,0,0,0,0,1,0,0.9969
1437,DJI,DN1A0730,1,0,0,1,0.0,ทั่วไป,รหัสที่ถอดไม่ได้,DN1A0730,0,0,0,0,0,0,0,0,1,0,0.9969
1438,DJI,DN1A0732,1,0,0,1,0.0,ทั่วไป,รหัสที่ถอดไม่ได้,DN1A0732,0,0,0,0,0,0,0,0,1,0,0.9969
1439,DJI,DN1A0735,1,0,0,1,0.0,ทั่วไป,รหัสที่ถอดไม่ได้,DN1A0735,0,0,0,0,0,0,0,0,1,0,0.9969
1440,HOVERAIR,X1 PRO BLACK,1,0,0,1,0.0,ทั่วไป,ชื่อในช่องเอง,X1 PRO BLACK,0,0,0,0,0,0,0,1,0,0,0.9969
1441,HOVERAIR,ZZ-H-001,1,0,0,1,0.0,ทั่วไป,ชื่อในช่องเอง,ZZ-H-001,0,0,0,0,0,0,0,1,0,0,0.997
1442,HOVERAIR,ZZ-H-1-004,1,0,0,1,0.0,ทั่วไป,ชื่อในช่องเอง,ZZ-H-1-004,0,0,0,0,0,0,0,1,0,0,0.997
1443,HUBSAN,FPV X,1,0,0,1,0.0,ทั่วไป,ชื่อในช่องเอง,FPV X,1,0,0,0,0,0,0,0,0,0,0.997
1444,DJI,DN1A0705,1,0,0,1,0.0,ทั่วไป,รหัสที่ถอดไม่ได้,DN1A0705,0,0,0,0,0,0,0,0,1,0,0.997
1445,DJI,DN1A0706,1,0,0,1,0.0,ทั่วไป,รหัสที่ถอดไม่ได้,DN1A0706,0,0,0,0,0,0,0,0,1,0,0.997
1446,HUBSAN,ZINO PRO MINI,1,0,0,1,0.0,ทั่วไป,ชื่อในช่องเอง,ZINO PRO MINI,0,0,0,0,0,0,0,0,1,0,0.997
1447,HUBSAN,ZINO PRO PLUS,1,0,0,1,0.0,ทั่วไป,ชื่อในช่องเอง,ZINO PRO PLUS,0,0,0,0,0,0,0,1,0,0,0.997
1448,HUPSAN,H501S,1,0,0,1,0.0,ทั่วไป,ชื่อในช่องเอง,H501S,1,0,0,0,0,0,0,0,0,0,0.997
1449,HYTOBP,S166,1,0,0,1,0.0,ทั่วไป,ชื่อในช่องเอง,S166,0,0,0,0,0,0,0,0,1,0,0.997
1450,I FLIGHT,NAZGUL 5 V2,1,0,0,1,0.0,ทั่วไป,ชื่อในช่องเอง,NAZGUL 5 V2,0,0,0,0,0,0,0,0,1,0,0.997
1451,HUBSAN,H107C,1,0,0,1,0.0,ทั่วไป,ชื่อในช่องเอง,H107C,0,1,0,0,0,0,0,0,0,0,0.997
1452,HUBSAN,H122D,1,0,0,1,0.0,ทั่วไป,ชื่อในช่องเอง,H122D,0,1,0,0,0,0,0,0,0,0,0.997
1453,HUBSAN,H500,1,0,0,1,0.0,ทั่วไป,ชื่อในช่องเอง,H500,1,0,0,0,0,0,0,0,0,0,0.997
1454,HUBSAN,H501 A,1,0,0,1,0.0,ทั่วไป,ชื่อในช่องเอง,H501 A,1,0,0,0,0,0,0,0,0,0,0.997
1455,HUBSAN,H5015,1,0,0,1,0.0,ทั่วไป,ชื่อในช่องเอง,H5015,1,0,0,0,0,0,0,0,0,0,0.997
1456,HUBSAN,H501S9,1,0,0,1,0.0,ทั่วไป,ชื่อในช่องเอง,H501S9,0,1,0,0,0,0,0,0,0,0,0.997
1457,HUBSAN,H501SS STANDARD,1,0,0,1,0.0,ทั่วไป,ชื่อในช่องเอง,H501SS STANDARD,1,0,0,0,0,0,0,0,0,0,0.997
1458,DJI,DN1A0762,1,0,0,1,0.0,ทั่วไป,รหัสที่ถอดไม่ได้,DN1A0762,0,0,0,0,0,0,0,1,0,0,0.997
1459,DJI,DN1A0772,1,0,0,1,0.0,ทั่วไป,รหัสที่ถอดไม่ได้,DN1A0772,0,0,0,0,0,0,0,0,1,0,0.997
1460,IFLIGHT,CHIMERA 7 PRO V2,1,0,0,1,0.0,ทั่วไป,ชื่อในช่องเอง,CHIMERA 7 PRO V2,0,0,0,0,0,0,0,1,0,0,0.997
1461,HUBSAN,HUBSAN ACE PRO,1,0,0,1,0.0,ทั่วไป,ชื่อในช่องเอง,HUBSAN ACE PRO,0,0,0,0,0,0,1,0,0,0,0.997
1462,DJI,DN1A0736,1,0,0,1,0.0,ทั่วไป,รหัสที่ถอดไม่ได้,DN1A0736,0,0,0,0,0,0,0,1,0,0,0.9971
1463,DJI,DN1A0738,1,0,0,1,0.0,ทั่วไป,รหัสที่ถอดไม่ได้,DN1A0738,0,0,0,0,0,0,0,0,1,0,0.9971
1464,DJI,DN1A0739,1,0,0,1,0.0,ทั่วไป,รหัสที่ถอดไม่ได้,DN1A0739,0,0,0,0,0,0,0,0,1,0,0.9971
1465,DJI,DN1A0740,1,0,0,1,0.0,ทั่วไป,รหัสที่ถอดไม่ได้,DN1A0740,0,0,0,0,0,0,0,0,1,0,0.9971
1466,DJI,DN1A0741,1,0,0,1,0.0,ทั่วไป,รหัสที่ถอดไม่ได้,DN1A0741,0,0,0,0,0,0,0,0,1,0,0.9971
1467,DJI,DN1A0742,1,0,0,1,0.0,ทั่วไป,รหัสที่ถอดไม่ได้,DN1A0742,0,0,0,0,0,0,0,0,1,0,0.9971
1468,DJI,DN1A0743,1,0,0,1,0.0,ทั่วไป,รหัสที่ถอดไม่ได้,DN1A0743,0,0,0,0,0,0,0,1,0,0,0.9971
1469,DJI,DN1A0744,1,0,0,1,0.0,ทั่วไป,รหัสที่ถอดไม่ได้,DN1A0744,0,0,0,0,0,0,0,0,1,0,0.9971
1470,DJI,DN1A0745,1,0,0,1,0.0,ทั่วไป,รหัสที่ถอดไม่ได้,DN1A0745,0,0,0,0,0,0,0,1,0,0,0.9971
1471,DJI,DN1A0748,1,0,0,1,0.0,ทั่วไป,รหัสที่ถอดไม่ได้,DN1A0748,0,0,0,0,0,0,0,0,1,0,0.9971
1472,DJI,DN1A0749,1,0,0,1,0.0,ทั่วไป,รหัสที่ถอดไม่ได้,DN1A0749,0,0,0,0,0,0,0,0,1,0,0.9971
1473,DJI,DN1A0752,1,0,0,1,0.0,ทั่วไป,รหัสที่ถอดไม่ได้,DN1A0752,0,0,0,0,0,0,0,0,1,0,0.9971
1474,DJI,DN1A0754,1,0,0,1,0.0,ทั่วไป,รหัสที่ถอดไม่ได้,DN1A0754,0,0,0,0,0,0,0,0,1,0,0.9971
1475,DJI,DN1A0703,1,0,0,1,0.0,ทั่วไป,รหัสที่ถอดไม่ได้,DN1A0703,0,0,0,0,0,0,0,1,0,0,0.9971
1476,IFLIGHT,CINEFLOW 5,1,0,0,1,0.0,ทั่วไป,ชื่อในช่องเอง,CINEFLOW 5,0,0,0,0,0,0,0,0,1,0,0.9971
1477,IFLIGHT,DEFENDER 16 HD O3 2S,1,0,0,1,0.0,ทั่วไป,ชื่อในช่องเอง,DEFENDER 16 HD O3 2S,0,0,0,0,0,0,0,0,1,0,0.9971
1478,IFLIGHT,DEFENDER 25,1,0,0,1,0.0,ทั่วไป,ชื่อในช่องเอง,DEFENDER 25,0,0,0,0,0,0,0,0,1,0,0.9971
1479,IFLIGHT,EVOQUE,1,0,0,1,0.0,ทั่วไป,ชื่อในช่องเอง,EVOQUE,0,0,0,0,0,0,0,0,1,0,0.9971
1480,IFLIGHT,F411,1,0,0,1,0.0,ทั่วไป,ชื่อในช่องเอง,F411,0,0,0,0,0,0,0,0,1,0,0.9971
1481,IFLIGHT,HELION10,1,0,0,1,0.0,ทั่วไป,ชื่อในช่องเอง,HELION10,0,0,0,0,0,0,0,0,1,0,0.9971
1482,IFLIGHT,IFLIGHT NAZGUL EVOQUE F5D HD,1,0,0,1,0.0,ทั่วไป,ชื่อในช่องเอง,IFLIGHT NAZGUL EVOQUE F5D HD,0,0,0,0,0,0,0,1,0,0,0.9972
1483,IFLIGHT,IH3 HD,1,0,0,1,0.0,ทั่วไป,ชื่อในช่องเอง,IH3 HD,0,0,0,0,0,0,1,0,0,0,0.9972
1484,I MAVIK AIR 2,MA2UE1N,1,0,0,1,0.0,ทั่วไป,รหัสที่ถอดไม่ได้,MA2UE1N,0,0,0,0,0,0,1,0,0,0,0.9972
1485,ICS,VOXEL MX,1,0,0,1,0.0,ทั่วไป,ชื่อในช่องเอง,VOXEL MX,0,0,0,0,0,0,1,0,0,0,0.9972
1486,IFLIGHT,7-INCH FPV,1,0,0,1,0.0,ทั่วไป,ชื่อในช่องเอง,7-INCH FPV,0,0,0,0,0,0,0,0,0,1,0.9972
1487,IFLIGHT,AOS UL5,1,0,0,1,0.0,ทั่วไป,ชื่อในช่องเอง,AOS UL5,0,0,0,0,0,0,1,0,0,0,0.9972
1488,IFLIGHT,APEX5DC,1,0,0,1,0.0,ทั่วไป,ชื่อในช่องเอง,APEX5DC,0,0,0,0,0,0,0,1,0,0,0.9972
1489,IFLIGHT,BOB 57,1,0,0,1,0.0,ทั่วไป,ชื่อในช่องเอง,BOB 57,0,0,0,0,0,0,0,0,1,0,0.9972
1490,IFLIGHT,BOB57 HD 03 AIR UNIT 6S,1,0,0,1,0.0,ทั่วไป,ชื่อในช่องเอง,BOB57 HD 03 AIR UNIT 6S,0,0,0,0,0,0,1,0,0,0,0.9972
1491,IFLIGHT,CHIMERA 5,1,0,0,1,0.0,ทั่วไป,ชื่อในช่องเอง,CHIMERA 5,0,0,0,0,0,1,0,0,0,0,0.9972
1492,DJI,DN1A0671,1,0,0,1,0.0,ทั่วไป,รหัสที่ถอดไม่ได้,DN1A0671,0,0,0,0,0,0,0,0,1,0,0.9972
1493,IFLIGHT,NAZGUL DC5 ECO V1.1 HD O3 AIR UNIT,1,0,0,1,0.0,ทั่วไป,ชื่อในช่องเอง,NAZGUL DC5 ECO V1.1 HD O3 AIR UNIT,0,0,0,0,0,0,0,0,1,0,0.9972
1494,IFLIGHT,NAZGUL DC5 O4 ECO V1.1 6S HD,1,0,0,1,0.0,ทั่วไป,ชื่อในช่องเอง,NAZGUL DC5 O4 ECO V1.1 6S HD,0,0,0,0,0,0,0,0,0,1,0.9972
1495,IFLIGHT,NAZGUL ECODC5,1,0,0,1,0.0,ทั่วไป,ชื่อในช่องเอง,NAZGUL ECODC5,0,0,0,0,0,0,0,0,1,0,0.9972
1496,IFLIGHT,NAZGUL EVOQE V2,1,0,0,1,0.0,ทั่วไป,ชื่อในช่องเอง,NAZGUL EVOQE V2,0,0,0,0,0,0,0,0,1,0,0.9972
1497,IFLIGHT,NAZGUL EVOQUE F4,1,0,0,1,0.0,ทั่วไป,ชื่อในช่องเอง,NAZGUL EVOQUE F4,0,0,0,0,0,0,0,0,0,1,0.9972
1498,IFLIGHT,NAZGUL EVOQUE F5,1,0,0,1,0.0,ทั่วไป,ชื่อในช่องเอง,NAZGUL EVOQUE F5,0,0,0,0,0,0,0,1,0,0,0.9972
1499,IFLIGHT,NAZGUL EVOQUE F5 V2,1,0,0,1,0.0,ทั่วไป,ชื่อในช่องเอง,NAZGUL EVOQUE F5 V2,0,0,0,0,0,0,0,1,0,0,0.9972
1500,IFLIGHT,NAZGUL EVOQUE F5 V2 6S HD,1,0,0,1,0.0,ทั่วไป,ชื่อในช่องเอง,NAZGUL EVOQUE F5 V2 6S HD,0,0,0,0,0,0,0,1,0,0,0.9972
1501,IFLIGHT,NAZGUL EVOQUE F5 V2 O3 GPS,1,0,0,1,0.0,ทั่วไป,ชื่อในช่องเอง,NAZGUL EVOQUE F5 V2 O3 GPS,0,0,0,0,0,0,0,0,1,0,0.9972
1502,IFLIGHT,NAZGUL EVOQUE F5D 6S,1,0,0,1,0.0,ทั่วไป,ชื่อในช่องเอง,NAZGUL EVOQUE F5D 6S,0,0,0,0,0,0,0,1,0,0,0.9972
1503,IFLIGHT,NAZGUL EVOQUE F5DV2,1,0,0,1,0.0,ทั่วไป,ชื่อในช่องเอง,NAZGUL EVOQUE F5DV2,0,0,0,0,0,0,0,0,0,1,0.9973
1504,IFLIGHT,CHIMERA 7PRO V2,1,0,0,1,0.0,ทั่วไป,ชื่อในช่องเอง,CHIMERA 7PRO V2,0,0,0,0,0,0,0,0,1,0,0.9973
1505,IFLIGHT,CHIMERA PRO 2,1,0,0,1,0.0,ทั่วไป,ชื่อในช่องเอง,CHIMERA PRO 2,0,0,0,0,0,0,1,0,0,0,0.9973
1506,IFLIGHT,CHIMERA5 V2 4S HD,1,0,0,1,0.0,ทั่วไป,ชื่อในช่องเอง,CHIMERA5 V2 4S HD,0,0,0,0,0,0,1,0,0,0,0.9973
1507,IFLIGHT,CHIMERA7 PRO V2 6S HD LR,1,0,0,1,0.0,ทั่วไป,ชื่อในช่องเอง,CHIMERA7 PRO V2 6S HD LR,0,0,0,0,0,0,1,0,0,0,0.9973
1508,IFLIGHT,TITAN XL5,1,0,0,1,0.0,ทั่วไป,ชื่อในช่องเอง,TITAN XL5,0,0,0,0,0,0,0,1,0,0,0.9973
1509,IFLIGHT,MACH R5,1,0,0,1,0.0,ทั่วไป,ชื่อในช่องเอง,MACH R5,0,0,0,0,0,0,0,0,0,1,0.9973
1510,DJI,DN1A0707,1,0,0,1,0.0,ทั่วไป,รหัสที่ถอดไม่ได้,DN1A0707,0,0,0,0,0,0,0,0,1,0,0.9973
1511,DJI,DN1A0708,1,0,0,1,0.0,ทั่วไป,รหัสที่ถอดไม่ได้,DN1A0708,0,0,0,0,0,0,0,1,0,0,0.9973
1512,DJI,DN1A0710,1,0,0,1,0.0,ทั่วไป,รหัสที่ถอดไม่ได้,DN1A0710,0,0,0,0,0,0,0,0,1,0,0.9973
1513,DJI,DN1A0712,1,0,0,1,0.0,ทั่วไป,รหัสที่ถอดไม่ได้,DN1A0712,0,0,0,0,0,0,0,0,1,0,0.9973
1514,DJI,DN1A0713,1,0,0,1,0.0,ทั่วไป,รหัสที่ถอดไม่ได้,DN1A0713,0,0,0,0,0,0,0,0,1,0,0.9973
1515,DJI,DN1A0715,1,0,0,1,0.0,ทั่วไป,รหัสที่ถอดไม่ได้,DN1A0715,0,0,0,0,0,0,0,1,0,0,0.9973
1516,DJI,DN1A0716,1,0,0,1,0.0,ทั่วไป,รหัสที่ถอดไม่ได้,DN1A0716,0,0,0,0,0,0,0,1,0,0,0.9973
1517,DJI,DN1A0717,1,0,0,1,0.0,ทั่วไป,รหัสที่ถอดไม่ได้,DN1A0717,0,0,0,0,0,0,0,1,0,0,0.9973
1518,DJI,DN1A0720,1,0,0,1,0.0,ทั่วไป,รหัสที่ถอดไม่ได้,DN1A0720,0,0,0,0,0,0,0,1,0,0,0.9973
1519,DJI,DN1A0722,1,0,0,1,0.0,ทั่วไป,รหัสที่ถอดไม่ได้,DN1A0722,0,0,0,0,0,0,0,0,1,0,0.9973
1520,DJI,DN1A0723,1,0,0,1,0.0,ทั่วไป,รหัสที่ถอดไม่ได้,DN1A0723,0,0,0,0,0,0,0,1,0,0,0.9973
1521,DJI,DN1A0724,1,0,0,1,0.0,ทั่วไป,รหัสที่ถอดไม่ได้,DN1A0724,0,0,0,0,0,0,0,0,1,0,0.9973
1522,DJI,DN1A0726,1,0,0,1,0.0,ทั่วไป,รหัสที่ถอดไม่ได้,DN1A0726,0,0,0,0,0,0,0,0,1,0,0.9973
1523,DJI,DN1A0669,1,0,0,1,0.0,ทั่วไป,รหัสที่ถอดไม่ได้,DN1A0669,0,0,0,0,0,0,0,0,1,0,0.9974
1524,INTEL,FALCON 8+,1,0,0,1,0.0,ทั่วไป,ชื่อในช่องเอง,FALCON 8+,0,0,0,0,0,1,0,0,0,0,0.9974
1525,INTEL,RCM24G,1,0,0,1,0.0,ทั่วไป,รหัสที่ถอดไม่ได้,RCM24G,0,0,1,0,0,0,0,0,0,0,0.9974
1526,ISAAC UAV,ACCEL,1,0,0,1,0.0,ทั่วไป,ชื่อในช่องเอง,ACCEL,0,0,0,1,0,0,0,0,0,0,0.9974
1527,JAONGOR AGRICULTURE,JN20,1,0,1,1,1.0,เกษตร,รหัสที่ถอดไม่ได้,JN20,0,0,0,0,0,0,0,0,1,0,0.9974
1528,JDI,MINI 4 PRO,1,0,0,1,0.0,ทั่วไป,ชื่อในช่องเอง,MINI 4 PRO,0,0,0,0,0,0,0,1,0,0,0.9974
1529,JIANGSHI,MK15RX,1,0,0,1,0.0,ทั่วไป,รหัสที่ถอดไม่ได้,JS-M/80 (WITH MK15TX / MK15RX),0,0,0,0,0,0,0,0,1,0,0.9974
1530,IFLIGHT,NAZGUL EVOQUE F6,1,0,0,1,0.0,ทั่วไป,ชื่อในช่องเอง,NAZGUL EVOQUE F6,0,0,0,0,0,0,0,1,0,0,0.9974
1531,IFLIGHT,NAZGUL F5 V2,1,0,0,1,0.0,ทั่วไป,ชื่อในช่องเอง,NAZGUL F5 V2,0,0,0,0,0,0,0,0,1,0,0.9974
1532,IFLIGHT,NAZGUL V3,1,0,0,1,0.0,ทั่วไป,ชื่อในช่องเอง,NAZGUL V3,0,0,0,0,0,0,0,0,1,0,0.9974
1533,IFLIGHT,NAZGUL5 V2,1,0,0,1,0.0,ทั่วไป,ชื่อในช่องเอง,NAZGUL5 V2,0,0,0,0,0,1,0,0,0,0,0.9974
1534,IFLIGHT,NAZGUL5 V2 HD,1,0,0,1,0.0,ทั่วไป,ชื่อในช่องเอง,NAZGUL5 V2 HD,0,0,0,0,0,0,1,0,0,0,0.9974
1535,IFLIGHT,NAZGULE EVOQUE,1,0,0,1,0.0,ทั่วไป,ชื่อในช่องเอง,NAZGULE EVOQUE,0,0,0,0,0,0,1,0,0,0,0.9974
1536,IFLIGHT,NAZGULE F5,1,0,0,1,0.0,ทั่วไป,ชื่อในช่องเอง,NAZGULE F5,0,0,0,0,0,0,0,1,0,0,0.9974
1537,IFLIGHT,PROTEK35,1,0,0,1,0.0,ทั่วไป,ชื่อในช่องเอง,PROTEK35,0,0,0,0,0,0,0,1,0,0,0.9974
1538,IFLIGHT,PROTEK35HD,1,0,0,1,0.0,ทั่วไป,ชื่อในช่องเอง,PROTEK35HD,0,0,0,0,1,0,0,0,0,0,0.9974
1539,IFLIGHT,SECTOR150,1,0,0,1,0.0,ทั่วไป,ชื่อในช่องเอง,SECTOR150,0,0,0,0,1,0,0,0,0,0,0.9974
1540,DJI,DN1A0646,1,0,0,1,0.0,ทั่วไป,รหัสที่ถอดไม่ได้,DN1A0646,0,0,0,0,0,0,0,1,0,0,0.9974
1541,DJI,DN1A0647,1,0,0,1,0.0,ทั่วไป,รหัสที่ถอดไม่ได้,DN1A0647,0,0,0,0,0,0,0,0,1,0,0.9974
1542,JOUAV,CW-25E,1,0,0,1,0.0,ทั่วไป,ชื่อในช่องเอง,CW-25E,0,0,0,0,1,0,0,0,0,0,0.9974
1543,JOYANCE,JTC-30,1,0,0,1,0.0,ทั่วไป,ชื่อในช่องเอง,JTC-30,0,0,0,0,0,0,0,0,0,1,0.9974
1544,JOYANCE,JTC20,1,0,0,1,0.0,ทั่วไป,รหัสที่ถอดไม่ได้,JTC20,0,0,0,0,0,0,0,0,0,1,0.9975
1545,JOYDRONE,J-BLACKWING,1,0,1,1,1.0,เกษตร,ชื่อในช่องเอง,J-BLACKWING,0,0,0,0,0,1,0,0,0,0,0.9975
1546,JOYDRONE,J-MARK8,1,0,1,1,1.0,เกษตร,ชื่อในช่องเอง,J-MARK8,0,0,0,0,0,1,0,0,0,0,0.9975
1547,JOYTON,TITAN 2.0,1,0,0,1,0.0,ทั่วไป,ชื่อในช่องเอง,TITAN 2.0,0,0,0,1,0,0,0,0,0,0,0.9975
1548,JS DRONE,GPS,1,0,0,1,0.0,ทั่วไป,ชื่อในช่องเอง,GPS,0,0,0,0,0,0,0,0,1,0,0.9975
1549,KEH,K11,1,0,0,1,0.0,ทั่วไป,ชื่อในช่องเอง,K11,0,0,0,0,0,0,0,0,1,0,0.9975
1550,KISS,(ไม่ระบุ),1,0,0,1,0.0,ทั่วไป,ว่าง,-,1,0,0,0,0,0,0,0,0,0,0.9975
1551,IFLIGHT NAZGUL EVOQUE F5 V2,FQ13586,1,0,0,1,0.0,ทั่วไป,รหัสที่ถอดไม่ได้,FQ13586,0,0,0,0,0,0,0,0,1,0,0.9975
1552,IFLIHGT,MAZGUL DC5 ECO,1,0,0,1,0.0,ทั่วไป,ชื่อในช่องเอง,MAZGUL DC5 ECO,0,0,0,0,0,0,0,0,1,0,0.9975
1553,IMPULSE RC,APEX HD,1,0,0,1,0.0,ทั่วไป,ชื่อในช่องเอง,APEX HD,0,0,0,0,0,1,0,0,0,0,0.9975
1554,INSEE,320,1,0,0,1,0.0,ทั่วไป,ชื่อในช่องเอง,320,0,0,0,0,0,1,0,0,0,0,0.9975
1555,INT DEC PRO,E99 PRO,1,0,0,1,0.0,ทั่วไป,ชื่อในช่องเอง,E99 PRO,0,0,0,0,0,0,0,0,0,1,0.9975
1556,"LH LEAD HONOR, METAL HORSE","LH-X20, LH-X25, H101, LH-X19, LH-X14, S58, S56",1,0,0,1,0.0,ทั่วไป,ชื่อในช่องเอง,"LH-X20, LH-X25, H101, LH-X19, LH-X14, S58, S56",1,0,0,0,0,0,0,0,0,0,0.9975
1557,JJRC,X12,1,0,0,1,0.0,ทั่วไป,ชื่อในช่องเอง,X12,0,0,0,1,0,0,0,0,0,0,0.9975
1558,DJI,DN1A0676,1,0,0,1,0.0,ทั่วไป,รหัสที่ถอดไม่ได้,DN1A0676,0,0,0,0,0,0,0,0,1,0,0.9975
1559,DJI,DN1A0677,1,0,0,1,0.0,ทั่วไป,รหัสที่ถอดไม่ได้,DN1A0677,0,0,0,0,0,0,0,0,1,0,0.9975
1560,DJI,DN1A0678,1,0,0,1,0.0,ทั่วไป,รหัสที่ถอดไม่ได้,DN1A0678,0,0,0,0,0,0,0,0,1,0,0.9975
1561,DJI,DN1A0680,1,0,0,1,0.0,ทั่วไป,รหัสที่ถอดไม่ได้,DN1A0680,0,0,0,0,0,0,0,0,1,0,0.9975
1562,DJI,DN1A0681,1,0,0,1,0.0,ทั่วไป,รหัสที่ถอดไม่ได้,DN1A0681,0,0,0,0,0,0,0,1,0,0,0.9975
1563,DJI,DN1A0683,1,0,0,1,0.0,ทั่วไป,รหัสที่ถอดไม่ได้,DN1A0683,0,0,0,0,0,0,0,1,0,0,0.9975
1564,DJI,DN1A0684,1,0,0,1,0.0,ทั่วไป,รหัสที่ถอดไม่ได้,DN1A0684,0,0,0,0,0,0,0,0,0,1,0.9975
1565,DJI,DN1A0687,1,0,0,1,0.0,ทั่วไป,รหัสที่ถอดไม่ได้,DN1A0687,0,0,0,0,0,0,0,0,1,0,0.9976
1566,DJI,DN1A0689,1,0,0,1,0.0,ทั่วไป,รหัสที่ถอดไม่ได้,DN1A0689,0,0,0,0,0,0,0,0,1,0,0.9976
1567,DJI,DN1A0692,1,0,0,1,0.0,ทั่วไป,รหัสที่ถอดไม่ได้,DN1A0692,0,0,0,0,0,0,0,1,0,0,0.9976
1568,DJI,DN1A0694,1,0,0,1,0.0,ทั่วไป,รหัสที่ถอดไม่ได้,DN1A0694,0,0,0,0,0,0,0,0,1,0,0.9976
1569,DJI,DN1A0696,1,0,0,1,0.0,ทั่วไป,รหัสที่ถอดไม่ได้,DN1A0696,0,0,0,0,0,0,0,0,1,0,0.9976
1570,DJI,DN1A0698,1,0,0,1,0.0,ทั่วไป,รหัสที่ถอดไม่ได้,DN1A0698,0,0,0,0,0,0,0,1,0,0,0.9976
1571,DJI,DN1A0642,1,0,0,1,0.0,ทั่วไป,รหัสที่ถอดไม่ได้,DN1A0642,0,0,0,0,0,0,0,0,1,0,0.9976
1572,MAKEFLYEASY,FIGHTER,1,0,1,1,1.0,เกษตร,ชื่อในช่องเอง,FIGHTER,0,0,0,0,1,0,0,0,0,0,0.9976
1573,MATEK,ROBOCAT 270,1,0,0,1,0.0,ทั่วไป,ชื่อในช่องเอง,ROBOCAT 270,1,0,0,0,0,0,0,0,0,0,0.9976
1574,MAVIC,3 MINI PRO,1,0,0,1,0.0,ทั่วไป,ชื่อในช่องเอง,3 MINI PRO,0,0,0,0,0,0,0,1,0,0,0.9976
1575,KU,HCMUT01,1,0,0,1,0.0,ทั่วไป,ชื่อในช่องเอง,HCMUT01,0,0,0,0,0,0,1,0,0,0,0.9976
1576,KU,KMITL01,1,0,0,1,0.0,ทั่วไป,ชื่อในช่องเอง,KMITL01,0,0,0,0,0,0,1,0,0,0,0.9976
1577,KU,KMUTNB01,1,0,0,1,0.0,ทั่วไป,ชื่อในช่องเอง,KMUTNB01,0,0,0,0,0,0,1,0,0,0,0.9976
1578,KU,KMUTT01,1,0,0,1,0.0,ทั่วไป,ชื่อในช่องเอง,KMUTT01,0,0,0,0,0,0,1,0,0,0,0.9976
1579,KU,KMUTT02,1,0,0,1,0.0,ทั่วไป,ชื่อในช่องเอง,KMUTT02,0,0,0,0,0,0,1,0,0,0,0.9976
1580,KU,KU01,1,0,0,1,0.0,ทั่วไป,รหัสที่ถอดไม่ได้,KU01,0,0,0,0,0,0,1,0,0,0,0.9976
1581,KU,KU02,1,0,0,1,0.0,ทั่วไป,รหัสที่ถอดไม่ได้,KU02,0,0,0,0,0,0,1,0,0,0,0.9976
1582,KU,KU03,1,0,0,1,0.0,ทั่วไป,รหัสที่ถอดไม่ได้,KU03,0,0,0,0,0,0,1,0,0,0,0.9976
1583,KU,KU04,1,0,0,1,0.0,ทั่วไป,รหัสที่ถอดไม่ได้,KU04,0,0,0,0,0,0,1,0,0,0,0.9976
1584,KU,NKRAFA01,1,0,0,1,0.0,ทั่วไป,ชื่อในช่องเอง,NKRAFA01,0,0,0,0,0,0,1,0,0,0,0.9976
1585,KU,RPCA01,1,0,0,1,0.0,ทั่วไป,ชื่อในช่องเอง,RPCA01,0,0,0,0,0,0,1,0,0,0,0.9977
1586,KU,SUT01,1,0,0,1,0.0,ทั่วไป,รหัสที่ถอดไม่ได้,SUT01,0,0,0,0,0,0,1,0,0,0,0.9977
1587,LEASON,LS126,1,0,0,1,0.0,ทั่วไป,รหัสที่ถอดไม่ได้,LS126,0,1,0,0,0,0,0,0,0,0,0.9977
1588,LH-X14HDV,(ไม่ระบุ),1,0,0,1,0.0,ทั่วไป,ว่าง,-,1,0,0,0,0,0,0,0,0,0,0.9977
1589,DJI,DN1A0650,1,0,0,1,0.0,ทั่วไป,รหัสที่ถอดไม่ได้,DN1A0650,0,0,0,0,0,0,0,0,1,0,0.9977
1590,DJI,DN1A0651,1,0,0,1,0.0,ทั่วไป,รหัสที่ถอดไม่ได้,DN1A0651,0,0,0,0,0,0,0,1,0,0,0.9977
1591,DJI,DN1A0652,1,0,0,1,0.0,ทั่วไป,รหัสที่ถอดไม่ได้,DN1A0652,0,0,0,0,0,0,0,0,1,0,0.9977
1592,DJI,DN1A0656,1,0,0,1,0.0,ทั่วไป,รหัสที่ถอดไม่ได้,DN1A0656,0,0,0,0,0,0,0,0,1,0,0.9977
1593,DJI,DN1A0658,1,0,0,1,0.0,ทั่วไป,รหัสที่ถอดไม่ได้,DN1A0658,0,0,0,0,0,0,0,0,1,0,0.9977
1594,DJI,DN1A0659,1,0,0,1,0.0,ทั่วไป,รหัสที่ถอดไม่ได้,DN1A0659,0,0,0,0,0,0,0,0,1,0,0.9977
1595,DJI,DN1A0660,1,0,0,1,0.0,ทั่วไป,รหัสที่ถอดไม่ได้,DN1A0660,0,0,0,0,0,0,0,0,1,0,0.9977
1596,DJI,DN1A0661,1,0,0,1,0.0,ทั่วไป,รหัสที่ถอดไม่ได้,DN1A0661,0,0,0,0,0,0,0,0,1,0,0.9977
1597,DJI,DN1A0664,1,0,0,1,0.0,ทั่วไป,รหัสที่ถอดไม่ได้,DN1A0664,0,0,0,0,0,0,0,0,0,1,0.9977
1598,DJI,DN1A0666,1,0,0,1,0.0,ทั่วไป,รหัสที่ถอดไม่ได้,DN1A0666,0,0,0,0,0,0,0,0,1,0,0.9977
1599,DJI,DN1A0667,1,0,0,1,0.0,ทั่วไป,รหัสที่ถอดไม่ได้,DN1A0667,0,0,0,0,0,0,0,1,0,0,0.9977
1600,DJI,DN1A0668,1,0,0,1,0.0,ทั่วไป,รหัสที่ถอดไม่ได้,DN1A0668,0,0,0,0,0,0,0,0,1,0,0.9977
1601,LUMENIER,JOHNNYFPV EDITION,1,0,0,1,0.0,ทั่วไป,ชื่อในช่องเอง,JOHNNYFPV EDITION,0,0,0,0,0,0,1,0,0,0,0.9977
1602,M MAX,SVO II,1,0,0,1,0.0,ทั่วไป,ชื่อในช่องเอง,SVO II,0,0,0,0,0,0,0,1,0,0,0.9977
1603,MABIN,X-50,1,0,1,1,1.0,เกษตร,ชื่อในช่องเอง,X-50,0,0,0,0,0,0,0,1,0,0,0.9977
1604,DJI,DN1A0630,1,0,0,1,0.0,ทั่วไป,รหัสที่ถอดไม่ได้,DN1A0630,0,0,0,0,0,0,0,0,1,0,0.9977
1605,DJI,DN1A0634,1,0,0,1,0.0,ทั่วไป,รหัสที่ถอดไม่ได้,DN1A0634,0,0,0,0,0,0,0,0,1,0,0.9977
1606,DJI,DN1A0637,1,0,0,1,0.0,ทั่วไป,รหัสที่ถอดไม่ได้,DN1A0637,0,0,0,0,0,0,0,0,1,0,0.9978
1607,DJI,DN1A0638,1,0,0,1,0.0,ทั่วไป,รหัสที่ถอดไม่ได้,DN1A0638,0,0,0,0,0,0,0,1,0,0,0.9978
1608,DJI,DN1A0639,1,0,0,1,0.0,ทั่วไป,รหัสที่ถอดไม่ได้,DN1A0639,0,0,0,0,0,0,0,0,1,0,0.9978
1609,DJI,DN1A0640,1,0,0,1,0.0,ทั่วไป,รหัสที่ถอดไม่ได้,DN1A0640,0,0,0,0,0,0,0,1,0,0,0.9978
1610,DJI,DN1A0641,1,0,0,1,0.0,ทั่วไป,รหัสที่ถอดไม่ได้,DN1A0641,0,0,0,0,0,0,0,1,0,0,0.9978
1611,MAVIC,MINI 2 SE,1,0,0,1,0.0,ทั่วไป,ชื่อในช่องเอง,DJI MINI 2 SE,0,0,0,0,0,0,0,1,0,0,0.9978
1612,MAVIC,MINI 3 PRO,1,0,0,1,0.0,ทั่วไป,ชื่อในช่องเอง,MINI 3 PRO,0,0,0,0,0,0,1,0,0,0,0.9978
1613,MAVIC,PRO,1,0,0,1,0.0,ทั่วไป,ชื่อในช่องเอง,PRO,0,0,0,0,0,0,1,0,0,0,0.9978
1614,MAVIC 2,L1Z,1,0,0,1,0.0,ทั่วไป,ชื่อในช่องเอง,L1Z,0,0,0,0,0,1,0,0,0,0,0.9978
1615,MAVIC 2 PRO,L1P,1,0,0,1,0.0,ทั่วไป,ชื่อในช่องเอง,L1P,0,0,0,0,0,0,0,0,1,0,0.9978
1616,MAVIC DJI,U11X,1,0,0,1,0.0,ทั่วไป,ชื่อในช่องเอง,U11X,0,0,0,0,1,0,0,0,0,0,0.9978
1617,MAVIC MINI4 PRO,MT4MFVD,1,0,0,1,0.0,ทั่วไป,รหัสที่ถอดไม่ได้,MT4MFVD,0,0,0,0,0,0,0,1,0,0,0.9978
1618,MAVIC PRO PLATINIUM DJ1,DJ1 M1X,1,0,0,1,0.0,ทั่วไป,ชื่อในช่องเอง,DJ1 M1X,0,0,0,0,0,0,1,0,0,0,0.9978
1619,MI DRONE,(ไม่ระบุ),1,0,0,1,0.0,ทั่วไป,ว่าง,-,1,0,0,0,0,0,0,0,0,0,0.9978
1620,DJI,CINELOG35V2,1,0,0,1,0.0,ทั่วไป,ชื่อในช่องเอง,CINELOG35V2,0,0,0,0,0,0,0,1,0,0,0.9978
1621,DJI,DF1AO424,1,0,0,1,0.0,ทั่วไป,รหัสที่ถอดไม่ได้,DF1AO424,0,0,0,0,0,0,0,0,1,0,0.9978
1622,DJI,DGI AIR 2S,1,0,0,1,0.0,ทั่วไป,ชื่อในช่องเอง,DGI AIR 2S,0,0,0,0,0,0,1,0,0,0,0.9978
1623,DJI,AIR2 MAVIC,1,0,0,1,0.0,ทั่วไป,ชื่อในช่องเอง,AIR2 MAVIC,0,0,0,0,0,0,1,0,0,0,0.9978
1624,MINI DRONE Q2,4 AXIS FOLDABLE DRONE,1,0,0,1,0.0,ทั่วไป,ชื่อในช่องเอง,4 AXIS FOLDABLE DRONE,1,0,0,0,0,0,0,0,0,0,0.9978
1625,MJX,B20,1,0,0,1,0.0,ทั่วไป,ชื่อในช่องเอง,B20,0,0,0,0,1,0,0,0,0,0,0.9978
1626,MJX,B5W,1,0,0,1,0.0,ทั่วไป,ชื่อในช่องเอง,B5W,0,0,0,1,0,0,0,0,0,0,0.9979
1627,MJX,BUGS 6,1,0,0,1,0.0,ทั่วไป,ชื่อในช่องเอง,BUGS 6,0,1,0,0,0,0,0,0,0,0,0.9979
1628,MJX,E20 EIS,1,0,0,1,0.0,ทั่วไป,ชื่อในช่องเอง,E20 EIS,0,0,0,1,0,0,0,0,0,0,0.9979
1629,MJX,MJX BUGS 2W,1,0,0,1,0.0,ทั่วไป,ชื่อในช่องเอง,MJX BUGS 2W,0,1,0,0,0,0,0,0,0,0,0.9979
1630,MJX,X102H,1,0,0,1,0.0,ทั่วไป,ชื่อในช่องเอง,X102H,0,1,0,0,0,0,0,0,0,0,0.9979
1631,MJX,XIOI,1,0,0,1,0.0,ทั่วไป,ชื่อในช่องเอง,XIOI,1,0,0,0,0,0,0,0,0,0,0.9979
1632,MAVIC,M1D,1,0,0,1,0.0,ทั่วไป,ชื่อในช่องเอง,M1D,0,0,0,0,0,0,0,1,0,0,0.9979
1633,MAVIC,MAVIC 2 ZOOM,1,0,0,1,0.0,ทั่วไป,ชื่อในช่องเอง,MAVIC 2 ZOOM,0,0,0,0,0,1,0,0,0,0,0.9979
1634,DJI,DJ MINI MAVIC,1,0,0,1,0.0,ทั่วไป,ชื่อในช่องเอง,DJ MINI MAVIC,0,0,0,0,0,1,0,0,0,0,0.9979
1635,DJI,DJI-MINI-2,1,0,0,1,0.0,ทั่วไป,ชื่อในช่องเอง,DJI-MINI-2,0,0,0,0,1,0,0,0,0,0,0.9979
1636,DJI,ATOME SE,1,0,0,1,0.0,ทั่วไป,ชื่อในช่องเอง,ATOME SE,0,0,0,0,0,0,0,1,0,0,0.9979
1637,DJI,AVARAR 2,1,0,0,1,0.0,ทั่วไป,ชื่อในช่องเอง,AVARAR 2,0,0,0,0,0,0,0,1,0,0,0.9979
1638,DJI,AVATA 3.5,1,0,0,1,0.0,ทั่วไป,ชื่อในช่องเอง,AVATA 3.5,0,0,0,0,0,0,0,1,0,0,0.9979
1639,MUGIN,UAV V-TAIL PLATFORM,1,0,0,1,0.0,ทั่วไป,ชื่อในช่องเอง,UAV V-TAIL PLATFORM,0,1,0,0,0,0,0,0,0,0,0.9979
1640,MULTI ROTOR SG907,SG907,1,0,0,1,0.0,ทั่วไป,รหัสที่ถอดไม่ได้,SG907,0,0,0,0,1,0,0,0,0,0,0.9979
1641,NAFYRE,N 11 PRO,1,0,0,1,0.0,ทั่วไป,ชื่อในช่องเอง,N 11 PRO,0,0,0,0,0,0,0,0,1,0,0.9979
1642,NAFYRE,N11 PRO GPS,1,0,0,1,0.0,ทั่วไป,ชื่อในช่องเอง,N11 PRO GPS,0,0,0,0,0,0,0,0,1,0,0.9979
1643,NAZA,NAZA-M LITE,1,0,0,1,0.0,ทั่วไป,ชื่อในช่องเอง,NAZA-M LITE,1,0,0,0,0,0,0,0,0,0,0.9979
1644,MINI 2,MT2PD,1,0,0,1,0.0,ทั่วไป,รหัสที่ถอดไม่ได้,MT2PD,0,0,0,0,0,1,0,0,0,0,0.9979
1645,MINI DRONE,KY901,1,0,0,1,0.0,ทั่วไป,รหัสที่ถอดไม่ได้,KY901,1,0,0,0,0,0,0,0,0,0,0.9979
1646,DJI,AVATA-2,1,0,0,1,0.0,ทั่วไป,ชื่อในช่องเอง,AVATA-2,0,0,0,0,0,0,0,1,0,0,0.9979
1647,DJI,AVATA360,1,0,0,1,0.0,ทั่วไป,ชื่อในช่องเอง,AVATA360,0,0,0,0,0,0,0,0,0,1,0.998
1648,DJI,AVATO,1,0,0,1,0.0,ทั่วไป,ชื่อในช่องเอง,AVATO,0,0,0,0,0,0,1,0,0,0,0.998
1649,DJI,BA15L,1,0,1,1,1.0,เกษตร,รหัสที่ถอดไม่ได้,BA15L,0,0,0,0,1,0,0,0,0,0,0.998
1650,DJI,BWX162-2453-7.38,1,0,0,1,0.0,ทั่วไป,ชื่อในช่องเอง,BWX162-2453-7.38,0,0,0,0,0,0,1,0,0,0,0.998
1651,DJI,CINEBOT30,1,0,0,1,0.0,ทั่วไป,ชื่อในช่องเอง,CINEBOT30,0,0,0,0,0,0,0,1,0,0,0.998
1652,DJI,3W-DJI-8-10-015 / MG-1S,1,0,1,1,1.0,เกษตร,ชื่อในช่องเอง,3W-DJI-8-10-015 / MG-1S,0,0,0,0,0,1,0,0,0,0,0.998
1653,DJI,AIR 3 DISPLAY UNIT-DJI RC2,1,0,0,1,0.0,ทั่วไป,ชื่อในช่องเอง,DJI AIR 3 DISPLAY UNIT-DJI RC2,0,0,0,0,0,0,0,0,1,0,0.998
1654,DJI,AIR 3 FLY RC 2,1,1,0,1,0.0,ทั่วไป,ชื่อในช่องเอง,DJI AIR 3 FLY COMBO RC 2,0,0,0,0,0,0,0,0,1,0,0.998
1655,DJI,AIR MAVIC,1,0,0,1,0.0,ทั่วไป,ชื่อในช่องเอง,AIR MAVIC,0,0,0,0,0,0,0,1,0,0,0.998
1656,DJI,AIR MINI 2 SE,1,0,0,1,0.0,ทั่วไป,ชื่อในช่องเอง,AIR MINI 2 SE,0,0,0,0,0,0,0,1,0,0,0.998
1657,DJI,AIR S2,1,0,0,1,0.0,ทั่วไป,ชื่อในช่องเอง,AIR S2,0,0,0,0,0,0,0,1,0,0,0.998
1658,DJI,AIR UNIT,1,0,0,1,0.0,ทั่วไป,ชื่อในช่องเอง,AIR UNIT,0,0,0,0,0,0,1,0,0,0,0.998
1659,ODDITYRC,XI25,1,0,0,1,0.0,ทั่วไป,รหัสที่ถอดไม่ได้,XI25,0,0,0,0,0,0,0,0,1,0,0.998
1660,OPTICAN FLOW POSITION,DRONE XT9,1,0,0,1,0.0,ทั่วไป,ชื่อในช่องเอง,DRONE XT9,0,0,0,0,0,0,1,0,0,0,0.998
1661,OVERMAX,X BEE FOLD 9.5,1,0,0,1,0.0,ทั่วไป,ชื่อในช่องเอง,X BEE FOLD 9.5,0,0,0,0,0,0,1,0,0,0,0.998
1662,P8PRO PLUS,GPS 4-AXIS,1,0,0,1,0.0,ทั่วไป,ชื่อในช่องเอง,GPS 4-AXIS,0,0,0,0,0,0,0,1,0,0,0.998
1663,PAROT,ANAFI,1,0,0,1,0.0,ทั่วไป,ชื่อในช่องเอง,ANAFI,0,0,1,0,0,0,0,0,0,0,0.998
1664,MJX BUGS,MJX BUGS 16 PRO,1,0,0,1,0.0,ทั่วไป,ชื่อในช่องเอง,MJX BUGS 16 PRO,0,0,0,0,0,0,1,0,0,0,0.998
1665,MJX R/C,BUGS 4W,1,0,0,1,0.0,ทั่วไป,ชื่อในช่องเอง,BUGS 4W,0,0,1,0,0,0,0,0,0,0,0.998
1666,DJI,AIRS2,1,0,0,1,0.0,ทั่วไป,ชื่อในช่องเอง,AIRS2,0,0,0,0,0,0,1,0,0,0,0.998
1667,DJI,AIS 2S,1,0,0,1,0.0,ทั่วไป,ชื่อในช่องเอง,AIS 2S,0,0,0,0,0,1,0,0,0,0,0.9981
1668,DJI,4PRO,1,0,0,1,0.0,ทั่วไป,ชื่อในช่องเอง,4PRO,0,0,0,0,0,0,0,1,0,0,0.9981
1669,DJI,5HAZK6N001910Z,1,0,0,1,0.0,ทั่วไป,ชื่อในช่องเอง,5HAZK6N001910Z,0,0,0,0,0,0,0,1,0,0,0.9981
1670,DJI,5HAZK8S001GK5M,1,0,0,1,0.0,ทั่วไป,ชื่อในช่องเอง,5HAZK8S001GK5M,0,0,0,0,0,0,0,0,1,0,0.9981
1671,DJI,6UZBLAR021091N,1,0,0,1,0.0,ทั่วไป,ชื่อในช่องเอง,6UZBLAR021091N,0,0,0,0,0,0,0,1,0,0,0.9981
1672,DJI,8RXZMBM000KYYX,1,0,0,1,0.0,ทั่วไป,ชื่อในช่องเอง,8RXZMBM000KYYX,0,0,0,0,0,0,0,0,0,1,0.9981
1673,DJI,ACATA 2,1,0,0,1,0.0,ทั่วไป,ชื่อในช่องเอง,ACATA 2,0,0,0,0,0,0,0,0,1,0,0.9981
1674,DJI,2 MINI SE,1,0,0,1,0.0,ทั่วไป,ชื่อในช่องเอง,2 MINI SE,0,0,0,0,0,0,0,1,0,0,0.9981
1675,DJI,2 SE,1,0,0,1,0.0,ทั่วไป,ชื่อในช่องเอง,2 SE,0,0,0,0,0,0,0,0,1,0,0.9981
1676,DJI,202212029096,1,0,0,1,0.0,ทั่วไป,ชื่อในช่องเอง,202212029096,0,0,0,0,0,1,0,0,0,0,0.9981
1677,PAVO 20 DJI 03,PAVO 20 DJI,1,0,0,1,0.0,ทั่วไป,ชื่อในช่องเอง,PAVO 20 DJI,0,0,0,0,0,0,0,0,0,1,0.9981
1678,PIONEER,(ไม่ระบุ),1,0,0,1,0.0,ทั่วไป,ว่าง,-,1,0,0,0,0,0,0,0,0,0,0.9981
1679,PIONEER,KNIGHT 507,1,0,0,1,0.0,ทั่วไป,ชื่อในช่องเอง,KNIGHT 507,0,1,0,0,0,0,0,0,0,0,0.9981
1680,POTENSIC,ATO,1,0,0,1,0.0,ทั่วไป,ชื่อในช่องเอง,ATO,0,0,0,0,0,0,0,1,0,0,0.9981
1681,POTENSIC,ATOM 4 K,1,0,0,1,0.0,ทั่วไป,ชื่อในช่องเอง,ATOM 4 K,0,0,0,0,0,0,0,0,1,0,0.9981
1682,NAZUL,MARK7,1,0,0,1,0.0,ทั่วไป,ชื่อในช่องเอง,MARK7,0,0,0,0,0,0,1,0,0,0,0.9981
1683,NO BRAND,SELF CRAFTED,1,0,0,1,0.0,ทั่วไป,ชื่อในช่องเอง,SELF CRAFTED,0,0,0,0,0,1,0,0,0,0,0.9981
1684,RC136,(ไม่ระบุ),1,0,0,1,0.0,ทั่วไป,ว่าง,-,1,0,0,0,0,0,0,0,0,0,0.9981
1685,RCSA DRONE,V001,1,0,0,1,0.0,ทั่วไป,ชื่อในช่องเอง,V001,0,0,1,0,0,0,0,0,0,0,0.9981
1686,POTENSIC,ATOM GPS,1,0,0,1,0.0,ทั่วไป,ชื่อในช่องเอง,ATOM GPS,0,0,0,0,0,0,0,1,0,0,0.9981
1687,POTENSIC,ATOM SE DRONE,1,0,0,1,0.0,ทั่วไป,ชื่อในช่องเอง,ATOM SE DRONE,0,0,0,0,0,0,0,1,0,0,0.9981
1688,POTENSIC,ATOM SE DSDR04B,1,0,0,1,0.0,ทั่วไป,ชื่อในช่องเอง,ATOM SE DSDR04B,0,0,0,0,0,0,0,1,0,0,0.9982
1689,POTENSIC,ATOM SE DSDRO4B,1,0,0,1,0.0,ทั่วไป,ชื่อในช่องเอง,ATOM SE DSDRO4B,0,0,0,0,0,0,0,1,0,0,0.9982
1690,POTENSIC,ATOM SE GPS,1,0,0,1,0.0,ทั่วไป,ชื่อในช่องเอง,ATOM SE GPS,0,0,0,0,0,0,0,1,0,0,0.9982
1691,POTENSIC,ATOME SE,1,0,0,1,0.0,ทั่วไป,ชื่อในช่องเอง,ATOME SE,0,0,0,0,0,0,0,1,0,0,0.9982
1692,POTENSIC,"DRONE: DSDR23A, REMOTE CONTROLLER: DSRC23A",1,0,0,1,0.0,ทั่วไป,ชื่อในช่องเอง,"DRONE: DSDR23A, REMOTE CONTROLLER: DSRC23A",0,0,0,0,0,0,0,0,1,0,0.9982
1693,POTENSIC,DSDR04B,1,0,0,1,0.0,ทั่วไป,ชื่อในช่องเอง,DSDR04B,0,0,0,0,0,0,0,1,0,0,0.9982
1694,POTENSIC,DSDRO4C,1,0,0,1,0.0,ทั่วไป,ชื่อในช่องเอง,DSDRO4C,0,0,0,0,0,0,1,0,0,0,0.9982
1695,POTENSIC,POTENSIC ATOM SE,1,0,0,1,0.0,ทั่วไป,ชื่อในช่องเอง,POTENSIC ATOM SE,0,0,0,0,0,0,0,1,0,0,0.9982
1696,PARROT,BLUEGRASS,1,0,0,1,0.0,ทั่วไป,ชื่อในช่องเอง,BLUEGRASS,0,0,0,0,1,0,0,0,0,0,0.9982
1697,PARROT,DISCO,1,0,0,1,0.0,ทั่วไป,ชื่อในช่องเอง,DISCO,1,0,0,0,0,0,0,0,0,0,0.9982
1698,DJI,4 PRO,1,0,0,1,0.0,ทั่วไป,ชื่อในช่องเอง,4 PRO,0,0,0,0,0,0,0,1,0,0,0.9982
1699,DJI,4 PRO MINI,1,0,0,1,0.0,ทั่วไป,ชื่อในช่องเอง,4 PRO MINI,0,0,0,0,0,0,0,1,0,0,0.9982
1700,DJI,2S,1,0,0,1,0.0,ทั่วไป,ชื่อในช่องเอง,2S,0,0,0,0,0,0,0,0,1,0,0.9982
1701,DJI,2SE,1,0,0,1,0.0,ทั่วไป,ชื่อในช่องเอง,2SE,0,0,0,0,0,0,0,0,1,0,0.9982
1702,DJI,3 PRO MINI,1,0,0,1,0.0,ทั่วไป,ชื่อในช่องเอง,3 PRO MINI,0,0,0,0,0,0,1,0,0,0,0.9982
1703,DJI,330,1,0,0,1,0.0,ทั่วไป,ชื่อในช่องเอง,330,1,0,0,0,0,0,0,0,0,0,0.9982
1704,DJI,3N3BH6P00206Z6,1,0,0,1,0.0,ทั่วไป,ชื่อในช่องเอง,3N3BH6P00206Z6,0,0,0,0,0,0,0,0,1,0,0.9982
1705,DJI,3N3BHB901203BZ,1,0,0,1,0.0,ทั่วไป,ชื่อในช่องเอง,3N3BHB901203BZ,0,0,0,0,0,0,0,1,0,0,0.9982
1706,DJI,3QDCK6R006DJ65,1,0,0,1,0.0,ทั่วไป,ชื่อในช่องเอง,3QDCK6R006DJ65,0,0,0,0,0,0,0,1,0,0,0.9982
1707,DJ,MINI 3 PRO,1,0,0,1,0.0,ทั่วไป,ชื่อในช่องเอง,MINI 3 PRO,0,0,0,0,0,0,0,1,0,0,0.9982
1708,DJ,MINI 4K,1,0,0,1,0.0,ทั่วไป,ชื่อในช่องเอง,MINI 4K,0,0,0,0,0,0,0,0,1,0,0.9983
1709,POWERVISION,POWEREGG X,1,0,0,1,0.0,ทั่วไป,ชื่อในช่องเอง,POWEREGG X,0,0,0,0,0,0,0,1,0,0,0.9983
1710,QUADMULA,F5 SPLIT,1,0,0,1,0.0,ทั่วไป,ชื่อในช่องเอง,F5 SPLIT,0,0,0,0,0,0,0,0,1,0,0.9983
1711,QUADROTOR,QUADROTOR,1,0,0,1,0.0,ทั่วไป,ชื่อในช่องเอง,QUADROTOR,1,0,0,0,0,0,0,0,0,0,0.9983
1712,QUANTUM,TRINITY F90+,1,0,0,1,0.0,ทั่วไป,ชื่อในช่องเอง,TRINITY F90+,0,0,0,1,0,0,0,0,0,0,0.9983
1713,RADIOMATER,POCKET,1,0,0,1,0.0,ทั่วไป,ชื่อในช่องเอง,POCKET,0,0,0,0,0,0,0,0,0,1,0.9983
1714,RADIUS DRONE SYSTEMS,QUAD SURVEY 1 / RDSQ001N,1,0,0,1,0.0,ทั่วไป,ชื่อในช่องเอง,QUAD SURVEY 1 / RDSQ001N,0,0,0,0,1,0,0,0,0,0,0.9983
1715,RC LEADDING,RC 136,1,0,0,1,0.0,ทั่วไป,ชื่อในช่องเอง,RC 136,1,0,0,0,0,0,0,0,0,0,0.9983
1716,SENSEFLY,EBEE RTK,1,0,0,1,0.0,ทั่วไป,ชื่อในช่องเอง,EBEE RTK,1,0,0,0,0,0,0,0,0,0,0.9983
1717,READYTOSKY,APEX 5 DC,1,0,0,1,0.0,ทั่วไป,ชื่อในช่องเอง,APEX 5 DC,0,0,0,0,0,0,0,1,0,0,0.9983
1718,READYTOSKY,MINI RANGE,1,0,0,1,0.0,ทั่วไป,ชื่อในช่องเอง,MINI RANGE,0,0,0,0,0,0,0,1,0,0,0.9983
1719,ROCCO,R416K,1,0,1,1,1.0,เกษตร,ชื่อในช่องเอง,R416K,0,0,0,1,0,0,0,0,0,0,0.9983
1720,RUKO,F11MINI,1,0,0,1,0.0,ทั่วไป,ชื่อในช่องเอง,F11MINI,0,0,0,0,0,0,1,0,0,0,0.9983
1721,RUKO,RUKO F11PRO 2,1,0,0,1,0.0,ทั่วไป,ชื่อในช่องเอง,RUKO F11PRO 2,0,0,0,0,0,0,0,0,0,1,0.9983
1722,RUNNER,RUNNER 250 ADVANCE,1,0,0,1,0.0,ทั่วไป,ชื่อในช่องเอง,RUNNER 250 ADVANCE,1,0,0,0,0,0,0,0,0,0,0.9983
1723,S185,EIS UAV,1,0,0,1,0.0,ทั่วไป,ชื่อในช่องเอง,EIS UAV,0,0,0,0,0,0,0,0,1,0,0.9983
1724,SAKER,SAKER 30S,1,0,0,1,0.0,ทั่วไป,ชื่อในช่องเอง,SAKER 30S,0,0,0,0,0,0,0,0,0,1,0.9983
1725,SANTI-WHOOP,SW3-I,1,0,0,1,0.0,ทั่วไป,ชื่อในช่องเอง,SW3-I,0,0,0,0,1,0,0,0,0,0,0.9983
1726,SATI,PANYA V1,1,0,1,1,1.0,เกษตร,ชื่อในช่องเอง,PANYA V1,0,0,1,0,0,0,0,0,0,0,0.9983
1727,SB1,H810,1,0,0,1,0.0,ทั่วไป,ชื่อในช่องเอง,H810,1,0,0,0,0,0,0,0,0,0,0.9983
1728,POTENSIC ATOM DRONE,DSDR04C,1,0,0,1,0.0,ทั่วไป,ชื่อในช่องเอง,DSDR04C,0,0,0,0,0,0,0,1,0,0,0.9983
1729,POTENSIC ATOM SE,ATOM SE,1,0,0,1,0.0,ทั่วไป,ชื่อในช่องเอง,ATOM SE,0,0,0,0,0,0,0,1,0,0,0.9984
1730,POTENSIC ATOM SE,DSDR04B,1,0,0,1,0.0,ทั่วไป,ชื่อในช่องเอง,DSDR04B,0,0,0,0,0,0,0,1,0,0,0.9984
1731,DJI,2PRO,1,0,0,1,0.0,ทั่วไป,ชื่อในช่องเอง,2PRO,0,0,0,0,0,0,0,0,1,0,0.9984
1732,SINOCHIP,DF-Q1,1,0,1,1,1.0,เกษตร,ชื่อในช่องเอง,DF-Q1,0,0,1,0,0,0,0,0,0,0,0.9984
1733,SB1,M603,1,0,0,1,0.0,ทั่วไป,ชื่อในช่องเอง,M603,1,0,0,0,0,0,0,0,0,0,0.9984
1734,DJ MINI SE,DJ MINI SE,1,0,0,1,0.0,ทั่วไป,ชื่อในช่องเอง,DJ MINI SE,0,0,0,0,0,0,1,0,0,0,0.9984
1735,DJ1 3,RC231,1,0,0,1,0.0,ทั่วไป,ชื่อในช่องเอง,RC231,0,0,0,0,0,0,0,1,0,0,0.9984
1736,DJ3,MINI 3 PRO,1,0,0,1,0.0,ทั่วไป,ชื่อในช่องเอง,MINI PRO 3,0,0,0,0,0,0,0,0,1,0,0.9984
1737,DJA,MT1SD25,1,0,0,1,0.0,ทั่วไป,รหัสที่ถอดไม่ได้,MT1SD25,0,0,0,0,0,0,0,1,0,0,0.9984
1738,DJI,.MINI2,1,0,0,1,0.0,ทั่วไป,ชื่อในช่องเอง,.MINI2,0,0,0,0,1,0,0,0,0,0,0.9984
1739,DJI,04 AIR UNIT PRO,1,0,0,1,0.0,ทั่วไป,ชื่อในช่องเอง,04 AIR UNIT PRO,0,0,0,0,0,0,0,0,0,1,0.9984
1740,DJI,1581F5YHC22CG00297F1,1,0,0,1,0.0,ทั่วไป,ชื่อในช่องเอง,1581F5YHC22CG00297F1,0,0,0,0,0,0,0,0,1,0,0.9984
1741,DJI,1581F6Z9C248C003Z46P,1,0,0,1,0.0,ทั่วไป,ชื่อในช่องเอง,1581F6Z9C248C003Z46P,0,0,0,0,0,0,0,0,1,0,0.9984
1742,DJI,1T2CK56R37VHSA,1,0,0,1,0.0,ทั่วไป,ชื่อในช่องเอง,1T2CK56R37VHSA,0,0,0,0,0,0,0,1,0,0,0.9984
1743,DIATONE,ROMA F5 6S TBS,1,0,0,1,0.0,ทั่วไป,ชื่อในช่องเอง,ROMA F5 6S TBS,0,0,0,0,0,1,0,0,0,0,0.9984
1744,DIATONE,ROMA F6,1,0,0,1,0.0,ทั่วไป,ชื่อในช่องเอง,ROMA F6,0,0,0,0,0,0,1,0,0,0,0.9984
1745,DIATONE,ROMA F7,1,0,0,1,0.0,ทั่วไป,ชื่อในช่องเอง,ROMA F7,0,0,0,0,0,0,0,1,0,0,0.9984
1746,SELF-BUILT,CUSTOM FPV,1,0,0,1,0.0,ทั่วไป,ชื่อในช่องเอง,CUSTOM FPV,0,0,0,0,0,0,0,0,1,0,0.9984
1747,SENSEFLY,EBEE AG,1,0,0,1,0.0,ทั่วไป,ชื่อในช่องเอง,EBEE AG,0,1,0,0,0,0,0,0,0,0,0.9984
1748,SJRC,F11 - DRONE,1,0,0,1,0.0,ทั่วไป,ชื่อในช่องเอง,F11 - DRONE,0,0,0,0,0,0,1,0,0,0,0.9984
1749,SJRC,F11PRO,1,0,0,1,0.0,ทั่วไป,ชื่อในช่องเอง,F11PRO,0,0,0,0,0,0,1,0,0,0,0.9985
1750,SJRC,F11S4K,1,0,0,1,0.0,ทั่วไป,ชื่อในช่องเอง,F11S4K,0,0,0,0,0,0,1,0,0,0,0.9985
1751,SJRC,F22 PRO,1,0,0,1,0.0,ทั่วไป,ชื่อในช่องเอง,F22 PRO,0,0,0,0,0,0,0,0,1,0,0.9985
1752,SG,908MAX,1,0,0,1,0.0,ทั่วไป,ชื่อในช่องเอง,908MAX,0,0,0,0,0,0,1,0,0,0,0.9985
1753,SG907,MAX,1,0,0,1,0.0,ทั่วไป,ชื่อในช่องเอง,MAX,0,0,0,0,0,0,1,0,0,0,0.9985
1754,SHAPED,TK111,1,0,0,1,0.0,ทั่วไป,รหัสที่ถอดไม่ได้,TK111,1,0,0,0,0,0,0,0,0,0,0.9985
1755,"SHENZHENSMARTDRONEUAVCO.,LTD(SMD)",V330ATILT-ROTORVTOIFIXED-WINGUAV,1,0,1,1,1.0,เกษตร,ชื่อในช่องเอง,V330ATILT-ROTORVTOIFIXED-WINGUAV,0,0,0,0,1,0,0,0,0,0,0.9985
1756,SIMTOO,(ไม่ระบุ),1,0,0,1,0.0,ทั่วไป,ว่าง,-,1,0,0,0,0,0,0,0,0,0,0.9985
1757,SIMTOO,DRAGONFLY THDF-01,1,0,0,1,0.0,ทั่วไป,ชื่อในช่องเอง,DRAGONFLY THDF-01,0,1,0,0,0,0,0,0,0,0,0.9985
1758,SIMTOO,MOMENT,1,0,0,1,0.0,ทั่วไป,ชื่อในช่องเอง,MOMENT,0,1,0,0,0,0,0,0,0,0,0.9985
1759,SIMTOO,THDF - 01,1,0,0,1,0.0,ทั่วไป,ชื่อในช่องเอง,THDF - 01,1,0,0,0,0,0,0,0,0,0,0.9985
1760,SIMTOO,THDF-01,1,0,0,1,0.0,ทั่วไป,ชื่อในช่องเอง,THDF-01,1,0,0,0,0,0,0,0,0,0,0.9985
1761,SIMTOO,THDF01,1,0,0,1,0.0,ทั่วไป,ชื่อในช่องเอง,THDF01,1,0,0,0,0,0,0,0,0,0,0.9985
1762,SIMTOO MOMENT,THDF-01,1,0,0,1,0.0,ทั่วไป,ชื่อในช่องเอง,THDF-01,1,0,0,0,0,0,0,0,0,0,0.9985
1763,SIMULUS,ZX-5085-675,1,0,0,1,0.0,ทั่วไป,ชื่อในช่องเอง,ZX-5085-675,0,0,0,0,0,1,0,0,0,0,0.9985
1764,SIRC,F11,1,0,0,1,0.0,ทั่วไป,ชื่อในช่องเอง,F11,0,0,0,0,0,0,0,1,0,0,0.9985
1765,DIATONE,ROMAF5,1,0,0,1,0.0,ทั่วไป,ชื่อในช่องเอง,ROMAF5,0,0,0,0,0,0,0,1,0,0,0.9985
1766,DIJ,MAVIC3PRO,1,0,0,1,0.0,ทั่วไป,ชื่อในช่องเอง,MAVIC3PRO,0,0,0,0,0,0,0,1,0,0,0.9985
1767,DIJ,MINI 3,1,0,0,1,0.0,ทั่วไป,ชื่อในช่องเอง,MINI 3,0,0,0,0,0,0,0,0,1,0,0.9985
1768,DIJ,MINI 4 PRO,1,0,0,1,0.0,ทั่วไป,ชื่อในช่องเอง,MINI 4 PRO,0,0,0,0,0,0,0,0,0,1,0.9985
1769,DIJ,WM331S,1,0,0,1,0.0,ทั่วไป,รหัสที่ถอดไม่ได้,WM331S,0,0,0,0,0,1,0,0,0,0,0.9985
1770,DIJI,MINI 3,1,0,0,1,0.0,ทั่วไป,ชื่อในช่องเอง,MINI 3,0,0,0,0,0,0,0,0,1,0,0.9986
1771,DIJI,MINI 3 PRO,1,0,0,1,0.0,ทั่วไป,ชื่อในช่องเอง,MINI 3 PRO,0,0,0,0,0,0,1,0,0,0,0.9986
1772,DJ,DJ 4 K MINI,1,0,0,1,0.0,ทั่วไป,ชื่อในช่องเอง,DJ 4 K MINI,0,0,0,0,0,0,0,0,1,0,0.9986
1773,DJ,MAVIC AIR,1,0,0,1,0.0,ทั่วไป,ชื่อในช่องเอง,MAVIC AIR,0,0,0,0,0,0,0,1,0,0,0.9986
1774,DJ,MAVIC AIR 2,1,0,0,1,0.0,ทั่วไป,ชื่อในช่องเอง,MAVIC AIR2,0,0,0,0,0,1,0,0,0,0,0.9986
1775,DJ,MINI 2,1,0,0,1,0.0,ทั่วไป,ชื่อในช่องเอง,MINI 2,0,0,0,0,0,0,0,1,0,0,0.9986
1776,DJ,MINI 3,1,0,0,1,0.0,ทั่วไป,ชื่อในช่องเอง,MINI 3,0,0,0,0,0,0,0,0,1,0,0.9986
1777,DAJIANG DJI,AVATA 2,1,0,0,1,0.0,ทั่วไป,ชื่อในช่องเอง,AVATA 2,0,0,0,0,0,0,0,1,0,0,0.9986
1778,DAMING,DM109S,1,0,0,1,0.0,ทั่วไป,รหัสที่ถอดไม่ได้,DM109S,1,0,0,0,0,0,0,0,0,0,0.9986
1779,SJR,Z5,1,0,0,1,0.0,ทั่วไป,ชื่อในช่องเอง,Z5,0,0,0,0,1,0,0,0,0,0,0.9986
1780,SMRC,JY018,1,0,0,1,0.0,ทั่วไป,รหัสที่ถอดไม่ได้,JY018,1,0,0,0,0,0,0,0,0,0,0.9986
1781,SNAPTAIN,SP500,1,0,0,1,0.0,ทั่วไป,รหัสที่ถอดไม่ได้,SP500,0,0,0,0,0,0,0,1,0,0,0.9986
1782,SOCR DRONE,SG 907,1,0,0,1,0.0,ทั่วไป,ชื่อในช่องเอง,SG 907,0,0,0,0,0,0,1,0,0,0,0.9986
1783,SONY,AIRPEAK S1,1,0,0,1,0.0,ทั่วไป,ชื่อในช่องเอง,AIRPEAK S1,0,0,0,0,0,1,0,0,0,0,0.9986
1784,SJRC,SJRC F11,1,0,0,1,0.0,ทั่วไป,ชื่อในช่องเอง,SJRC F11,0,0,0,0,0,0,0,1,0,0,0.9986
1785,SJRS,F5S PRO,1,0,0,1,0.0,ทั่วไป,ชื่อในช่องเอง,F5S PRO,0,0,0,0,0,0,0,1,0,0,0.9986
1786,SKEYE,X8 PRO,1,0,0,1,0.0,ทั่วไป,ชื่อในช่องเอง,X8 PRO,0,1,0,0,0,0,0,0,0,0,0.9986
1787,SKY HERO,LITTLE 6,1,0,0,1,0.0,ทั่วไป,ชื่อในช่องเอง,LITTLE 6,0,1,0,0,0,0,0,0,0,0,0.9986
1788,SKY KING,EXPLORER,1,0,0,1,0.0,ทั่วไป,ชื่อในช่องเอง,EXPLORER,0,1,0,0,0,0,0,0,0,0,0.9986
1789,SKYDIO,SDR35V1,1,0,0,1,0.0,ทั่วไป,รหัสที่ถอดไม่ได้,SDR35V1,0,0,0,0,0,0,1,0,0,0,0.9986
1790,SKYDIO,SDRC2V1,1,0,0,1,0.0,ทั่วไป,ชื่อในช่องเอง,SDRC2V1,0,0,0,0,0,0,1,0,0,0,0.9987
1791,SKYDIO,X10D,1,0,0,1,0.0,ทั่วไป,ชื่อในช่องเอง,X10D,0,0,0,0,0,0,0,0,1,0,0.9987
1792,SKYDIO,X2-44HZ,1,0,0,1,0.0,ทั่วไป,ชื่อในช่องเอง,X2-44HZ,0,0,0,0,0,1,0,0,0,0,0.9987
1793,SKYDIO,X2-UU62,1,0,0,1,0.0,ทั่วไป,ชื่อในช่องเอง,X2-UU62,0,0,0,0,0,1,0,0,0,0,0.9987
1794,SKYDIO 2,SDRC2V1,1,0,0,1,0.0,ทั่วไป,ชื่อในช่องเอง,SDRC2V1,0,0,0,0,0,0,0,1,0,0,0.9987
1795,SINOCHIP,DF-T4,1,0,1,1,1.0,เกษตร,ชื่อในช่องเอง,DF-T4,0,0,1,0,0,0,0,0,0,0,0.9987
1796,DCI,MINI 2,1,0,0,1,0.0,ทั่วไป,ชื่อในช่องเอง,MINI 2,0,0,0,0,0,0,0,1,0,0,0.9987
1797,DEEPSPACE,SEEKER 3,1,0,0,1,0.0,ทั่วไป,ชื่อในช่องเอง,SEEKER 3,0,0,0,0,0,0,0,0,0,1,0.9987
1798,DEEPSPACE,SEEKER 35,1,0,0,1,0.0,ทั่วไป,ชื่อในช่องเอง,SEEKER 35,0,0,0,0,0,0,0,0,0,1,0.9987
1799,DFD,F182,1,0,0,1,0.0,ทั่วไป,ชื่อในช่องเอง,F182,0,1,0,0,0,0,0,0,0,0,0.9987
1800,DGJ,MINI 4 PRO,1,0,0,1,0.0,ทั่วไป,ชื่อในช่องเอง,MINI 4 PRO,0,0,0,0,0,0,0,0,1,0,0.9987
1801,DHI,MINI 2 SE,1,0,0,1,0.0,ทั่วไป,ชื่อในช่องเอง,MINI 2 SE,0,0,0,0,0,0,0,0,1,0,0.9987
1802,DIATONE,F5,1,0,0,1,0.0,ทั่วไป,ชื่อในช่องเอง,F5,0,0,0,0,0,0,1,0,0,0,0.9987
1803,DIATONE,ROMA,1,0,0,1,0.0,ทั่วไป,ชื่อในช่องเอง,ROMA,0,0,0,0,0,1,0,0,0,0,0.9987
1804,CHCNAV,X500T,1,0,0,1,0.0,ทั่วไป,ชื่อในช่องเอง,X500T,0,0,0,0,0,0,0,0,0,1,0.9987
1805,SKYHUNTER,LH-X25,1,0,0,1,0.0,ทั่วไป,ชื่อในช่องเอง,LH-X25,1,0,0,0,0,0,0,0,0,0,0.9987
1806,SKYHUNTER,SKYHUNTER,1,0,0,1,0.0,ทั่วไป,ชื่อในช่องเอง,SKYHUNTER,1,0,0,0,0,0,0,0,0,0,0.9987
1807,SKYROVER,X1,1,0,0,1,0.0,ทั่วไป,ชื่อในช่องเอง,X1,0,0,0,0,0,0,0,0,1,0,0.9987
1808,SKYTECH,FREEX SKYVIEW,1,0,0,1,0.0,ทั่วไป,ชื่อในช่องเอง,FREEX SKYVIEW,0,1,0,0,0,0,0,0,0,0,0.9987
1809,SKYXON,V168,1,0,0,1,0.0,ทั่วไป,ชื่อในช่องเอง,V168,0,0,0,0,0,0,0,1,0,0,0.9987
1810,SMART DRONE,(ไม่ระบุ),1,0,0,1,0.0,ทั่วไป,ว่าง,-,1,0,0,0,0,0,0,0,0,0,0.9987
1811,SMART DRONE,L28,1,0,0,1,0.0,ทั่วไป,ชื่อในช่องเอง,L28,0,0,0,0,0,0,0,0,0,1,0.9988
1812,CUSTOM FPV,CUSTOM FPV,1,0,0,1,0.0,ทั่วไป,ชื่อในช่องเอง,CUSTOM FPV,0,0,0,0,0,0,1,0,0,0,0.9988
1813,D?JI,MAVIC 2 PRO,1,0,0,1,0.0,ทั่วไป,ชื่อในช่องเอง,MAVIC 2 PRO,0,0,0,0,0,0,0,1,0,0,0.9988
1814,D?JI,MINI 3 PRO,1,0,0,1,0.0,ทั่วไป,ชื่อในช่องเอง,MINI PRO 3,0,0,0,0,0,0,0,1,0,0,0.9988
1815,DAHUA TECHNOLOGY,(ไม่ระบุ),1,0,0,1,0.0,ทั่วไป,ว่าง,-,1,0,0,0,0,0,0,0,0,0,0.9988
1816,SPEEDYBEE,BEE35-03-ELRS,1,0,0,1,0.0,ทั่วไป,ชื่อในช่องเอง,BEE35-03-ELRS,0,0,0,0,0,0,0,0,0,1,0.9988
1817,SPEEDYBEE,MARIO 5,1,0,0,1,0.0,ทั่วไป,ชื่อในช่องเอง,MARIO 5,0,0,0,0,0,0,0,0,0,1,0.9988
1818,SPEEDYBEE,MASTER 5 HD,1,0,0,1,0.0,ทั่วไป,ชื่อในช่องเอง,MASTER 5 HD,0,0,0,0,0,0,1,0,0,0,0.9988
1819,SPEEDYBEE F4,MANTA 5SE,1,0,0,1,0.0,ทั่วไป,ชื่อในช่องเอง,MANTA 5SE,0,0,0,0,0,0,0,0,1,0,0.9988
1820,SRJC,F11S 4K PRO,1,0,0,1,0.0,ทั่วไป,ชื่อในช่องเอง,F11S 4K PRO,0,0,0,0,0,0,1,0,0,0,0.9988
1821,ST ENGINEERING AEROSPACE,DRN-25,1,0,0,1,0.0,ทั่วไป,ชื่อในช่องเอง,DRN-25,0,0,0,0,0,0,0,0,1,0,0.9988
1822,STD DRONE,STD4117S,1,0,1,1,1.0,เกษตร,รหัสที่ถอดไม่ได้,STD4117S,0,0,0,0,0,0,0,0,1,0,0.9988
1823,SKYETON,RAYBIRD-3,1,0,0,1,0.0,ทั่วไป,ชื่อในช่องเอง,RAYBIRD-3,0,0,0,0,1,0,0,0,0,0,0.9988
1824,SKYFRONT,PERIMETER 8 UAS / BASE MODEL (TH2.4),1,0,0,1,0.0,ทั่วไป,ชื่อในช่องเอง,PERIMETER 8 UAS / BASE MODEL (TH2.4),0,0,0,0,0,1,0,0,0,0,0.9988
1825,SKYHUNTER,(ไม่ระบุ),1,0,0,1,0.0,ทั่วไป,ว่าง,-,1,0,0,0,0,0,0,0,0,0,0.9988
1826,DARWIN FPV,CINE APE 20,1,0,0,1,0.0,ทั่วไป,ชื่อในช่องเอง,CINE APE 20,0,0,0,0,0,0,0,0,1,0,0.9988
1827,DARWIN FPV,TINY APE,1,0,0,1,0.0,ทั่วไป,ชื่อในช่องเอง,TINY APE,0,0,0,0,0,0,0,0,0,1,0.9988
1828,TAROT,TL280H,1,0,0,1,0.0,ทั่วไป,รหัสที่ถอดไม่ได้,TL280H,1,0,0,0,0,0,0,0,0,0,0.9988
1829,TAROT,TL6X001,1,0,0,1,0.0,ทั่วไป,รหัสที่ถอดไม่ได้,TL6X001,1,0,0,0,0,0,0,0,0,0,0.9988
1830,STRAW HAT AERIAL,VULTURE,1,0,0,1,0.0,ทั่วไป,ชื่อในช่องเอง,VULTURE,0,0,0,0,0,0,0,1,0,0,0.9988
1831,SUB250,CINEQUAD,1,0,0,1,0.0,ทั่วไป,ชื่อในช่องเอง,CINEQUAD,0,0,0,0,0,0,1,0,0,0,0.9989
1832,SWELLPRO,FD1 PLUS,1,0,0,1,0.0,ทั่วไป,ชื่อในช่องเอง,FD1 PLUS,0,0,0,0,0,0,0,0,1,0,0.9989
1833,SWELLPRO,SPLASH DRONE 3,1,0,0,1,0.0,ทั่วไป,ชื่อในช่องเอง,SPLASH DRONE 3,0,0,1,0,0,0,0,0,0,0,0.9989
1834,SWELLPRO,SPLASHDRONE 3+,1,0,0,1,0.0,ทั่วไป,ชื่อในช่องเอง,SPLASHDRONE 3+,0,0,0,0,0,1,0,0,0,0,0.9989
1835,SYMA,W3,1,0,0,1,0.0,ทั่วไป,ชื่อในช่องเอง,W3,0,0,0,0,0,0,1,0,0,0,0.9989
1836,SYMA,X500,1,0,0,1,0.0,ทั่วไป,ชื่อในช่องเอง,X500,0,0,0,0,0,0,0,1,0,0,0.9989
1837,SYMA,X8C,1,0,0,1,0.0,ทั่วไป,ชื่อในช่องเอง,X8C,0,1,0,0,0,0,0,0,0,0,0.9989
1838,SZ DJI,SPARK,1,0,0,1,0.0,ทั่วไป,ชื่อในช่องเอง,SPARK,0,0,0,0,0,1,0,0,0,0,0.9989
1839,SPEEDEBEE,MASTER,1,0,0,1,0.0,ทั่วไป,ชื่อในช่องเอง,MASTER,0,0,0,0,0,0,0,0,1,0,0.9989
1840,SPEEDY BEE,BEE 25,1,0,0,1,0.0,ทั่วไป,ชื่อในช่องเอง,BEE 25,0,0,0,0,0,0,0,0,1,0,0.9989
1841,CHEERSON,CX-30,1,0,0,1,0.0,ทั่วไป,ชื่อในช่องเอง,CX-30,0,1,0,0,0,0,0,0,0,0,0.9989
1842,CINELOG,CINELOG 35 HD,1,0,0,1,0.0,ทั่วไป,ชื่อในช่องเอง,CINELOG 35 HD,0,0,0,0,0,0,1,0,0,0,0.9989
1843,CRISSCROSS,DRAGONFLY,1,0,0,1,0.0,ทั่วไป,ชื่อในช่องเอง,DRAGONFLY,0,0,0,0,0,0,0,1,0,0,0.9989
1844,BETAFPV,PAVO20 PRO,1,0,0,1,0.0,ทั่วไป,ชื่อในช่องเอง,PAVO20 PRO,0,0,0,0,0,0,0,0,1,0,0.9989
1845,TEEROK,T12,1,0,0,1,0.0,ทั่วไป,ชื่อในช่องเอง,T12,0,0,0,0,0,0,1,0,0,0,0.9989
1846,TELLO,(ไม่ระบุ),1,0,0,1,0.0,ทั่วไป,ว่าง,-,0,1,0,0,0,0,0,0,0,0,0.9989
1847,TELLO,TELLO,1,0,0,1,0.0,ทั่วไป,ชื่อในช่องเอง,TELLO,0,0,1,0,0,0,0,0,0,0,0.9989
1848,THE HELICOPTER GIRLS,FLO HYBRID X8,1,0,0,1,0.0,ทั่วไป,ชื่อในช่องเอง,FLO HYBRID X8,0,0,0,0,0,1,0,0,0,0,0.9989
1849,THE X FOLD,THE X6 (SN: F24-1-04C-01-001),1,0,0,1,0.0,ทั่วไป,ชื่อในช่องเอง,THE X6 (SN: F24-1-04C-01-001),0,0,1,0,0,0,0,0,0,0,0.9989
1850,THE X FOLD,THE X8 (SN: F311-01A-01-001),1,0,0,1,0.0,ทั่วไป,ชื่อในช่องเอง,THE X8 (SN: F311-01A-01-001),0,0,1,0,0,0,0,0,0,0,0.9989
1851,SZ DJI TECHNOLOGY CO LTD,AIR 2S,1,0,0,1,0.0,ทั่วไป,ชื่อในช่องเอง,DJI AIR 2S,0,0,0,0,0,0,0,0,1,0,0.9989
1852,TAROT,270,1,0,0,1,0.0,ทั่วไป,ชื่อในช่องเอง,270,1,0,0,0,0,0,0,0,0,0,0.999
1853,TAROT,650,1,0,0,1,0.0,ทั่วไป,ชื่อในช่องเอง,650,0,1,0,0,0,0,0,0,0,0,0.999
1854,TAROT,650 SPORT,1,0,0,1,0.0,ทั่วไป,ชื่อในช่องเอง,650 SPORT,1,0,0,0,0,0,0,0,0,0,0.999
1855,TAROT,S1100,1,0,0,1,0.0,ทั่วไป,ชื่อในช่องเอง,S1100,1,0,0,0,0,0,0,0,0,0,0.999
1856,TAROT,S500,1,0,0,1,0.0,ทั่วไป,ชื่อในช่องเอง,S500,0,1,0,0,0,0,0,0,0,0,0.999
1857,TAROT,TAROT,1,0,0,1,0.0,ทั่วไป,ชื่อในช่องเอง,TAROT,1,0,0,0,0,0,0,0,0,0,0.999
1858,TAROT,TAROT 330,1,0,0,1,0.0,ทั่วไป,ชื่อในช่องเอง,TAROT 330,1,0,0,0,0,0,0,0,0,0,0.999
1859,TAROT,TL250A,1,0,0,1,0.0,ทั่วไป,รหัสที่ถอดไม่ได้,TL250A,0,1,0,0,0,0,0,0,0,0,0.999
1860,TBS,TANGO 2 PRO,1,0,0,1,0.0,ทั่วไป,ชื่อในช่องเอง,TANGO 2 PRO,0,0,0,0,0,0,0,1,0,0,0.999
1861,TBS TANGO II,TBS TANGO II,1,0,0,1,0.0,ทั่วไป,ชื่อในช่องเอง,TBS TANGO II,0,0,0,0,0,0,0,1,0,0,0.999
1862,C-FLY,FAITH 2,1,0,0,1,0.0,ทั่วไป,ชื่อในช่องเอง,FAITH 2,0,0,0,0,0,0,0,1,0,0,0.999
1863,CADDX,GOFILM 20,1,0,0,1,0.0,ทั่วไป,ชื่อในช่องเอง,GOFILM 20,0,0,0,0,0,0,0,0,1,0,0.999
1864,CADDX VISTA,PIRAT SHORTY,1,0,0,1,0.0,ทั่วไป,ชื่อในช่องเอง,PIRAT SHORTY,0,0,0,0,0,0,0,1,0,0,0.999
1865,CAMERA DRONE,MINI 2,1,0,0,1,0.0,ทั่วไป,ชื่อในช่องเอง,DJI MINI 2,0,0,0,0,0,0,0,1,0,0,0.999
1866,CFLY,FAITH MINI 2,1,0,0,1,0.0,ทั่วไป,ชื่อในช่องเอง,FAITH MINI 2,0,0,0,0,0,0,0,1,0,0,0.999
1867,CFLY,FAITH2,1,0,0,1,0.0,ทั่วไป,ชื่อในช่องเอง,FAITH2,0,0,0,0,1,0,0,0,0,0,0.999
1868,CFUAS,CHANGFENG D410,1,0,1,1,1.0,เกษตร,ชื่อในช่องเอง,CHANGFENG D410,0,0,1,0,0,0,0,0,0,0,0.999
1869,CG035,(ไม่ระบุ),1,0,0,1,0.0,ทั่วไป,ว่าง,-,1,0,0,0,0,0,0,0,0,0,0.999
1870,CG035X,CG035X,1,0,0,1,0.0,ทั่วไป,รหัสที่ถอดไม่ได้,CG035X,1,0,0,0,0,0,0,0,0,0,0.999
1871,CHASING,GLADIUS MINI,1,0,0,1,0.0,ทั่วไป,ชื่อในช่องเอง,GLADIUS MINI,0,0,0,1,0,0,0,0,0,0,0.999
1872,CHC,P316,1,0,0,1,0.0,ทั่วไป,ชื่อในช่องเอง,P316,0,0,1,0,0,0,0,0,0,0,0.9991
1873,"CHC , FUTABA",UAV P316 (R3008SB MODULE),1,0,0,1,0.0,ทั่วไป,ชื่อในช่องเอง,UAV P316 (R3008SB MODULE),0,0,1,0,0,0,0,0,0,0,0.9991
1874,CHCNAV,BB4,1,0,0,1,0.0,ทั่วไป,ชื่อในช่องเอง,BB4,0,0,0,0,1,0,0,0,0,0,0.9991
1875,BETAFPV,PAVO PICO,1,0,0,1,0.0,ทั่วไป,ชื่อในช่องเอง,PAVO PICO,0,0,0,0,0,0,0,1,0,0,0.9991
1876,BETAFPV,PAVO25,1,0,0,1,0.0,ทั่วไป,ชื่อในช่องเอง,PAVO25,0,0,0,0,0,0,0,1,0,0,0.9991
1877,BETAFPV,PAVO25V2,1,0,0,1,0.0,ทั่วไป,ชื่อในช่องเอง,PAVO25V2,0,0,0,0,0,0,0,0,1,0,0.9991
1878,BLUE CINEON,V3 AXISFLYING,1,0,0,1,0.0,ทั่วไป,ชื่อในช่องเอง,V3 AXISFLYING,0,0,0,0,0,0,0,0,1,0,0.9991
1879,BUBO,BUBO 10S,1,0,0,1,0.0,ทั่วไป,ชื่อในช่องเอง,BUBO 10S,0,0,0,0,0,0,0,0,0,1,0.9991
1880,BETA FPV,METEOR 75 PRO,1,0,0,1,0.0,ทั่วไป,ชื่อในช่องเอง,METEOR 75 PRO,0,0,0,0,0,0,0,0,1,0,0.9991
1881,BETA FPV,PARO 25,1,0,0,1,0.0,ทั่วไป,ชื่อในช่องเอง,PARO 25,0,0,0,0,0,0,0,0,1,0,0.9991
1882,BETA FPV,PAVO 20 PRO,1,0,0,1,0.0,ทั่วไป,ชื่อในช่องเอง,PAVO 20 PRO,0,0,0,0,0,0,0,0,1,0,0.9991
1883,TOYS-SKY,CSJ-X7,1,0,0,1,0.0,ทั่วไป,ชื่อในช่องเอง,CSJ-X7,0,0,0,1,0,0,0,0,0,0,0.9991
1884,TOYSKY,GM193E,1,0,0,1,0.0,ทั่วไป,รหัสที่ถอดไม่ได้,GM193E,0,0,0,0,0,0,0,1,0,0,0.9991
1885,TRACKER,JXD 523,1,0,0,1,0.0,ทั่วไป,ชื่อในช่องเอง,JXD 523,0,1,0,0,0,0,0,0,0,0,0.9991
1886,TRIMBLE,UX5 WING,1,0,0,1,0.0,ทั่วไป,ชื่อในช่องเอง,UX5 WING,1,0,0,0,0,0,0,0,0,0,0.9991
1887,TSRC,Q8,1,0,0,1,0.0,ทั่วไป,ชื่อในช่องเอง,Q8,0,0,0,0,0,0,0,1,0,0,0.9991
1888,TYH HEXACOPTER DRONE,BR 6810,1,0,0,1,0.0,ทั่วไป,ชื่อในช่องเอง,BR 6810,1,0,0,0,0,0,0,0,0,0,0.9991
1889,TYI,TYI8-10L,1,0,1,1,1.0,เกษตร,ชื่อในช่องเอง,TYI8-10L,0,0,0,1,0,0,0,0,0,0,0.9991
1890,TYPHOON,H,1,0,0,1,0.0,ทั่วไป,ชื่อในช่องเอง,H,0,0,0,0,1,0,0,0,0,0,0.9991
1891,TAROT,X-700,1,0,0,1,0.0,ทั่วไป,ชื่อในช่องเอง,X-700,1,0,0,0,0,0,0,0,0,0,0.9991
1892,WINGTRAONE,WINGTRAONE,1,0,0,1,0.0,ทั่วไป,ชื่อในช่องเอง,WINGTRAONE,0,0,1,0,0,0,0,0,0,0,0.9991
1893,UDI R/C,U842,1,0,0,1,0.0,ทั่วไป,ชื่อในช่องเอง,U842,1,0,0,0,0,0,0,0,0,0,0.9992
1894,UPAIR,UPAIRONE,1,0,0,1,0.0,ทั่วไป,ชื่อในช่องเอง,UPAIRONE,0,0,1,0,0,0,0,0,0,0,0.9992
1895,VCI,DOVE,1,0,0,1,0.0,ทั่วไป,ชื่อในช่องเอง,DOVE,0,0,0,0,0,0,0,1,0,0,0.9992
1896,VELOX,FPV,1,0,0,1,0.0,ทั่วไป,ชื่อในช่องเอง,FPV,0,0,0,0,0,0,1,0,0,0,0.9992
1897,VISUO,SG-700,1,0,0,1,0.0,ทั่วไป,ชื่อในช่องเอง,SG-700,0,0,1,0,0,0,0,0,0,0,0.9992
1898,VISUO,XS809HW,1,0,0,1,0.0,ทั่วไป,รหัสที่ถอดไม่ได้,XS809HW,1,0,0,0,0,0,0,0,0,0,0.9992
1899,VOLIRO,VOLIRO T,1,0,0,1,0.0,ทั่วไป,ชื่อในช่องเอง,VOLIRO T,0,0,0,0,0,1,0,0,0,0,0.9992
1900,VTI,FVP DUO,1,0,0,1,0.0,ทั่วไป,ชื่อในช่องเอง,FVP DUO,0,0,0,0,0,0,0,1,0,0,0.9992
1901,VTI,PHOENIX 2.0,1,0,0,1,0.0,ทั่วไป,ชื่อในช่องเอง,PHOENIX 2.0,0,0,0,0,0,0,0,1,0,0,0.9992
1902,WAKERA,SCOUT X4,1,0,0,1,0.0,ทั่วไป,ชื่อในช่องเอง,SCOUT X4,0,1,0,0,0,0,0,0,0,0,0.9992
1903,WALKERA,FURIOUS-320,1,0,0,1,0.0,ทั่วไป,ชื่อในช่องเอง,FURIOUS-320,1,0,0,0,0,0,0,0,0,0,0.9992
1904,TLS,TL-111,1,0,0,1,0.0,ทั่วไป,ชื่อในช่องเอง,TL-111,0,0,0,0,1,0,0,0,0,0,0.9992
1905,TOLADRONE,TD 12 PRO,1,0,0,1,0.0,ทั่วไป,ชื่อในช่องเอง,TD 12 PRO,0,0,0,0,0,0,0,1,0,0,0.9992
1906,TOP ENGINEERING,PIGEON-C 200E,1,0,0,1,0.0,ทั่วไป,ชื่อในช่องเอง,PIGEON-C 200E,0,0,0,1,0,0,0,0,0,0,0.9992
1907,BETAFPV,PAVO20PRO,1,0,0,1,0.0,ทั่วไป,ชื่อในช่องเอง,PAVO20PRO,0,0,0,0,0,0,0,0,1,0,0.9992
1908,BETAFLIGHT,PAVO PICO,1,0,0,1,0.0,ทั่วไป,ชื่อในช่องเอง,PAVO PICO,0,0,0,0,0,0,0,1,0,0,0.9992
1909,BETAFLIGHT,PAVO20 PRO,1,0,0,1,0.0,ทั่วไป,ชื่อในช่องเอง,PAVO20 PRO,0,0,0,0,0,0,0,0,0,1,0.9992
1910,BETAFPV,METEOR 75 PRO,1,0,0,1,0.0,ทั่วไป,ชื่อในช่องเอง,METEOR 75 PRO,0,0,0,0,0,0,0,0,0,1,0.9992
1911,BETAFPV,METEOR 75 PRO O4,1,0,0,1,0.0,ทั่วไป,ชื่อในช่องเอง,METEOR 75 PRO O4,0,0,0,0,0,0,0,0,0,1,0.9992
1912,BETAFPV,METEOR75 PRO O4,1,0,0,1,0.0,ทั่วไป,ชื่อในช่องเอง,METEOR75 PRO O4,0,0,0,0,0,0,0,0,1,0,0.9992
1913,BETAFPV,PAVO 20 PRO II,1,0,0,1,0.0,ทั่วไป,ชื่อในช่องเอง,PAVO 20 PRO II,0,0,0,0,0,0,0,0,0,1,0.9992
1914,BETAFPV,PAVO FEMTO,1,0,0,1,0.0,ทั่วไป,ชื่อในช่องเอง,PAVO FEMTO,0,0,0,0,0,0,0,0,1,0,0.9993
1915,AVILON ROBOTICS,GRYPHON HEAVY /EX,1,0,0,1,0.0,ทั่วไป,ชื่อในช่องเอง,GRYPHON HEAVY /EX,0,0,0,0,0,1,0,0,0,0,0.9993
1916,WALKERA,VITUS 320,1,0,0,1,0.0,ทั่วไป,ชื่อในช่องเอง,VITUS 320,1,0,0,0,0,0,0,0,0,0,0.9993
1917,WINGS WORLD WIDE,TAPEE 02,1,0,0,1,0.0,ทั่วไป,ชื่อในช่องเอง,TAPEE 02,0,0,0,0,0,0,0,0,1,0,0.9993
1918,WINGS WORLD WIDE,U-WING1,1,0,0,1,0.0,ทั่วไป,ชื่อในช่องเอง,U-WING1,0,0,0,0,0,0,0,0,1,0,0.9993
1919,WINGSLAND,M5,1,0,0,1,0.0,ทั่วไป,ชื่อในช่องเอง,M5,0,1,0,0,0,0,0,0,0,0,0.9993
1920,WINGSLAND,WINGSLAND S6,1,0,0,1,0.0,ทั่วไป,ชื่อในช่องเอง,WINGSLAND S6,1,0,0,0,0,0,0,0,0,0,0.9993
1921,WINGSLAND S6,S6,1,0,0,1,0.0,ทั่วไป,ชื่อในช่องเอง,S6,1,0,0,0,0,0,0,0,0,0,0.9993
1922,WINGTRA,WINGTRAONE GEN II /TARANIS X9D PLUS(REMOTE),1,0,0,1,0.0,ทั่วไป,ชื่อในช่องเอง,WINGTRAONE GEN II(DRONE)/TARANIS X9D PLUS(REMOTE),0,0,0,0,0,0,0,0,0,1,0.9993
1923,WINGTRA,WINGTRAONE GEN LL,1,0,0,1,0.0,ทั่วไป,ชื่อในช่องเอง,WINGTRAONE GEN LL (DRONE),0,0,0,0,0,0,0,1,0,0,0.9993
1924,AXISFLYING,MANTA 5,1,0,0,1,0.0,ทั่วไป,ชื่อในช่องเอง,MANTA 5,0,0,0,0,0,0,0,0,1,0,0.9993
1925,AXISFLYING,MANTA 5 SE DC,1,0,0,1,0.0,ทั่วไป,ชื่อในช่องเอง,MANTA 5 SE DC,0,0,0,0,0,0,0,0,1,0,0.9993
1926,BAO NIU,HC635,1,0,0,1,0.0,ทั่วไป,รหัสที่ถอดไม่ได้,HC635,1,0,0,0,0,0,0,0,0,0,0.9993
1927,BAYANGTOYS,(ไม่ระบุ),1,0,0,1,0.0,ทั่วไป,ว่าง,-,1,0,0,0,0,0,0,0,0,0,0.9993
1928,BEAST,SG 906,1,0,0,1,0.0,ทั่วไป,ชื่อในช่องเอง,SG 906,0,0,0,0,0,0,0,1,0,0,0.9993
1929,"BEIJING FIMI TECHNOLOGY CO., LTD.",FMWRJ03A6,1,0,0,1,0.0,ทั่วไป,ชื่อในช่องเอง,FMWRJ03A6,0,0,0,0,0,1,0,0,0,0,0.9993
1930,BETA FPV,AIR 75,1,0,0,1,0.0,ทั่วไป,ชื่อในช่องเอง,AIR 75,0,0,0,0,0,0,0,0,0,1,0.9993
1931,AUTEL ROBOTICS,EVO PRO2 6K,1,0,0,1,0.0,ทั่วไป,ชื่อในช่องเอง,EVO PRO2 6K,0,0,0,0,1,0,0,0,0,0,0.9993
1932,AUTEL ROBOTICS,EVO2 PRO,1,0,0,1,0.0,ทั่วไป,ชื่อในช่องเอง,EVO2 PRO,0,0,0,0,0,0,1,0,0,0,0.9993
1933,WL TOY,Q333-A,1,0,0,1,0.0,ทั่วไป,ชื่อในช่องเอง,Q333-A,1,0,0,0,0,0,0,0,0,0,0.9993
1934,WL TOY,Q696E,1,0,0,1,0.0,ทั่วไป,ชื่อในช่องเอง,Q696E,1,0,0,0,0,0,0,0,0,0,0.9994
1935,WL TOY,X380,1,0,0,1,0.0,ทั่วไป,ชื่อในช่องเอง,X380,1,0,0,0,0,0,0,0,0,0,0.9994
1936,WL TOYS,Q323E,1,0,0,1,0.0,ทั่วไป,ชื่อในช่องเอง,Q323E,1,0,0,0,0,0,0,0,0,0,0.9994
1937,WLQ 696 E,696 E,1,0,0,1,0.0,ทั่วไป,ชื่อในช่องเอง,696 E,1,0,0,0,0,0,0,0,0,0,0.9994
1938,BETA FPV,PAVO 25 V2,1,0,0,1,0.0,ทั่วไป,ชื่อในช่องเอง,PAVO 25 V2,0,0,0,0,0,0,0,0,0,1,0.9994
1939,BETAFLIGHT,AIR 75,1,0,0,1,0.0,ทั่วไป,ชื่อในช่องเอง,AIR 75,0,0,0,0,0,0,0,0,1,0,0.9994
1940,AVIATOR,8811 PRO,1,0,0,1,0.0,ทั่วไป,ชื่อในช่องเอง,8811 PRO,0,0,0,0,1,0,0,0,0,0,0.9994
1941,AVILON,ATX-Q4,1,0,0,1,0.0,ทั่วไป,ชื่อในช่องเอง,ATX-Q4,0,0,1,0,0,0,0,0,0,0,0.9994
1942,AUTEL ROBOTICS,EVO II V3,1,0,0,1,0.0,ทั่วไป,ชื่อในช่องเอง,EVO II V3,0,0,0,0,0,0,0,0,1,0,0.9994
1943,AUTEL ROBOTICS,EVO LIGHT PLUS,1,0,0,1,0.0,ทั่วไป,ชื่อในช่องเอง,EVO LIGHT PLUS,0,0,0,0,0,0,0,1,0,0,0.9994
1944,XAG,P30,1,0,1,1,1.0,เกษตร,ชื่อในช่องเอง,P30,0,0,0,0,0,1,0,0,0,0,0.9994
1945,XER,X8,1,0,0,1,0.0,ทั่วไป,ชื่อในช่องเอง,X8 (TH),0,0,0,0,0,0,0,1,0,0,0.9994
1946,XIAOMI,(ไม่ระบุ),1,0,0,1,0.0,ทั่วไป,ว่าง,-,0,1,0,0,0,0,0,0,0,0,0.9994
1947,XIAOMI,FIMI A3,1,0,0,1,0.0,ทั่วไป,ชื่อในช่องเอง,FIMI A3,0,0,1,0,0,0,0,0,0,0,0.9994
1948,XIAOMI,FIMI MINI 3,1,0,0,1,0.0,ทั่วไป,ชื่อในช่องเอง,FIMI MINI 3,0,0,0,0,0,0,0,0,1,0,0.9994
1949,XIAOMI,FIMI X8 MINI,1,0,0,1,0.0,ทั่วไป,ชื่อในช่องเอง,FIMI X8 MINI,0,0,0,0,0,1,0,0,0,0,0.9994
1950,XIAOMI,MI DRONE 1080P,1,0,0,1,0.0,ทั่วไป,ชื่อในช่องเอง,MI DRONE 1080P,0,0,0,0,1,0,0,0,0,0,0.9994
1951,WL TOY,(ไม่ระบุ),1,0,0,1,0.0,ทั่วไป,ว่าง,-,0,1,0,0,0,0,0,0,0,0,0.9994
1952,WL TOY,Q323,1,0,0,1,0.0,ทั่วไป,ชื่อในช่องเอง,Q323,1,0,0,0,0,0,0,0,0,0,0.9994
1953,AXIS,MANTA,1,0,0,1,0.0,ทั่วไป,ชื่อในช่องเอง,MANTA,0,0,0,0,0,0,0,0,1,0,0.9994
1954,AXISFLYING,(ไม่ระบุ),1,0,0,1,0.0,ทั่วไป,ว่าง,-,0,0,0,0,0,0,0,0,1,0,0.9994
1955,AXISFLYING,CINEON C20,1,0,0,1,0.0,ทั่วไป,ชื่อในช่องเอง,CINEON C20,0,0,0,0,0,0,0,0,1,0,0.9995
1956,AUTEL ROBOTICS,EVO LL DUAL,1,0,0,1,0.0,ทั่วไป,ชื่อในช่องเอง,EVO LL DUAL,0,0,0,0,0,0,1,0,0,0,0.9995
1957,AUTEL ROBOTICS,EVO MAX 4T TH,1,0,0,1,0.0,ทั่วไป,ชื่อในช่องเอง,EVO MAX 4T TH,0,0,0,0,0,0,0,1,0,0,0.9995
1958,ASTA,AGL-10,1,0,1,1,1.0,เกษตร,ชื่อในช่องเอง,AGL-10,0,0,1,0,0,0,0,0,0,0,0.9995
1959,XIRO,EXPLORER MINI,1,0,0,1,0.0,ทั่วไป,ชื่อในช่องเอง,EXPLORER MINI,0,0,0,0,0,0,1,0,0,0,0.9995
1960,XIRO,EXPLORER V,1,0,0,1,0.0,ทั่วไป,ชื่อในช่องเอง,EXPLORER V,1,0,0,0,0,0,0,0,0,0,0.9995
1961,XIRO,EXPLOVER V,1,0,0,1,0.0,ทั่วไป,ชื่อในช่องเอง,EXPLOVER V,1,0,0,0,0,0,0,0,0,0,0.9995
1962,XIRO,XPIOVER V,1,0,0,1,0.0,ทั่วไป,ชื่อในช่องเอง,XPIOVER V,1,0,0,0,0,0,0,0,0,0,0.9995
1963,XIRO,XPLOER MINI,1,0,0,1,0.0,ทั่วไป,ชื่อในช่องเอง,XPLOER MINI,0,0,0,1,0,0,0,0,0,0,0.9995
1964,XIRO,XPLORER 4 K,1,0,0,1,0.0,ทั่วไป,ชื่อในช่องเอง,XPLORER 4 K,1,0,0,0,0,0,0,0,0,0,0.9995
1965,XIRO,XPLORER G,1,0,0,1,0.0,ทั่วไป,ชื่อในช่องเอง,XPLORER G,1,0,0,0,0,0,0,0,0,0,0.9995
1966,XIRO,XPLORER UA3500,1,0,0,1,0.0,ทั่วไป,ชื่อในช่องเอง,XPLORER UA3500,0,1,0,0,0,0,0,0,0,0,0.9995
1967,XK DETECT,X380,1,0,0,1,0.0,ทั่วไป,ชื่อในช่องเอง,X380,1,0,0,0,0,0,0,0,0,0,0.9995
1968,XAG,3WWDZ-60AT,1,0,1,1,1.0,เกษตร,รหัสที่ถอดไม่ได้,3WWDZ-60AT,0,0,0,0,0,0,0,0,1,0,0.9995
1969,AUTEL ROBOTICS,LITE PLUS,1,0,0,1,0.0,ทั่วไป,ชื่อในช่องเอง,LITE PLUS,0,0,0,0,0,0,1,0,0,0,0.9995
1970,AUTEL ROBOTICS,NANO +,1,0,0,1,0.0,ทั่วไป,ชื่อในช่องเอง,NANO +,0,0,0,0,0,0,1,0,0,0,0.9995
1971,AUTEL ROBOTICS,X-STAR PREMIUM,1,0,0,1,0.0,ทั่วไป,ชื่อในช่องเอง,X-STAR PREMIUM,1,0,0,0,0,0,0,0,0,0,0.9995
1972,AUTEL ROBOTICS,DRAGONFISH STANDARD,1,0,0,1,0.0,ทั่วไป,ชื่อในช่องเอง,DRAGONFISH STANDARD (TH),0,0,0,0,0,0,0,0,0,1,0.9995
1973,AUTEL ROBOTICS,EVO II DUAL 640T RTK V3,1,0,0,1,0.0,ทั่วไป,ชื่อในช่องเอง,EVO II DUAL 640T RTK V3,0,0,0,0,0,0,0,1,0,0,0.9995
1974,AUTEL ROBOTICS,EVO II PRO 6K,1,0,0,1,0.0,ทั่วไป,ชื่อในช่องเอง,EVO II PRO 6K,0,0,0,0,0,0,1,0,0,0,0.9995
1975,AUTEL ROBOTICS,EVO II PRO V2 : MODEL MDCAP,1,0,0,1,0.0,ทั่วไป,ชื่อในช่องเอง,EVO II PRO V2 : MODEL MDCAP,0,0,0,0,0,0,0,0,1,0,0.9996
1976,AUTEL ROBOTICS,EVO II PRO V2 MODEL: MDCAP,1,0,0,1,0.0,ทั่วไป,ชื่อในช่องเอง,EVO II PRO V2 MODEL: MDCAP,0,0,0,0,0,0,1,0,0,0,0.9996
1977,AONIC,MIST 25006 V.1,1,0,1,1,1.0,เกษตร,ชื่อในช่องเอง,MIST 25006 V.1,0,0,0,0,0,0,0,0,0,1,0.9996
1978,YAMAHA UNMANNED HELICOPTER,FAZER R AP,1,0,1,1,1.0,เกษตร,ชื่อในช่องเอง,FAZER R AP,0,0,0,0,0,0,0,1,0,0,0.9996
1979,YLR/C,MX MODEL MIRAGE,1,0,0,1,0.0,ทั่วไป,ชื่อในช่องเอง,MX MODEL MIRAGE,0,0,0,0,0,0,1,0,0,0,0.9996
1980,YUNEEC,(ไม่ระบุ),1,0,0,1,0.0,ทั่วไป,ว่าง,-,0,1,0,0,0,0,0,0,0,0,0.9996
1981,YUNEEC,H520,1,0,0,1,0.0,ทั่วไป,ชื่อในช่องเอง,H520,1,0,0,0,0,0,0,0,0,0,0.9996
1982,YUNEEC,H850,1,0,0,1,0.0,ทั่วไป,ชื่อในช่องเอง,H850,0,0,0,0,0,0,0,1,0,0,0.9996
1983,YUNEEC,TYPHOON,1,0,0,1,0.0,ทั่วไป,ชื่อในช่องเอง,TYPHOON,0,0,1,0,0,0,0,0,0,0,0.9996
1984,YUNEEC,TYPHOON BREEZE 4K,1,0,0,1,0.0,ทั่วไป,ชื่อในช่องเอง,TYPHOON BREEZE 4K,0,1,0,0,0,0,0,0,0,0,0.9996
1985,YUNEEC,TYPHOON G,1,0,0,1,0.0,ทั่วไป,ชื่อในช่องเอง,TYPHOON G,0,1,0,0,0,0,0,0,0,0,0.9996
1986,XIAOMI FIMI,X8 SE / FMWRJ02A5,1,0,0,1,0.0,ทั่วไป,ชื่อในช่องเอง,X8 SE / FMWRJ02A5,0,0,0,0,0,0,1,0,0,0,0.9996
1987,XIN KAI YANG,KY901,1,0,0,1,0.0,ทั่วไป,รหัสที่ถอดไม่ได้,KY901,1,0,0,0,0,0,0,0,0,0,0.9996
1988,AONIC,MIST MAX,1,0,1,1,1.0,เกษตร,ชื่อในช่องเอง,MIST MAX,0,0,0,0,0,0,0,0,0,1,0.9996
1989,AOS,"3,5 INCH",1,0,0,1,0.0,ทั่วไป,ชื่อในช่องเอง,"3,5 INCH",0,0,0,0,0,0,0,1,0,0,0.9996
1990,AOS,AOS 5 V5,1,0,0,1,0.0,ทั่วไป,ชื่อในช่องเอง,AOS 5 V5,0,0,0,0,0,0,0,0,0,1,0.9996
1991,AOS 3.5 DJI 04 PRO,AOS 3.5 DJI 04 PRO,1,0,0,1,0.0,ทั่วไป,ชื่อในช่องเอง,AOS 3.5 DJI 04 PRO,0,0,0,0,0,0,0,0,0,1,0.9996
1992,AOSENMA,CG035,1,0,0,1,0.0,ทั่วไป,รหัสที่ถอดไม่ได้,CG035,1,0,0,0,0,0,0,0,0,0,0.9996
1993,APEX,5,1,0,0,1,0.0,ทั่วไป,ชื่อในช่องเอง,5,0,0,0,0,0,0,0,1,0,0,0.9996
1994,APEX,FPV,1,0,0,1,0.0,ทั่วไป,ชื่อในช่องเอง,FPV,0,0,0,0,0,0,0,1,0,0,0.9996
1995,APEX 5,APEX 5 WITH DJI O3 AIR UNIT,1,0,0,1,0.0,ทั่วไป,ชื่อในช่องเอง,APEX 5 WITH DJI O3 AIR UNIT,0,0,0,0,0,0,0,1,0,0,0.9996
1996,APEXLR,EVO 7,1,0,0,1,0.0,ทั่วไป,ชื่อในช่องเอง,EVO 7,0,0,0,0,0,0,1,0,0,0,0.9997
1997,ARMATTAN,CHAMELEON,1,0,0,1,0.0,ทั่วไป,ชื่อในช่องเอง,CHAMELEON,1,0,0,0,0,0,0,0,0,0,0.9997
1998,YUNEEC,YUNMQEU,1,0,0,1,0.0,ทั่วไป,ชื่อในช่องเอง,YUNMQEU,0,0,1,0,0,0,0,0,0,0,0.9997
1999,YUREN,3WDM8-20,1,0,1,1,1.0,เกษตร,ชื่อในช่องเอง,3WDM8-20,0,0,1,0,0,0,0,0,0,0,0.9997
2000,ZERO ZERO ROBOTICS,HOVERAIR X1 PROMAX,1,0,0,1,0.0,ทั่วไป,ชื่อในช่องเอง,HOVERAIR X1 PROMAX,0,0,0,0,0,0,0,1,0,0,0.9997
2001,ZERO ZERO ROBOTICS,ZZ-H-1-001,1,0,0,1,0.0,ทั่วไป,ชื่อในช่องเอง,ZZ-H-1-001,0,0,0,0,0,0,0,1,0,0,0.9997
2002,ZIRC,SG906PRO 3 MAX,1,0,0,1,0.0,ทั่วไป,ชื่อในช่องเอง,SG906PRO 3 MAX,0,0,0,0,1,0,0,0,0,0,0.9997
2003,XK-INNOVATION,X300,1,0,0,1,0.0,ทั่วไป,ชื่อในช่องเอง,X300,1,0,0,0,0,0,0,0,0,0,0.9997
2004,ประกอบเอง,GERX210,1,0,0,1,0.0,ทั่วไป,ชื่อในช่องเอง,GERX210,1,0,0,0,0,0,0,0,0,0,0.9997
2005,ประกอบเอง,GRIM REAPER,1,0,0,1,0.0,ทั่วไป,ชื่อในช่องเอง,GRIM REAPER,1,0,0,0,0,0,0,0,0,0,0.9997
2006,ZLL,KUN SG908 MAX,1,0,0,1,0.0,ทั่วไป,ชื่อในช่องเอง,KUN SG908 MAX,0,0,0,0,0,1,0,0,0,0,0.9997
2007,ZLL,SG 907 MAX,1,0,0,1,0.0,ทั่วไป,ชื่อในช่องเอง,SG 907 MAX,0,0,0,0,0,0,0,1,0,0,0.9997
2008,ZLL,SG 909,1,0,0,1,0.0,ทั่วไป,ชื่อในช่องเอง,SG 909,0,0,0,0,0,0,0,0,1,0,0.9997
2009,ZLL,SG-909,1,0,0,1,0.0,ทั่วไป,ชื่อในช่องเอง,SG-909,0,0,0,0,0,0,0,0,1,0,0.9997
2010,ZLL,SG906 MAX2,1,0,0,1,0.0,ทั่วไป,ชื่อในช่องเอง,SG906 MAX2,0,0,0,0,0,1,0,0,0,0,0.9997
2011,ZLL,SG906MAXPRO,1,0,0,1,0.0,ทั่วไป,ชื่อในช่องเอง,SG906MAXPRO,0,0,0,0,0,1,0,0,0,0,0.9997
2012,ZLL FIRST QUDCOPTER,SG 906 MAX,1,0,0,1,0.0,ทั่วไป,ชื่อในช่องเอง,SG 906 MAX,0,0,0,0,0,0,1,0,0,0,0.9997
2013,ZLRC BEAST,SG906 PRO,1,0,0,1,0.0,ทั่วไป,ชื่อในช่องเอง,SG906 PRO,0,0,0,0,1,0,0,0,0,0,0.9997
2014,ประกอบเอง,220,1,0,0,1,0.0,ทั่วไป,ชื่อในช่องเอง,220,1,0,0,0,0,0,0,0,0,0,0.9997
2015,ประกอบเอง,5800 EVO,1,0,0,1,0.0,ทั่วไป,ชื่อในช่องเอง,5800 EVO,1,0,0,0,0,0,0,0,0,0,0.9997
2016,ประกอบเอง,650 SPORT,1,0,0,1,0.0,ทั่วไป,ชื่อในช่องเอง,650 SPORT,1,0,0,0,0,0,0,0,0,0,0.9998
2017,ประกอบเอง,ALOGN,1,0,0,1,0.0,ทั่วไป,ชื่อในช่องเอง,ALOGN,1,0,0,0,0,0,0,0,0,0,0.9998
2018,ประกอบเอง,BA5L,1,0,1,1,1.0,เกษตร,รหัสที่ถอดไม่ได้,BA5L,0,0,1,0,0,0,0,0,0,0,0.9998
2019,YUNEEC,TYPHOON Q500,1,0,0,1,0.0,ทั่วไป,ชื่อในช่องเอง,TYPHOON Q500,0,1,0,0,0,0,0,0,0,0,0.9998
2020,AMETA,DR-ATS 21G,1,0,0,1,0.0,ทั่วไป,ชื่อในช่องเอง,DR-ATS 21G,0,0,0,0,0,0,0,0,0,1,0.9998
2021,AMETA,S20 PRO,1,0,0,1,0.0,ทั่วไป,ชื่อในช่องเอง,S20 PRO,0,0,0,0,0,0,0,0,0,1,0.9998
2022,ANTIGRAVITY,ANTIGRAVITY A1,1,0,0,1,0.0,ทั่วไป,ชื่อในช่องเอง,ANTIGRAVITY A1,0,0,0,0,0,0,0,0,0,1,0.9998
2023,ANTIGRAVITY A,A1,1,0,0,1,0.0,ทั่วไป,ชื่อในช่องเอง,A1,0,0,0,0,0,0,0,0,0,1,0.9998
2024,ANTIGRAVITY A1,DE001,1,0,0,1,0.0,ทั่วไป,รหัสที่ถอดไม่ได้,DE001,0,0,0,0,0,0,0,0,0,1,0.9998
2025,AERO DRONE,JYI-10L,1,0,1,1,1.0,เกษตร,ชื่อในช่องเอง,JYI-10L,0,0,0,0,0,0,1,0,0,0,0.9998
2026,AEROO,PRO,1,0,0,1,0.0,ทั่วไป,ชื่อในช่องเอง,PRO,0,0,0,0,0,0,0,0,0,1,0.9998
2027,ประกอบเอง,DRAGONFLY,1,0,0,1,0.0,ทั่วไป,ชื่อในช่องเอง,DRAGONFLY,1,0,0,0,0,0,0,0,0,0,0.9998
2028,ประกอบเอง,DRAGONFLY 3,1,0,0,1,0.0,ทั่วไป,ชื่อในช่องเอง,DRAGONFLY 3,1,0,0,0,0,0,0,0,0,0,0.9998
2029,ประกอบเอง,DREAM FLY,1,0,0,1,0.0,ทั่วไป,ชื่อในช่องเอง,DREAM FLY,1,0,0,0,0,0,0,0,0,0,0.9998
2030,ประกอบเอง,EAGLE BRATHER,1,0,0,1,0.0,ทั่วไป,ชื่อในช่องเอง,EAGLE BRATHER,1,0,0,0,0,0,0,0,0,0,0.9998
2031,ประกอบเอง,EMAX250 PRO,1,0,0,1,0.0,ทั่วไป,ชื่อในช่องเอง,EMAX250 PRO,1,0,0,0,0,0,0,0,0,0,0.9998
2032,ประกอบเอง,F330,1,0,0,1,0.0,ทั่วไป,ชื่อในช่องเอง,F330,0,1,0,0,0,0,0,0,0,0,0.9998
2033,ประกอบเอง,FACON 210,1,0,0,1,0.0,ทั่วไป,ชื่อในช่องเอง,FACON 210,1,0,0,0,0,0,0,0,0,0,0.9998
2034,ประกอบเอง,FY450,1,0,1,1,1.0,เกษตร,รหัสที่ถอดไม่ได้,FY450,1,0,0,0,0,0,0,0,0,0,0.9998
2035,ประกอบเอง,GER 210,1,0,0,1,0.0,ทั่วไป,ชื่อในช่องเอง,GER 210,1,0,0,0,0,0,0,0,0,0,0.9998
2036,ประกอบเอง,XNOVA HYPER,1,0,0,1,0.0,ทั่วไป,ชื่อในช่องเอง,XNOVA HYPER,1,0,0,0,0,0,0,0,0,0,0.9998
2037,3D RACER,STORMBREAKER,1,0,0,1,0.0,ทั่วไป,ชื่อในช่องเอง,STORMBREAKER,0,0,0,0,0,0,0,1,0,0,0.9999
2038,3DR,(ไม่ระบุ),1,0,0,1,0.0,ทั่วไป,ว่าง,-,0,1,0,0,0,0,0,0,0,0,0.9999
2039,เครื่องประกอบ IMPULSE RC ALIEN 5,ไม่ะบุ,1,0,0,1,0.0,ทั่วไป,ชื่อในช่องเอง,ไม่ะบุ,1,0,0,0,0,0,0,0,0,0,0.9999
2040,เครื่องประกอบ IX5 RACER,ไม่ะบุ,1,0,0,1,0.0,ทั่วไป,ชื่อในช่องเอง,ไม่ะบุ,1,0,0,0,0,0,0,0,0,0,0.9999
2041,เครื่องประกอบเอง,S500,1,0,0,1,0.0,ทั่วไป,ชื่อในช่องเอง,S500,1,0,0,0,0,0,0,0,0,0,0.9999
2042,เครื่องประกอบเอง,S550,1,0,0,1,0.0,ทั่วไป,ชื่อในช่องเอง,S550,1,0,0,0,0,0,0,0,0,0,0.9999
2043,ไม่ระบุยี่ห้อ,(ไม่ระบุ),1,0,0,1,0.0,ทั่วไป,ว่าง,-,1,0,0,0,0,0,0,0,0,0,0.9999
2044,ไม่ระบุยี่ห้อ,X-21,1,0,0,1,0.0,ทั่วไป,ชื่อในช่องเอง,X-21,1,0,0,0,0,0,0,0,0,0,0.9999
2045,1581F8LQ4259K002Q14D,MAVIC 4 PRO,1,0,0,1,0.0,ทั่วไป,ชื่อในช่องเอง,MAVIC 4 PRO,0,0,0,0,0,0,0,0,0,1,0.9999
2046,ประกอบเอง,HC 628,1,0,0,1,0.0,ทั่วไป,ชื่อในช่องเอง,HC 628,0,1,0,0,0,0,0,0,0,0,0.9999
2047,ประกอบเอง,JY018,1,0,0,1,0.0,ทั่วไป,รหัสที่ถอดไม่ได้,JY018,0,1,0,0,0,0,0,0,0,0,0.9999
2048,AG,AGRAS T20,1,0,1,1,1.0,เกษตร,ชื่อในช่องเอง,AGRAS T20,0,0,0,0,0,0,0,0,1,0,0.9999
2049,AGEAGLE,EBEE VISION,1,0,0,1,0.0,ทั่วไป,ชื่อในช่องเอง,EBEE VISION,0,0,0,0,0,0,0,0,1,0,0.9999
2050,AGGIE DRONE,AG10T,1,0,1,1,1.0,เกษตร,รหัสที่ถอดไม่ได้,AG10T,0,0,0,0,0,1,0,0,0,0,0.9999
2051,AGR,A16,1,0,1,1,1.0,เกษตร,ชื่อในช่องเอง,A16,0,0,0,1,0,0,0,0,0,0,0.9999
2052,AE,AE 30,1,0,0,1,0.0,ทั่วไป,ชื่อในช่องเอง,AE 30,0,0,0,0,0,0,0,0,0,1,0.9999
2053,AERIAL TRONICS,ALTURA ZENITH ATX8,1,0,0,1,0.0,ทั่วไป,ชื่อในช่องเอง,ALTURA ZENITH ATX8,0,0,1,0,0,0,0,0,0,0,0.9999
2054,ประกอบเอง,ไม่ระบุ,1,0,0,1,0.0,ทั่วไป,ชื่อในช่องเอง,ไม่ระบุ,1,0,0,0,0,0,0,0,0,0,0.9999
2055,เครื่องประกอบ DC210,ไม่ะบุ,1,0,0,1,0.0,ทั่วไป,ชื่อในช่องเอง,ไม่ะบุ,1,0,0,0,0,0,0,0,0,0,0.9999
2056,ประกอบเอง,SPREADING WINGS S1000,1,0,0,1,0.0,ทั่วไป,ชื่อในช่องเอง,SPREADING WINGS S1000,1,0,0,0,0,0,0,0,0,0,0.9999
2057,ประกอบเอง,TBS DISCOVERY,1,0,0,1,0.0,ทั่วไป,ชื่อในช่องเอง,TBS DISCOVERY,1,0,0,0,0,0,0,0,0,0,1.0
2058,ประกอบเอง,THOR 210,1,0,0,1,0.0,ทั่วไป,ชื่อในช่องเอง,THOR 210,1,0,0,0,0,0,0,0,0,0,1.0
2059,ประกอบเอง,TRP 230,1,0,0,1,0.0,ทั่วไป,ชื่อในช่องเอง,TRP 230,1,0,0,0,0,0,0,0,0,0,1.0
2060,ประกอบเอง,TRP230,1,0,0,1,0.0,ทั่วไป,รหัสที่ถอดไม่ได้,TRP230,1,0,0,0,0,0,0,0,0,0,1.0
2061,ประกอบเอง,TYPHOON 14,1,0,0,1,0.0,ทั่วไป,ชื่อในช่องเอง,TYPHOON 14,1,0,0,0,0,0,0,0,0,0,1.0
2062,ประกอบเอง,V666,1,0,0,1,0.0,ทั่วไป,ชื่อในช่องเอง,V666,1,0,0,0,0,0,0,0,0,0,1.0
2063,ประกอบเอง,VX210,1,0,0,1,0.0,ทั่วไป,รหัสที่ถอดไม่ได้,VX210,1,0,0,0,0,0,0,0,0,0,1.0
2064,ประกอบเอง,WALKERA RODEO150,1,0,0,1,0.0,ทั่วไป,ชื่อในช่องเอง,WALKERA RODEO150,1,0,0,0,0,0,0,0,0,0,1.0
2065,ประกอบเอง,X4,1,0,0,1,0.0,ทั่วไป,ชื่อในช่องเอง,X4,1,0,0,0,0,0,0,0,0,0,1.0
2066,ประกอบเอง,X6,1,0,0,1,0.0,ทั่วไป,ชื่อในช่องเอง,X6,1,0,0,0,0,0,0,0,0,0,1.0
2067,ประกอบเอง,X8 PRO,1,0,0,1,0.0,ทั่วไป,ชื่อในช่องเอง,X8 PRO,1,0,0,0,0,0,0,0,0,0,1.0
