brand,model,year,is_combo,resolved_via,units
-,(ไม่ระบุ),2017,False,ว่าง,3
-,(ไม่ระบุ),2018,False,ว่าง,9
-,(ไม่ระบุ),2019,False,ว่าง,8
-,(ไม่ระบุ),2020,False,ว่าง,2
1581F6Z9C24CK0039HSK,MINI 4 PRO,2026,False,ชื่อในช่องเอง,1
1581F8LQ4259K002Q14D,MAVIC 4 PRO,2026,False,ชื่อในช่องเอง,1
1581F9DEC259L0293KPP,MINI PRO 5,2026,False,ชื่อในช่องเอง,1
3D RACER,STORMBREAKER,2024,False,ชื่อในช่องเอง,1
3DR,(ไม่ระบุ),2018,False,ว่าง,1
3DR,SOLO,2017,False,ชื่อในช่องเอง,1
4TRC,MARK300,2024,False,ชื่อในช่องเอง,1
A4 ROBOTICS,NAM-OIL,2024,False,ชื่อในช่องเอง,12
A4 ROBOTICS,NAM-OIL2,2025,False,ชื่อในช่องเอง,12
A4 ROBOTICS,NAM-OIL2,2026,False,ชื่อในช่องเอง,10
AA,AAA,2024,False,ชื่อในช่องเอง,1
ACE CORE,NEO,2017,False,ชื่อในช่องเอง,1
ACE CORE,ZOE,2017,False,ชื่อในช่องเอง,1
ACECORE,NEO,2020,False,ชื่อในช่องเอง,1
ACECORE,ZOE,2019,False,ชื่อในช่องเอง,1
ACECORE,ZOE,2020,False,ชื่อในช่องเอง,1
AE,AE 30,2026,False,ชื่อในช่องเอง,1
AERIAL TRONICS,ALTURA ZENITH ATX8,2019,False,ชื่อในช่องเอง,1
AERO DRONE,AR 11L,2025,False,ชื่อในช่องเอง,37
AERO DRONE,AR-11L,2025,False,ชื่อในช่องเอง,11
AERO DRONE,JYI-10L,2023,False,ชื่อในช่องเอง,1
AEROO,PRO,2026,False,ชื่อในช่องเอง,1
AERYON,SKYRANGER,2019,False,ชื่อในช่องเอง,1
AERYON,SKYRANGER,2020,False,ชื่อในช่องเอง,1
AG,AG T10,2022,False,ชื่อในช่องเอง,9
AG,AG T10,2023,False,ชื่อในช่องเอง,7
AG,AG T10,2025,False,ชื่อในช่องเอง,3
AG,AG T10,2026,False,ชื่อในช่องเอง,1
AG,AGRAS T10,2021,False,ชื่อในช่องเอง,36
AG,AGRAS T10,2022,False,ชื่อในช่องเอง,40
AG,AGRAS T10,2023,False,ชื่อในช่องเอง,4
AG,AGRAS T10,2024,False,ชื่อในช่องเอง,2
AG,AGRAS T10,2025,False,ชื่อในช่องเอง,8
AG,AGRAS T10,2026,False,ชื่อในช่องเอง,2
AG,AGRAS T20,2025,False,ชื่อในช่องเอง,1
AG,AGRAS T20P,2022,False,ชื่อในช่องเอง,119
AG,AGRAS T20P,2023,False,ชื่อในช่องเอง,203
AG,AGRAS T20P,2024,False,ชื่อในช่องเอง,63
AG,AGRAS T20P,2025,False,ชื่อในช่องเอง,74
AG,AGRAS T20P,2026,False,ชื่อในช่องเอง,16
AG,AGRAS T30,2021,False,ชื่อในช่องเอง,51
AG,AGRAS T30,2022,False,ชื่อในช่องเอง,122
AG,AGRAS T30,2023,False,ชื่อในช่องเอง,27
AG,AGRAS T30,2024,False,ชื่อในช่องเอง,3
AG,AGRAS T30,2025,False,ชื่อในช่องเอง,12
AG,AGRAS T30,2026,False,ชื่อในช่องเอง,2
AG,AGRAS T40,2022,False,ชื่อในช่องเอง,8
AG,AGRAS T40,2023,False,ชื่อในช่องเอง,144
AG,AGRAS T40,2024,False,ชื่อในช่องเอง,88
AG,AGRAS T40,2025,False,ชื่อในช่องเอง,59
AG,AGRAS T40,2026,False,ชื่อในช่องเอง,10
AG,T16,2021,False,ชื่อในช่องเอง,289
AG,T16,2022,False,ชื่อในช่องเอง,27
AG,T16,2023,False,ชื่อในช่องเอง,14
AG,T16,2024,False,ชื่อในช่องเอง,8
AG,T16,2025,False,ชื่อในช่องเอง,25
AG,T16,2026,False,ชื่อในช่องเอง,1
AGDRONE,T20TH,2021,False,ชื่อในช่องเอง,30
AGDRONE,T20TH,2022,False,ชื่อในช่องเอง,4
AGDRONE,T20TH,2024,False,ชื่อในช่องเอง,1
AGDRONE,T20TH,2025,False,ชื่อในช่องเอง,2
AGEAGLE,EBEE VISION,2025,False,ชื่อในช่องเอง,1
AGGIE DRONE,AG10T,2022,False,รหัสที่ถอดไม่ได้,1
AGR,A16,2020,False,ชื่อในช่องเอง,1
AGRAS,T16TH,2020,False,ชื่อในช่องเอง,11
AGRAS,T16TH,2021,False,ชื่อในช่องเอง,25
AGRAS,T16TH,2022,False,ชื่อในช่องเอง,2
AGRAS,T16TH,2023,False,ชื่อในช่องเอง,1
AGRAS,T16TH,2026,False,ชื่อในช่องเอง,1
AGRI TECH DRONE,NTB-810,2019,False,ชื่อในช่องเอง,1
AGRI-MASTER,QHX-10L,2019,False,ชื่อในช่องเอง,28
AGRI-MASTER,QHX-10L,2020,False,ชื่อในช่องเอง,41
AGRI-MASTER,QHX-10L,2021,False,ชื่อในช่องเอง,5
AGRI-MASTER,QHX-10L,2022,False,ชื่อในช่องเอง,5
AGRI-MASTER,QHX-10L,2023,False,ชื่อในช่องเอง,1
AGRI-MASTER,QHX-10L,2025,False,ชื่อในช่องเอง,4
AGRITECH DRONE,AG-1,2021,False,ชื่อในช่องเอง,17
AGRITECH DRONE,AG-1,2022,False,ชื่อในช่องเอง,30
AGRITECH DRONE,AG-1,2024,False,ชื่อในช่องเอง,2
AGRITECH DRONE,AG-1,2025,False,ชื่อในช่องเอง,11
AGRITECH DRONE,AG-1,2026,False,ชื่อในช่องเอง,1
AGRITECH DRONE,AG-1P,2021,False,ชื่อในช่องเอง,10
AGRITECH DRONE,AG-1P,2022,False,ชื่อในช่องเอง,7
AGRITECH DRONE,AG-1P,2023,False,ชื่อในช่องเอง,2
AGRITECH DRONE,AG-1P,2025,False,ชื่อในช่องเอง,9
AGT,RAIDEN,2023,False,ชื่อในช่องเอง,1
AGT,SORA-V1,2023,False,ชื่อในช่องเอง,7
AGT,SORA-V1,2024,False,ชื่อในช่องเอง,1
AGT,SORA-V1,2025,False,ชื่อในช่องเอง,2
AIR FAST DRONE,AF1417,2021,False,รหัสที่ถอดไม่ได้,3
AIR FAST DRONE,AF1417,2022,False,รหัสที่ถอดไม่ได้,5
ALIGN,MR25,2017,False,รหัสที่ถอดไม่ได้,1
ALIGN,MR25,2018,False,รหัสที่ถอดไม่ได้,1
AM DRONE,TL610,2021,False,รหัสที่ถอดไม่ได้,1
AMETA,DR-ATS 21G,2026,False,ชื่อในช่องเอง,1
AMETA,S20 LITE,2026,False,ชื่อในช่องเอง,2
AMETA,S20 PRO,2026,False,ชื่อในช่องเอง,1
ANTIGRAVITY,A1,2025,False,ชื่อในช่องเอง,2
ANTIGRAVITY,A1,2026,False,ชื่อในช่องเอง,15
ANTIGRAVITY,ANTIGRAVITY A1,2026,False,ชื่อในช่องเอง,1
ANTIGRAVITY,DE001,2026,False,รหัสที่ถอดไม่ได้,31
ANTIGRAVITY A,A1,2026,False,ชื่อในช่องเอง,1
ANTIGRAVITY A1,DE001,2026,False,รหัสที่ถอดไม่ได้,1
ANTYGAVITY,A 1,2026,False,ชื่อในช่องเอง,2
AONIC,MIST 25006 V.1,2026,False,ชื่อในช่องเอง,1
AONIC,MIST 25020,2026,False,ชื่อในช่องเอง,21
AONIC,MIST 25050,2026,False,ชื่อในช่องเอง,3
AONIC,MIST MAX,2026,False,ชื่อในช่องเอง,1
AOS,"3,5 INCH",2024,False,ชื่อในช่องเอง,1
AOS,AOS 5 V5,2026,False,ชื่อในช่องเอง,1
AOS 3.5 DJI 04 PRO,AOS 3.5 DJI 04 PRO,2026,False,ชื่อในช่องเอง,1
AOSENMA,CG035,2017,False,รหัสที่ถอดไม่ได้,1
AOSSCI,XC-PLUS UAV SYSTEM,2020,False,ชื่อในช่องเอง,2
AOSSCI,XC-PLUS UAV SYSTEM,2023,False,ชื่อในช่องเอง,2
APEX,5,2024,False,ชื่อในช่องเอง,1
APEX,FPV,2024,False,ชื่อในช่องเอง,1
APEX 5,APEX 5 WITH DJI O3 AIR UNIT,2024,False,ชื่อในช่องเอง,1
APEXLR,EVO 7,2023,False,ชื่อในช่องเอง,1
ARMATTAN,CHAMELEON,2017,False,ชื่อในช่องเอง,1
ASCTEC,INTEL FALCON 8 TRINITY,2019,False,ชื่อในช่องเอง,1
ASCTEC,INTEL FALCON 8 TRINITY,2020,False,ชื่อในช่องเอง,1
ASTA,AGL-10,2019,False,ชื่อในช่องเอง,1
ATMOS UAV,MARLYN-AC-TH-1,2021,False,ชื่อในช่องเอง,1
ATMOS UAV,MARLYN-AC-TH-1,2024,False,ชื่อในช่องเอง,1
AUTEL ROBOTIC,EVO 2 PRO,2023,False,ชื่อในช่องเอง,1
AUTEL ROBOTIC,EVO 2 PRO,2025,False,ชื่อในช่องเอง,1
AUTEL ROBOTICS,AUTEL ALPHA,2025,False,ชื่อในช่องเอง,3
AUTEL ROBOTICS,DRAGONFISH STANDARD,2026,False,ชื่อในช่องเอง,1
AUTEL ROBOTICS,EVO,2019,False,ชื่อในช่องเอง,43
AUTEL ROBOTICS,EVO,2020,False,ชื่อในช่องเอง,23
AUTEL ROBOTICS,EVO,2021,False,ชื่อในช่องเอง,2
AUTEL ROBOTICS,EVO,2023,False,ชื่อในช่องเอง,1
AUTEL ROBOTICS,EVO 2 PRO,2022,False,ชื่อในช่องเอง,2
AUTEL ROBOTICS,EVO 2 PRO,2023,False,ชื่อในช่องเอง,1
AUTEL ROBOTICS,EVO 2 PRO,2024,False,ชื่อในช่องเอง,3
AUTEL ROBOTICS,EVO II,2020,False,ชื่อในช่องเอง,66
AUTEL ROBOTICS,EVO II,2021,False,ชื่อในช่องเอง,22
AUTEL ROBOTICS,EVO II,2022,False,ชื่อในช่องเอง,2
AUTEL ROBOTICS,EVO II DUAL 640T ENTERPRISE V3,2025,False,ชื่อในช่องเอง,185
AUTEL ROBOTICS,EVO II DUAL 640T RTK V3,2024,False,ชื่อในช่องเอง,1
AUTEL ROBOTICS,EVO II PRO,2020,False,ชื่อในช่องเอง,25
AUTEL ROBOTICS,EVO II PRO,2021,False,ชื่อในช่องเอง,52
AUTEL ROBOTICS,EVO II PRO,2022,False,ชื่อในช่องเอง,60
AUTEL ROBOTICS,EVO II PRO,2023,False,ชื่อในช่องเอง,16
AUTEL ROBOTICS,EVO II PRO,2024,False,ชื่อในช่องเอง,5
AUTEL ROBOTICS,EVO II PRO,2025,False,ชื่อในช่องเอง,1
AUTEL ROBOTICS,EVO II PRO 6K,2023,False,ชื่อในช่องเอง,1
AUTEL ROBOTICS,EVO II PRO ENTERPRISE V3,2024,False,ชื่อในช่องเอง,1
AUTEL ROBOTICS,EVO II PRO ENTERPRISE V3,2025,False,ชื่อในช่องเอง,4
AUTEL ROBOTICS,EVO II PRO RTK V3,2025,False,ชื่อในช่องเอง,40
AUTEL ROBOTICS,EVO II PRO V2 : MODEL MDCAP,2025,False,ชื่อในช่องเอง,1
AUTEL ROBOTICS,EVO II PRO V2 MODEL: MDCAP,2023,False,ชื่อในช่องเอง,1
AUTEL ROBOTICS,EVO II PRO V3 RUGGED BUNDLE,2025,False,ชื่อในช่องเอง,3
AUTEL ROBOTICS,EVO II PRO V3 RUGGED BUNDLE,2026,False,ชื่อในช่องเอง,1
AUTEL ROBOTICS,EVO II V3,2025,False,ชื่อในช่องเอง,1
AUTEL ROBOTICS,EVO LIGHT PLUS,2024,False,ชื่อในช่องเอง,1
AUTEL ROBOTICS,EVO LITE ENTERPRISE 640T,2025,False,ชื่อในช่องเอง,2
AUTEL ROBOTICS,EVO LITE ENTERPRISE 6K,2025,False,ชื่อในช่องเอง,102
AUTEL ROBOTICS,EVO LITE ENTERPRISE 6K,2026,False,ชื่อในช่องเอง,38
AUTEL ROBOTICS,EVO LITE PLUS,2022,False,ชื่อในช่องเอง,2
AUTEL ROBOTICS,EVO LITE PLUS,2024,False,ชื่อในช่องเอง,1
AUTEL ROBOTICS,EVO LITE PLUS,2025,False,ชื่อในช่องเอง,1
AUTEL ROBOTICS,EVO LITE PLUS,2026,False,ชื่อในช่องเอง,1
AUTEL ROBOTICS,EVO LITE+,2022,False,ชื่อในช่องเอง,3
AUTEL ROBOTICS,EVO LITE+,2023,False,ชื่อในช่องเอง,2
AUTEL ROBOTICS,EVO LITE+,2025,False,ชื่อในช่องเอง,1
AUTEL ROBOTICS,EVO LL DUAL,2023,False,ชื่อในช่องเอง,1
AUTEL ROBOTICS,EVO MAX 4N,2024,False,ชื่อในช่องเอง,1
AUTEL ROBOTICS,EVO MAX 4N,2025,False,ชื่อในช่องเอง,1
AUTEL ROBOTICS,EVO MAX 4T,2024,False,ชื่อในช่องเอง,1
AUTEL ROBOTICS,EVO MAX 4T,2025,False,ชื่อในช่องเอง,4
AUTEL ROBOTICS,EVO MAX 4T & NEST,2025,False,ชื่อในช่องเอง,13
AUTEL ROBOTICS,EVO MAX 4T TH,2024,False,ชื่อในช่องเอง,1
AUTEL ROBOTICS,EVO NANO,2023,False,ชื่อในช่องเอง,1
AUTEL ROBOTICS,EVO NANO,2024,False,ชื่อในช่องเอง,1
AUTEL ROBOTICS,EVO NANO,2025,False,ชื่อในช่องเอง,1
AUTEL ROBOTICS,EVO NANO +,2023,False,ชื่อในช่องเอง,1
AUTEL ROBOTICS,EVO NANO +,2025,False,ชื่อในช่องเอง,1
AUTEL ROBOTICS,EVO NANO PLUS,2022,False,ชื่อในช่องเอง,2
AUTEL ROBOTICS,EVO NANO PLUS,2023,False,ชื่อในช่องเอง,2
AUTEL ROBOTICS,EVO NANO PLUS,2024,False,ชื่อในช่องเอง,2
AUTEL ROBOTICS,EVO NANO PLUS,2025,False,ชื่อในช่องเอง,1
AUTEL ROBOTICS,EVO NANO SERIES,2024,False,ชื่อในช่องเอง,2
AUTEL ROBOTICS,EVO NANO+,2022,False,ชื่อในช่องเอง,6
AUTEL ROBOTICS,EVO NANO+,2023,False,ชื่อในช่องเอง,5
AUTEL ROBOTICS,EVO NANO+,2024,False,ชื่อในช่องเอง,2
AUTEL ROBOTICS,EVO NANO+,2025,False,ชื่อในช่องเอง,1
AUTEL ROBOTICS,EVO PRO2 6K,2021,False,ชื่อในช่องเอง,1
AUTEL ROBOTICS,EVO2 PRO,2023,False,ชื่อในช่องเอง,1
AUTEL ROBOTICS,LITE PLUS,2023,False,ชื่อในช่องเอง,1
AUTEL ROBOTICS,LITE+,2022,False,ชื่อในช่องเอง,6
AUTEL ROBOTICS,LITE+,2023,False,ชื่อในช่องเอง,2
AUTEL ROBOTICS,MDA2,2022,False,ชื่อในช่องเอง,1
AUTEL ROBOTICS,MDA2,2023,False,ชื่อในช่องเอง,2
AUTEL ROBOTICS,MDA2,2024,False,ชื่อในช่องเอง,1
AUTEL ROBOTICS,MDA2,2025,False,ชื่อในช่องเอง,1
AUTEL ROBOTICS,MDA2,2026,False,ชื่อในช่องเอง,1
AUTEL ROBOTICS,MDCA,2022,False,ชื่อในช่องเอง,1
AUTEL ROBOTICS,MDCA,2023,False,ชื่อในช่องเอง,2
AUTEL ROBOTICS,MDCA,2024,False,ชื่อในช่องเอง,1
AUTEL ROBOTICS,MDXM2,2023,False,ชื่อในช่องเอง,1
AUTEL ROBOTICS,MDXM2,2025,False,ชื่อในช่องเอง,1
AUTEL ROBOTICS,NANO,2022,False,ชื่อในช่องเอง,12
AUTEL ROBOTICS,NANO +,2023,False,ชื่อในช่องเอง,1
AUTEL ROBOTICS,NANO PLUS,2022,False,ชื่อในช่องเอง,1
AUTEL ROBOTICS,NANO PLUS,2024,False,ชื่อในช่องเอง,3
AUTEL ROBOTICS,NANO PLUS,2026,False,ชื่อในช่องเอง,1
AUTEL ROBOTICS,NANO+,2022,False,ชื่อในช่องเอง,20
AUTEL ROBOTICS,NANO+,2023,False,ชื่อในช่องเอง,1
AUTEL ROBOTICS,X-STAR PREMIUM,2017,False,ชื่อในช่องเอง,1
AVIATOR,8811 PRO,2021,False,ชื่อในช่องเอง,1
AVILON,ATX-Q4,2019,False,ชื่อในช่องเอง,1
AVILON ROBOTICS,CARRIER3000,2021,False,ชื่อในช่องเอง,1
AVILON ROBOTICS,CARRIER3000,2022,False,ชื่อในช่องเอง,4
AVILON ROBOTICS,GRYPHON HEAVY /EX,2022,False,ชื่อในช่องเอง,1
AVILON ROBOTICS,GRYPHON HEAVY/EX,2022,False,ชื่อในช่องเอง,2
AVILON ROBOTICS,GRYPHON HEAVY/EX,2024,False,ชื่อในช่องเอง,4
AVILON ROBOTICS,PHOTON,2025,False,ชื่อในช่องเอง,5
AVILON ROBOTICS,SPIRE,2025,False,ชื่อในช่องเอง,5
AVILON ROBOTICS,TAILOR BIRD,2022,False,ชื่อในช่องเอง,4
AXIS,MANTA,2025,False,ชื่อในช่องเอง,1
AXISFLYING,(ไม่ระบุ),2025,False,ว่าง,1
AXISFLYING,CINEON C20,2025,False,ชื่อในช่องเอง,1
AXISFLYING,MANTA 5,2025,False,ชื่อในช่องเอง,1
AXISFLYING,MANTA 5 SE DC,2025,False,ชื่อในช่องเอง,1
BAO NIU,HC635,2017,False,รหัสที่ถอดไม่ได้,1
BAYANGTOYS,(ไม่ระบุ),2017,False,ว่าง,1
BAYANGTOYS,X21,2017,False,ชื่อในช่องเอง,1
BAYANGTOYS,X21,2018,False,ชื่อในช่องเอง,1
BEAST,SG 906,2024,False,ชื่อในช่องเอง,1
"BEIJING FIMI TECHNOLOGY CO., LTD.",FMWRJ03A6,2022,False,ชื่อในช่องเอง,1
BETA FPV,AIR 75,2026,False,ชื่อในช่องเอง,1
BETA FPV,METEOR 75 PRO,2025,False,ชื่อในช่องเอง,1
BETA FPV,PARO 25,2025,False,ชื่อในช่องเอง,1
BETA FPV,PAVO 20 PRO,2025,False,ชื่อในช่องเอง,1
BETA FPV,PAVO 25 V2,2026,False,ชื่อในช่องเอง,1
BETAFLIGHT,AIR 75,2025,False,ชื่อในช่องเอง,1
BETAFLIGHT,PAVO PICO,2024,False,ชื่อในช่องเอง,1
BETAFLIGHT,PAVO20 PRO,2026,False,ชื่อในช่องเอง,1
BETAFPV,AIR65,2025,False,รหัสที่ถอดไม่ได้,1
BETAFPV,AIR65,2026,False,รหัสที่ถอดไม่ได้,1
BETAFPV,AIR75,2024,False,รหัสที่ถอดไม่ได้,2
BETAFPV,METEOR 75 PRO,2026,False,ชื่อในช่องเอง,1
BETAFPV,METEOR 75 PRO O4,2026,False,ชื่อในช่องเอง,1
BETAFPV,METEOR75 PRO O4,2025,False,ชื่อในช่องเอง,1
BETAFPV,PAVO 20,2024,False,ชื่อในช่องเอง,2
BETAFPV,PAVO 20 PRO,2025,False,ชื่อในช่องเอง,4
BETAFPV,PAVO 20 PRO,2026,False,ชื่อในช่องเอง,3
BETAFPV,PAVO 20 PRO II,2026,False,ชื่อในช่องเอง,1
BETAFPV,PAVO FEMTO,2025,False,ชื่อในช่องเอง,1
BETAFPV,PAVO PICO,2024,False,ชื่อในช่องเอง,1
BETAFPV,PAVO20,2023,False,ชื่อในช่องเอง,1
BETAFPV,PAVO20,2025,False,ชื่อในช่องเอง,2
BETAFPV,PAVO20 PRO,2025,False,ชื่อในช่องเอง,1
BETAFPV,PAVO20PRO,2025,False,ชื่อในช่องเอง,1
BETAFPV,PAVO25,2024,False,ชื่อในช่องเอง,1
BETAFPV,PAVO25 V2,2024,False,ชื่อในช่องเอง,2
BETAFPV,PAVO25 V2,2025,False,ชื่อในช่องเอง,1
BETAFPV,PAVO25V2,2025,False,ชื่อในช่องเอง,1
BETAFPV,PAVO30,2023,False,ชื่อในช่องเอง,1
BETAFPV,PAVO30,2024,False,ชื่อในช่องเอง,1
BETAFPV,PAVO30,2025,False,ชื่อในช่องเอง,2
BLUE CINEON,V3 AXISFLYING,2025,False,ชื่อในช่องเอง,1
BLUE STAR,B1,2024,False,ชื่อในช่องเอง,100
BUBBLE DRONE,BUMBLE - B,2023,False,ชื่อในช่องเอง,14
BUBBLE DRONE,BUMBLE - B,2024,False,ชื่อในช่องเอง,19
BUBBLE DRONE,BUMBLE - B,2025,False,ชื่อในช่องเอง,20
BUBBLE DRONE,BUMBLE - B,2026,False,ชื่อในช่องเอง,1
BUBBLE DRONE,BUMBLE - B2,2023,False,ชื่อในช่องเอง,21
BUBBLE DRONE,BUMBLE - B2,2024,False,ชื่อในช่องเอง,25
BUBBLE DRONE,BUMBLE - B2,2025,False,ชื่อในช่องเอง,4
BUBBLE DRONE,BUMBLE - B2,2026,False,ชื่อในช่องเอง,1
BUBO,BUBO 10S,2026,False,ชื่อในช่องเอง,1
BUG AWAY,B17,2022,False,ชื่อในช่องเอง,20
BUG AWAY,B17,2023,False,ชื่อในช่องเอง,2
BUG AWAY,B17,2025,False,ชื่อในช่องเอง,1
BUG AWAY,BA10L,2018,False,รหัสที่ถอดไม่ได้,4
BUG AWAY,BA10L,2019,False,รหัสที่ถอดไม่ได้,70
BUG AWAY,BA10L,2020,False,รหัสที่ถอดไม่ได้,108
BUG AWAY,BA10L,2021,False,รหัสที่ถอดไม่ได้,133
BUG AWAY,BA10L,2022,False,รหัสที่ถอดไม่ได้,25
BUG AWAY,BA10L,2023,False,รหัสที่ถอดไม่ได้,5
BUG AWAY,BA10L,2024,False,รหัสที่ถอดไม่ได้,1
BUG AWAY,BA10L,2025,False,รหัสที่ถอดไม่ได้,3
BUG AWAY,BA10LTH,2021,False,รหัสที่ถอดไม่ได้,2
BUG AWAY,BA15L,2019,False,รหัสที่ถอดไม่ได้,8
BUG AWAY,BA15L,2020,False,รหัสที่ถอดไม่ได้,24
BUG AWAY,BA15L,2021,False,รหัสที่ถอดไม่ได้,97
BUG AWAY,BA15L,2022,False,รหัสที่ถอดไม่ได้,3
BUG AWAY,BA15L,2023,False,รหัสที่ถอดไม่ได้,1
BUG AWAY,BA15L,2025,False,รหัสที่ถอดไม่ได้,1
BUG AWAY,BA3L,2019,False,รหัสที่ถอดไม่ได้,2
BUG AWAY,BA3L,2020,False,รหัสที่ถอดไม่ได้,1
BUG AWAY,BA5L,2019,False,รหัสที่ถอดไม่ได้,21
BUG AWAY,BA5L,2020,False,รหัสที่ถอดไม่ได้,14
BUG AWAY,BA5L,2021,False,รหัสที่ถอดไม่ได้,11
BUG AWAY,BA5L,2022,False,รหัสที่ถอดไม่ได้,1
C-FLY,FAITH 2,2024,False,ชื่อในช่องเอง,1
CADDX,GOFILM 20,2025,False,ชื่อในช่องเอง,1
CADDX VISTA,PIRAT SHORTY,2024,False,ชื่อในช่องเอง,1
CAMERA DRONE,MINI 2,2024,False,ชื่อในช่องเอง,1
CFLY,FAITH MINI 2,2024,False,ชื่อในช่องเอง,1
CFLY,FAITH2,2021,False,ชื่อในช่องเอง,1
CFUAS,CHANGFENG D410,2019,False,ชื่อในช่องเอง,1
CG035,(ไม่ระบุ),2017,False,ว่าง,1
CG035X,CG035X,2017,False,รหัสที่ถอดไม่ได้,1
CHASING,GLADIUS MINI,2020,False,ชื่อในช่องเอง,1
CHC,P316,2019,False,ชื่อในช่องเอง,1
"CHC , FUTABA",UAV P316 (R3008SB MODULE),2019,False,ชื่อในช่องเอง,1
CHCNAV,BB4,2021,False,ชื่อในช่องเอง,1
CHCNAV,CHCNAV V200,2021,False,ชื่อในช่องเอง,1
CHCNAV,CHCNAV V200,2022,False,ชื่อในช่องเอง,4
CHCNAV,CHCNAV V200,2023,False,ชื่อในช่องเอง,3
CHCNAV,P330 PRO,2022,False,ชื่อในช่องเอง,4
CHCNAV,P330 PRO,2023,False,ชื่อในช่องเอง,6
CHCNAV,P330 PRO,2024,False,ชื่อในช่องเอง,1
CHCNAV,P330 PRO,2025,False,ชื่อในช่องเอง,1
CHCNAV,X500T,2026,False,ชื่อในช่องเอง,1
CHEERSON,CX 23,2017,False,ชื่อในช่องเอง,2
CHEERSON,CX-20,2017,False,ชื่อในช่องเอง,9
CHEERSON,CX-20,2018,False,ชื่อในช่องเอง,4
CHEERSON,CX-23,2017,False,ชื่อในช่องเอง,11
CHEERSON,CX-23,2018,False,ชื่อในช่องเอง,8
CHEERSON,CX-30,2018,False,ชื่อในช่องเอง,1
CHEERSON,CX-35,2017,False,ชื่อในช่องเอง,1
CHEERSON,CX-35,2018,False,ชื่อในช่องเอง,2
CINELOG,CINELOG 35 HD,2023,False,ชื่อในช่องเอง,1
CRISSCROSS,DRAGONFLY,2024,False,ชื่อในช่องเอง,1
CROSS STARS,CROSS STARS 3,2024,False,ชื่อในช่องเอง,1200
CS,V3,2024,False,ชื่อในช่องเอง,1
CS,V3,2025,False,ชื่อในช่องเอง,1
CUSTOM FPV,CUSTOM FPV,2023,False,ชื่อในช่องเอง,1
D?JI,MAVIC 2 PRO,2024,False,ชื่อในช่องเอง,1
D?JI,MINI 3 PRO,2024,False,ชื่อในช่องเอง,1
DAHUA TECHNOLOGY,(ไม่ระบุ),2017,False,ว่าง,1
DAJIANG DJI,AVATA 2,2024,False,ชื่อในช่องเอง,1
DAMING,DM109S,2017,False,รหัสที่ถอดไม่ได้,1
DAMODA,DMD-M400W-V3,2025,False,ชื่อในช่องเอง,1031
DAMODA,DMD-M400W-V3,2026,False,ชื่อในช่องเอง,1
DAMODA,DMD-M400W-V4,2025,False,ชื่อในช่องเอง,750
DAMODA,DMD-M400W-V4,2026,False,ชื่อในช่องเอง,200
DARWIN FPV,CINE APE 20,2025,False,ชื่อในช่องเอง,1
DARWIN FPV,TINY APE,2026,False,ชื่อในช่องเอง,1
DCI,MINI 2,2024,False,ชื่อในช่องเอง,1
DEEPSPACE,SEEKER 3,2026,False,ชื่อในช่องเอง,1
DEEPSPACE,SEEKER 35,2026,False,ชื่อในช่องเอง,1
DELTA,2IN1,2024,False,ชื่อในช่องเอง,21
DFD,F182,2018,False,ชื่อในช่องเอง,1
DGJ,MINI 4 PRO,2025,False,ชื่อในช่องเอง,1
DHI,MINI 2 SE,2025,False,ชื่อในช่องเอง,1
DIATONE,F5,2023,False,ชื่อในช่องเอง,1
DIATONE,ROMA,2022,False,ชื่อในช่องเอง,1
DIATONE,ROMA F5,2022,False,ชื่อในช่องเอง,1
DIATONE,ROMA F5,2023,False,ชื่อในช่องเอง,4
DIATONE,ROMA F5 6S TBS,2022,False,ชื่อในช่องเอง,1
DIATONE,ROMA F6,2023,False,ชื่อในช่องเอง,1
DIATONE,ROMA F7,2024,False,ชื่อในช่องเอง,1
DIATONE,ROMAF5,2024,False,ชื่อในช่องเอง,1
DIJ,MAVIC3PRO,2024,False,ชื่อในช่องเอง,1
DIJ,MINI 3,2025,False,ชื่อในช่องเอง,1
DIJ,MINI 3 PRO,2024,False,ชื่อในช่องเอง,2
DIJ,MINI 4 PRO,2026,False,ชื่อในช่องเอง,1
DIJ,WM331S,2022,False,รหัสที่ถอดไม่ได้,1
DIJI,MINI 3,2025,False,ชื่อในช่องเอง,1
DIJI,MINI 3 PRO,2023,False,ชื่อในช่องเอง,1
DJ,DJ 4 K MINI,2025,False,ชื่อในช่องเอง,1
DJ,MAVIC AIR,2024,False,ชื่อในช่องเอง,1
DJ,MAVIC AIR 2,2022,False,ชื่อในช่องเอง,1
DJ,MINI 2,2024,False,ชื่อในช่องเอง,1
DJ,MINI 3,2025,False,ชื่อในช่องเอง,1
DJ,MINI 3 PRO,2024,False,ชื่อในช่องเอง,1
DJ,MINI 4 PRO,2023,False,ชื่อในช่องเอง,1
DJ,MINI 4 PRO,2025,False,ชื่อในช่องเอง,1
DJ,MINI 4K,2025,False,ชื่อในช่องเอง,1
DJ MINI SE,DJ MINI SE,2023,False,ชื่อในช่องเอง,1
DJ1 3,RC231,2024,False,ชื่อในช่องเอง,1
DJ3,MINI 3 PRO,2025,False,ชื่อในช่องเอง,1
DJA,MT1SD25,2024,False,รหัสที่ถอดไม่ได้,1
DJI,(ไม่ระบุ),2017,False,ว่าง,16
DJI,(ไม่ระบุ),2018,False,ว่าง,10
DJI,(ไม่ระบุ),2019,False,ว่าง,6
DJI,(ไม่ระบุ),2020,False,ว่าง,1
DJI,(ไม่ระบุ),2022,False,ว่าง,1
DJI,.MINI2,2021,False,ชื่อในช่องเอง,1
DJI,03 AIR UNIT,2023,False,ชื่อในช่องเอง,1
DJI,03 AIR UNIT,2025,False,ชื่อในช่องเอง,1
DJI,04 AIR UNIT PRO,2026,False,ชื่อในช่องเอง,1
DJI,1581F5YHC22CG00297F1,2025,False,ชื่อในช่องเอง,1
DJI,1581F6Z9C248C003Z46P,2025,False,ชื่อในช่องเอง,1
DJI,1T2CK56R37VHSA,2024,False,ชื่อในช่องเอง,1
DJI,2,2023,False,ชื่อในช่องเอง,1
DJI,2,2025,True,ชื่อในช่องเอง,1
DJI,2 MINI,2023,False,ชื่อในช่องเอง,1
DJI,2 MINI,2025,False,ชื่อในช่องเอง,1
DJI,2 MINI SE,2024,False,ชื่อในช่องเอง,1
DJI,2 SE,2025,False,ชื่อในช่องเอง,1
DJI,202212029096,2022,False,ชื่อในช่องเอง,1
DJI,2PRO,2025,False,ชื่อในช่องเอง,1
DJI,2S,2025,False,ชื่อในช่องเอง,1
DJI,2SE,2025,False,ชื่อในช่องเอง,1
DJI,3 MINI,2023,False,ชื่อในช่องเอง,1
DJI,3 MINI,2024,False,ชื่อในช่องเอง,2
DJI,3 MINI,2025,False,ชื่อในช่องเอง,1
DJI,3 MINI PRO,2023,False,ชื่อในช่องเอง,2
DJI,3 MINI PRO,2024,False,ชื่อในช่องเอง,5
DJI,3 PRO MINI,2023,False,ชื่อในช่องเอง,1
DJI,330,2017,False,ชื่อในช่องเอง,1
DJI,3N3BH6P00206Z6,2025,False,ชื่อในช่องเอง,1
DJI,3N3BHB901203BZ,2024,False,ชื่อในช่องเอง,1
DJI,3QDCK6R006DJ65,2024,False,ชื่อในช่องเอง,1
DJI,3W-DJI -8-10-015 (MG-1S),2019,False,ชื่อในช่องเอง,2
DJI,3W-DJI-8-10-015,2019,False,ชื่อในช่องเอง,2
DJI,3W-DJI-8-10-015,2020,False,ชื่อในช่องเอง,1
DJI,3W-DJI-8-10-015,2022,False,ชื่อในช่องเอง,2
DJI,3W-DJI-8-10-015 (MG-1S),2019,False,ชื่อในช่องเอง,1
DJI,3W-DJI-8-10-015 (MG-1S),2021,False,ชื่อในช่องเอง,4
DJI,3W-DJI-8-10-015 / MG-1S,2022,False,ชื่อในช่องเอง,1
DJI,3WWDSZ-10016,2019,False,ชื่อในช่องเอง,5
DJI,3WWDSZ-10016,2020,False,ชื่อในช่องเอง,21
DJI,3WWDSZ-10016,2021,False,ชื่อในช่องเอง,13
DJI,3WWDSZ-10016,2022,False,ชื่อในช่องเอง,3
DJI,3WWDSZ-10016,2025,False,ชื่อในช่องเอง,1
DJI,3WWDSZ-10016,2026,False,ชื่อในช่องเอง,1
DJI,3WWDSZ-10016 / MG-1P,2021,False,ชื่อในช่องเอง,4
DJI,3WWDSZ-10016 / MG-1P,2022,False,ชื่อในช่องเอง,2
DJI,3WWDSZ-10016/MG-1P,2021,False,ชื่อในช่องเอง,25
DJI,3WWDSZ-10016/MG-1P,2025,False,ชื่อในช่องเอง,1
DJI,4 MINI PRO,2023,False,ชื่อในช่องเอง,1
DJI,4 MINI PRO,2024,False,ชื่อในช่องเอง,4
DJI,4 MINI PRO,2025,False,ชื่อในช่องเอง,10
DJI,4 MINI PRO,2025,True,ชื่อในช่องเอง,1
DJI,4 MINI PRO,2026,False,ชื่อในช่องเอง,2
DJI,4 PRO,2024,False,ชื่อในช่องเอง,1
DJI,4 PRO MINI,2024,False,ชื่อในช่องเอง,1
DJI,4K MINI,2025,False,ชื่อในช่องเอง,2
DJI,4K MINI,2026,False,ชื่อในช่องเอง,1
DJI,4PRO,2024,False,ชื่อในช่องเอง,1
DJI,5 MINI PRO,2025,False,ชื่อในช่องเอง,1
DJI,5 MINI PRO,2026,False,ชื่อในช่องเอง,1
DJI,5HAZK6N001910Z,2024,False,ชื่อในช่องเอง,1
DJI,5HAZK8S001GK5M,2025,False,ชื่อในช่องเอง,1
DJI,6UZBLAR021091N,2024,False,ชื่อในช่องเอง,1
DJI,8RXZMBM000KYYX,2026,False,ชื่อในช่องเอง,1
DJI,AAVATA 2,2025,False,ชื่อในช่องเอง,1
DJI,AAVATA 2,2026,False,ชื่อในช่องเอง,1
DJI,ACATA 2,2025,False,ชื่อในช่องเอง,1
DJI,ADS-B,2023,False,ชื่อในช่องเอง,2
DJI,AGRAS MG-1P,2017,False,ชื่อในช่องเอง,4
DJI,AGRAS MG-1P,2019,False,ชื่อในช่องเอง,9
DJI,AGRAS MG-1P,2024,False,ชื่อในช่องเอง,1
DJI,AGRAS MG-1P,2025,False,ชื่อในช่องเอง,1
DJI,AGRAS MG-1S,2017,False,ชื่อในช่องเอง,3
DJI,AGRAS MG-1S,2018,False,ชื่อในช่องเอง,2
DJI,AGRAS MG-1S,2019,False,ชื่อในช่องเอง,11
DJI,AGRAS MG-1S,2020,False,ชื่อในช่องเอง,1
DJI,AGRAS MG-1S,2021,False,ชื่อในช่องเอง,9
DJI,AGRAS MG-1S,2023,False,ชื่อในช่องเอง,1
DJI,AGRAS T10,2021,False,ชื่อในช่องเอง,77
DJI,AGRAS T10,2022,False,ชื่อในช่องเอง,381
DJI,AGRAS T10,2023,False,ชื่อในช่องเอง,217
DJI,AGRAS T10,2024,False,ชื่อในช่องเอง,247
DJI,AGRAS T10,2025,False,ชื่อในช่องเอง,138
DJI,AGRAS T10,2026,False,ชื่อในช่องเอง,46
DJI,AGRAS T100,2025,False,ชื่อในช่องเอง,415
DJI,AGRAS T100,2025,False,ถอดจากรหัส,136
DJI,AGRAS T100,2026,False,ชื่อในช่องเอง,187
DJI,AGRAS T100,2026,False,ถอดจากรหัส,81
DJI,AGRAS T16,2020,False,ชื่อในช่องเอง,1
DJI,AGRAS T16,2020,False,ถอดจากรหัส,18
DJI,AGRAS T16,2021,False,ชื่อในช่องเอง,33
DJI,AGRAS T16,2021,False,ถอดจากรหัส,17
DJI,AGRAS T16,2022,False,ชื่อในช่องเอง,25
DJI,AGRAS T16,2022,False,ถอดจากรหัส,1
DJI,AGRAS T16,2023,False,ชื่อในช่องเอง,20
DJI,AGRAS T16,2024,False,ชื่อในช่องเอง,1
DJI,AGRAS T16,2026,False,ชื่อในช่องเอง,1
DJI,AGRAS T20,2021,False,ชื่อในช่องเอง,455
DJI,AGRAS T20,2021,False,ถอดจากรหัส,74
DJI,AGRAS T20,2022,False,ชื่อในช่องเอง,185
DJI,AGRAS T20,2022,False,ถอดจากรหัส,5
DJI,AGRAS T20,2023,False,ชื่อในช่องเอง,59
DJI,AGRAS T20,2023,False,ถอดจากรหัส,4
DJI,AGRAS T20,2024,False,ชื่อในช่องเอง,60
DJI,AGRAS T20,2024,False,ถอดจากรหัส,4
DJI,AGRAS T20,2025,False,ชื่อในช่องเอง,35
DJI,AGRAS T20,2025,False,ถอดจากรหัส,4
DJI,AGRAS T20,2026,False,ชื่อในช่องเอง,8
DJI,AGRAS T20P,2022,False,ชื่อในช่องเอง,710
DJI,AGRAS T20P,2023,False,ชื่อในช่องเอง,1684
DJI,AGRAS T20P,2024,False,ชื่อในช่องเอง,765
DJI,AGRAS T20P,2025,False,ชื่อในช่องเอง,633
DJI,AGRAS T20P,2026,False,ชื่อในช่องเอง,303
DJI,AGRAS T25,2024,False,ชื่อในช่องเอง,915
DJI,AGRAS T25,2024,False,ถอดจากรหัส,568
DJI,AGRAS T25,2025,False,ชื่อในช่องเอง,542
DJI,AGRAS T25,2025,False,ถอดจากรหัส,623
DJI,AGRAS T25,2026,False,ชื่อในช่องเอง,53
DJI,AGRAS T25,2026,False,ถอดจากรหัส,36
DJI,AGRAS T25P,2025,False,ชื่อในช่องเอง,221
DJI,AGRAS T25P,2025,False,ถอดจากรหัส,242
DJI,AGRAS T25P,2026,False,ชื่อในช่องเอง,262
DJI,AGRAS T25P,2026,False,ถอดจากรหัส,520
DJI,AGRAS T30,2021,False,ชื่อในช่องเอง,142
DJI,AGRAS T30,2022,False,ชื่อในช่องเอง,843
DJI,AGRAS T30,2023,False,ชื่อในช่องเอง,221
DJI,AGRAS T30,2024,False,ชื่อในช่องเอง,265
DJI,AGRAS T30,2025,False,ชื่อในช่องเอง,168
DJI,AGRAS T30,2026,False,ชื่อในช่องเอง,40
DJI,AGRAS T40,2022,False,ชื่อในช่องเอง,104
DJI,AGRAS T40,2023,False,ชื่อในช่องเอง,1022
DJI,AGRAS T40,2024,False,ชื่อในช่องเอง,752
DJI,AGRAS T40,2025,False,ชื่อในช่องเอง,371
DJI,AGRAS T40,2026,False,ชื่อในช่องเอง,176
DJI,AGRAS T50,2024,False,ชื่อในช่องเอง,804
DJI,AGRAS T50,2024,False,ถอดจากรหัส,409
DJI,AGRAS T50,2025,False,ชื่อในช่องเอง,761
DJI,AGRAS T50,2025,False,ถอดจากรหัส,445
DJI,AGRAS T50,2026,False,ชื่อในช่องเอง,59
DJI,AGRAS T50,2026,False,ถอดจากรหัส,43
DJI,AGRAS T55,2026,False,ชื่อในช่องเอง,43
DJI,AGRAS T70P,2025,False,ชื่อในช่องเอง,451
DJI,AGRAS T70P,2025,False,ถอดจากรหัส,234
DJI,AGRAS T70P,2026,False,ชื่อในช่องเอง,672
DJI,AGRAS T70P,2026,False,ถอดจากรหัส,291
DJI,AIR,2022,False,ชื่อในช่องเอง,2
DJI,AIR,2023,False,ชื่อในช่องเอง,1
DJI,AIR,2024,False,ชื่อในช่องเอง,1
DJI,AIR,2025,False,ชื่อในช่องเอง,1
DJI,AIR,2026,False,ชื่อในช่องเอง,1
DJI,AIR 2,2021,False,ชื่อในช่องเอง,3
DJI,AIR 2,2022,False,ชื่อในช่องเอง,7
DJI,AIR 2,2023,False,ชื่อในช่องเอง,5
DJI,AIR 2,2024,False,ชื่อในช่องเอง,6
DJI,AIR 2,2025,False,ชื่อในช่องเอง,8
DJI,AIR 2,2026,False,ชื่อในช่องเอง,4
DJI,AIR 2 S,2021,False,ชื่อในช่องเอง,3
DJI,AIR 2 S,2022,False,ชื่อในช่องเอง,4
DJI,AIR 2 S,2023,False,ชื่อในช่องเอง,4
DJI,AIR 2 S,2024,False,ชื่อในช่องเอง,17
DJI,AIR 2 S,2025,False,ชื่อในช่องเอง,15
DJI,AIR 2S,2021,False,ชื่อในช่องเอง,49
DJI,AIR 2S,2021,False,ถอดจากรหัส,1475
DJI,AIR 2S,2021,True,ชื่อในช่องเอง,221
DJI,AIR 2S,2022,False,ชื่อในช่องเอง,245
DJI,AIR 2S,2022,False,ถอดจากรหัส,1646
DJI,AIR 2S,2022,True,ชื่อในช่องเอง,608
DJI,AIR 2S,2023,False,ชื่อในช่องเอง,257
DJI,AIR 2S,2023,False,ถอดจากรหัส,492
DJI,AIR 2S,2023,True,ชื่อในช่องเอง,112
DJI,AIR 2S,2024,False,ชื่อในช่องเอง,246
DJI,AIR 2S,2024,False,ถอดจากรหัส,192
DJI,AIR 2S,2024,True,ชื่อในช่องเอง,36
DJI,AIR 2S,2025,False,ชื่อในช่องเอง,146
DJI,AIR 2S,2025,False,ถอดจากรหัส,99
DJI,AIR 2S,2025,True,ชื่อในช่องเอง,30
DJI,AIR 2S,2026,False,ชื่อในช่องเอง,41
DJI,AIR 2S,2026,False,ถอดจากรหัส,42
DJI,AIR 2S,2026,True,ชื่อในช่องเอง,6
DJI,AIR 2S DISPLAY,2025,False,ชื่อในช่องเอง,9
DJI,AIR 3,2023,False,ชื่อในช่องเอง,56
DJI,AIR 3,2023,False,ถอดจากรหัส,780
DJI,AIR 3,2023,True,ชื่อในช่องเอง,424
DJI,AIR 3,2024,False,ชื่อในช่องเอง,209
DJI,AIR 3,2024,False,ถอดจากรหัส,1162
DJI,AIR 3,2024,True,ชื่อในช่องเอง,1011
DJI,AIR 3,2025,False,ชื่อในช่องเอง,135
DJI,AIR 3,2025,False,ถอดจากรหัส,169
DJI,AIR 3,2025,True,ชื่อในช่องเอง,228
DJI,AIR 3,2026,False,ชื่อในช่องเอง,48
DJI,AIR 3,2026,False,ถอดจากรหัส,48
DJI,AIR 3,2026,True,ชื่อในช่องเอง,80
DJI,AIR 3 DISPLAY UNIT-DJI RC2,2025,False,ชื่อในช่องเอง,1
DJI,AIR 3 FLY RC 2,2025,True,ชื่อในช่องเอง,1
DJI,AIR 3 S,2024,False,ชื่อในช่องเอง,8
DJI,AIR 3 S,2025,False,ชื่อในช่องเอง,34
DJI,AIR 3 S,2026,False,ชื่อในช่องเอง,13
DJI,AIR 3S,2024,False,ชื่อในช่องเอง,44
DJI,AIR 3S,2024,False,ถอดจากรหัส,431
DJI,AIR 3S,2024,True,ชื่อในช่องเอง,252
DJI,AIR 3S,2025,False,ชื่อในช่องเอง,205
DJI,AIR 3S,2025,False,ถอดจากรหัส,1240
DJI,AIR 3S,2025,True,ชื่อในช่องเอง,768
DJI,AIR 3S,2026,False,ชื่อในช่องเอง,141
DJI,AIR 3S,2026,False,ถอดจากรหัส,420
DJI,AIR 3S,2026,True,ชื่อในช่องเอง,360
DJI,AIR 4,2024,False,ชื่อในช่องเอง,2
DJI,AIR MAVIC,2024,False,ชื่อในช่องเอง,1
DJI,AIR MAVIC 2,2022,False,ชื่อในช่องเอง,1
DJI,AIR MAVIC 2,2024,False,ชื่อในช่องเอง,1
DJI,AIR MINI 2 SE,2024,False,ชื่อในช่องเอง,1
DJI,AIR S2,2024,False,ชื่อในช่องเอง,1
DJI,AIR UNIT,2023,False,ชื่อในช่องเอง,1
DJI,AIR2,2022,False,ชื่อในช่องเอง,1
DJI,AIR2,2023,False,ชื่อในช่องเอง,4
DJI,AIR2,2024,False,ชื่อในช่องเอง,2
DJI,AIR2,2025,False,ชื่อในช่องเอง,1
DJI,AIR2 MAVIC,2023,False,ชื่อในช่องเอง,1
DJI,AIR2S,2021,False,รหัสที่ถอดไม่ได้,4
DJI,AIR2S,2022,False,ชื่อในช่องเอง,1
DJI,AIR2S,2022,False,รหัสที่ถอดไม่ได้,22
DJI,AIR2S,2023,False,ชื่อในช่องเอง,1
DJI,AIR2S,2023,False,รหัสที่ถอดไม่ได้,42
DJI,AIR2S,2024,False,รหัสที่ถอดไม่ได้,13
DJI,AIR2S,2025,False,รหัสที่ถอดไม่ได้,25
DJI,AIR2S,2026,False,รหัสที่ถอดไม่ได้,4
DJI,AIR3,2023,False,ชื่อในช่องเอง,6
DJI,AIR3,2024,False,ชื่อในช่องเอง,23
DJI,AIR3,2025,False,ชื่อในช่องเอง,21
DJI,AIR3,2026,False,ชื่อในช่องเอง,3
DJI,AIR3S,2024,False,รหัสที่ถอดไม่ได้,6
DJI,AIR3S,2025,False,รหัสที่ถอดไม่ได้,16
DJI,AIR3S,2026,False,รหัสที่ถอดไม่ได้,5
DJI,AIRCRAFT T650A,2020,False,ชื่อในช่องเอง,1
DJI,AIRCRAFT T650A,2025,False,ชื่อในช่องเอง,1
DJI,AIRS2,2023,False,ชื่อในช่องเอง,1
DJI,AIS 2S,2022,False,ชื่อในช่องเอง,1
DJI,ATOM,2024,False,ชื่อในช่องเอง,2
DJI,ATOME SE,2024,False,ชื่อในช่องเอง,1
DJI,AVARAR 2,2024,False,ชื่อในช่องเอง,1
DJI,AVATA,2022,False,ชื่อในช่องเอง,45
DJI,AVATA,2022,True,ชื่อในช่องเอง,80
DJI,AVATA,2023,False,ชื่อในช่องเอง,112
DJI,AVATA,2023,True,ชื่อในช่องเอง,119
DJI,AVATA,2024,False,ชื่อในช่องเอง,104
DJI,AVATA,2024,True,ชื่อในช่องเอง,121
DJI,AVATA,2025,False,ชื่อในช่องเอง,29
DJI,AVATA,2025,True,ชื่อในช่องเอง,7
DJI,AVATA,2026,False,ชื่อในช่องเอง,12
DJI,AVATA,2026,True,ชื่อในช่องเอง,3
DJI,AVATA 1,2024,False,ชื่อในช่องเอง,2
DJI,AVATA 2,2024,False,ชื่อในช่องเอง,156
DJI,AVATA 2,2024,False,ถอดจากรหัส,785
DJI,AVATA 2,2024,True,ชื่อในช่องเอง,386
DJI,AVATA 2,2025,False,ชื่อในช่องเอง,249
DJI,AVATA 2,2025,False,ถอดจากรหัส,582
DJI,AVATA 2,2025,True,ชื่อในช่องเอง,306
DJI,AVATA 2,2026,False,ชื่อในช่องเอง,113
DJI,AVATA 2,2026,False,ถอดจากรหัส,372
DJI,AVATA 2,2026,True,ชื่อในช่องเอง,248
DJI,AVATA 3.5,2024,False,ชื่อในช่องเอง,1
DJI,AVATA 360,2026,False,ชื่อในช่องเอง,25
DJI,AVATA 360,2026,False,ถอดจากรหัส,607
DJI,AVATA 360,2026,True,ชื่อในช่องเอง,186
DJI,AVATA 360 MOTION,2026,True,ชื่อในช่องเอง,111
DJI,AVATA EXPLORER,2023,True,ชื่อในช่องเอง,3
DJI,AVATA EXPLORER,2024,True,ชื่อในช่องเอง,7
DJI,AVATA FLY SMART,2022,True,ชื่อในช่องเอง,16
DJI,AVATA FLY SMART,2023,True,ชื่อในช่องเอง,9
DJI,AVATA FLY SMART,2024,True,ชื่อในช่องเอง,4
DJI,AVATA QF2W4K,2023,False,ชื่อในช่องเอง,1
DJI,AVATA QF2W4K,2024,False,ชื่อในช่องเอง,2
DJI,AVATA-2,2024,False,ชื่อในช่องเอง,1
DJI,AVATA2,2024,False,ชื่อในช่องเอง,14
DJI,AVATA2,2025,False,ชื่อในช่องเอง,23
DJI,AVATA2,2026,False,ชื่อในช่องเอง,6
DJI,AVATA360,2026,False,ชื่อในช่องเอง,1
DJI,AVATAR,2023,False,ชื่อในช่องเอง,11
DJI,AVATAR 2,2024,False,ชื่อในช่องเอง,1
DJI,AVATAR 2,2025,False,ชื่อในช่องเอง,1
DJI,AVATO,2023,False,ชื่อในช่องเอง,1
DJI,AVATTA,2022,False,ชื่อในช่องเอง,1
DJI,AVATTA,2024,False,ชื่อในช่องเอง,1
DJI,BA15L,2021,False,รหัสที่ถอดไม่ได้,1
DJI,BWX162-2453-7.38,2023,False,ชื่อในช่องเอง,1
DJI,CINEBOT30,2024,False,ชื่อในช่องเอง,1
DJI,CINELOG35V2,2024,False,ชื่อในช่องเอง,1
DJI,DF1AO424,2025,False,รหัสที่ถอดไม่ได้,1
DJI,DGI AIR 2S,2023,False,ชื่อในช่องเอง,1
DJI,DGN12C,2026,False,รหัสที่ถอดไม่ได้,71
DJI,DGN12C,2026,True,รหัสที่ถอดไม่ได้,102
DJI,DGP14C,2026,False,รหัสที่ถอดไม่ได้,27
DJI,DGP14C,2026,True,รหัสที่ถอดไม่ได้,161
DJI,DGP14D,2026,True,รหัสที่ถอดไม่ได้,207
DJI,DJ MINI MAVIC,2022,False,ชื่อในช่องเอง,1
DJI,DJI-MINI-2,2021,False,ชื่อในช่องเอง,1
DJI,DJT10,2022,False,รหัสที่ถอดไม่ได้,18
DJI,DJT10,2025,False,รหัสที่ถอดไม่ได้,2
DJI,DJT20,2021,False,รหัสที่ถอดไม่ได้,93
DJI,DJT20,2022,False,รหัสที่ถอดไม่ได้,5
DJI,DJT20,2023,False,รหัสที่ถอดไม่ได้,5
DJI,DJT20,2024,False,รหัสที่ถอดไม่ได้,1
DJI,DJT20,2026,False,รหัสที่ถอดไม่ได้,3
DJI,DJT30,2022,False,รหัสที่ถอดไม่ได้,52
DJI,DJT30,2023,False,รหัสที่ถอดไม่ได้,1
DJI,DJT30,2024,False,รหัสที่ถอดไม่ได้,1
DJI,DJT30,2025,False,รหัสที่ถอดไม่ได้,2
DJI,DMG10,2022,False,รหัสที่ถอดไม่ได้,5
DJI,DMG10,2023,False,รหัสที่ถอดไม่ได้,3
DJI,DN1A0630,2025,False,รหัสที่ถอดไม่ได้,1
DJI,DN1A0634,2025,False,รหัสที่ถอดไม่ได้,1
DJI,DN1A0637,2025,False,รหัสที่ถอดไม่ได้,1
DJI,DN1A0638,2024,False,รหัสที่ถอดไม่ได้,1
DJI,DN1A0639,2025,False,รหัสที่ถอดไม่ได้,1
DJI,DN1A0640,2024,False,รหัสที่ถอดไม่ได้,1
DJI,DN1A0641,2024,False,รหัสที่ถอดไม่ได้,1
DJI,DN1A0642,2025,False,รหัสที่ถอดไม่ได้,1
DJI,DN1A0646,2024,False,รหัสที่ถอดไม่ได้,1
DJI,DN1A0647,2025,False,รหัสที่ถอดไม่ได้,1
DJI,DN1A0650,2025,False,รหัสที่ถอดไม่ได้,1
DJI,DN1A0651,2024,False,รหัสที่ถอดไม่ได้,1
DJI,DN1A0652,2025,False,รหัสที่ถอดไม่ได้,1
DJI,DN1A0653,2024,False,รหัสที่ถอดไม่ได้,1
DJI,DN1A0653,2025,False,รหัสที่ถอดไม่ได้,1
DJI,DN1A0656,2025,False,รหัสที่ถอดไม่ได้,1
DJI,DN1A0658,2025,False,รหัสที่ถอดไม่ได้,1
DJI,DN1A0659,2025,False,รหัสที่ถอดไม่ได้,1
DJI,DN1A0660,2025,False,รหัสที่ถอดไม่ได้,1
DJI,DN1A0661,2025,False,รหัสที่ถอดไม่ได้,1
DJI,DN1A0664,2026,False,รหัสที่ถอดไม่ได้,1
DJI,DN1A0666,2025,False,รหัสที่ถอดไม่ได้,1
DJI,DN1A0667,2024,False,รหัสที่ถอดไม่ได้,1
DJI,DN1A0668,2025,False,รหัสที่ถอดไม่ได้,1
DJI,DN1A0669,2025,False,รหัสที่ถอดไม่ได้,1
DJI,DN1A0671,2025,False,รหัสที่ถอดไม่ได้,1
DJI,DN1A0672,2025,False,รหัสที่ถอดไม่ได้,2
DJI,DN1A0676,2025,False,รหัสที่ถอดไม่ได้,1
DJI,DN1A0677,2025,False,รหัสที่ถอดไม่ได้,1
DJI,DN1A0678,2025,False,รหัสที่ถอดไม่ได้,1
DJI,DN1A0680,2025,False,รหัสที่ถอดไม่ได้,1
DJI,DN1A0681,2024,False,รหัสที่ถอดไม่ได้,1
DJI,DN1A0683,2024,False,รหัสที่ถอดไม่ได้,1
DJI,DN1A0684,2026,False,รหัสที่ถอดไม่ได้,1
DJI,DN1A0687,2025,False,รหัสที่ถอดไม่ได้,1
DJI,DN1A0689,2025,False,รหัสที่ถอดไม่ได้,1
DJI,DN1A0692,2024,False,รหัสที่ถอดไม่ได้,1
DJI,DN1A0694,2025,False,รหัสที่ถอดไม่ได้,1
DJI,DN1A0696,2025,False,รหัสที่ถอดไม่ได้,1
DJI,DN1A0698,2024,False,รหัสที่ถอดไม่ได้,1
DJI,DN1A0703,2024,False,รหัสที่ถอดไม่ได้,1
DJI,DN1A0705,2025,False,รหัสที่ถอดไม่ได้,1
DJI,DN1A0706,2025,False,รหัสที่ถอดไม่ได้,1
DJI,DN1A0707,2025,False,รหัสที่ถอดไม่ได้,1
DJI,DN1A0708,2024,False,รหัสที่ถอดไม่ได้,1
DJI,DN1A0710,2025,False,รหัสที่ถอดไม่ได้,1
DJI,DN1A0712,2025,False,รหัสที่ถอดไม่ได้,1
DJI,DN1A0713,2025,False,รหัสที่ถอดไม่ได้,1
DJI,DN1A0715,2024,False,รหัสที่ถอดไม่ได้,1
DJI,DN1A0716,2024,False,รหัสที่ถอดไม่ได้,1
DJI,DN1A0717,2024,False,รหัสที่ถอดไม่ได้,1
DJI,DN1A0720,2024,False,รหัสที่ถอดไม่ได้,1
DJI,DN1A0722,2025,False,รหัสที่ถอดไม่ได้,1
DJI,DN1A0723,2024,False,รหัสที่ถอดไม่ได้,1
DJI,DN1A0724,2025,False,รหัสที่ถอดไม่ได้,1
DJI,DN1A0726,2025,False,รหัสที่ถอดไม่ได้,1
DJI,DN1A0730,2025,False,รหัสที่ถอดไม่ได้,1
DJI,DN1A0732,2025,False,รหัสที่ถอดไม่ได้,1
DJI,DN1A0735,2025,False,รหัสที่ถอดไม่ได้,1
DJI,DN1A0736,2024,False,รหัสที่ถอดไม่ได้,1
DJI,DN1A0738,2025,False,รหัสที่ถอดไม่ได้,1
DJI,DN1A0739,2025,False,รหัสที่ถอดไม่ได้,1
DJI,DN1A0740,2025,False,รหัสที่ถอดไม่ได้,1
DJI,DN1A0741,2025,False,รหัสที่ถอดไม่ได้,1
DJI,DN1A0742,2025,False,รหัสที่ถอดไม่ได้,1
DJI,DN1A0743,2024,False,รหัสที่ถอดไม่ได้,1
DJI,DN1A0744,2025,False,รหัสที่ถอดไม่ได้,1
DJI,DN1A0745,2024,False,รหัสที่ถอดไม่ได้,1
DJI,DN1A0748,2025,False,รหัสที่ถอดไม่ได้,1
DJI,DN1A0749,2025,False,รหัสที่ถอดไม่ได้,1
DJI,DN1A0752,2025,False,รหัสที่ถอดไม่ได้,1
DJI,DN1A0754,2025,False,รหัสที่ถอดไม่ได้,1
DJI,DN1A0756,2025,False,รหัสที่ถอดไม่ได้,1
DJI,DN1A0759,2025,False,รหัสที่ถอดไม่ได้,1
DJI,DN1A0760,2025,False,รหัสที่ถอดไม่ได้,1
DJI,DN1A0762,2024,False,รหัสที่ถอดไม่ได้,1
DJI,DN1A0769,2026,False,รหัสที่ถอดไม่ได้,2
DJI,DN1A0772,2025,False,รหัสที่ถอดไม่ได้,1
DJI,DN1A0773,2025,False,รหัสที่ถอดไม่ได้,1
DJI,DN1A0776,2024,False,รหัสที่ถอดไม่ได้,1
DJI,DN1A0777,2025,False,รหัสที่ถอดไม่ได้,1
DJI,DN1A0778,2025,False,รหัสที่ถอดไม่ได้,1
DJI,DN1A0779,2024,False,รหัสที่ถอดไม่ได้,1
DJI,DN1A0780,2024,False,รหัสที่ถอดไม่ได้,1
DJI,DN1A0784,2025,False,รหัสที่ถอดไม่ได้,2
DJI,DN1A0785,2025,False,รหัสที่ถอดไม่ได้,1
DJI,DN1A0789,2025,False,รหัสที่ถอดไม่ได้,1
DJI,DN1A0791,2025,False,รหัสที่ถอดไม่ได้,1
DJI,DN1A0794,2024,False,รหัสที่ถอดไม่ได้,1
DJI,DN1A0795,2024,False,รหัสที่ถอดไม่ได้,1
DJI,DN1A0796,2025,False,รหัสที่ถอดไม่ได้,1
DJI,DN1A0797,2024,False,รหัสที่ถอดไม่ได้,1
DJI,DN1A0798,2025,False,รหัสที่ถอดไม่ได้,1
DJI,DN1A0799,2025,False,รหัสที่ถอดไม่ได้,1
DJI,DN1A0800,2025,False,รหัสที่ถอดไม่ได้,1
DJI,DN1A0801,2025,False,รหัสที่ถอดไม่ได้,1
DJI,DN1A0802,2025,False,รหัสที่ถอดไม่ได้,1
DJI,DN1A0804,2026,False,รหัสที่ถอดไม่ได้,1
DJI,DN1A0807,2024,False,รหัสที่ถอดไม่ได้,1
DJI,DN1A0808,2025,False,รหัสที่ถอดไม่ได้,1
DJI,DN1A0810,2024,False,รหัสที่ถอดไม่ได้,1
DJI,DN1A0812,2025,False,รหัสที่ถอดไม่ได้,1
DJI,DN1A0813,2025,False,รหัสที่ถอดไม่ได้,1
DJI,DN1A0814,2024,False,รหัสที่ถอดไม่ได้,1
DJI,DN1A0817,2024,False,รหัสที่ถอดไม่ได้,1
DJI,DN1A0818,2024,False,รหัสที่ถอดไม่ได้,1
DJI,DN1A0820,2025,False,รหัสที่ถอดไม่ได้,1
DJI,DN1A0822,2024,False,รหัสที่ถอดไม่ได้,1
DJI,DN1A0822,2025,False,รหัสที่ถอดไม่ได้,1
DJI,DN1A0823,2025,False,รหัสที่ถอดไม่ได้,1
DJI,DN1A0825,2025,False,รหัสที่ถอดไม่ได้,1
DJI,DN1A0826,2024,False,รหัสที่ถอดไม่ได้,1
DJI,DN1A0827,2025,False,รหัสที่ถอดไม่ได้,1
DJI,DN1A0832,2025,False,รหัสที่ถอดไม่ได้,2
DJI,DN1A0836,2025,False,รหัสที่ถอดไม่ได้,1
DJI,DN1A0838,2025,False,รหัสที่ถอดไม่ได้,1
DJI,DN1A0843,2025,False,รหัสที่ถอดไม่ได้,1
DJI,DN1A0847,2026,False,รหัสที่ถอดไม่ได้,1
DJI,DN1A0853,2025,False,รหัสที่ถอดไม่ได้,1
DJI,DN1A0863,2025,False,รหัสที่ถอดไม่ได้,1
DJI,DN1A0866,2025,False,รหัสที่ถอดไม่ได้,1
DJI,DN1A0873,2025,False,รหัสที่ถอดไม่ได้,1
DJI,DN1A0877,2025,False,รหัสที่ถอดไม่ได้,1
DJI,DN1A0880,2025,False,รหัสที่ถอดไม่ได้,1
DJI,DN1A0882,2025,False,รหัสที่ถอดไม่ได้,1
DJI,DN1A0887,2025,False,รหัสที่ถอดไม่ได้,1
DJI,DN1A0888,2025,False,รหัสที่ถอดไม่ได้,1
DJI,DN1A0890,2025,False,รหัสที่ถอดไม่ได้,1
DJI,DN1A0906,2025,False,รหัสที่ถอดไม่ได้,1
DJI,DN1A0907,2025,False,รหัสที่ถอดไม่ได้,1
DJI,DN1A0910,2025,False,รหัสที่ถอดไม่ได้,1
DJI,DN1A0916,2025,False,รหัสที่ถอดไม่ได้,1
DJI,DN1A0927,2025,False,รหัสที่ถอดไม่ได้,1
DJI,DN1A0933,2025,False,รหัสที่ถอดไม่ได้,1
DJI,DN1A0944,2025,False,รหัสที่ถอดไม่ได้,1
DJI,DN1A0949,2025,False,รหัสที่ถอดไม่ได้,1
DJI,DN1A0956,2025,False,รหัสที่ถอดไม่ได้,1
DJI,DN1A0958,2025,False,รหัสที่ถอดไม่ได้,1
DJI,DN1A0961,2025,False,รหัสที่ถอดไม่ได้,1
DJI,DN1A0968,2025,False,รหัสที่ถอดไม่ได้,1
DJI,DN1A0974,2025,False,รหัสที่ถอดไม่ได้,1
DJI,DN1A0975,2025,False,รหัสที่ถอดไม่ได้,1
DJI,DN1A0976,2025,False,รหัสที่ถอดไม่ได้,1
DJI,DN1A0979,2025,False,รหัสที่ถอดไม่ได้,1
DJI,DN1A0983,2025,False,รหัสที่ถอดไม่ได้,1
DJI,DN1A0984,2025,False,รหัสที่ถอดไม่ได้,1
DJI,DN1A0990,2025,False,รหัสที่ถอดไม่ได้,1
DJI,DN1A0997,2025,False,รหัสที่ถอดไม่ได้,1
DJI,DN1A1003,2025,False,รหัสที่ถอดไม่ได้,1
DJI,DN1A1020,2025,False,รหัสที่ถอดไม่ได้,1
DJI,DN1A1024,2025,False,รหัสที่ถอดไม่ได้,1
DJI,DN1A1025,2025,False,รหัสที่ถอดไม่ได้,1
DJI,DN1A1027,2025,False,รหัสที่ถอดไม่ได้,1
DJI,DN1A1028,2025,False,รหัสที่ถอดไม่ได้,1
DJI,DN1A1037,2025,False,รหัสที่ถอดไม่ได้,1
DJI,DN1A1038,2025,False,รหัสที่ถอดไม่ได้,1
DJI,DN1A1040,2025,False,รหัสที่ถอดไม่ได้,1
DJI,DN1A1051,2025,False,รหัสที่ถอดไม่ได้,1
DJI,DN1A1052,2025,False,รหัสที่ถอดไม่ได้,1
DJI,DN1A1062,2025,False,รหัสที่ถอดไม่ได้,1
DJI,DN1A1071,2025,False,รหัสที่ถอดไม่ได้,1
DJI,DN1A1075,2025,False,รหัสที่ถอดไม่ได้,1
DJI,DN1A1081,2024,False,รหัสที่ถอดไม่ได้,1
DJI,DN1A1085,2024,False,รหัสที่ถอดไม่ได้,1
DJI,DN1A1091,2025,False,รหัสที่ถอดไม่ได้,1
DJI,DN1A1093,2025,False,รหัสที่ถอดไม่ได้,1
DJI,DN1A1097,2025,False,รหัสที่ถอดไม่ได้,1
DJI,DN1A1115,2025,False,รหัสที่ถอดไม่ได้,1
DJI,DN1A1117,2025,False,รหัสที่ถอดไม่ได้,1
DJI,DN1A1119,2025,False,รหัสที่ถอดไม่ได้,1
DJI,DN1A1120,2025,False,รหัสที่ถอดไม่ได้,1
DJI,DN1A1121,2025,False,รหัสที่ถอดไม่ได้,1
DJI,DN1A1128,2025,False,รหัสที่ถอดไม่ได้,1
DJI,DN1A1131,2025,False,รหัสที่ถอดไม่ได้,1
DJI,DN1A1135,2025,False,รหัสที่ถอดไม่ได้,1
DJI,DN1A1138,2025,False,รหัสที่ถอดไม่ได้,1
DJI,DN1A1147,2024,False,รหัสที่ถอดไม่ได้,1
DJI,DN1A1151,2025,False,รหัสที่ถอดไม่ได้,1
DJI,DN1A1154,2025,False,รหัสที่ถอดไม่ได้,1
DJI,DN1A1158,2025,False,รหัสที่ถอดไม่ได้,1
DJI,DN1A1161,2025,False,รหัสที่ถอดไม่ได้,1
DJI,DN1A1171,2025,False,รหัสที่ถอดไม่ได้,1
DJI,DN1A1174,2025,False,รหัสที่ถอดไม่ได้,1
DJI,DN1A1175,2025,False,รหัสที่ถอดไม่ได้,1
DJI,DN1A1176,2025,False,รหัสที่ถอดไม่ได้,1
DJI,DN1A1187,2025,False,รหัสที่ถอดไม่ได้,1
DJI,DN1A1192,2025,False,รหัสที่ถอดไม่ได้,1
DJI,DN1A1198,2025,False,รหัสที่ถอดไม่ได้,1
DJI,DN1A1202,2025,False,รหัสที่ถอดไม่ได้,1
DJI,DN1A1207,2025,False,รหัสที่ถอดไม่ได้,1
DJI,DN1A1212,2024,False,รหัสที่ถอดไม่ได้,1
DJI,DN1A1214,2025,False,รหัสที่ถอดไม่ได้,1
DJI,DN1A1215,2025,False,รหัสที่ถอดไม่ได้,1
DJI,DN1A1216,2025,False,รหัสที่ถอดไม่ได้,1
DJI,DN1A1223,2025,False,รหัสที่ถอดไม่ได้,1
DJI,DN1A1232,2025,False,รหัสที่ถอดไม่ได้,1
DJI,DN1A1233,2025,False,รหัสที่ถอดไม่ได้,1
DJI,DN1A1234,2025,False,รหัสที่ถอดไม่ได้,1
DJI,DN1A1236,2025,False,รหัสที่ถอดไม่ได้,1
DJI,DN1A1237,2025,False,รหัสที่ถอดไม่ได้,1
DJI,DN1A1238,2025,False,รหัสที่ถอดไม่ได้,1
DJI,DN1A1244,2025,False,รหัสที่ถอดไม่ได้,1
DJI,DN1A1251,2025,False,รหัสที่ถอดไม่ได้,1
DJI,DN1A1258,2025,False,รหัสที่ถอดไม่ได้,1
DJI,DN1A1270,2025,False,รหัสที่ถอดไม่ได้,1
DJI,DN1A1278,2026,False,รหัสที่ถอดไม่ได้,1
DJI,DN1A1283,2026,False,รหัสที่ถอดไม่ได้,1
DJI,DN1A1288,2025,False,รหัสที่ถอดไม่ได้,1
DJI,DN1A1289,2025,False,รหัสที่ถอดไม่ได้,1
DJI,DN1A1292,2025,False,รหัสที่ถอดไม่ได้,1
DJI,DN1A1297,2025,False,รหัสที่ถอดไม่ได้,1
DJI,DN1A1298,2025,False,รหัสที่ถอดไม่ได้,1
DJI,DN1A1299,2025,False,รหัสที่ถอดไม่ได้,1
DJI,DN1A1303,2025,False,รหัสที่ถอดไม่ได้,2
DJI,DN1A1307,2025,False,รหัสที่ถอดไม่ได้,1
DJI,DN1A1308,2026,False,รหัสที่ถอดไม่ได้,1
DJI,DRONE MINI 4 PRO,2024,True,ชื่อในช่องเอง,1
DJI,DRONE MINI 4 PRO FLY,2024,False,ชื่อในช่องเอง,1
DJI,F450,2017,False,ชื่อในช่องเอง,1
DJI,F550,2018,False,ชื่อในช่องเอง,2
DJI,FD1W4K,2021,False,รหัสที่ถอดไม่ได้,363
DJI,FD1W4K,2021,True,รหัสที่ถอดไม่ได้,9
DJI,FD1W4K,2022,False,รหัสที่ถอดไม่ได้,204
DJI,FD1W4K,2022,True,รหัสที่ถอดไม่ได้,16
DJI,FD1W4K,2023,False,รหัสที่ถอดไม่ได้,61
DJI,FD1W4K,2023,True,รหัสที่ถอดไม่ได้,1
DJI,FD1W4K,2024,False,รหัสที่ถอดไม่ได้,23
DJI,FD1W4K,2024,True,รหัสที่ถอดไม่ได้,1
DJI,FD1W4K,2025,False,รหัสที่ถอดไม่ได้,15
DJI,FD1W4K,2026,False,รหัสที่ถอดไม่ได้,2
DJI,FKIP,2025,False,ชื่อในช่องเอง,1
DJI,FLIP,2025,False,ชื่อในช่องเอง,667
DJI,FLIP,2025,False,ถอดจากรหัส,1924
DJI,FLIP,2025,True,ชื่อในช่องเอง,1079
DJI,FLIP,2026,False,ชื่อในช่องเอง,208
DJI,FLIP,2026,False,ถอดจากรหัส,482
DJI,FLIP,2026,True,ชื่อในช่องเอง,269
DJI,FLIP - MINI CAMERA DRONE,2025,False,ชื่อในช่องเอง,1
DJI,FLIP RC-N3,2025,False,ชื่อในช่องเอง,1
DJI,FLY MINI 2,2022,False,ชื่อในช่องเอง,1
DJI,FLYCART 100,2026,False,ชื่อในช่องเอง,2
DJI,FLYCART 30,2024,False,ชื่อในช่องเอง,3
DJI,FLYCART 30,2025,False,ชื่อในช่องเอง,4
DJI,FLYCART 30,2026,False,ชื่อในช่องเอง,2
DJI,FPV,2021,False,ชื่อในช่องเอง,17
DJI,FPV,2022,False,ชื่อในช่องเอง,19
DJI,FPV,2022,True,ชื่อในช่องเอง,17
DJI,FPV,2023,False,ชื่อในช่องเอง,35
DJI,FPV,2023,True,ชื่อในช่องเอง,16
DJI,FPV,2024,False,ชื่อในช่องเอง,27
DJI,FPV,2024,True,ชื่อในช่องเอง,4
DJI,FPV,2025,False,ชื่อในช่องเอง,9
DJI,FPV,2025,True,ชื่อในช่องเอง,5
DJI,FPV,2026,False,ชื่อในช่องเอง,2
DJI,FPV,2026,True,ชื่อในช่องเอง,1
DJI,FPV 2,2023,True,ชื่อในช่องเอง,1
DJI,FPV 2,2025,True,ชื่อในช่องเอง,1
DJI,FPV DRONE,2023,False,ชื่อในช่องเอง,1
DJI,FPV EXPLORER,2023,True,ชื่อในช่องเอง,3
DJI,FPV EXPLORER,2024,True,ชื่อในช่องเอง,2
DJI,INSPIRE,2017,False,ชื่อในช่องเอง,1
DJI,INSPIRE,2026,False,ชื่อในช่องเอง,1
DJI,INSPIRE 03,2024,False,ชื่อในช่องเอง,1
DJI,INSPIRE 1,2017,False,ชื่อในช่องเอง,115
DJI,INSPIRE 1,2018,False,ชื่อในช่องเอง,33
DJI,INSPIRE 1,2019,False,ชื่อในช่องเอง,9
DJI,INSPIRE 1,2020,False,ชื่อในช่องเอง,10
DJI,INSPIRE 1,2025,False,ชื่อในช่องเอง,1
DJI,INSPIRE 1 PRO,2017,False,ชื่อในช่องเอง,5
DJI,INSPIRE 1 PRO,2018,False,ชื่อในช่องเอง,2
DJI,INSPIRE 1 PRO,2019,False,ชื่อในช่องเอง,3
DJI,INSPIRE 1 PROFESSIONAL,2017,False,ชื่อในช่องเอง,1
DJI,INSPIRE 2,2017,False,ชื่อในช่องเอง,28
DJI,INSPIRE 2,2018,False,ชื่อในช่องเอง,20
DJI,INSPIRE 2,2019,False,ชื่อในช่องเอง,23
DJI,INSPIRE 2,2020,False,ชื่อในช่องเอง,12
DJI,INSPIRE 2,2021,False,ชื่อในช่องเอง,9
DJI,INSPIRE 2,2022,False,ชื่อในช่องเอง,15
DJI,INSPIRE 2,2023,False,ชื่อในช่องเอง,6
DJI,INSPIRE 2,2024,False,ชื่อในช่องเอง,4
DJI,INSPIRE 2,2025,False,ชื่อในช่องเอง,6
DJI,INSPIRE 2,2026,False,ชื่อในช่องเอง,1
DJI,INSPIRE 3,2024,False,ชื่อในช่องเอง,9
DJI,INSPIRE 3,2025,False,ชื่อในช่องเอง,6
DJI,INSPIRE 3,2026,False,ชื่อในช่องเอง,4
DJI,INSPIRE 3 DISPLAY UNIT,2023,False,ชื่อในช่องเอง,1
DJI,L1DE,2019,False,ชื่อในช่องเอง,3
DJI,L1DE,2020,False,ชื่อในช่องเอง,17
DJI,L1DE,2021,False,ชื่อในช่องเอง,16
DJI,L1DE,2022,False,ชื่อในช่องเอง,1
DJI,L1DE,2024,False,ชื่อในช่องเอง,1
DJI,L1DE,2025,False,ชื่อในช่องเอง,1
DJI,L1P,2019,False,ชื่อในช่องเอง,319
DJI,L1P,2020,False,ชื่อในช่องเอง,661
DJI,L1P,2021,False,ชื่อในช่องเอง,318
DJI,L1P,2022,False,ชื่อในช่องเอง,85
DJI,L1P,2023,False,ชื่อในช่องเอง,82
DJI,L1P,2024,False,ชื่อในช่องเอง,42
DJI,L1P,2025,False,ชื่อในช่องเอง,38
DJI,L1P,2026,False,ชื่อในช่องเอง,16
DJI,"L1P , RM500(CONTROLLER)",2019,False,ชื่อในช่องเอง,1
DJI,"L1P , RM500(CONTROLLER)",2020,False,ชื่อในช่องเอง,10
DJI,"L1P , RM500(CONTROLLER)",2021,False,ชื่อในช่องเอง,2
DJI,"L1P , RM500(CONTROLLER)",2022,False,ชื่อในช่องเอง,1
DJI,L1TE,2021,False,ชื่อในช่องเอง,10
DJI,L1TE,2022,False,ชื่อในช่องเอง,25
DJI,L1TE,2023,False,ชื่อในช่องเอง,5
DJI,L1TE,2024,False,ชื่อในช่องเอง,1
DJI,L1TE,2025,False,ชื่อในช่องเอง,1
DJI,L1Z,2018,False,ชื่อในช่องเอง,1
DJI,L1Z,2019,False,ชื่อในช่องเอง,79
DJI,L1Z,2020,False,ชื่อในช่องเอง,229
DJI,L1Z,2021,False,ชื่อในช่องเอง,123
DJI,L1Z,2022,False,ชื่อในช่องเอง,36
DJI,L1Z,2023,False,ชื่อในช่องเอง,14
DJI,L1Z,2024,False,ชื่อในช่องเอง,13
DJI,L1Z,2025,False,ชื่อในช่องเอง,8
DJI,L1Z,2026,False,ชื่อในช่องเอง,4
DJI,"L1Z , RM500(CONTROLLER)",2020,False,ชื่อในช่องเอง,1
DJI,"L1Z , RM500(CONTROLLER)",2025,False,ชื่อในช่องเอง,1
DJI,"L1Z , RM500(CONTROLLER)",2026,False,ชื่อในช่องเอง,1
DJI,L1ZE,2020,False,ชื่อในช่องเอง,9
DJI,L1ZE,2021,False,ชื่อในช่องเอง,5
DJI,L1ZE,2024,False,ชื่อในช่องเอง,2
DJI,L1ZE,2025,False,ชื่อในช่องเอง,1
DJI,L2A,2021,False,ชื่อในช่องเอง,60
DJI,L2A,2022,False,ชื่อในช่องเอง,288
DJI,L2A,2023,False,ชื่อในช่องเอง,71
DJI,L2A,2024,False,ชื่อในช่องเอง,22
DJI,L2A,2025,False,ชื่อในช่องเอง,24
DJI,L2A,2026,False,ชื่อในช่องเอง,10
DJI,L2C,2022,False,ชื่อในช่องเอง,91
DJI,L2C,2023,False,ชื่อในช่องเอง,275
DJI,L2C,2024,False,ชื่อในช่องเอง,76
DJI,L2C,2025,False,ชื่อในช่องเอง,23
DJI,L2C,2026,False,ชื่อในช่องเอง,17
DJI,L2E,2023,False,ชื่อในช่องเอง,24
DJI,L2E,2024,False,ชื่อในช่องเอง,32
DJI,L2E,2025,False,ชื่อในช่องเอง,15
DJI,L2E,2026,False,ชื่อในช่องเอง,4
DJI,L2P,2021,False,ชื่อในช่องเอง,10
DJI,L2P,2022,False,ชื่อในช่องเอง,58
DJI,L2P,2023,False,ชื่อในช่องเอง,24
DJI,L2P,2024,False,ชื่อในช่องเอง,5
DJI,L2P,2025,False,ชื่อในช่องเอง,3
DJI,L2P,2026,False,ชื่อในช่องเอง,4
DJI,L2S,2023,False,ชื่อในช่องเอง,141
DJI,L2S,2024,False,ชื่อในช่องเอง,212
DJI,L2S,2025,False,ชื่อในช่องเอง,127
DJI,L2S,2026,False,ชื่อในช่องเอง,39
DJI,L3A,2025,False,ชื่อในช่องเอง,81
DJI,L3A,2026,False,ชื่อในช่องเอง,55
DJI,"L3A, L3B",2026,False,ชื่อในช่องเอง,1
DJI,L3B,2025,False,ชื่อในช่องเอง,259
DJI,L3B,2026,False,ชื่อในช่องเอง,100
DJI,LITO X1,2026,False,ชื่อในช่องเอง,15
DJI,LQP,2024,False,ชื่อในช่องเอง,1
DJI,M100,2020,False,ชื่อในช่องเอง,1
DJI,M1P,2017,False,ชื่อในช่องเอง,1
DJI,M1P,2019,False,ชื่อในช่องเอง,30
DJI,M1P,2020,False,ชื่อในช่องเอง,49
DJI,M1P,2021,False,ชื่อในช่องเอง,33
DJI,M1P,2022,False,ชื่อในช่องเอง,9
DJI,M1P,2023,False,ชื่อในช่องเอง,6
DJI,M1P,2024,False,ชื่อในช่องเอง,2
DJI,M1P,2025,False,ชื่อในช่องเอง,3
DJI,M1P,2026,False,ชื่อในช่องเอง,3
DJI,M1X,2019,False,ชื่อในช่องเอง,125
DJI,M1X,2020,False,ชื่อในช่องเอง,318
DJI,M1X,2021,False,ชื่อในช่องเอง,24
DJI,M1X,2022,False,ชื่อในช่องเอง,12
DJI,M1X,2023,False,ชื่อในช่องเอง,18
DJI,M1X,2024,False,ชื่อในช่องเอง,12
DJI,M1X,2025,False,ชื่อในช่องเอง,5
DJI,M200 V2,2020,False,ชื่อในช่องเอง,11
DJI,M210,2019,False,ชื่อในช่องเอง,1
DJI,M210 V2,2022,False,ชื่อในช่องเอง,1
DJI,M210 V2,2026,False,ชื่อในช่องเอง,1
DJI,M210RTK,2020,False,ชื่อในช่องเอง,1
DJI,M210RTK,2021,False,ชื่อในช่องเอง,1
DJI,M210RTK,2025,False,ชื่อในช่องเอง,1
DJI,M30 RTK,2025,False,ชื่อในช่องเอง,1
DJI,M300,2021,False,ชื่อในช่องเอง,2
DJI,M300,2022,False,ชื่อในช่องเอง,3
DJI,M300 RTK,2020,False,ชื่อในช่องเอง,2
DJI,M300 RTK,2021,False,ชื่อในช่องเอง,1
DJI,M300 RTK,2022,False,ชื่อในช่องเอง,2
DJI,M300 RTK,2025,False,ชื่อในช่องเอง,1
DJI,M30T RTK,2025,False,ชื่อในช่องเอง,1
DJI,M3E,2022,False,ชื่อในช่องเอง,1
DJI,M3E,2023,False,ชื่อในช่องเอง,9
DJI,M3E,2024,False,ชื่อในช่องเอง,2
DJI,M3M,2024,False,ชื่อในช่องเอง,2
DJI,M3M,2025,False,ชื่อในช่องเอง,2
DJI,M3M,2026,False,ชื่อในช่องเอง,1
DJI,M3T,2022,False,ชื่อในช่องเอง,3
DJI,M3T,2023,False,ชื่อในช่องเอง,6
DJI,M3T,2024,False,ชื่อในช่องเอง,4
DJI,M4D,2026,False,ชื่อในช่องเอง,1
DJI,M4E,2026,False,ชื่อในช่องเอง,48
DJI,M4T,2026,False,ชื่อในช่องเอง,89
DJI,M4TD,2026,False,ชื่อในช่องเอง,6
DJI,M600P,2019,False,ชื่อในช่องเอง,3
DJI,M600P,2020,False,ชื่อในช่องเอง,4
DJI,M600P,2021,False,ชื่อในช่องเอง,1
DJI,M600P,2022,False,ชื่อในช่องเอง,1
DJI,MA2UE1N - MARVIC AIR 2,2022,False,ชื่อในช่องเอง,1
DJI,MA2UE3W - DJI MAVIC AIR 2,2022,False,ชื่อในช่องเอง,1
DJI,MA2UE3W MAVIC AIR 2,2023,False,ชื่อในช่องเอง,1
DJI,MA2UEIN,2023,False,รหัสที่ถอดไม่ได้,1
DJI,MACAMERAVIC AIR,2022,False,ชื่อในช่องเอง,1
DJI,MACIV 3 PRO,2024,False,ชื่อในช่องเอง,1
DJI,MAGIC 2 PRO,2023,False,ชื่อในช่องเอง,1
DJI,MAGIC 2 PRO,2025,False,ชื่อในช่องเอง,1
DJI,MAGIC 3 CINE,2025,False,ชื่อในช่องเอง,1
DJI,MAGIC 3E,2022,False,ชื่อในช่องเอง,1
DJI,MAGIC 4PRO,2025,False,ชื่อในช่องเอง,1
DJI,MAGIC AIR,2021,False,ชื่อในช่องเอง,1
DJI,MAGIC AIR,2022,False,ชื่อในช่องเอง,1
DJI,MAGIC AIR,2024,False,ชื่อในช่องเอง,1
DJI,MAGIC AIR,2025,False,ชื่อในช่องเอง,1
DJI,MAGIC AIR 2,2023,False,ชื่อในช่องเอง,3
DJI,MAGIC AIR 2,2024,False,ชื่อในช่องเอง,5
DJI,MAGIC AIR 2,2025,False,ชื่อในช่องเอง,3
DJI,MAGIC AIR 2S,2024,False,ชื่อในช่องเอง,1
DJI,MAGIC AIR 3,2022,False,ชื่อในช่องเอง,1
DJI,MAGIC AIR2,2022,False,ชื่อในช่องเอง,1
DJI,MAGIC AIR2,2023,False,ชื่อในช่องเอง,1
DJI,MAGIC AIR2,2024,False,ชื่อในช่องเอง,2
DJI,MAGIC MINI,2022,False,ชื่อในช่องเอง,1
DJI,MAGIC MINI,2023,False,ชื่อในช่องเอง,1
DJI,MAGIC MINI 3,2024,False,ชื่อในช่องเอง,1
DJI,MAGIC MINI 3,2025,False,ชื่อในช่องเอง,1
DJI,MAGIC MINI 3 PRO,2025,False,ชื่อในช่องเอง,1
DJI,MAGIC MINI SE,2022,False,ชื่อในช่องเอง,1
DJI,MAGIC PRO,2022,False,ชื่อในช่องเอง,1
DJI,MAGIC PRO,2023,False,ชื่อในช่องเอง,4
DJI,MAGIC PRO 2,2022,False,ชื่อในช่องเอง,1
DJI,MAGIC PRO PLATINUM,2022,False,ชื่อในช่องเอง,1
DJI,MAIVIK 2 PRO,2023,False,ชื่อในช่องเอง,1
DJI,MANIC AIR 2,2023,False,ชื่อในช่องเอง,1
DJI,MARTRICE 210 RTK V2,2022,False,ชื่อในช่องเอง,1
DJI,MARVIC 3,2023,False,ชื่อในช่องเอง,1
DJI,MARVIC 3 CINE,2024,False,ชื่อในช่องเอง,1
DJI,MARVIC 3 PRO CINE,2024,False,ชื่อในช่องเอง,1
DJI,MARVIC 4 PRO,2025,False,ชื่อในช่องเอง,1
DJI,MARVIC AIR,2022,False,ชื่อในช่องเอง,2
DJI,MARVIC AIR,2024,False,ชื่อในช่องเอง,1
DJI,MARVIC AIR 2,2023,False,ชื่อในช่องเอง,1
DJI,MARVIC AIR 2,2024,False,ชื่อในช่องเอง,1
DJI,MARVIC AIR2,2023,False,ชื่อในช่องเอง,1
DJI,MARVIC MINI,2023,False,ชื่อในช่องเอง,1
DJI,MARVIC MINI,2025,False,ชื่อในช่องเอง,1
DJI,MARVIC MINI 1,2021,False,ชื่อในช่องเอง,1
DJI,MARVIC PRO,2017,False,ชื่อในช่องเอง,1
DJI,MARVIC PRO PLATINUM,2026,False,ชื่อในช่องเอง,1
DJI,MARVIK AIR2,2024,False,ชื่อในช่องเอง,1
DJI,MATICE 350 RTK,2024,False,ชื่อในช่องเอง,3
DJI,MATRIC 600 PRO (M600P),2020,False,ชื่อในช่องเอง,1
DJI,MATRICE 200,2019,False,ชื่อในช่องเอง,3
DJI,MATRICE 200,2020,False,ชื่อในช่องเอง,4
DJI,MATRICE 200,2021,False,ชื่อในช่องเอง,1
DJI,MATRICE 200 V2,2020,False,ชื่อในช่องเอง,2
DJI,MATRICE 200 V2,2021,False,ชื่อในช่องเอง,4
DJI,MATRICE 200 V2,2022,False,ชื่อในช่องเอง,1
DJI,MATRICE 210,2017,False,ชื่อในช่องเอง,1
DJI,MATRICE 210,2018,False,ชื่อในช่องเอง,2
DJI,MATRICE 210,2019,False,ชื่อในช่องเอง,5
DJI,MATRICE 210,2020,False,ชื่อในช่องเอง,1
DJI,MATRICE 210 RTK,2019,False,ชื่อในช่องเอง,2
DJI,MATRICE 210 RTK,2020,False,ชื่อในช่องเอง,2
DJI,MATRICE 210 RTK V2,2021,False,ชื่อในช่องเอง,2
DJI,MATRICE 210 V2,2020,False,ชื่อในช่องเอง,2
DJI,MATRICE 210 V2 RTK,2020,False,ชื่อในช่องเอง,1
DJI,MATRICE 30,2023,False,ชื่อในช่องเอง,4
DJI,MATRICE 30,2024,False,ชื่อในช่องเอง,4
DJI,MATRICE 30,2025,False,ชื่อในช่องเอง,5
DJI,MATRICE 30 T,2022,False,ชื่อในช่องเอง,1
DJI,MATRICE 300 RTK,2020,False,ชื่อในช่องเอง,5
DJI,MATRICE 300 RTK,2021,False,ชื่อในช่องเอง,18
DJI,MATRICE 300 RTK,2022,False,ชื่อในช่องเอง,41
DJI,MATRICE 300 RTK,2023,False,ชื่อในช่องเอง,30
DJI,MATRICE 300 RTK,2024,False,ชื่อในช่องเอง,8
DJI,MATRICE 300 RTK,2025,False,ชื่อในช่องเอง,11
DJI,MATRICE 300 RTK,2026,False,ชื่อในช่องเอง,4
DJI,MATRICE 30T,2022,False,ชื่อในช่องเอง,12
DJI,MATRICE 30T,2023,False,ชื่อในช่องเอง,8
DJI,MATRICE 30T,2024,False,ชื่อในช่องเอง,23
DJI,MATRICE 30T,2025,False,ชื่อในช่องเอง,15
DJI,MATRICE 30T,2026,False,ชื่อในช่องเอง,3
DJI,MATRICE 350,2026,False,ชื่อในช่องเอง,1
DJI,MATRICE 350 RTK,2023,False,ชื่อในช่องเอง,11
DJI,MATRICE 350 RTK,2024,False,ชื่อในช่องเอง,26
DJI,MATRICE 350 RTK,2025,False,ชื่อในช่องเอง,56
DJI,MATRICE 350 RTK,2026,False,ชื่อในช่องเอง,7
DJI,MATRICE 3D,2024,False,ชื่อในช่องเอง,1
DJI,MATRICE 3TD,2024,False,ชื่อในช่องเอง,2
DJI,MATRICE 3TD,2025,False,ชื่อในช่องเอง,3
DJI,MATRICE 4 T,2026,False,ชื่อในช่องเอง,1
DJI,MATRICE 400,2025,False,ชื่อในช่องเอง,12
DJI,MATRICE 400,2026,False,ชื่อในช่องเอง,55
DJI,MATRICE 4D,2025,False,ชื่อในช่องเอง,1
DJI,MATRICE 4D,2026,False,ชื่อในช่องเอง,1
DJI,MATRICE 4E,2025,False,ชื่อในช่องเอง,124
DJI,MATRICE 4E,2026,False,ชื่อในช่องเอง,91
DJI,MATRICE 4T,2025,False,ชื่อในช่องเอง,69
DJI,MATRICE 4T,2026,False,ชื่อในช่องเอง,47
DJI,MATRICE 4TD,2025,False,ชื่อในช่องเอง,4
DJI,MATRICE 4TD,2026,False,ชื่อในช่องเอง,9
DJI,MATRICE 600,2017,False,ชื่อในช่องเอง,2
DJI,MATRICE 600,2018,False,ชื่อในช่องเอง,3
DJI,MATRICE 600,2019,False,ชื่อในช่องเอง,2
DJI,MATRICE 600,2022,False,ชื่อในช่องเอง,1
DJI,MATRICE 600 PRO,2017,False,ชื่อในช่องเอง,2
DJI,MATRICE 600 PRO,2019,False,ชื่อในช่องเอง,1
DJI,MATRICE 600 PRO,2020,False,ชื่อในช่องเอง,3
DJI,MATRICE 600 PRO,2021,False,ชื่อในช่องเอง,3
DJI,MATRICE 600 PRO,2022,False,ชื่อในช่องเอง,1
DJI,MATRICE 600PRO,2019,False,ชื่อในช่องเอง,2
DJI,MATRICE M600,2018,False,ชื่อในช่องเอง,1
DJI,MATRICE M600 PRO,2017,False,ชื่อในช่องเอง,1
DJI,MATRICE M600 PRO,2023,False,ชื่อในช่องเอง,1
DJI,MATRICE200,2019,False,ชื่อในช่องเอง,1
DJI,MATRICE200 V2,2020,False,ชื่อในช่องเอง,6
DJI,MATRICE210 V2,2020,False,ชื่อในช่องเอง,1
DJI,MATRICE210RTK,2022,False,ชื่อในช่องเอง,1
DJI,MATRICE210RTK V2,2020,False,ชื่อในช่องเอง,1
DJI,MATRICE210RTK V2 (M210RTK V2),2020,False,ชื่อในช่องเอง,1
DJI,MAVI AIR 2,2024,False,ชื่อในช่องเอง,1
DJI,MAVI PRO 2,2022,False,ชื่อในช่องเอง,1
DJI,MAVIC,2017,False,ชื่อในช่องเอง,5
DJI,MAVIC,2022,False,ชื่อในช่องเอง,3
DJI,MAVIC,2023,False,ชื่อในช่องเอง,6
DJI,MAVIC,2024,False,ชื่อในช่องเอง,3
DJI,MAVIC 2,2023,False,ชื่อในช่องเอง,5
DJI,MAVIC 2,2024,False,ชื่อในช่องเอง,17
DJI,MAVIC 2,2025,False,ชื่อในช่องเอง,8
DJI,MAVIC 2,2026,False,ชื่อในช่องเอง,1
DJI,MAVIC 2 AIR,2024,False,ชื่อในช่องเอง,1
DJI,MAVIC 2 ENTERPIRSE ADVANCED,2022,False,ชื่อในช่องเอง,2
DJI,MAVIC 2 ENTERPIRSE ADVANCED,2024,False,ชื่อในช่องเอง,2
DJI,MAVIC 2 ENTERPRISE,2020,False,ชื่อในช่องเอง,5
DJI,MAVIC 2 ENTERPRISE,2021,False,ชื่อในช่องเอง,27
DJI,MAVIC 2 ENTERPRISE,2022,False,ชื่อในช่องเอง,1
DJI,MAVIC 2 ENTERPRISE,2023,False,ชื่อในช่องเอง,1
DJI,MAVIC 2 ENTERPRISE,2024,False,ชื่อในช่องเอง,2
DJI,MAVIC 2 ENTERPRISE,2025,False,ชื่อในช่องเอง,1
DJI,MAVIC 2 ENTERPRISE ADVANCED,2021,False,ชื่อในช่องเอง,8
DJI,MAVIC 2 ENTERPRISE ADVANCED,2022,False,ชื่อในช่องเอง,30
DJI,MAVIC 2 ENTERPRISE ADVANCED,2023,False,ชื่อในช่องเอง,6
DJI,MAVIC 2 ENTERPRISE ADVANCED,2024,False,ชื่อในช่องเอง,1
DJI,MAVIC 2 ENTERPRISE ADVANCED,2026,False,ชื่อในช่องเอง,2
DJI,MAVIC 2 ENTERPRISE DUAL,2019,False,ชื่อในช่องเอง,2
DJI,MAVIC 2 ENTERPRISE DUAL,2020,False,ชื่อในช่องเอง,2
DJI,MAVIC 2 ENTERPRISE DUAL,2021,False,ชื่อในช่องเอง,16
DJI,MAVIC 2 ENTERPRISE DUAL,2023,False,ชื่อในช่องเอง,1
DJI,MAVIC 2 ENTERPRISE SERIES,2025,False,ชื่อในช่องเอง,1
DJI,MAVIC 2 MINI,2023,False,ชื่อในช่องเอง,1
DJI,MAVIC 2 MINI,2025,False,ชื่อในช่องเอง,1
DJI,MAVIC 2 PRI,2025,False,ชื่อในช่องเอง,1
DJI,MAVIC 2 PRO,2018,False,ชื่อในช่องเอง,92
DJI,MAVIC 2 PRO,2019,False,ชื่อในช่องเอง,789
DJI,MAVIC 2 PRO,2020,False,ชื่อในช่องเอง,31
DJI,MAVIC 2 PRO,2021,False,ชื่อในช่องเอง,81
DJI,MAVIC 2 PRO,2022,False,ชื่อในช่องเอง,69
DJI,MAVIC 2 PRO,2023,False,ชื่อในช่องเอง,102
DJI,MAVIC 2 PRO,2024,False,ชื่อในช่องเอง,88
DJI,MAVIC 2 PRO,2025,False,ชื่อในช่องเอง,58
DJI,MAVIC 2 PRO,2026,False,ชื่อในช่องเอง,18
DJI,MAVIC 2 PRO L1P,2022,False,ชื่อในช่องเอง,2
DJI,MAVIC 2 PRO L1P,2024,False,ชื่อในช่องเอง,1
DJI,MAVIC 2 PRO ZOOM,2022,False,ชื่อในช่องเอง,1
DJI,MAVIC 2 ZOOM,2018,False,ชื่อในช่องเอง,36
DJI,MAVIC 2 ZOOM,2019,False,ชื่อในช่องเอง,276
DJI,MAVIC 2 ZOOM,2021,False,ชื่อในช่องเอง,14
DJI,MAVIC 2 ZOOM,2022,False,ชื่อในช่องเอง,21
DJI,MAVIC 2 ZOOM,2023,False,ชื่อในช่องเอง,26
DJI,MAVIC 2 ZOOM,2024,False,ชื่อในช่องเอง,18
DJI,MAVIC 2 ZOOM,2025,False,ชื่อในช่องเอง,11
DJI,MAVIC 2 ZOOM,2026,False,ชื่อในช่องเอง,1
DJI,MAVIC 2PRO,2019,False,ชื่อในช่องเอง,1
DJI,MAVIC 2PRO,2020,False,ชื่อในช่องเอง,13
DJI,MAVIC 2PRO,2021,False,ชื่อในช่องเอง,11
DJI,MAVIC 2PRO,2024,False,ชื่อในช่องเอง,1
DJI,MAVIC 2PRO,2026,False,ชื่อในช่องเอง,3
DJI,MAVIC 2S,2023,False,ชื่อในช่องเอง,1
DJI,MAVIC 2S,2024,False,ชื่อในช่องเอง,1
DJI,MAVIC 3,2021,False,ชื่อในช่องเอง,7
DJI,MAVIC 3,2021,True,ชื่อในช่องเอง,14
DJI,MAVIC 3,2022,False,ชื่อในช่องเอง,87
DJI,MAVIC 3,2022,True,ชื่อในช่องเอง,102
DJI,MAVIC 3,2023,False,ชื่อในช่องเอง,118
DJI,MAVIC 3,2023,True,ชื่อในช่องเอง,83
DJI,MAVIC 3,2024,False,ชื่อในช่องเอง,99
DJI,MAVIC 3,2024,True,ชื่อในช่องเอง,7
DJI,MAVIC 3,2025,False,ชื่อในช่องเอง,55
DJI,MAVIC 3,2025,True,ชื่อในช่องเอง,12
DJI,MAVIC 3,2026,False,ชื่อในช่องเอง,29
DJI,MAVIC 3,2026,True,ชื่อในช่องเอง,8
DJI,MAVIC 3 CINE,2022,False,ชื่อในช่องเอง,16
DJI,MAVIC 3 CINE,2023,False,ชื่อในช่องเอง,18
DJI,MAVIC 3 CINE,2023,True,ชื่อในช่องเอง,1
DJI,MAVIC 3 CINE,2024,False,ชื่อในช่องเอง,10
DJI,MAVIC 3 CINE,2025,False,ชื่อในช่องเอง,15
DJI,MAVIC 3 CINE,2026,False,ชื่อในช่องเอง,8
DJI,MAVIC 3 CINE PREMIUM,2021,True,ชื่อในช่องเอง,2
DJI,MAVIC 3 CINE PREMIUM,2022,True,ชื่อในช่องเอง,22
DJI,MAVIC 3 CINE PREMIUM,2023,True,ชื่อในช่องเอง,3
DJI,MAVIC 3 CINE PREMIUM,2024,True,ชื่อในช่องเอง,5
DJI,MAVIC 3 CINE PREMIUM,2026,True,ชื่อในช่องเอง,1
DJI,MAVIC 3 CLASSIC,2022,False,ชื่อในช่องเอง,54
DJI,MAVIC 3 CLASSIC,2023,False,ชื่อในช่องเอง,269
DJI,MAVIC 3 CLASSIC,2024,False,ชื่อในช่องเอง,157
DJI,MAVIC 3 CLASSIC,2025,False,ชื่อในช่องเอง,145
DJI,MAVIC 3 CLASSIC,2026,False,ชื่อในช่องเอง,25
DJI,MAVIC 3 CLASSIC DRONE,2024,False,ชื่อในช่องเอง,1
DJI,MAVIC 3 CLASSIC L2C,2025,False,ชื่อในช่องเอง,1
DJI,MAVIC 3 DISPLAY UNIT,2024,False,ชื่อในช่องเอง,1
DJI,MAVIC 3 DISPLAY UNIT,2025,False,ชื่อในช่องเอง,3
DJI,MAVIC 3 DISPLAY UNIT,2026,False,ชื่อในช่องเอง,1
DJI,MAVIC 3 ENTERPRISE,2022,False,ชื่อในช่องเอง,3
DJI,MAVIC 3 ENTERPRISE,2023,False,ชื่อในช่องเอง,45
DJI,MAVIC 3 ENTERPRISE,2024,False,ชื่อในช่องเอง,94
DJI,MAVIC 3 ENTERPRISE,2025,False,ชื่อในช่องเอง,62
DJI,MAVIC 3 ENTERPRISE,2026,False,ชื่อในช่องเอง,19
DJI,MAVIC 3 ENTERPRISE THERMAL,2024,False,ชื่อในช่องเอง,1
DJI,MAVIC 3 M,2023,False,ชื่อในช่องเอง,18
DJI,MAVIC 3 M,2024,False,ชื่อในช่องเอง,22
DJI,MAVIC 3 M,2025,False,ชื่อในช่องเอง,31
DJI,MAVIC 3 M,2026,False,ชื่อในช่องเอง,9
DJI,MAVIC 3 MINI,2023,False,ชื่อในช่องเอง,1
DJI,MAVIC 3 MINI PRO,2023,False,ชื่อในช่องเอง,1
DJI,MAVIC 3 MINI PRO RC,2023,False,ชื่อในช่องเอง,1
DJI,MAVIC 3 MULTISPECTRAL,2024,False,ชื่อในช่องเอง,6
DJI,MAVIC 3 MULTISPECTRAL,2025,False,ชื่อในช่องเอง,5
DJI,MAVIC 3 MULTISPECTRAL TH,2023,False,ชื่อในช่องเอง,2
DJI,MAVIC 3 PRO,2022,False,ชื่อในช่องเอง,5
DJI,MAVIC 3 PRO,2023,False,ชื่อในช่องเอง,47
DJI,MAVIC 3 PRO,2023,True,ชื่อในช่องเอง,61
DJI,MAVIC 3 PRO,2024,False,ชื่อในช่องเอง,164
DJI,MAVIC 3 PRO,2024,True,ชื่อในช่องเอง,58
DJI,MAVIC 3 PRO,2025,False,ชื่อในช่องเอง,124
DJI,MAVIC 3 PRO,2025,True,ชื่อในช่องเอง,54
DJI,MAVIC 3 PRO,2026,False,ชื่อในช่องเอง,37
DJI,MAVIC 3 PRO,2026,True,ชื่อในช่องเอง,41
DJI,MAVIC 3 PRO CINE,2023,False,ชื่อในช่องเอง,2
DJI,MAVIC 3 PRO CINE,2024,False,ชื่อในช่องเอง,9
DJI,MAVIC 3 PRO CINE,2025,False,ชื่อในช่องเอง,9
DJI,MAVIC 3 PRO CINE,2026,False,ชื่อในช่องเอง,8
DJI,MAVIC 3 PRO CINE PREMIUM,2023,True,ชื่อในช่องเอง,7
DJI,MAVIC 3 PRO CINE PREMIUM,2024,True,ชื่อในช่องเอง,2
DJI,MAVIC 3 PRO CINE PREMIUM,2025,True,ชื่อในช่องเอง,4
DJI,MAVIC 3 PRO DISPLAY UNIT,2025,False,ชื่อในช่องเอง,1
DJI,MAVIC 3 PRO DISPLAY UNIT,2026,False,ชื่อในช่องเอง,5
DJI,MAVIC 3 THEMAL,2022,False,ชื่อในช่องเอง,2
DJI,MAVIC 3 THEMAL,2023,False,ชื่อในช่องเอง,14
DJI,MAVIC 3 THEMAL,2024,False,ชื่อในช่องเอง,3
DJI,MAVIC 3 THEMAL,2025,False,ชื่อในช่องเอง,2
DJI,MAVIC 3 THERMAL,2022,False,ชื่อในช่องเอง,1
DJI,MAVIC 3 THERMAL,2023,False,ชื่อในช่องเอง,78
DJI,MAVIC 3 THERMAL,2024,False,ชื่อในช่องเอง,221
DJI,MAVIC 3 THERMAL,2025,False,ชื่อในช่องเอง,143
DJI,MAVIC 3 THERMAL,2026,False,ชื่อในช่องเอง,19
DJI,MAVIC 3 V2,2025,False,ชื่อในช่องเอง,1
DJI,MAVIC 3 V2.0,2023,False,ชื่อในช่องเอง,2
DJI,MAVIC 3E,2022,False,ชื่อในช่องเอง,1
DJI,MAVIC 3E,2023,False,ชื่อในช่องเอง,12
DJI,MAVIC 3E,2024,False,ชื่อในช่องเอง,7
DJI,MAVIC 3M,2023,False,ชื่อในช่องเอง,12
DJI,MAVIC 3M,2024,False,ชื่อในช่องเอง,4
DJI,MAVIC 3M,2025,False,ชื่อในช่องเอง,3
DJI,MAVIC 3PRO,2025,False,ชื่อในช่องเอง,2
DJI,MAVIC 3T,2022,False,ชื่อในช่องเอง,2
DJI,MAVIC 3T,2023,False,ชื่อในช่องเอง,10
DJI,MAVIC 4,2025,False,ชื่อในช่องเอง,1
DJI,MAVIC 4,2026,False,ชื่อในช่องเอง,1
DJI,MAVIC 4 MINI,2024,False,ชื่อในช่องเอง,2
DJI,MAVIC 4 MINI PRO,2024,False,ชื่อในช่องเอง,1
DJI,MAVIC 4 PRO,2024,False,ชื่อในช่องเอง,2
DJI,MAVIC 4 PRO,2025,False,ชื่อในช่องเอง,106
DJI,MAVIC 4 PRO,2025,True,ชื่อในช่องเอง,35
DJI,MAVIC 4 PRO,2026,False,ชื่อในช่องเอง,86
DJI,MAVIC 4 PRO,2026,True,ชื่อในช่องเอง,30
DJI,MAVIC 4 PRO 512GB CREATOR,2025,True,ชื่อในช่องเอง,14
DJI,MAVIC 4 PRO 512GB CREATOR,2026,True,ชื่อในช่องเอง,49
DJI,MAVIC 4 PRO MINI,2024,False,ชื่อในช่องเอง,1
DJI,MAVIC 4PRO,2026,False,ชื่อในช่องเอง,1
DJI,MAVIC AIR,2017,False,ชื่อในช่องเอง,4
DJI,MAVIC AIR,2018,False,ชื่อในช่องเอง,1574
DJI,MAVIC AIR,2019,False,ชื่อในช่องเอง,1989
DJI,MAVIC AIR,2020,False,ชื่อในช่องเอง,65
DJI,MAVIC AIR,2021,False,ชื่อในช่องเอง,27
DJI,MAVIC AIR,2022,False,ชื่อในช่องเอง,57
DJI,MAVIC AIR,2023,False,ชื่อในช่องเอง,98
DJI,MAVIC AIR,2024,False,ชื่อในช่องเอง,81
DJI,MAVIC AIR,2025,False,ชื่อในช่องเอง,47
DJI,MAVIC AIR,2026,False,ชื่อในช่องเอง,4
DJI,MAVIC AIR 1,2022,False,ชื่อในช่องเอง,1
DJI,MAVIC AIR 1,2023,False,ชื่อในช่องเอง,1
DJI,MAVIC AIR 1,2024,False,ชื่อในช่องเอง,1
DJI,MAVIC AIR 1,2025,False,ชื่อในช่องเอง,2
DJI,MAVIC AIR 2,2020,False,ชื่อในช่องเอง,970
DJI,MAVIC AIR 2,2020,False,ถอดจากรหัส,2782
DJI,MAVIC AIR 2,2021,False,ชื่อในช่องเอง,313
DJI,MAVIC AIR 2,2021,False,ถอดจากรหัส,2780
DJI,MAVIC AIR 2,2021,True,ชื่อในช่องเอง,1
DJI,MAVIC AIR 2,2022,False,ชื่อในช่องเอง,182
DJI,MAVIC AIR 2,2022,False,ถอดจากรหัส,741
DJI,MAVIC AIR 2,2023,False,ชื่อในช่องเอง,223
DJI,MAVIC AIR 2,2023,False,ถอดจากรหัส,227
DJI,MAVIC AIR 2,2024,False,ชื่อในช่องเอง,229
DJI,MAVIC AIR 2,2024,False,ถอดจากรหัส,144
DJI,MAVIC AIR 2,2025,False,ชื่อในช่องเอง,121
DJI,MAVIC AIR 2,2025,False,ถอดจากรหัส,124
DJI,MAVIC AIR 2,2026,False,ชื่อในช่องเอง,33
DJI,MAVIC AIR 2,2026,False,ถอดจากรหัส,50
DJI,MAVIC AIR 2 FLY,2024,False,ชื่อในช่องเอง,2
DJI,MAVIC AIR 2 MA2UE3W,2022,False,ชื่อในช่องเอง,1
DJI,MAVIC AIR 2 MINI,2025,False,ชื่อในช่องเอง,1
DJI,MAVIC AIR 2 S,2022,False,ชื่อในช่องเอง,1
DJI,MAVIC AIR 2 S,2023,False,ชื่อในช่องเอง,3
DJI,MAVIC AIR 2 S,2024,False,ชื่อในช่องเอง,5
DJI,MAVIC AIR 2 S,2025,False,ชื่อในช่องเอง,2
DJI,MAVIC AIR 3,2023,False,ชื่อในช่องเอง,2
DJI,MAVIC AIR 3,2024,False,ชื่อในช่องเอง,4
DJI,MAVIC AIR 3,2025,False,ชื่อในช่องเอง,6
DJI,MAVIC AIR 3,2026,False,ชื่อในช่องเอง,1
DJI,MAVIC AIR 3S,2024,False,ชื่อในช่องเอง,2
DJI,MAVIC AIR 3S,2025,False,ชื่อในช่องเอง,7
DJI,MAVIC AIR MODEL U11X,2024,False,ชื่อในช่องเอง,1
DJI,MAVIC AIR PRO4,2025,False,ชื่อในช่องเอง,1
DJI,MAVIC AIR S2,2023,False,ชื่อในช่องเอง,1
DJI,MAVIC AIR S2,2024,False,ชื่อในช่องเอง,2
DJI,MAVIC AIR U11X,2022,False,ชื่อในช่องเอง,1
DJI,MAVIC AIR U11X,2023,False,ชื่อในช่องเอง,2
DJI,MAVIC AIR3,2023,False,ชื่อในช่องเอง,1
DJI,MAVIC CINE 3 PRO,2024,False,ชื่อในช่องเอง,1
DJI,MAVIC CINE PRO 3,2025,False,ชื่อในช่องเอง,1
DJI,MAVIC CLASSIC,2024,False,ชื่อในช่องเอง,1
DJI,MAVIC MIMI,2023,False,ชื่อในช่องเอง,1
DJI,MAVIC MINI,2019,False,ชื่อในช่องเอง,55
DJI,MAVIC MINI,2019,False,ถอดจากรหัส,55
DJI,MAVIC MINI,2020,False,ชื่อในช่องเอง,708
DJI,MAVIC MINI,2020,False,ถอดจากรหัส,6898
DJI,MAVIC MINI,2021,False,ชื่อในช่องเอง,54
DJI,MAVIC MINI,2021,False,ถอดจากรหัส,468
DJI,MAVIC MINI,2022,False,ชื่อในช่องเอง,89
DJI,MAVIC MINI,2022,False,ถอดจากรหัส,147
DJI,MAVIC MINI,2023,False,ชื่อในช่องเอง,131
DJI,MAVIC MINI,2023,False,ถอดจากรหัส,127
DJI,MAVIC MINI,2024,False,ชื่อในช่องเอง,134
DJI,MAVIC MINI,2024,False,ถอดจากรหัส,94
DJI,MAVIC MINI,2025,False,ชื่อในช่องเอง,86
DJI,MAVIC MINI,2025,False,ถอดจากรหัส,69
DJI,MAVIC MINI,2026,False,ชื่อในช่องเอง,18
DJI,MAVIC MINI,2026,False,ถอดจากรหัส,21
DJI,MAVIC MINI 1,2021,False,ชื่อในช่องเอง,1
DJI,MAVIC MINI 1,2022,False,ชื่อในช่องเอง,1
DJI,MAVIC MINI 1,2023,False,ชื่อในช่องเอง,4
DJI,MAVIC MINI 1,2024,False,ชื่อในช่องเอง,3
DJI,MAVIC MINI 1,2025,False,ชื่อในช่องเอง,1
DJI,MAVIC MINI 1,2026,False,ชื่อในช่องเอง,1
DJI,MAVIC MINI 2 SE,2024,False,ชื่อในช่องเอง,1
DJI,MAVIC MINI 3,2022,False,ชื่อในช่องเอง,4
DJI,MAVIC MINI 3,2023,False,ชื่อในช่องเอง,4
DJI,MAVIC MINI 3,2024,False,ชื่อในช่องเอง,10
DJI,MAVIC MINI 3,2025,False,ชื่อในช่องเอง,7
DJI,MAVIC MINI 3,2026,False,ชื่อในช่องเอง,1
DJI,MAVIC MINI 3 PRO,2022,False,ชื่อในช่องเอง,12
DJI,MAVIC MINI 3 PRO,2023,False,ชื่อในช่องเอง,37
DJI,MAVIC MINI 3 PRO,2024,False,ชื่อในช่องเอง,35
DJI,MAVIC MINI 3 PRO,2025,False,ชื่อในช่องเอง,6
DJI,MAVIC MINI 3 PRO,2026,False,ชื่อในช่องเอง,2
DJI,MAVIC MINI 3PRO,2023,False,ชื่อในช่องเอง,1
DJI,MAVIC MINI 3PRO,2025,False,ชื่อในช่องเอง,1
DJI,MAVIC MINI 4 PRO,2023,False,ชื่อในช่องเอง,2
DJI,MAVIC MINI 4 PRO,2024,False,ชื่อในช่องเอง,14
DJI,MAVIC MINI 4 PRO,2025,False,ชื่อในช่องเอง,11
DJI,MAVIC MINI 4 PRO,2026,False,ชื่อในช่องเอง,1
DJI,MAVIC MINI 5,2026,False,ชื่อในช่องเอง,1
DJI,MAVIC MINI I,2022,False,ชื่อในช่องเอง,1
DJI,MAVIC MINI MR1SD25,2022,False,ชื่อในช่องเอง,1
DJI,MAVIC MINI MT1SD25,2021,False,ชื่อในช่องเอง,2
DJI,MAVIC MINI MT1SD25,2022,False,ชื่อในช่องเอง,1
DJI,MAVIC MINI MT1SD25,2023,False,ชื่อในช่องเอง,1
DJI,MAVIC MINI MT1SD25,2024,False,ชื่อในช่องเอง,2
DJI,MAVIC MINI MT1SD25,2025,False,ชื่อในช่องเอง,1
DJI,MAVIC MINI MT1SD25,2026,False,ชื่อในช่องเอง,1
DJI,MAVIC MINI MT1SS5,2023,False,ชื่อในช่องเอง,1
DJI,MAVIC MINI PRO,2025,False,ชื่อในช่องเอง,1
DJI,MAVIC MINI PRO 3,2022,False,ชื่อในช่องเอง,2
DJI,MAVIC MINI PRO 3,2024,False,ชื่อในช่องเอง,1
DJI,MAVIC MINI PRO 3,2025,False,ชื่อในช่องเอง,1
DJI,MAVIC MINI PRO 4,2024,False,ชื่อในช่องเอง,1
DJI,MAVIC MINI QUADROCOPTER,2024,True,ชื่อในช่องเอง,1
DJI,MAVIC MINI SE,2022,False,ชื่อในช่องเอง,1
DJI,MAVIC MINI SE,2023,False,ชื่อในช่องเอง,1
DJI,MAVIC MINI SE,2025,False,ชื่อในช่องเอง,3
DJI,MAVIC MINI2,2021,False,ชื่อในช่องเอง,9
DJI,MAVIC MINI2,2022,False,ชื่อในช่องเอง,1
DJI,MAVIC MINI2,2023,False,ชื่อในช่องเอง,5
DJI,MAVIC MINI2,2024,False,ชื่อในช่องเอง,2
DJI,MAVIC MINI2,2025,False,ชื่อในช่องเอง,1
DJI,MAVIC PRO,2017,False,ชื่อในช่องเอง,1749
DJI,MAVIC PRO,2018,False,ชื่อในช่องเอง,1107
DJI,MAVIC PRO,2019,False,ชื่อในช่องเอง,562
DJI,MAVIC PRO,2020,False,ชื่อในช่องเอง,131
DJI,MAVIC PRO,2021,False,ชื่อในช่องเอง,78
DJI,MAVIC PRO,2022,False,ชื่อในช่องเอง,86
DJI,MAVIC PRO,2023,False,ชื่อในช่องเอง,82
DJI,MAVIC PRO,2024,False,ชื่อในช่องเอง,75
DJI,MAVIC PRO,2025,False,ชื่อในช่องเอง,40
DJI,MAVIC PRO,2026,False,ชื่อในช่องเอง,12
DJI,MAVIC PRO 1,2022,False,ชื่อในช่องเอง,1
DJI,MAVIC PRO 1,2023,False,ชื่อในช่องเอง,1
DJI,MAVIC PRO 2,2022,False,ชื่อในช่องเอง,11
DJI,MAVIC PRO 2,2023,False,ชื่อในช่องเอง,13
DJI,MAVIC PRO 2,2024,False,ชื่อในช่องเอง,15
DJI,MAVIC PRO 2,2025,False,ชื่อในช่องเอง,6
DJI,MAVIC PRO 2,2026,False,ชื่อในช่องเอง,3
DJI,MAVIC PRO 3,2023,False,ชื่อในช่องเอง,4
DJI,MAVIC PRO 3,2024,False,ชื่อในช่องเอง,5
DJI,MAVIC PRO 3,2026,False,ชื่อในช่องเอง,1
DJI,MAVIC PRO 4,2025,False,ชื่อในช่องเอง,3
DJI,MAVIC PRO 4,2026,False,ชื่อในช่องเอง,3
DJI,MAVIC PRO 4 MINI,2024,False,ชื่อในช่องเอง,1
DJI,MAVIC PRO CINE,2023,False,ชื่อในช่องเอง,1
DJI,MAVIC PRO FLYMORE,2018,True,ชื่อในช่องเอง,1
DJI,MAVIC PRO FLYMORE,2019,True,ชื่อในช่องเอง,10
DJI,MAVIC PRO FLYMORE,2020,True,ชื่อในช่องเอง,16
DJI,MAVIC PRO FLYMORE,2021,True,ชื่อในช่องเอง,12
DJI,MAVIC PRO FLYMORE,2022,True,ชื่อในช่องเอง,11
DJI,MAVIC PRO FLYMORE,2023,True,ชื่อในช่องเอง,5
DJI,MAVIC PRO FLYMORE,2024,True,ชื่อในช่องเอง,3
DJI,MAVIC PRO FLYMORE,2025,True,ชื่อในช่องเอง,6
DJI,MAVIC PRO FLYMORE V2,2019,True,ชื่อในช่องเอง,6
DJI,MAVIC PRO FLYMORE V2,2020,True,ชื่อในช่องเอง,18
DJI,MAVIC PRO FLYMORE V2,2021,True,ชื่อในช่องเอง,25
DJI,MAVIC PRO FLYMORE V2,2022,True,ชื่อในช่องเอง,14
DJI,MAVIC PRO FLYMORE V2,2023,True,ชื่อในช่องเอง,6
DJI,MAVIC PRO FLYMORE V2,2024,True,ชื่อในช่องเอง,10
DJI,MAVIC PRO M1P,2022,False,ชื่อในช่องเอง,1
DJI,MAVIC PRO M1P,2023,False,ชื่อในช่องเอง,4
DJI,MAVIC PRO M1P,2024,False,ชื่อในช่องเอง,2
DJI,MAVIC PRO M1P,2025,False,ชื่อในช่องเอง,3
DJI,MAVIC PRO MINI 3,2025,False,ชื่อในช่องเอง,1
DJI,MAVIC PRO PLATINUM,2017,False,ชื่อในช่องเอง,2
DJI,MAVIC PRO PLATINUM,2018,False,ชื่อในช่องเอง,26
DJI,MAVIC PRO PLATINUM,2019,False,ชื่อในช่องเอง,29
DJI,MAVIC PRO PLATINUM,2020,False,ชื่อในช่องเอง,5
DJI,MAVIC PRO PLATINUM,2021,False,ชื่อในช่องเอง,22
DJI,MAVIC PRO PLATINUM,2022,False,ชื่อในช่องเอง,11
DJI,MAVIC PRO PLATINUM,2023,False,ชื่อในช่องเอง,9
DJI,MAVIC PRO PLATINUM,2024,False,ชื่อในช่องเอง,14
DJI,MAVIC PRO PLATINUM,2025,False,ชื่อในช่องเอง,7
DJI,MAVIC PRO PLATINUM,2026,False,ชื่อในช่องเอง,1
DJI,MAVIC PRO PLATINUM FLYMORE,2019,True,ชื่อในช่องเอง,9
DJI,MAVIC PRO PLATINUM FLYMORE,2020,True,ชื่อในช่องเอง,19
DJI,MAVIC PRO PLATINUM FLYMORE,2021,True,ชื่อในช่องเอง,14
DJI,MAVIC PRO PLATINUM FLYMORE,2022,True,ชื่อในช่องเอง,7
DJI,MAVIC PRO PLATINUM FLYMORE,2023,True,ชื่อในช่องเอง,3
DJI,MAVIC PRO PLATINUM M1X,2023,False,ชื่อในช่องเอง,2
DJI,MAVIC PRO V2,2024,False,ชื่อในช่องเอง,1
DJI,MAVIC PRO2,2021,False,ชื่อในช่องเอง,1
DJI,MAVIC SE,2023,False,ชื่อในช่องเอง,1
DJI,MAVIC ZOOM,2023,False,ชื่อในช่องเอง,2
DJI,MAVIC ZOOM 2,2023,False,ชื่อในช่องเอง,1
DJI,MAVIC2,2022,False,ชื่อในช่องเอง,1
DJI,MAVIC2,2023,False,ชื่อในช่องเอง,2
DJI,MAVIC2,2024,False,ชื่อในช่องเอง,2
DJI,MAVIC2 ENTERPRISE ADVANCED (L1TE),2021,False,ชื่อในช่องเอง,3
DJI,MAVIC2 ENTERPRISE ADVANCED (L1TE),2022,False,ชื่อในช่องเอง,4
DJI,MAVIC2 ENTERPRISE DUAL,2020,False,ชื่อในช่องเอง,2
DJI,MAVIC2 ENTERPRISE DUAL (L1DE),2019,False,ชื่อในช่องเอง,1
DJI,MAVIC2 ENTERPRISE DUAL (L1DE),2020,False,ชื่อในช่องเอง,2
DJI,MAVIC2 ENTERPRISE DUAL (L1DE),2021,False,ชื่อในช่องเอง,1
DJI,MAVIC2 ENTERPRISE DUAL (L1DE),2023,False,ชื่อในช่องเอง,1
DJI,MAVIC2 PRO,2021,False,ชื่อในช่องเอง,1
DJI,MAVIC2 PRO,2023,False,ชื่อในช่องเอง,1
DJI,MAVIC2 PRO,2024,False,ชื่อในช่องเอง,2
DJI,MAVIC2 ZOOM,2023,False,ชื่อในช่องเอง,1
DJI,"MAVIC2 ZOOM/L1Z,L1ZA",2020,False,ชื่อในช่องเอง,1
DJI,"MAVIC2 ZOOM/L1Z,L1ZA",2021,False,ชื่อในช่องเอง,1
DJI,MAVIC2PRO,2021,False,ชื่อในช่องเอง,1
DJI,MAVIC2PRO,2022,False,ชื่อในช่องเอง,3
DJI,MAVIC2PRO,2023,False,ชื่อในช่องเอง,5
DJI,MAVIC2PRO,2024,False,ชื่อในช่องเอง,2
DJI,MAVIC2PRO,2025,False,ชื่อในช่องเอง,2
DJI,MAVIC3,2022,False,ชื่อในช่องเอง,4
DJI,MAVIC3,2023,False,ชื่อในช่องเอง,9
DJI,MAVIC3,2024,False,ชื่อในช่องเอง,6
DJI,MAVIC3,2025,False,ชื่อในช่องเอง,3
DJI,MAVIC3,2026,False,ชื่อในช่องเอง,2
DJI,MAVIC3 CINE,2023,False,ชื่อในช่องเอง,1
DJI,MAVIC3 CLASSIC,2023,False,ชื่อในช่องเอง,2
DJI,MAVIC3 CLASSIC,2024,False,ชื่อในช่องเอง,2
DJI,MAVIC3 PRO,2024,False,ชื่อในช่องเอง,2
DJI,MAVIC3 PRO,2025,False,ชื่อในช่องเอง,1
DJI,MAVIC3CLASSIC,2023,False,ชื่อในช่องเอง,2
DJI,MAVIC3PRO,2023,False,ชื่อในช่องเอง,2
DJI,MAVIC3PRO,2024,False,ชื่อในช่องเอง,4
DJI,MAVIC3PRO,2025,False,ชื่อในช่องเอง,3
DJI,MAVIC3PRO CINE,2024,False,ชื่อในช่องเอง,1
DJI,MAVIC4 PRO,2025,False,ชื่อในช่องเอง,1
DJI,MAVICAIR,2019,False,ชื่อในช่องเอง,2
DJI,MAVICAIR,2023,False,ชื่อในช่องเอง,1
DJI,MAVICK AIR 1,2025,False,ชื่อในช่องเอง,1
DJI,MAVICMINI2,2023,False,ชื่อในช่องเอง,1
DJI,MAVICPRO,2024,False,ชื่อในช่องเอง,1
DJI,MAVID MINI,2019,False,ชื่อในช่องเอง,2
DJI,MAVIK 3PRO,2024,False,ชื่อในช่องเอง,1
DJI,MAVIK AIR,2024,False,ชื่อในช่องเอง,2
DJI,MAVIK AIR 2,2021,False,ชื่อในช่องเอง,1
DJI,MAVIK MINI,2023,False,ชื่อในช่องเอง,1
DJI,MAVIK MINI,2024,False,ชื่อในช่องเอง,1
DJI,MAVIK MINI 2,2023,False,ชื่อในช่องเอง,2
DJI,MAVIK MINI 3 PRO,2024,False,ชื่อในช่องเอง,1
DJI,MAVIK MINI PRO 4,2024,False,ชื่อในช่องเอง,1
DJI,MAVIR AIR,2022,False,ชื่อในช่องเอง,1
DJI,MAVIS 2 PRO,2026,False,ชื่อในช่องเอง,1
DJI,MAVIS AIR 2,2023,False,ชื่อในช่องเอง,1
DJI,MAVIS AIR 2,2025,False,ชื่อในช่องเอง,1
DJI,MAVIV 2 PRO,2023,False,ชื่อในช่องเอง,1
DJI,MAVIV MINI,2023,False,ชื่อในช่องเอง,1
DJI,MAVRIC AIR 2 S,2023,False,ชื่อในช่องเอง,1
DJI,MAVRIC AIR 2 S,2024,False,ชื่อในช่องเอง,2
DJI,MAVRIC AIR2 S,2023,False,ชื่อในช่องเอง,1
DJI,MAVRIC MINI 3 PRO,2025,False,ชื่อในช่องเอง,1
DJI,MG-1,2019,False,ชื่อในช่องเอง,1
DJI,MG-1P,2021,False,ชื่อในช่องเอง,374
DJI,MG-1P,2022,False,ชื่อในช่องเอง,64
DJI,MG-1P,2023,False,ชื่อในช่องเอง,112
DJI,MG-1P,2024,False,ชื่อในช่องเอง,32
DJI,MG-1P,2025,False,ชื่อในช่องเอง,1
DJI,MG-1P,2026,False,ชื่อในช่องเอง,2
DJI,MG-1P (3WWDSZ-10016),2021,False,ชื่อในช่องเอง,17
DJI,MG-1P (3WWDSZ-10016),2022,False,ชื่อในช่องเอง,7
DJI,MG-1P (3WWDSZ-10016),2023,False,ชื่อในช่องเอง,1
DJI,MG-1P (3WWDSZ-10016),2025,False,ชื่อในช่องเอง,1
DJI,MIIN 3 PRO,2023,False,ชื่อในช่องเอง,1
DJI,MIINI 4 PRO,2023,False,ชื่อในช่องเอง,1
DJI,MIMI 3 PRO,2023,False,ชื่อในช่องเอง,1
DJI,MIMI 3 PRO,2024,False,ชื่อในช่องเอง,1
DJI,MIMI 3 PRO,2025,False,ชื่อในช่องเอง,1
DJI,MIMI 3 PRO,2026,False,ชื่อในช่องเอง,1
DJI,MIMI 4 PRO,2024,False,ชื่อในช่องเอง,1
DJI,MIN 3 PRO,2023,False,ชื่อในช่องเอง,2
DJI,MIN4PRO,2024,False,รหัสที่ถอดไม่ได้,1
DJI,MINE 3 PRO,2023,False,ชื่อในช่องเอง,1
DJI,MINE 3 PRO,2024,False,ชื่อในช่องเอง,1
DJI,MINI,2021,False,ชื่อในช่องเอง,1
DJI,MINI,2022,False,ชื่อในช่องเอง,12
DJI,MINI,2023,False,ชื่อในช่องเอง,12
DJI,MINI,2024,False,ชื่อในช่องเอง,11
DJI,MINI,2025,False,ชื่อในช่องเอง,3
DJI,MINI,2026,False,ชื่อในช่องเอง,3
DJI,MINI 1,2023,False,ชื่อในช่องเอง,4
DJI,MINI 1,2024,False,ชื่อในช่องเอง,4
DJI,MINI 1,2025,False,ชื่อในช่องเอง,1
DJI,MINI 2,2020,False,ถอดจากรหัส,1072
DJI,MINI 2,2021,False,ชื่อในช่องเอง,140
DJI,MINI 2,2021,False,ถอดจากรหัส,5741
DJI,MINI 2,2021,True,ชื่อในช่องเอง,680
DJI,MINI 2,2022,False,ชื่อในช่องเอง,408
DJI,MINI 2,2022,False,ถอดจากรหัส,3090
DJI,MINI 2,2022,True,ชื่อในช่องเอง,1836
DJI,MINI 2,2023,False,ชื่อในช่องเอง,706
DJI,MINI 2,2023,False,ถอดจากรหัส,625
DJI,MINI 2,2023,True,ชื่อในช่องเอง,171
DJI,MINI 2,2024,False,ชื่อในช่องเอง,719
DJI,MINI 2,2024,False,ถอดจากรหัส,278
DJI,MINI 2,2024,True,ชื่อในช่องเอง,83
DJI,MINI 2,2025,False,ชื่อในช่องเอง,439
DJI,MINI 2,2025,False,ถอดจากรหัส,150
DJI,MINI 2,2025,True,ชื่อในช่องเอง,42
DJI,MINI 2,2026,False,ชื่อในช่องเอง,117
DJI,MINI 2,2026,False,ถอดจากรหัส,75
DJI,MINI 2,2026,True,ชื่อในช่องเอง,16
DJI,MINI 2 - 249G,2022,False,ชื่อในช่องเอง,1
DJI,MINI 2 4K,2025,False,ชื่อในช่องเอง,1
DJI,MINI 2 DISPLAY DEMO,2025,False,ชื่อในช่องเอง,1
DJI,MINI 2 EU,2022,True,ชื่อในช่องเอง,1
DJI,MINI 2 FLY,2023,False,ชื่อในช่องเอง,1
DJI,MINI 2 FLY MORE,2022,False,ชื่อในช่องเอง,1
DJI,MINI 2 MT2PD,2022,False,ชื่อในช่องเอง,4
DJI,MINI 2 MT2PD,2022,True,ชื่อในช่องเอง,1
DJI,MINI 2 MT2PD,2023,False,ชื่อในช่องเอง,1
DJI,MINI 2 MT2PD,2024,False,ชื่อในช่องเอง,3
DJI,MINI 2 MT2PT,2022,False,ชื่อในช่องเอง,1
DJI,MINI 2 PRO,2023,False,ชื่อในช่องเอง,1
DJI,MINI 2 PRO,2024,False,ชื่อในช่องเอง,2
DJI,MINI 2 PRO,2025,False,ชื่อในช่องเอง,1
DJI,MINI 2 SE,2023,False,ชื่อในช่องเอง,176
DJI,MINI 2 SE,2023,False,ถอดจากรหัส,1409
DJI,MINI 2 SE,2023,True,ชื่อในช่องเอง,694
DJI,MINI 2 SE,2024,False,ชื่อในช่องเอง,298
DJI,MINI 2 SE,2024,False,ถอดจากรหัส,2223
DJI,MINI 2 SE,2024,True,ชื่อในช่องเอง,653
DJI,MINI 2 SE,2025,False,ชื่อในช่องเอง,206
DJI,MINI 2 SE,2025,False,ถอดจากรหัส,1252
DJI,MINI 2 SE,2025,True,ชื่อในช่องเอง,40
DJI,MINI 2 SE,2026,False,ชื่อในช่องเอง,64
DJI,MINI 2 SE,2026,False,ถอดจากรหัส,453
DJI,MINI 2 SE,2026,True,ชื่อในช่องเอง,18
DJI,MINI 2 SE 4K,2025,False,ชื่อในช่องเอง,1
DJI,MINI 2 SE C0,2024,False,ชื่อในช่องเอง,1
DJI,MINI 2 SE FLY,2023,True,ชื่อในช่องเอง,1
DJI,MINI 2 SE MT2SD,2024,False,ชื่อในช่องเอง,1
DJI,MINI 2 SW,2023,False,ชื่อในช่องเอง,1
DJI,MINI 2.,2022,False,ชื่อในช่องเอง,1
DJI,MINI 2PRO,2026,False,ชื่อในช่องเอง,1
DJI,MINI 2SE,2023,False,ชื่อในช่องเอง,3
DJI,MINI 2SE,2024,False,ชื่อในช่องเอง,9
DJI,MINI 2SE,2025,False,ชื่อในช่องเอง,9
DJI,MINI 2SE,2026,False,ชื่อในช่องเอง,2
DJI,MINI 3,2022,False,ชื่อในช่องเอง,10
DJI,MINI 3,2022,False,ถอดจากรหัส,25
DJI,MINI 3,2022,True,ชื่อในช่องเอง,14
DJI,MINI 3,2023,False,ชื่อในช่องเอง,281
DJI,MINI 3,2023,False,ถอดจากรหัส,1053
DJI,MINI 3,2023,True,ชื่อในช่องเอง,566
DJI,MINI 3,2024,False,ชื่อในช่องเอง,797
DJI,MINI 3,2024,False,ถอดจากรหัส,1060
DJI,MINI 3,2024,True,ชื่อในช่องเอง,497
DJI,MINI 3,2025,False,ชื่อในช่องเอง,1105
DJI,MINI 3,2025,False,ถอดจากรหัส,644
DJI,MINI 3,2025,True,ชื่อในช่องเอง,236
DJI,MINI 3,2026,False,ชื่อในช่องเอง,459
DJI,MINI 3,2026,False,ถอดจากรหัส,370
DJI,MINI 3,2026,True,ชื่อในช่องเอง,102
DJI,MINI 3 CLASSIC,2023,False,ชื่อในช่องเอง,1
DJI,MINI 3 DISPLAY UNIT,2023,False,ชื่อในช่องเอง,1
DJI,MINI 3 DISPLAY UNIT,2024,False,ชื่อในช่องเอง,7
DJI,MINI 3 DISPLAY UNIT,2025,False,ชื่อในช่องเอง,14
DJI,MINI 3 DISPLAY UNIT,2026,False,ชื่อในช่องเอง,9
DJI,MINI 3 FLY MORE,2025,False,ชื่อในช่องเอง,1
DJI,MINI 3 FMC RC,2024,False,ชื่อในช่องเอง,1
DJI,MINI 3 MT3PD,2024,False,ชื่อในช่องเอง,1
DJI,MINI 3 PLUS,2023,False,ชื่อในช่องเอง,1
DJI,MINI 3 PRI,2023,False,ชื่อในช่องเอง,1
DJI,MINI 3 PRO,2022,False,ชื่อในช่องเอง,1963
DJI,MINI 3 PRO,2022,False,ถอดจากรหัส,2224
DJI,MINI 3 PRO,2023,False,ชื่อในช่องเอง,3080
DJI,MINI 3 PRO,2023,False,ถอดจากรหัส,2771
DJI,MINI 3 PRO,2024,False,ชื่อในช่องเอง,1944
DJI,MINI 3 PRO,2024,False,ถอดจากรหัส,441
DJI,MINI 3 PRO,2025,False,ชื่อในช่องเอง,1155
DJI,MINI 3 PRO,2025,False,ถอดจากรหัส,183
DJI,MINI 3 PRO,2026,False,ชื่อในช่องเอง,330
DJI,MINI 3 PRO,2026,False,ถอดจากรหัส,88
DJI,MINI 3 PRO 3,2024,False,ชื่อในช่องเอง,1
DJI,MINI 3 PRO CAMERA DRONE,2024,False,ชื่อในช่องเอง,1
DJI,MINI 3 PRO MT3M3VD,2023,False,ชื่อในช่องเอง,1
DJI,MINI 3 PRO RC,2022,False,ชื่อในช่องเอง,1
DJI,MINI 3 PRO RC,2023,False,ชื่อในช่องเอง,1
DJI,MINI 3 PRO RC,2024,False,ชื่อในช่องเอง,1
DJI,MINI 3 PRO RC 249 GRAMS,2024,False,ชื่อในช่องเอง,1
DJI,MINI 3 PRO ULTRA LIGHT 249G,2022,False,ชื่อในช่องเอง,1
DJI,MINI 3 PROO,2024,False,ชื่อในช่องเอง,1
DJI,MINI 3 P{RO,2026,False,ชื่อในช่องเอง,1
DJI,MINI 3 RC,2026,False,ชื่อในช่องเอง,1
DJI,MINI 3. PRO,2024,False,ชื่อในช่องเอง,1
DJI,MINI 3PRO,2022,False,ชื่อในช่องเอง,8
DJI,MINI 3PRO,2023,False,ชื่อในช่องเอง,15
DJI,MINI 3PRO,2024,False,ชื่อในช่องเอง,15
DJI,MINI 3PRO,2025,False,ชื่อในช่องเอง,3
DJI,MINI 3PRO,2026,False,ชื่อในช่องเอง,1
DJI,MINI 4,2023,False,ชื่อในช่องเอง,3
DJI,MINI 4,2024,False,ชื่อในช่องเอง,16
DJI,MINI 4,2025,False,ชื่อในช่องเอง,13
DJI,MINI 4 PRO,2023,False,ชื่อในช่องเอง,241
DJI,MINI 4 PRO,2023,False,ถอดจากรหัส,1007
DJI,MINI 4 PRO,2023,True,ชื่อในช่องเอง,508
DJI,MINI 4 PRO,2024,False,ชื่อในช่องเอง,1836
DJI,MINI 4 PRO,2024,False,ถอดจากรหัส,3291
DJI,MINI 4 PRO,2024,True,ชื่อในช่องเอง,1877
DJI,MINI 4 PRO,2025,False,ชื่อในช่องเอง,2068
DJI,MINI 4 PRO,2025,False,ถอดจากรหัส,2648
DJI,MINI 4 PRO,2025,True,ชื่อในช่องเอง,1333
DJI,MINI 4 PRO,2026,False,ชื่อในช่องเอง,705
DJI,MINI 4 PRO,2026,False,ถอดจากรหัส,619
DJI,MINI 4 PRO,2026,True,ชื่อในช่องเอง,269
DJI,MINI 4 PRO DISPLAY UNIT,2025,False,ชื่อในช่องเอง,18
DJI,MINI 4 PRO DISPLAY UNIT,2026,False,ชื่อในช่องเอง,24
DJI,MINI 4 PRO MINI,2024,True,ชื่อในช่องเอง,1
DJI,MINI 4 PRO PLUS,2024,False,ชื่อในช่องเอง,1
DJI,MINI 4 PRO PLUS,2025,True,ชื่อในช่องเอง,1
DJI,MINI 4 PRO0,2026,False,ชื่อในช่องเอง,1
DJI,MINI 4K,2024,False,ชื่อในช่องเอง,93
DJI,MINI 4K,2024,False,ถอดจากรหัส,1
DJI,MINI 4K,2024,True,ชื่อในช่องเอง,100
DJI,MINI 4K,2025,False,ชื่อในช่องเอง,473
DJI,MINI 4K,2025,False,ถอดจากรหัส,3
DJI,MINI 4K,2025,True,ชื่อในช่องเอง,243
DJI,MINI 4K,2026,False,ชื่อในช่องเอง,214
DJI,MINI 4K,2026,True,ชื่อในช่องเอง,172
DJI,MINI 4K PRO,2025,False,ชื่อในช่องเอง,1
DJI,MINI 4K SE,2024,False,ชื่อในช่องเอง,1
DJI,MINI 4K UNDER 250GR,2024,False,ชื่อในช่องเอง,1
DJI,MINI 4PRO,2024,False,ชื่อในช่องเอง,8
DJI,MINI 4PRO,2025,False,ชื่อในช่องเอง,10
DJI,MINI 4PRO,2026,False,ชื่อในช่องเอง,3
DJI,MINI 5,2026,False,ชื่อในช่องเอง,1
DJI,MINI 5 PRO,2025,False,ชื่อในช่องเอง,1261
DJI,MINI 5 PRO,2025,False,ถอดจากรหัส,4
DJI,MINI 5 PRO,2025,True,ชื่อในช่องเอง,490
DJI,MINI 5 PRO,2026,False,ชื่อในช่องเอง,1311
DJI,MINI 5 PRO,2026,True,ชื่อในช่องเอง,988
DJI,MINI 5 PRO FLYMORE PLUS,2026,True,ชื่อในช่องเอง,6
DJI,MINI 5PRO,2025,False,ชื่อในช่องเอง,1
DJI,MINI 5PRO,2026,False,ชื่อในช่องเอง,3
DJI,MINI A PRO,2026,False,ชื่อในช่องเอง,1
DJI,MINI AIR 2,2024,False,ชื่อในช่องเอง,2
DJI,MINI AIR 2,2025,False,ชื่อในช่องเอง,5
DJI,MINI FLY 2 MORE,2025,True,ชื่อในช่องเอง,1
DJI,MINI II,2022,False,ชื่อในช่องเอง,1
DJI,MINI II,2023,False,ชื่อในช่องเอง,1
DJI,MINI II,2024,False,ชื่อในช่องเอง,1
DJI,MINI MAVIC,2023,False,ชื่อในช่องเอง,1
DJI,MINI MAVIC,2024,False,ชื่อในช่องเอง,2
DJI,MINI MAVIC 2,2023,False,ชื่อในช่องเอง,1
DJI,MINI MR1SD25,2023,False,ชื่อในช่องเอง,1
DJI,MINI PRO,2023,False,ชื่อในช่องเอง,5
DJI,MINI PRO,2024,False,ชื่อในช่องเอง,1
DJI,MINI PRO,2025,False,ชื่อในช่องเอง,1
DJI,MINI PRO 2,2025,False,ชื่อในช่องเอง,1
DJI,MINI PRO 5,2025,False,ชื่อในช่องเอง,5
DJI,MINI PRO 5,2026,False,ชื่อในช่องเอง,6
DJI,MINI PRO III,2023,False,ชื่อในช่องเอง,1
DJI,MINI PRO3,2022,False,ชื่อในช่องเอง,1
DJI,MINI PRO3,2023,False,ชื่อในช่องเอง,1
DJI,MINI PRO3,2024,False,ชื่อในช่องเอง,2
DJI,MINI PRO3,2025,False,ชื่อในช่องเอง,3
DJI,MINI PROU 3,2023,False,ชื่อในช่องเอง,1
DJI,MINI SE,2021,False,ชื่อในช่องเอง,54
DJI,MINI SE,2021,False,ถอดจากรหัส,891
DJI,MINI SE,2021,True,ชื่อในช่องเอง,244
DJI,MINI SE,2022,False,ชื่อในช่องเอง,156
DJI,MINI SE,2022,False,ถอดจากรหัส,889
DJI,MINI SE,2022,True,ชื่อในช่องเอง,604
DJI,MINI SE,2023,False,ชื่อในช่องเอง,67
DJI,MINI SE,2023,False,ถอดจากรหัส,192
DJI,MINI SE,2023,True,ชื่อในช่องเอง,69
DJI,MINI SE,2024,False,ชื่อในช่องเอง,44
DJI,MINI SE,2024,False,ถอดจากรหัส,52
DJI,MINI SE,2024,True,ชื่อในช่องเอง,17
DJI,MINI SE,2025,False,ชื่อในช่องเอง,32
DJI,MINI SE,2025,False,ถอดจากรหัส,24
DJI,MINI SE,2025,True,ชื่อในช่องเอง,7
DJI,MINI SE,2026,False,ชื่อในช่องเอง,2
DJI,MINI SE,2026,False,ถอดจากรหัส,8
DJI,MINI SE,2026,True,ชื่อในช่องเอง,6
DJI,MINI SE 2,2023,False,ชื่อในช่องเอง,1
DJI,MINI SE 2,2024,False,ชื่อในช่องเอง,5
DJI,MINI SE 2,2025,False,ชื่อในช่องเอง,4
DJI,MINI SE 2,2026,False,ชื่อในช่องเอง,1
DJI,MINI SE FLY,2021,True,ชื่อในช่องเอง,15
DJI,MINI SE FLY,2022,True,ชื่อในช่องเอง,87
DJI,MINI SE FLY,2023,True,ชื่อในช่องเอง,1
DJI,MINI SE FLY,2025,True,ชื่อในช่องเอง,1
DJI,MINI SE MT2SD25,2022,False,ชื่อในช่องเอง,1
DJI,MINI SE MT2SS5,2022,False,ชื่อในช่องเอง,1
DJI,MINI SE2,2023,False,ชื่อในช่องเอง,1
DJI,MINI SE2,2024,False,ชื่อในช่องเอง,1
DJI,MINI SE2,2026,False,ชื่อในช่องเอง,1
DJI,MINI SE2SSS,2024,False,ชื่อในช่องเอง,1
DJI,MINI SED,2023,False,ชื่อในช่องเอง,1
DJI,MINI UAV,2023,False,ชื่อในช่องเอง,2
DJI,MINI-2 MT2PD,2023,False,ชื่อในช่องเอง,1
DJI,MINI2 - MT2PD,2022,False,ชื่อในช่องเอง,1
DJI,MINI2 4 K,2024,False,ชื่อในช่องเอง,1
DJI,MINI2 MT2PD,2024,False,ชื่อในช่องเอง,1
DJI,MINI2 SE,2023,False,ชื่อในช่องเอง,1
DJI,MINI2 SE,2024,False,ชื่อในช่องเอง,10
DJI,MINI2 SE,2025,False,ชื่อในช่องเอง,1
DJI,MINI2-8EED2,2023,False,ชื่อในช่องเอง,1
DJI,MINI2PRO,2023,False,ชื่อในช่องเอง,1
DJI,MINI2SE,2024,False,ชื่อในช่องเอง,3
DJI,MINI3 PRO,2022,False,ชื่อในช่องเอง,12
DJI,MINI3 PRO,2023,False,ชื่อในช่องเอง,35
DJI,MINI3 PRO,2024,False,ชื่อในช่องเอง,28
DJI,MINI3 PRO,2025,False,ชื่อในช่องเอง,5
DJI,MINI3 PRO,2026,False,ชื่อในช่องเอง,1
DJI,MINI3PRO,2022,False,ชื่อในช่องเอง,1
DJI,MINI3PRO,2023,False,ชื่อในช่องเอง,14
DJI,MINI3PRO,2024,False,ชื่อในช่องเอง,18
DJI,MINI3PRO,2025,False,ชื่อในช่องเอง,6
DJI,MINI3PRO,2026,False,ชื่อในช่องเอง,1
DJI,MINI4 K,2026,False,ชื่อในช่องเอง,1
DJI,MINI4 PRO,2023,False,ชื่อในช่องเอง,1
DJI,MINI4 PRO,2024,False,ชื่อในช่องเอง,16
DJI,MINI4 PRO,2025,False,ชื่อในช่องเอง,12
DJI,MINI4 PRO,2026,False,ชื่อในช่องเอง,1
DJI,MINI4KPRO,2025,False,ชื่อในช่องเอง,1
DJI,MINI4PRO,2023,False,ชื่อในช่องเอง,2
DJI,MINI4PRO,2024,False,ชื่อในช่องเอง,9
DJI,MINI4PRO,2025,False,ชื่อในช่องเอง,12
DJI,MINI4PRO,2026,False,ชื่อในช่องเอง,3
DJI,MINI5 PRO,2025,False,ชื่อในช่องเอง,1
DJI,MINI5 PRO,2026,False,ชื่อในช่องเอง,1
DJI,MINI5PRO,2026,False,ชื่อในช่องเอง,1
DJI,MINII 3 PRO,2024,False,ชื่อในช่องเอง,1
DJI,MININ3,2025,False,ชื่อในช่องเอง,1
DJI,MININPRO3,2024,False,ชื่อในช่องเอง,1
DJI,MINIPRO,2024,False,ชื่อในช่องเอง,1
DJI,MINIPRO4,2025,False,ชื่อในช่องเอง,1
DJI,MINNI 3 PRO,2023,False,ชื่อในช่องเอง,1
DJI,MINU 2,2023,False,ชื่อในช่องเอง,1
DJI,MMAVIC AIR 2,2023,False,ชื่อในช่องเอง,1
DJI,MOVIC 2 PRO,2023,False,ชื่อในช่องเอง,1
DJI,MP1,2023,False,ชื่อในช่องเอง,1
DJI,MSVIC PRO 2,2022,False,ชื่อในช่องเอง,1
DJI,MT25D,2024,False,รหัสที่ถอดไม่ได้,1
DJI,MT25DCE,2025,False,รหัสที่ถอดไม่ได้,1
DJI,MT2BT MAVIC MINI 2,2023,False,ชื่อในช่องเอง,1
DJI,MT2DD,2024,False,รหัสที่ถอดไม่ได้,1
DJI,MT2PD MINI 2,2022,False,ชื่อในช่องเอง,1
DJI,MT2PD MINI2,2021,False,ชื่อในช่องเอง,1
DJI,MT2PD MINI2,2022,False,ชื่อในช่องเอง,1
DJI,MT2PD MINI2,2023,False,ชื่อในช่องเอง,1
DJI,MT2PL,2023,False,รหัสที่ถอดไม่ได้,1
DJI,MT2SD,2025,False,ชื่อในช่องเอง,1
DJI,MT3 M3VD,2023,False,ชื่อในช่องเอง,1
DJI,MT3DP,2023,False,รหัสที่ถอดไม่ได้,1
DJI,MTISS5,2024,False,ชื่อในช่องเอง,1
DJI,MY2PD,2021,False,รหัสที่ถอดไม่ได้,1
DJI,MY2PD,2022,False,รหัสที่ถอดไม่ได้,2
DJI,MY2PD,2023,False,รหัสที่ถอดไม่ได้,1
DJI,NA2UE3W,2023,False,รหัสที่ถอดไม่ได้,1
DJI,NAN,2017,False,ชื่อในช่องเอง,1
DJI,NAZA LITE,2017,False,ชื่อในช่องเอง,2
DJI,NAZA M LITE V1.1,2017,False,ชื่อในช่องเอง,1
DJI,NAZA V2,2017,False,ชื่อในช่องเอง,1
DJI,NEO,2024,False,ชื่อในช่องเอง,665
DJI,NEO,2024,False,ถอดจากรหัส,2607
DJI,NEO,2024,True,ชื่อในช่องเอง,1254
DJI,NEO,2025,False,ชื่อในช่องเอง,840
DJI,NEO,2025,False,ถอดจากรหัส,2429
DJI,NEO,2025,True,ชื่อในช่องเอง,1042
DJI,NEO,2026,False,ชื่อในช่องเอง,179
DJI,NEO,2026,False,ถอดจากรหัส,475
DJI,NEO,2026,True,ชื่อในช่องเอง,229
DJI,NEO 2,2025,False,ชื่อในช่องเอง,66
DJI,NEO 2,2025,False,ถอดจากรหัส,1264
DJI,NEO 2,2025,True,ชื่อในช่องเอง,51
DJI,NEO 2,2026,False,ชื่อในช่องเอง,299
DJI,NEO 2,2026,False,ถอดจากรหัส,2378
DJI,NEO 2,2026,True,ชื่อในช่องเอง,628
DJI,NEO 2 MOTION,2026,True,ชื่อในช่องเอง,86
DJI,NEO DN1A0626,2026,False,ชื่อในช่องเอง,1
DJI,NEO FLY,2024,True,ชื่อในช่องเอง,1
DJI,NEO MINI,2025,False,ชื่อในช่องเอง,1
DJI,NEO MOTION,2024,True,ชื่อในช่องเอง,67
DJI,NEO MOTION,2025,True,ชื่อในช่องเอง,187
DJI,NEO MOTION,2026,True,ชื่อในช่องเอง,70
DJI,NEO2,2025,False,ชื่อในช่องเอง,10
DJI,NEO2,2026,False,ชื่อในช่องเอง,18
DJI,O3,2023,False,ชื่อในช่องเอง,2
DJI,O3 AIR UNIT,2023,False,ชื่อในช่องเอง,1
DJI,O3 AIR UNIT,2024,False,ชื่อในช่องเอง,4
DJI,O3 AIR UNIT,2025,False,ชื่อในช่องเอง,1
DJI,P4 MULTISPECTRAL,2020,False,ชื่อในช่องเอง,2
DJI,P4 MULTISPECTRAL,2021,False,ชื่อในช่องเอง,1
DJI,P4 MULTISPECTRAL,2022,False,ชื่อในช่องเอง,9
DJI,P4 MULTISPECTRAL,2023,False,ชื่อในช่องเอง,8
DJI,P4 MULTISPECTRAL,2025,False,ชื่อในช่องเอง,1
DJI,P4RTK,2023,False,ชื่อในช่องเอง,1
DJI,PHAMTOM 2,2017,False,ชื่อในช่องเอง,1
DJI,PHAMTOM 4 PROFESSIONAL,2017,False,ชื่อในช่องเอง,2
DJI,PHANTOM,2017,False,ชื่อในช่องเอง,5
DJI,PHANTOM,2022,False,ชื่อในช่องเอง,1
DJI,PHANTOM 1,2017,False,ชื่อในช่องเอง,17
DJI,PHANTOM 1,2018,False,ชื่อในช่องเอง,17
DJI,PHANTOM 2,2017,False,ชื่อในช่องเอง,81
DJI,PHANTOM 2,2018,False,ชื่อในช่องเอง,59
DJI,PHANTOM 2 PLUS,2020,False,ชื่อในช่องเอง,1
DJI,PHANTOM 3,2017,False,ชื่อในช่องเอง,17
DJI,PHANTOM 3,2018,False,ชื่อในช่องเอง,4
DJI,PHANTOM 3,2019,False,ชื่อในช่องเอง,2
DJI,PHANTOM 3,2021,False,ชื่อในช่องเอง,1
DJI,PHANTOM 3,2022,False,ชื่อในช่องเอง,1
DJI,PHANTOM 3,2023,False,ชื่อในช่องเอง,1
DJI,PHANTOM 3,2024,False,ชื่อในช่องเอง,2
DJI,PHANTOM 3,2025,False,ชื่อในช่องเอง,2
DJI,PHANTOM 3 4K,2022,False,ชื่อในช่องเอง,1
DJI,PHANTOM 3 ADV,2017,False,ชื่อในช่องเอง,299
DJI,PHANTOM 3 ADV,2018,False,ชื่อในช่องเอง,143
DJI,PHANTOM 3 ADV,2019,False,ชื่อในช่องเอง,10
DJI,PHANTOM 3 ADV,2020,False,ชื่อในช่องเอง,9
DJI,PHANTOM 3 ADV,2021,False,ชื่อในช่องเอง,1
DJI,PHANTOM 3 ADVANCE,2017,False,ชื่อในช่องเอง,5
DJI,PHANTOM 3 PRO,2017,False,ชื่อในช่องเอง,485
DJI,PHANTOM 3 PRO,2018,False,ชื่อในช่องเอง,166
DJI,PHANTOM 3 PRO,2019,False,ชื่อในช่องเอง,26
DJI,PHANTOM 3 PRO,2020,False,ชื่อในช่องเอง,13
DJI,PHANTOM 3 PRO,2021,False,ชื่อในช่องเอง,4
DJI,PHANTOM 3 PRO,2022,False,ชื่อในช่องเอง,3
DJI,PHANTOM 3 PRO,2023,False,ชื่อในช่องเอง,1
DJI,PHANTOM 3 PRO,2024,False,ชื่อในช่องเอง,1
DJI,PHANTOM 3 PROFESIONAL,2017,False,ชื่อในช่องเอง,2
DJI,PHANTOM 3 PROFESSIONAL 4K,2019,False,ชื่อในช่องเอง,4
DJI,PHANTOM 3 PROFESSIONAL 4K,2021,False,ชื่อในช่องเอง,3
DJI,PHANTOM 3 SE,2017,False,ชื่อในช่องเอง,8
DJI,PHANTOM 3 SE,2018,False,ชื่อในช่องเอง,1
DJI,PHANTOM 3 STANDARD,2017,False,ชื่อในช่องเอง,434
DJI,PHANTOM 3 STANDARD,2018,False,ชื่อในช่องเอง,166
DJI,PHANTOM 3 STANDARD,2019,False,ชื่อในช่องเอง,6
DJI,PHANTOM 3 STANDARD,2020,False,ชื่อในช่องเอง,8
DJI,PHANTOM 3 STANDARD,2021,False,ชื่อในช่องเอง,5
DJI,PHANTOM 4,2017,False,ชื่อในช่องเอง,446
DJI,PHANTOM 4,2018,False,ชื่อในช่องเอง,188
DJI,PHANTOM 4,2019,False,ชื่อในช่องเอง,33
DJI,PHANTOM 4,2020,False,ชื่อในช่องเอง,31
DJI,PHANTOM 4,2021,False,ชื่อในช่องเอง,10
DJI,PHANTOM 4,2022,False,ชื่อในช่องเอง,8
DJI,PHANTOM 4,2023,False,ชื่อในช่องเอง,5
DJI,PHANTOM 4,2024,False,ชื่อในช่องเอง,2
DJI,PHANTOM 4,2025,False,ชื่อในช่องเอง,3
DJI,PHANTOM 4 ADV,2017,False,ชื่อในช่องเอง,75
DJI,PHANTOM 4 ADV,2018,False,ชื่อในช่องเอง,72
DJI,PHANTOM 4 ADV,2019,False,ชื่อในช่องเอง,45
DJI,PHANTOM 4 ADV,2020,False,ชื่อในช่องเอง,1
DJI,PHANTOM 4 ADV,2021,False,ชื่อในช่องเอง,1
DJI,PHANTOM 4 ADV,2023,False,ชื่อในช่องเอง,1
DJI,PHANTOM 4 ADV+,2020,False,ชื่อในช่องเอง,1
DJI,PHANTOM 4 ADVANCE,2017,False,ชื่อในช่องเอง,2
DJI,PHANTOM 4 ADVANCED PLUS,2017,False,ชื่อในช่องเอง,1
DJI,PHANTOM 4 MULTISPECTRAL,2020,False,ถอดจากรหัส,6
DJI,PHANTOM 4 MULTISPECTRAL,2021,False,ชื่อในช่องเอง,1
DJI,PHANTOM 4 MULTISPECTRAL,2021,False,ถอดจากรหัส,26
DJI,PHANTOM 4 MULTISPECTRAL,2022,False,ชื่อในช่องเอง,3
DJI,PHANTOM 4 MULTISPECTRAL,2022,False,ถอดจากรหัส,24
DJI,PHANTOM 4 MULTISPECTRAL,2023,False,ชื่อในช่องเอง,1
DJI,PHANTOM 4 MULTISPECTRAL,2023,False,ถอดจากรหัส,10
DJI,PHANTOM 4 MULTISPECTRAL,2025,False,ถอดจากรหัส,3
DJI,PHANTOM 4 PRO,2017,False,ชื่อในช่องเอง,589
DJI,PHANTOM 4 PRO,2018,False,ชื่อในช่องเอง,306
DJI,PHANTOM 4 PRO,2019,False,ชื่อในช่องเอง,196
DJI,PHANTOM 4 PRO,2019,False,ถอดจากรหัส,21
DJI,PHANTOM 4 PRO,2020,False,ชื่อในช่องเอง,31
DJI,PHANTOM 4 PRO,2020,False,ถอดจากรหัส,25
DJI,PHANTOM 4 PRO,2021,False,ชื่อในช่องเอง,14
DJI,PHANTOM 4 PRO,2021,False,ถอดจากรหัส,3
DJI,PHANTOM 4 PRO,2022,False,ชื่อในช่องเอง,10
DJI,PHANTOM 4 PRO,2022,False,ถอดจากรหัส,2
DJI,PHANTOM 4 PRO,2023,False,ชื่อในช่องเอง,16
DJI,PHANTOM 4 PRO,2024,False,ชื่อในช่องเอง,7
DJI,PHANTOM 4 PRO,2024,False,ถอดจากรหัส,2
DJI,PHANTOM 4 PRO,2025,False,ชื่อในช่องเอง,6
DJI,PHANTOM 4 PRO,2025,False,ถอดจากรหัส,5
DJI,PHANTOM 4 PRO + V2.0,2021,False,ชื่อในช่องเอง,1
DJI,PHANTOM 4 PRO PLUS,2024,False,ชื่อในช่องเอง,1
DJI,PHANTOM 4 PRO PLUS V2.O,2022,False,ชื่อในช่องเอง,1
DJI,PHANTOM 4 PRO V 2.0,2018,False,ชื่อในช่องเอง,4
DJI,PHANTOM 4 PRO V 2.0,2019,False,ชื่อในช่องเอง,49
DJI,PHANTOM 4 PRO V 2.0,2024,False,ชื่อในช่องเอง,1
DJI,PHANTOM 4 PRO V.2,2024,False,ชื่อในช่องเอง,1
DJI,PHANTOM 4 PRO V2,2022,False,ชื่อในช่องเอง,2
DJI,PHANTOM 4 PRO V2.0,2019,False,ชื่อในช่องเอง,4
DJI,PHANTOM 4 PRO V2.0,2019,False,ถอดจากรหัส,16
DJI,PHANTOM 4 PRO V2.0,2020,False,ถอดจากรหัส,170
DJI,PHANTOM 4 PRO V2.0,2021,False,ชื่อในช่องเอง,19
DJI,PHANTOM 4 PRO V2.0,2021,False,ถอดจากรหัส,93
DJI,PHANTOM 4 PRO V2.0,2022,False,ชื่อในช่องเอง,2
DJI,PHANTOM 4 PRO V2.0,2022,False,ถอดจากรหัส,16
DJI,PHANTOM 4 PRO V2.0,2023,False,ถอดจากรหัส,11
DJI,PHANTOM 4 PRO V2.0,2024,False,ชื่อในช่องเอง,1
DJI,PHANTOM 4 PRO V2.0,2024,False,ถอดจากรหัส,8
DJI,PHANTOM 4 PRO V2.0,2025,False,ถอดจากรหัส,3
DJI,PHANTOM 4 PRO V2.0,2026,False,ชื่อในช่องเอง,1
DJI,PHANTOM 4 PRO V2.0,2026,False,ถอดจากรหัส,3
DJI,PHANTOM 4 PRO+,2017,False,ชื่อในช่องเอง,1
DJI,PHANTOM 4 PRO+,2019,False,ชื่อในช่องเอง,14
DJI,PHANTOM 4 PRO+,2020,False,ชื่อในช่องเอง,7
DJI,PHANTOM 4 PRO+,2021,False,ชื่อในช่องเอง,7
DJI,PHANTOM 4 PRO+,2022,False,ชื่อในช่องเอง,2
DJI,PHANTOM 4 PRO+,2023,False,ชื่อในช่องเอง,2
DJI,PHANTOM 4 PRO+,2025,False,ชื่อในช่องเอง,1
DJI,PHANTOM 4 PRO+,2026,False,ชื่อในช่องเอง,2
DJI,PHANTOM 4 PRO+ OBSIDIAN,2021,False,ชื่อในช่องเอง,2
DJI,PHANTOM 4 PRO+ V 2.0,2019,False,ชื่อในช่องเอง,1
DJI,PHANTOM 4 PRO+V2.0,2020,False,ชื่อในช่องเอง,1
DJI,PHANTOM 4 PRO+V2.0,2021,False,ชื่อในช่องเอง,8
DJI,PHANTOM 4 PROFESSIONAL PLUS,2017,False,ชื่อในช่องเอง,12
DJI,PHANTOM 4 PROFESSIONAL PLUS,2018,False,ชื่อในช่องเอง,34
DJI,PHANTOM 4 PROFESSIONAL PLUS,2019,False,ชื่อในช่องเอง,58
DJI,PHANTOM 4 RTK,2019,False,ถอดจากรหัส,3
DJI,PHANTOM 4 RTK,2020,False,ชื่อในช่องเอง,1
DJI,PHANTOM 4 RTK,2020,False,ถอดจากรหัส,34
DJI,PHANTOM 4 RTK,2021,False,ชื่อในช่องเอง,18
DJI,PHANTOM 4 RTK,2021,False,ถอดจากรหัส,15
DJI,PHANTOM 4 RTK,2022,False,ชื่อในช่องเอง,46
DJI,PHANTOM 4 RTK,2022,False,ถอดจากรหัส,19
DJI,PHANTOM 4 RTK,2023,False,ชื่อในช่องเอง,21
DJI,PHANTOM 4 RTK,2023,False,ถอดจากรหัส,7
DJI,PHANTOM 4 RTK,2024,False,ชื่อในช่องเอง,3
DJI,PHANTOM 4 RTK,2024,False,ถอดจากรหัส,1
DJI,PHANTOM 4 RTK,2025,False,ชื่อในช่องเอง,2
DJI,PHANTOM 4 RTK,2026,False,ชื่อในช่องเอง,1
DJI,PHANTOM 4 STANDARD,2017,False,ชื่อในช่องเอง,2
DJI,PHANTOM 4 STANDARD,2019,False,ชื่อในช่องเอง,1
DJI,PHANTOM 4 V2,2026,False,ชื่อในช่องเอง,1
DJI,PHANTOM ADVANCED,2017,False,ชื่อในช่องเอง,1
DJI,PHANTOM P-330D,2017,False,ชื่อในช่องเอง,1
DJI,PHANTOM P78,2024,False,ชื่อในช่องเอง,1
DJI,PHANTOM PROFESSIONAL,2017,False,ชื่อในช่องเอง,2
DJI,PHANTOM STANDARD,2017,False,ชื่อในช่องเอง,1
DJI,PHANTOM STANDARD W 321,2017,False,ชื่อในช่องเอง,1
DJI,PHANTOM3 STANDARD,2017,False,ชื่อในช่องเอง,1
DJI,PHANTOM4,2021,False,ชื่อในช่องเอง,1
DJI,PHANTOM4 ADVANCED,2019,False,ชื่อในช่องเอง,3
DJI,PHANTOM4 ADVANCED,2020,False,ชื่อในช่องเอง,6
DJI,PHANTOM4 ADVANCED,2021,False,ชื่อในช่องเอง,4
DJI,PHANTOM4 ADVANCED,2023,False,ชื่อในช่องเอง,2
DJI,PHANTOM4 ADVANCED,2025,False,ชื่อในช่องเอง,1
DJI,PHANTOM4 PRO,2019,False,ชื่อในช่องเอง,5
DJI,PHANTOM4 PRO,2020,False,ชื่อในช่องเอง,12
DJI,PHANTOM4 PRO,2021,False,ชื่อในช่องเอง,11
DJI,PHANTOM4 PRO,2022,False,ชื่อในช่องเอง,5
DJI,PHANTOM4 PRO,2023,False,ชื่อในช่องเอง,4
DJI,PHANTOM4 PRO,2025,False,ชื่อในช่องเอง,2
DJI,PHANTOM4 PRO V2.0,2022,False,ชื่อในช่องเอง,2
DJI,PHANTOM4 PRO+,2019,False,ชื่อในช่องเอง,2
DJI,PHANTOM4 PRO+,2020,False,ชื่อในช่องเอง,11
DJI,PHANTOM4 PRO+,2021,False,ชื่อในช่องเอง,4
DJI,PHANTOM4 PRO+,2022,False,ชื่อในช่องเอง,2
DJI,PHANTOM4 PRO+,2023,False,ชื่อในช่องเอง,1
DJI,PHANTOM4 PRO+,2024,False,ชื่อในช่องเอง,1
DJI,PHANTOM4 PRO+,2025,False,ชื่อในช่องเอง,2
DJI,PHANTOM4 PRO+OBSIDIAN,2020,False,ชื่อในช่องเอง,2
DJI,PHANTOM4 PROOBSIDIAN,2019,False,ชื่อในช่องเอง,3
DJI,PHANTOM4 PROOBSIDIAN,2020,False,ชื่อในช่องเอง,4
DJI,PHANTOM4 PROOBSIDIAN,2021,False,ชื่อในช่องเอง,12
DJI,PHANTOM4 PROOBSIDIAN,2022,False,ชื่อในช่องเอง,2
DJI,PHANTOM4 PROOBSIDIAN,2023,False,ชื่อในช่องเอง,6
DJI,PHANTOM4RTK,2020,False,ชื่อในช่องเอง,1
DJI,PRO 3,2024,False,ชื่อในช่องเอง,1
DJI,PRO 3 MINI,2025,False,ชื่อในช่องเอง,1
DJI,PRO 4,2025,False,ชื่อในช่องเอง,1
DJI,PRO MINI 3,2022,False,ชื่อในช่องเอง,1
DJI,PRO MINI 3,2023,False,ชื่อในช่องเอง,6
DJI,PRO MINI 4,2024,False,ชื่อในช่องเอง,1
DJI,PRO MINI 4,2025,False,ชื่อในช่องเอง,1
DJI,PRO/L1P,2021,False,ชื่อในช่องเอง,1
DJI,QF2W4K,2022,False,รหัสที่ถอดไม่ได้,140
DJI,QF2W4K,2023,False,รหัสที่ถอดไม่ได้,264
DJI,QF2W4K,2024,False,รหัสที่ถอดไม่ได้,104
DJI,QF2W4K,2025,False,รหัสที่ถอดไม่ได้,25
DJI,QF2W4K,2026,False,รหัสที่ถอดไม่ได้,10
DJI,QF2W4K DJI AVATA,2023,False,ชื่อในช่องเอง,1
DJI,QF2W5K,2026,False,รหัสที่ถอดไม่ได้,1
DJI,QW2F4K,2023,False,รหัสที่ถอดไม่ได้,1
DJI,R2S,2022,False,ชื่อในช่องเอง,1
DJI,RC2,2024,False,ชื่อในช่องเอง,1
DJI,REMOTE 3,2026,False,ชื่อในช่องเอง,1
DJI,ROBOMASTER TT TELLO TALENT,2023,False,ชื่อในช่องเอง,1
DJI,SE,2023,False,ชื่อในช่องเอง,1
DJI,SPARK,2017,False,ชื่อในช่องเอง,1328
DJI,SPARK,2017,False,ถอดจากรหัส,1
DJI,SPARK,2018,False,ชื่อในช่องเอง,1257
DJI,SPARK,2019,False,ชื่อในช่องเอง,909
DJI,SPARK,2019,False,ถอดจากรหัส,27
DJI,SPARK,2019,True,ชื่อในช่องเอง,6
DJI,SPARK,2020,False,ชื่อในช่องเอง,24
DJI,SPARK,2020,False,ถอดจากรหัส,13
DJI,SPARK,2020,True,ชื่อในช่องเอง,9
DJI,SPARK,2021,False,ชื่อในช่องเอง,12
DJI,SPARK,2021,False,ถอดจากรหัส,4
DJI,SPARK,2021,True,ชื่อในช่องเอง,2
DJI,SPARK,2022,False,ชื่อในช่องเอง,34
DJI,SPARK,2022,False,ถอดจากรหัส,1
DJI,SPARK,2023,False,ชื่อในช่องเอง,32
DJI,SPARK,2023,False,ถอดจากรหัส,2
DJI,SPARK,2023,True,ชื่อในช่องเอง,1
DJI,SPARK,2024,False,ชื่อในช่องเอง,23
DJI,SPARK,2024,False,ถอดจากรหัส,1
DJI,SPARK,2025,False,ชื่อในช่องเอง,17
DJI,SPARK,2025,False,ถอดจากรหัส,2
DJI,SPARK,2026,False,ชื่อในช่องเอง,2
DJI,SPARK 1,2023,False,ชื่อในช่องเอง,1
DJI,SPARK ALPINE WHITE,2019,False,ชื่อในช่องเอง,3
DJI,SPARK ALPINE WHITE,2020,False,ชื่อในช่องเอง,5
DJI,SPARK ALPINE WHITE,2021,False,ชื่อในช่องเอง,5
DJI,SPARK ALPINE WHITE,2023,False,ชื่อในช่องเอง,1
DJI,SPARK ALPINE WHITE,2025,False,ชื่อในช่องเอง,1
DJI,SPARK MM1A,2024,False,ชื่อในช่องเอง,2
DJI,SPARKB,2022,False,ชื่อในช่องเอง,1
DJI,SPARKFLYMORE ALPINE WHITE,2018,True,ชื่อในช่องเอง,1
DJI,SPARKFLYMORE ALPINE WHITE,2019,True,ชื่อในช่องเอง,17
DJI,SPARKFLYMORE ALPINE WHITE,2020,True,ชื่อในช่องเอง,31
DJI,SPARKFLYMORE ALPINE WHITE,2021,True,ชื่อในช่องเอง,17
DJI,SPARKFLYMORE ALPINE WHITE,2022,True,ชื่อในช่องเอง,7
DJI,SPARKFLYMORE ALPINE WHITE,2023,True,ชื่อในช่องเอง,9
DJI,SPARKFLYMORE ALPINE WHITE,2024,True,ชื่อในช่องเอง,3
DJI,SPARKFLYMORE ALPINE WHITE,2025,True,ชื่อในช่องเอง,2
DJI,SPARKFLYMORE ALPINE WHITE,2026,True,ชื่อในช่องเอง,2
DJI,SPARKFLYMORE BLUE SKY,2019,True,ชื่อในช่องเอง,16
DJI,SPARKFLYMORE BLUE SKY,2020,True,ชื่อในช่องเอง,15
DJI,SPARKFLYMORE BLUE SKY,2021,True,ชื่อในช่องเอง,4
DJI,SPARKFLYMORE BLUE SKY,2022,True,ชื่อในช่องเอง,1
DJI,SPARKFLYMORE BLUE SKY,2024,True,ชื่อในช่องเอง,1
DJI,SPARKFLYMORE LAVA RED,2019,True,ชื่อในช่องเอง,4
DJI,SPARKFLYMORE LAVA RED,2020,True,ชื่อในช่องเอง,4
DJI,SPARKFLYMORE LAVA RED,2021,True,ชื่อในช่องเอง,6
DJI,SPARKFLYMORE LAVA RED,2022,True,ชื่อในช่องเอง,2
DJI,SPARKFLYMORE LAVA RED,2023,True,ชื่อในช่องเอง,3
DJI,SPARKFLYMORE LAVA RED,2024,True,ชื่อในช่องเอง,1
DJI,SPARKFLYMORE MEADOW GREEN,2019,True,ชื่อในช่องเอง,33
DJI,SPARKFLYMORE MEADOW GREEN,2020,True,ชื่อในช่องเอง,31
DJI,SPARKFLYMORE MEADOW GREEN,2021,True,ชื่อในช่องเอง,2
DJI,SPARKFLYMORE MEADOW GREEN,2022,True,ชื่อในช่องเอง,3
DJI,SPARKFLYMORE MEADOW GREEN,2023,True,ชื่อในช่องเอง,1
DJI,SPARKFLYMORE MEADOW GREEN,2024,True,ชื่อในช่องเอง,1
DJI,SPARKFLYMORE MEADOW GREEN,2025,True,ชื่อในช่องเอง,1
DJI,SPARKFLYMORE SUNRISE YELLOW,2019,True,ชื่อในช่องเอง,33
DJI,SPARKFLYMORE SUNRISE YELLOW,2020,True,ชื่อในช่องเอง,39
DJI,SPARKFLYMORE SUNRISE YELLOW,2021,True,ชื่อในช่องเอง,6
DJI,SPARKFLYMORE SUNRISE YELLOW,2022,True,ชื่อในช่องเอง,1
DJI,SPARKFLYMORE SUNRISE YELLOW,2023,True,ชื่อในช่องเอง,1
DJI,SPARKFLYMORE SUNRISE YELLOW,2024,True,ชื่อในช่องเอง,2
DJI,SPREADING WINGS S1000,2017,False,ชื่อในช่องเอง,1
DJI,T650A,2019,False,ชื่อในช่องเอง,7
DJI,T650A,2020,False,ชื่อในช่องเอง,16
DJI,T650A,2021,False,ชื่อในช่องเอง,7
DJI,T650A,2022,False,ชื่อในช่องเอง,4
DJI,T650A,2023,False,ชื่อในช่องเอง,1
DJI,T650A,2026,False,ชื่อในช่องเอง,4
DJI,T650A / INSPIRE2,2021,False,ชื่อในช่องเอง,1
DJI,T650A / INSPIRE2,2025,False,ชื่อในช่องเอง,1
DJI,T740,2023,False,ชื่อในช่องเอง,14
DJI,T740,2024,False,ชื่อในช่องเอง,3
DJI,T740,2025,False,ชื่อในช่องเอง,2
DJI,TELLO,2018,False,ชื่อในช่องเอง,33
DJI,TELLO,2019,False,ชื่อในช่องเอง,53
DJI,TELLO,2021,False,ชื่อในช่องเอง,1
DJI,TELLO,2022,False,ชื่อในช่องเอง,1
DJI,TELLO,2025,False,ชื่อในช่องเอง,1
DJI,TELLO BOOST,2022,False,ชื่อในช่องเอง,16
DJI,TELLO BOOST,2022,False,ถอดจากรหัส,4
DJI,TELLO BOOST,2023,False,ถอดจากรหัส,3
DJI,TELLO BOOST,2024,False,ถอดจากรหัส,4
DJI,TELLO EDU,2020,False,ชื่อในช่องเอง,6
DJI,TELLO EDU,2021,False,ชื่อในช่องเอง,1
DJI,U11X,2019,False,ชื่อในช่องเอง,331
DJI,U11X,2020,False,ชื่อในช่องเอง,452
DJI,U11X,2021,False,ชื่อในช่องเอง,117
DJI,U11X,2022,False,ชื่อในช่องเอง,75
DJI,U11X,2023,False,ชื่อในช่องเอง,52
DJI,U11X,2024,False,ชื่อในช่องเอง,31
DJI,U11X,2025,False,ชื่อในช่องเอง,16
DJI,U11X,2026,False,ชื่อในช่องเอง,6
DJI,U11X MAVIC AIR,2021,False,ชื่อในช่องเอง,1
DJI,W323B,2021,False,ชื่อในช่องเอง,1
DJI,WM331A และ GL300E,2020,False,ชื่อในช่องเอง,1
DJI,WM331A และ GL300E,2021,False,ชื่อในช่องเอง,1
DJI,WM331A และ GL300E,2022,False,ชื่อในช่องเอง,3
DJI,WM331A และ GL300E,2025,False,ชื่อในช่องเอง,1
DJI,WM331A และ GL300F,2019,False,ชื่อในช่องเอง,1
DJI,WM331A และ GL300F,2021,False,ชื่อในช่องเอง,1
DJI,WM331A และ GL300F,2024,False,ชื่อในช่องเอง,1
DJI,WM332A,2019,False,รหัสที่ถอดไม่ได้,1
DJI,WM332A,2020,False,รหัสที่ถอดไม่ได้,5
DJI,WM332B,2020,False,รหัสที่ถอดไม่ได้,1
DJI,ZOOM/L1Z,2021,False,ชื่อในช่องเอง,1
DJI,ZOOM/L1Z,2022,False,ชื่อในช่องเอง,1
DJI,ืNEO 2,2026,False,ชื่อในช่องเอง,1
DJI,ืNEO2,2025,False,ชื่อในช่องเอง,1
DJI,ไม่ะบุ,2017,False,ชื่อในช่องเอง,1
DJI,์NEO,2025,False,ชื่อในช่องเอง,1
DJI,์NEO,2026,False,ชื่อในช่องเอง,1
DJI,์NEO 2,2026,False,ชื่อในช่องเอง,1
DJI 03 AU,CINELOG 25 V2,2024,False,ชื่อในช่องเอง,1
DJI AIR 2S,DA2SUE1,2022,False,รหัสที่ถอดไม่ได้,1
DJI AIR 2S,DA2SUE1,2023,False,รหัสที่ถอดไม่ได้,1
DJI AIR 3,MAVIK,2023,False,ชื่อในช่องเอง,1
DJI AIR3,CHX233-100,2024,False,ชื่อในช่องเอง,1
DJI AL,AIR-3,2024,False,ชื่อในช่องเอง,1
DJI AVATA,QF2W4K,2022,False,รหัสที่ถอดไม่ได้,1
DJI AVATA,QF2W4K,2023,False,รหัสที่ถอดไม่ได้,2
DJI BETA FPV,PAVO20PRO,2024,False,ชื่อในช่องเอง,1
DJI CO.,AIR 2S,2022,False,ชื่อในช่องเอง,1
DJI DRONE,MINI 3 PRO,2024,False,ชื่อในช่องเอง,1
DJI FLIP,DF1A0424,2025,False,รหัสที่ถอดไม่ได้,1
DJI GLOBAL,MINI 3 PRO,2023,False,ชื่อในช่องเอง,1
DJI MACIC,2 PRO,2022,False,ชื่อในช่องเอง,1
DJI MAVIC,AIR 2,2023,False,ชื่อในช่องเอง,1
DJI MAVIC,AIR 2S,2022,False,ชื่อในช่องเอง,1
DJI MAVIC,AIR 2S,2024,False,ชื่อในช่องเอง,1
DJI MAVIC,MINI,2023,False,ชื่อในช่องเอง,2
DJI MAVIC,MINI 2,2022,False,ชื่อในช่องเอง,1
DJI MAVIC,MT2PD,2021,False,รหัสที่ถอดไม่ได้,1
DJI MAVIC 2 ZOOM,L1Z,2024,False,ชื่อในช่องเอง,1
DJI MAVIC 3,L2A,2022,False,ชื่อในช่องเอง,1
DJI MAVIC 3,L2A,2025,False,ชื่อในช่องเอง,1
DJI MAVIC 3 CINE,MAVIC 3 CINE,2022,False,ชื่อในช่องเอง,2
DJI MAVIC 3 CINE,MAVIC 3 CINE,2024,False,ชื่อในช่องเอง,1
DJI MAVIC AIR,FLY MOR,2023,True,ชื่อในช่องเอง,1
DJI MAVIC AIR,U11X,2022,False,ชื่อในช่องเอง,1
DJI MAVIC AIR,U11X,2024,False,ชื่อในช่องเอง,1
DJI MAVIC AIR 2,EUROPEAN UNION MODEL,2021,False,ชื่อในช่องเอง,1
DJI MAVIC AIR 2,MA2UE3W,2022,False,รหัสที่ถอดไม่ได้,1
DJI MAVIC AIR 2,MA2UE3W,2024,False,รหัสที่ถอดไม่ได้,1
DJI MAVIC AIR2,MA2UE3W,2025,False,รหัสที่ถอดไม่ได้,1
DJI MAVIC MINI,MR1SS5,2021,False,รหัสที่ถอดไม่ได้,1
DJI MAVIC MINI,MR1SS5,2023,False,รหัสที่ถอดไม่ได้,1
DJI MAVIC MINI,MT1SD25,2021,False,รหัสที่ถอดไม่ได้,1
DJI MAVIC MINI,MT1SD25,2023,False,รหัสที่ถอดไม่ได้,1
DJI MAVIC MINI,MT1SD25,2024,False,รหัสที่ถอดไม่ได้,1
DJI MAVIC MINI,MT2PD,2023,False,รหัสที่ถอดไม่ได้,1
DJI MAVIC MINI,MT2PD,2024,False,รหัสที่ถอดไม่ได้,1
DJI MAVIC MINI 2,MT2PD,2023,False,รหัสที่ถอดไม่ได้,3
DJI MAVIC MINI SE,MT2SS5,2022,False,รหัสที่ถอดไม่ได้,1
DJI MAVIC MINI SE,MT2SS5,2023,False,รหัสที่ถอดไม่ได้,1
DJI MAVIC PRO,M1P,2023,False,ชื่อในช่องเอง,4
DJI MAVIC PRO 2,L1P,2022,False,ชื่อในช่องเอง,1
DJI MINI,3 PRO,2025,False,ชื่อในช่องเอง,1
DJI MINI,3 PRO,2026,False,ชื่อในช่องเอง,1
DJI MINI,4 PRO,2024,False,ชื่อในช่องเอง,1
DJI MINI,MAVIC MINI,2026,False,ชื่อในช่องเอง,1
DJI MINI,MINI 3 PRO,2023,False,ชื่อในช่องเอง,1
DJI MINI,MT2PD,2022,False,รหัสที่ถอดไม่ได้,1
DJI MINI 2,MINI 2,2021,False,ชื่อในช่องเอง,2
DJI MINI 2,MINI 2,2024,False,ชื่อในช่องเอง,1
DJI MINI 2,MINI 2,2025,False,ชื่อในช่องเอง,1
DJI MINI 2,MT2PD,2022,False,รหัสที่ถอดไม่ได้,2
DJI MINI 2,MT2PD,2023,False,รหัสที่ถอดไม่ได้,5
DJI MINI 2,MT2PD,2024,False,รหัสที่ถอดไม่ได้,2
DJI MINI 2,MT2PD,2026,False,รหัสที่ถอดไม่ได้,1
DJI MINI 2 (GL),MT2PD,2022,False,รหัสที่ถอดไม่ได้,13
DJI MINI 2 (GL),MT2PD,2025,False,รหัสที่ถอดไม่ได้,1
DJI MINI 2 FLY MORE COMBO (EU),MT2PD,2022,False,รหัสที่ถอดไม่ได้,53
DJI MINI 2 FLY MORE COMBO (EU),MT2PD,2023,False,รหัสที่ถอดไม่ได้,2
DJI MINI 2 FLY MORE COMBO (EU),MT2PD,2024,False,รหัสที่ถอดไม่ได้,2
DJI MINI 2 SE,MINI 2 SE,2023,False,ชื่อในช่องเอง,1
DJI MINI 2 SE,MT2SD,2024,False,รหัสที่ถอดไม่ได้,4
DJI MINI 3,MT3PD,2024,False,รหัสที่ถอดไม่ได้,2
DJI MINI 3 PRO,1581F4XFC235C00720JE,2023,False,ชื่อในช่องเอง,1
DJI MINI 3 PRO,INTELLIGENT FLIGHT,2024,False,ชื่อในช่องเอง,1
DJI MINI 3 PRO,MINI 3 PRO,2023,False,ชื่อในช่องเอง,1
DJI MINI 3 PRO,MT3M3VD,2023,False,รหัสที่ถอดไม่ได้,3
DJI MINI 3 PRO,MT3M3VD,2024,False,รหัสที่ถอดไม่ได้,1
DJI MINI 3 PRO,RA-02-25-2332,2025,False,ชื่อในช่องเอง,1
DJI MINI 3 PRO,RM330,2024,False,ชื่อในช่องเอง,1
DJI MINI PRO 3,MT3M3VD,2023,False,รหัสที่ถอดไม่ได้,2
DJI MINI PRO 4,MT4MFVD,2024,False,รหัสที่ถอดไม่ได้,1
DJI MINI PRO 4,MT4MFVD,2025,False,รหัสที่ถอดไม่ได้,1
DJI MINI2,MT2PD,2022,False,รหัสที่ถอดไม่ได้,2
DJI MINI3,RC,2023,False,ชื่อในช่องเอง,1
DJI MINI3PRO,RM330,2023,False,ชื่อในช่องเอง,1
DJI NEO,DN1A0626,2025,False,รหัสที่ถอดไม่ได้,1
DJI NEO,DNIAO626,2025,False,ชื่อในช่องเอง,1
DJI NEO 2,DEN225,2025,False,รหัสที่ถอดไม่ได้,1
DJI NEO 2,DEN225,2026,False,รหัสที่ถอดไม่ได้,1
DJI RS,MINI 3 PRO,2024,False,ชื่อในช่องเอง,1
DJI TECHNOLOGY,MINI 3 PRO,2022,False,ชื่อในช่องเอง,1
"DJI, SZ DJI TECHNOLOGY",MAVIC MINI 3 PRO,2025,False,ชื่อในช่องเอง,1
DJI4 MINI PRO,4 PRO,2026,False,ชื่อในช่องเอง,1
DJII,AVATA 2,2026,False,ชื่อในช่องเอง,1
DJJ,MINI2SE,2025,False,ชื่อในช่องเอง,1
DJL,MAVIC 3,2024,False,ชื่อในช่องเอง,1
DJL,MAVIC AIR,2022,False,ชื่อในช่องเอง,1
DJO,AIR 2S,2025,False,ชื่อในช่องเอง,1
DJO,MINI 2,2021,False,ชื่อในช่องเอง,2
DJU,NEO 2,2026,False,ชื่อในช่องเอง,1
DJY,MAVIC AIR 2,2023,False,ชื่อในช่องเอง,1
DK 8K/4K CAMERA DRONE,DKDRONE-84K,2025,False,ชื่อในช่องเอง,2
DOBBY,(ไม่ระบุ),2017,False,ว่าง,1
DREAM FLY,HC 628,2017,False,ชื่อในช่องเอง,2
DRONE,CZ28,2025,False,รหัสที่ถอดไม่ได้,1
DRONE CH-X19,(ไม่ระบุ),2017,False,ว่าง,1
DRONE DJI,MINI 3 PRO,2023,False,ชื่อในช่องเอง,2
DRONE EXPLORER,LH X25,2017,False,ชื่อในช่องเอง,1
DRONE THAI,DT410,2021,False,รหัสที่ถอดไม่ได้,25
DRONE THAI,DT410,2022,False,รหัสที่ถอดไม่ได้,12
DRONE THAI,DT410,2023,False,รหัสที่ถอดไม่ได้,8
DRONE THAI,DT410,2024,False,รหัสที่ถอดไม่ได้,48
DRONE THAI,DT410,2025,False,รหัสที่ถอดไม่ได้,47
DRONE THAI,DT410,2026,False,รหัสที่ถอดไม่ได้,11
DRONE THAI,DT416,2021,False,รหัสที่ถอดไม่ได้,14
DRONE THAI,DT416,2022,False,รหัสที่ถอดไม่ได้,65
DRONE THAI,DT416,2023,False,รหัสที่ถอดไม่ได้,32
DRONE THAI,DT416,2025,False,รหัสที่ถอดไม่ได้,1
DRONE THAI,DT616,2021,False,รหัสที่ถอดไม่ได้,19
DRONE THAI,DT616,2022,False,รหัสที่ถอดไม่ได้,6
DRONE THAI,DT616,2024,False,รหัสที่ถอดไม่ได้,1
DRONETOOLS,CONDOR (RECEIVER ON AIRCRAFT รุ่น R16 ),2024,False,ชื่อในช่องเอง,1
EACHINE,250,2017,False,ชื่อในช่องเอง,1
EACHINE,E56,2017,False,ชื่อในช่องเอง,1
EACHINE,QX95,2017,False,รหัสที่ถอดไม่ได้,1
EACHINE,VISWHOOP,2021,False,ชื่อในช่องเอง,1
EAGLE BROTHER,3WWDZ-10A,2019,False,รหัสที่ถอดไม่ได้,5
EAGLE BROTHER,3WWDZ-12A,2019,False,รหัสที่ถอดไม่ได้,7
EAGLE BROTHER,3WWDZ-12A,2020,False,รหัสที่ถอดไม่ได้,5
EAGLE BROTHER,3WWDZ-12A,2023,False,รหัสที่ถอดไม่ได้,1
EAGLE EYES,V1,2021,False,ชื่อในช่องเอง,1
EAVISION,3WWDZ-30B,2023,False,รหัสที่ถอดไม่ได้,1
EAVISION,3WWDZ-30B,2025,False,รหัสที่ถอดไม่ได้,1
EAVISION,3WWDZ-45A,2024,False,รหัสที่ถอดไม่ได้,2
EAVISION,3WWDZ-45A,2025,False,รหัสที่ถอดไม่ได้,15
EAVISION,3WWDZ-45A,2026,False,รหัสที่ถอดไม่ได้,1
EAVISION,EA-J150,2026,False,ชื่อในช่องเอง,24
EC120,EC120,2025,False,รหัสที่ถอดไม่ได้,1
EHANG,EH-216-TH,2025,False,ชื่อในช่องเอง,1
EHANG,EH216-TH,2023,False,ชื่อในช่องเอง,1
EHANG,GHOST DRONE 2.0,2017,False,ชื่อในช่องเอง,1
EHANG,GHOST DRONE 2.0,2018,False,ชื่อในช่องเอง,2
EHANG,GMS-300-TH,2023,False,ชื่อในช่องเอง,1012
EHANG,GMS-300-TH,2025,False,ชื่อในช่องเอง,1400
EMAX,BABYHAWK II HD,2023,False,ชื่อในช่องเอง,1
EMAX,BABYHAWK O3,2024,False,ชื่อในช่องเอง,1
EMAX,TINYHAWK III PLUS FREESTYLE BNF,2025,False,ชื่อในช่องเอง,1
EMAX,TINYHAWK III PLUS FREESTYLE BNF,2026,False,ชื่อในช่องเอง,1
EMO,HG-B03,2026,False,ชื่อในช่องเอง,550
EPP FOAM GLIDER,EPP FOAM GLIDER,2025,False,ชื่อในช่องเอง,2
EXPLORER,LR4,2026,False,ชื่อในช่องเอง,1
F&O,GERRIDAE,2024,False,ชื่อในช่องเอง,1
F-DRONES,HYPERCOPTER (HC-160 PLUS),2024,False,ชื่อในช่องเอง,1
FARM D,FOX 2,2018,False,ชื่อในช่องเอง,1
FARM D,FOX 2,2019,False,ชื่อในช่องเอง,1
FD (FANCY DRONE),FD-30V1,2022,False,ชื่อในช่องเอง,1
FEILUN,FEILUN,2017,False,ชื่อในช่องเอง,1
FEILUN,FX176,2017,False,รหัสที่ถอดไม่ได้,1
FEIMA,J.ME,2019,False,ชื่อในช่องเอง,3
FEIMA ROBOTICS,FM2000,2019,False,รหัสที่ถอดไม่ได้,3
FEIMA ROBOTICS,FM2000,2020,False,รหัสที่ถอดไม่ได้,2
FEIMA ROBOTICS,J.ME,2017,False,ชื่อในช่องเอง,7
FEIMA ROBOTICS,J.ME,2018,False,ชื่อในช่องเอง,11
FEIMA ROBOTICS,J.ME,2019,False,ชื่อในช่องเอง,23
FEIMA ROBOTICS,J.ME/FM 2000,2019,False,ชื่อในช่องเอง,1
FIMI,FIMI MINI 3SE,2024,False,ชื่อในช่องเอง,1
FIMI,FIMI X8 SE,2019,False,ชื่อในช่องเอง,9
FIMI,FIMI X8 SE,2020,False,ชื่อในช่องเอง,19
FIMI,FIMI X8 SE,2022,False,ชื่อในช่องเอง,2
FIMI,FIMI X8 SE (FMWRJ02A5),2019,False,ชื่อในช่องเอง,4
FIMI,FIMI X8 SE (FMWRJ02A5),2020,False,ชื่อในช่องเอง,1
FIMI,FIMI X8 SE 2020,2022,False,ชื่อในช่องเอง,1
FIMI,FIMI X8 SE 2022,2023,False,ชื่อในช่องเอง,1
FIMI,FIMI X8 SE DRONE,2019,False,ชื่อในช่องเอง,1
FIMI,FIMI X8 SE DRONE,2020,False,ชื่อในช่องเอง,2
FIMI,FIMI X8 SE DRONE,2021,False,ชื่อในช่องเอง,3
FIMI,FMERJ03A8,2025,False,ชื่อในช่องเอง,1
FIMI,FMWRJ02A5,2023,False,ชื่อในช่องเอง,1
FIMI,FMWRJ03A6,2024,False,ชื่อในช่องเอง,1
FIMI,FMWRJ03A8,2024,False,ชื่อในช่องเอง,1
FIMI,FMWRJ03A8,2026,False,ชื่อในช่องเอง,1
FIMI,FMWRJ04A3,2025,False,ชื่อในช่องเอง,1
FIMI,FMWRJ04A7,2023,False,ชื่อในช่องเอง,3
FIMI,FMWRJ04A7,2024,False,ชื่อในช่องเอง,2
FIMI,FMWRJ04A7,2025,False,ชื่อในช่องเอง,1
FIMI,MINI,2023,False,ชื่อในช่องเอง,1
FIMI,MINI 3,2024,False,ชื่อในช่องเอง,2
FIMI,MINI 3,2025,False,ชื่อในช่องเอง,766
FIMI,MINI 3,2026,False,ชื่อในช่องเอง,1
FIMI,MINI 3 SE,2024,False,ชื่อในช่องเอง,1
FIMI,SE2020,2024,False,รหัสที่ถอดไม่ได้,1
FIMI,X8,2022,False,ชื่อในช่องเอง,1
FIMI,X8 2022,2023,False,ชื่อในช่องเอง,1
FIMI,X8 MINI,2021,False,ชื่อในช่องเอง,22
FIMI,X8 MINI,2022,False,ชื่อในช่องเอง,34
FIMI,X8 MINI,2023,False,ชื่อในช่องเอง,33
FIMI,X8 MINI,2024,False,ชื่อในช่องเอง,11
FIMI,X8 MINI,2025,False,ชื่อในช่องเอง,5
FIMI,X8 MINI,2026,False,ชื่อในช่องเอง,1
FIMI,X8 MINI DRONE,2023,False,ชื่อในช่องเอง,1
FIMI,X8 MINI DRONE,2024,False,ชื่อในช่องเอง,1
FIMI,X8 MINI PRO,2023,False,ชื่อในช่องเอง,1
FIMI,X8 MINI V 2,2024,False,ชื่อในช่องเอง,1
FIMI,X8 MINI V2,2025,False,ชื่อในช่องเอง,1
FIMI,X8 PRO,2024,False,ชื่อในช่องเอง,6
FIMI,X8 PRO,2025,False,ชื่อในช่องเอง,1
FIMI,X8 PRO,2026,False,ชื่อในช่องเอง,1
FIMI,X8 SE,2019,False,ชื่อในช่องเอง,1
FIMI,X8 SE,2021,False,ชื่อในช่องเอง,2
FIMI,X8 SE,2024,False,ชื่อในช่องเอง,2
FIMI,X8 SE,2025,False,ชื่อในช่องเอง,1
FIMI,X8 SE,2026,False,ชื่อในช่องเอง,1
FIMI,X8 SE (2019),2024,False,ชื่อในช่องเอง,1
FIMI,X8 SE 2020,2021,False,ชื่อในช่องเอง,40
FIMI,X8 SE 2020,2022,False,ชื่อในช่องเอง,3
FIMI,X8 SE 2020,2023,False,ชื่อในช่องเอง,3
FIMI,X8 SE 2020,2024,False,ชื่อในช่องเอง,5
FIMI,X8 SE 2020,2025,False,ชื่อในช่องเอง,3
FIMI,X8 SE 2022,2022,False,ชื่อในช่องเอง,25
FIMI,X8 SE 2022,2023,False,ชื่อในช่องเอง,47
FIMI,X8 SE 2022,2024,False,ชื่อในช่องเอง,6
FIMI,X8 SE 2022,2025,False,ชื่อในช่องเอง,2
FIMI,X8 SE 2022 / FMWRJ03A8,2024,False,ชื่อในช่องเอง,1
FIMI,X8 TELE,2025,False,ชื่อในช่องเอง,1
FIMI,X8 TELE,2026,False,ชื่อในช่องเอง,2
FIMI,X8MINI,2024,False,ชื่อในช่องเอง,1
FIMI,X8SE 2018,2022,False,ชื่อในช่องเอง,1
FIMI,X8SE 2020 DRONE,2024,False,ชื่อในช่องเอง,1
FIMI,X8SE 2022,2024,False,ชื่อในช่องเอง,1
FIMI,X8SE2020,2022,False,ชื่อในช่องเอง,1
FIMI,X8SE2020,2023,False,ชื่อในช่องเอง,1
FIMI TECHNOLOGY LTD.,FMWRJ02A5,2023,False,ชื่อในช่องเอง,1
FIMI X8 MINI,FMWRJ04A7,2022,False,ชื่อในช่องเอง,1
FIMI X8 MINI,FMWRJ04A7,2023,False,ชื่อในช่องเอง,1
FIMI X8 MINI,FMWRJ04A7,2024,False,ชื่อในช่องเอง,1
FIMI X8 SE 2020,FMWRJ03A6,2024,False,ชื่อในช่องเอง,1
FIMI X8 SE 2022,FMWRJ03A8,2024,False,ชื่อในช่องเอง,1
FIMI X8 SE 2022,X8 SE 2022,2023,False,ชื่อในช่องเอง,1
FIXWINYS,CV 2.0 (SONGKHLA),2017,False,ชื่อในช่องเอง,1
FIXWINYS,CV.2.0 (LAMPHUN),2017,False,ชื่อในช่องเอง,1
FLY FISH,VOLADOR,2024,False,ชื่อในช่องเอง,1
FLYABILITY,ELIOS,2017,False,ชื่อในช่องเอง,1
FLYABILITY,ELIOS,2018,False,ชื่อในช่องเอง,2
FLYABILITY,ELIOS,2019,False,ชื่อในช่องเอง,6
FLYABILITY,ELIOS,2020,False,ชื่อในช่องเอง,1
FLYABILITY,ELIOS,2022,False,ชื่อในช่องเอง,1
FLYABILITY,ELIOS 2,2021,False,ชื่อในช่องเอง,1
FLYABILITY,ELIOS 2,2022,False,ชื่อในช่องเอง,1
FLYABILITY,ELIOS 2,2023,False,ชื่อในช่องเอง,4
FLYABILITY,ELIOS 3,2022,False,ชื่อในช่องเอง,2
FLYABILITY,ELIOS 3,2023,False,ชื่อในช่องเอง,3
FLYABILITY,"ELIOS 3 (AIRCRAFT 107000, REMOTE 109008)",2025,False,ชื่อในช่องเอง,1
FLYABILITY,ELIOS2,2021,False,ชื่อในช่องเอง,1
FLYABILITY,ELIOS2,2022,False,ชื่อในช่องเอง,1
FLYABILITY,ELIOS2,2024,False,ชื่อในช่องเอง,1
FLYABILITY,ELIOS3,2022,False,ชื่อในช่องเอง,1
FLYABILITY,GL858A,2019,False,รหัสที่ถอดไม่ได้,1
FLYBOTIX,ASIO,2022,False,ชื่อในช่องเอง,1
FLYFISH,ATLAS 4,2024,False,ชื่อในช่องเอง,1
FLYFISH,ATLAS 4,2025,False,ชื่อในช่องเอง,1
FLYFISH RC,VOLADOR VX3.5,2025,False,ชื่อในช่องเอง,1
FLYFISHRC,ATLAS4,2025,False,ชื่อในช่องเอง,1
FLYFISHRC,VOLADOR VX3.5,2025,False,ชื่อในช่องเอง,1
FLYSTER,X8-W,2018,False,ชื่อในช่องเอง,1
FLYWOO,CINERACE 20,2021,False,ชื่อในช่องเอง,1
FLYWOO,CINERACE20,2021,False,ชื่อในช่องเอง,1
FLYWOO,CINERACE20 V2,2024,False,ชื่อในช่องเอง,1
FLYWOO,CINERACE20 V2,2025,False,ชื่อในช่องเอง,1
FLYWOO,EXPLORER,2024,False,ชื่อในช่องเอง,1
FLYWOO,EXPLORER,2026,False,ชื่อในช่องเอง,1
FLYWOO,EXPLORER 4 V2.2,2026,False,ชื่อในช่องเอง,1
FLYWOO,EXPLORER LR-4,2025,False,ชื่อในช่องเอง,1
FLYWOO,EXPLORER LR4,2022,False,ชื่อในช่องเอง,2
FLYWOO,EXPLORER LR4,2023,False,ชื่อในช่องเอง,5
FLYWOO,EXPLORER LR4,2024,False,ชื่อในช่องเอง,3
FLYWOO,EXPLORER LR4,2025,False,ชื่อในช่องเอง,5
FLYWOO,FLYLENS85,2024,False,ชื่อในช่องเอง,3
FLYWOO,FLYLENS85,2025,False,ชื่อในช่องเอง,1
FLYWOO,LR4,2024,False,ชื่อในช่องเอง,1
FLYWOO,LR4,2026,False,ชื่อในช่องเอง,1
FN-CONCEPT,ULTRA-X,2024,False,ชื่อในช่องเอง,45
FN-CONCEPT,ULTRA-X,2025,False,ชื่อในช่องเอง,183
FN-CONCEPT,ULTRA-X,2026,False,ชื่อในช่องเอง,3
FOLDING,HC 639,2017,False,ชื่อในช่องเอง,1
FOLLOWER,FOLLOWER GPS,2018,False,ชื่อในช่องเอง,1
FOXEER,FOXWHOOP,2024,False,ชื่อในช่องเอง,1
FOXTECH,AYK-350,2023,False,ชื่อในช่องเอง,1
FOXTECH,LOONG 2160 VTOL,2020,False,ชื่อในช่องเอง,2
FOXTECH,NAGA QUADCOPTER,2023,False,ชื่อในช่องเอง,1
FPV,BAYANGTOYS X21,2018,False,ชื่อในช่องเอง,1
FPV,BOB57,2024,False,รหัสที่ถอดไม่ได้,1
FPV,CG035,2017,False,รหัสที่ถอดไม่ได้,1
FPV,CG035,2018,False,รหัสที่ถอดไม่ได้,1
FPV,FPV,2024,False,ชื่อในช่องเอง,1
FPV,HOME BUILD,2024,False,ชื่อในช่องเอง,1
FPV,LH X14,2018,False,ชื่อในช่องเอง,1
FPV,MARK 5,2024,False,ชื่อในช่องเอง,1
FPV,MODEL 2022,2024,False,ชื่อในช่องเอง,1
FPV,TOP,2017,False,ชื่อในช่องเอง,1
FPV DRONE,SELF DESIGNED,2025,False,ชื่อในช่องเอง,1
FPV RACING,ALIGN MR25,2017,False,ชื่อในช่องเอง,1
FPV RACING,BETAFPV 75 PRO,2017,False,ชื่อในช่องเอง,1
FPV RACING,BETAFPV 85X,2017,False,ชื่อในช่องเอง,1
FPV RACING,CG035,2017,False,รหัสที่ถอดไม่ได้,2
FREE FLY,ALTA X,2022,False,ชื่อในช่องเอง,2
FREEFLY,ALTA,2019,False,ชื่อในช่องเอง,1
FREEFLY,ALTA X,2023,False,ชื่อในช่องเอง,1
FREEFLY,ALTA X,2024,False,ชื่อในช่องเอง,2
FUTABA,UAVP316,2019,False,ชื่อในช่องเอง,1
FUTUNE,Q333,2017,False,ชื่อในช่องเอง,1
FUTURE 1,Q333-B WIFI,2018,False,ชื่อในช่องเอง,1
GARUDA,WIFI DRONE,2023,False,ชื่อในช่องเอง,1
GDU,S400E,2023,False,ชื่อในช่องเอง,1
GEOSCAN,SALUTE,2022,False,ชื่อในช่องเอง,280
GEP RC,CINELOG 35 V2,2024,False,ชื่อในช่องเอง,1
GEP RC,MARK 5,2026,False,ชื่อในช่องเอง,1
GEPRC,CINE LOG 30 V3,2025,False,ชื่อในช่องเอง,1
GEPRC,CINE LOG 30 V3,2026,False,ชื่อในช่องเอง,1
GEPRC,CINEBOT,2023,False,ชื่อในช่องเอง,1
GEPRC,CINEBOT 30,2024,False,ชื่อในช่องเอง,1
GEPRC,CINEBOT 30,2025,False,ชื่อในช่องเอง,1
GEPRC,CINEBOT30,2023,False,ชื่อในช่องเอง,7
GEPRC,CINEBOT30,2024,False,ชื่อในช่องเอง,7
GEPRC,CINEBOT30,2025,False,ชื่อในช่องเอง,2
GEPRC,CINEBOT30,2026,False,ชื่อในช่องเอง,2
GEPRC,CINEBOT30 HD O3 FPV,2023,False,ชื่อในช่องเอง,1
GEPRC,CINELO35HD,2022,False,ชื่อในช่องเอง,1
GEPRC,CINELOG,2023,False,ชื่อในช่องเอง,1
GEPRC,CINELOG,2024,False,ชื่อในช่องเอง,1
GEPRC,CINELOG 20,2023,False,ชื่อในช่องเอง,1
GEPRC,CINELOG 25,2022,False,ชื่อในช่องเอง,2
GEPRC,CINELOG 25,2025,False,ชื่อในช่องเอง,1
GEPRC,CINELOG 25 V2,2025,False,ชื่อในช่องเอง,1
GEPRC,CINELOG 2S,2023,False,ชื่อในช่องเอง,2
GEPRC,CINELOG 30,2022,False,ชื่อในช่องเอง,2
GEPRC,CINELOG 30,2023,False,ชื่อในช่องเอง,3
GEPRC,CINELOG 30 V2,2026,False,ชื่อในช่องเอง,1
GEPRC,CINELOG 30 V3,2025,False,ชื่อในช่องเอง,2
GEPRC,CINELOG 30V2,2025,False,ชื่อในช่องเอง,1
GEPRC,CINELOG 35,2021,False,ชื่อในช่องเอง,1
GEPRC,CINELOG 35,2022,False,ชื่อในช่องเอง,3
GEPRC,CINELOG 35 V2,2023,False,ชื่อในช่องเอง,2
GEPRC,CINELOG 35 V2,2024,False,ชื่อในช่องเอง,1
GEPRC,CINELOG 35 V2,2025,False,ชื่อในช่องเอง,2
GEPRC,CINELOG 35V2,2024,False,ชื่อในช่องเอง,1
GEPRC,CINELOG20,2024,False,ชื่อในช่องเอง,1
GEPRC,CINELOG25,2022,False,ชื่อในช่องเอง,1
GEPRC,CINELOG25,2024,False,ชื่อในช่องเอง,1
GEPRC,CINELOG25 HD 4S,2024,False,ชื่อในช่องเอง,1
GEPRC,CINELOG25 V2 HD O3,2024,False,ชื่อในช่องเอง,1
GEPRC,CINELOG30,2023,False,ชื่อในช่องเอง,2
GEPRC,CINELOG30,2024,False,ชื่อในช่องเอง,6
GEPRC,CINELOG30 V3,2025,False,ชื่อในช่องเอง,3
GEPRC,CINELOG35,2023,False,ชื่อในช่องเอง,1
GEPRC,CINELOG35,2024,False,ชื่อในช่องเอง,3
GEPRC,CINELOG35,2025,False,ชื่อในช่องเอง,2
GEPRC,CINELOG35,2026,False,ชื่อในช่องเอง,1
GEPRC,CINELOG35 HD,2024,False,ชื่อในช่องเอง,1
GEPRC,CINELOG35 V2,2023,False,ชื่อในช่องเอง,3
GEPRC,CINELOG35 V2,2024,False,ชื่อในช่องเอง,4
GEPRC,CINELOG35HD,2024,False,ชื่อในช่องเอง,1
GEPRC,CINELOG35V2,2024,False,ชื่อในช่องเอง,1
GEPRC,CONEBOT30,2024,False,ชื่อในช่องเอง,1
GEPRC,CONELOG35 V2,2023,False,ชื่อในช่องเอง,1
GEPRC,CROCODILE BABY 5,2024,False,ชื่อในช่องเอง,1
GEPRC,DARK STAR 20,2024,False,ชื่อในช่องเอง,1
GEPRC,DARKSTAR 16,2025,False,ชื่อในช่องเอง,1
GEPRC,DARKSTAR 20,2025,False,ชื่อในช่องเอง,1
GEPRC,DARKSTAR 20,2026,False,ชื่อในช่องเอง,1
GEPRC,DARKSTAR20,2025,False,ชื่อในช่องเอง,1
GEPRC,FPX-VAPOR-X5ANALOGELRS24,2025,False,ชื่อในช่องเอง,1
GEPRC,GECO 5,2026,False,ชื่อในช่องเอง,1
GEPRC,GEPRC CINEBOT 30,2024,False,ชื่อในช่องเอง,1
GEPRC,GEPRC MARK5,2024,False,ชื่อในช่องเอง,2
GEPRC,GEPRC MARK5,2025,False,ชื่อในช่องเอง,1
GEPRC,LR40 TERN,2024,False,ชื่อในช่องเอง,1
GEPRC,MARC 5,2024,False,ชื่อในช่องเอง,1
GEPRC,MARK 4,2024,False,ชื่อในช่องเอง,1
GEPRC,MARK 5,2023,False,ชื่อในช่องเอง,2
GEPRC,MARK 5,2024,False,ชื่อในช่องเอง,2
GEPRC,MARK 5,2025,False,ชื่อในช่องเอง,1
GEPRC,MARK 5,2026,False,ชื่อในช่องเอง,2
GEPRC,MARK 5 DC,2026,False,ชื่อในช่องเอง,2
GEPRC,MARK4,2022,False,ชื่อในช่องเอง,1
GEPRC,MARK5,2023,False,ชื่อในช่องเอง,3
GEPRC,MARK5,2024,False,ชื่อในช่องเอง,1
GEPRC,MARK5,2025,False,ชื่อในช่องเอง,2
GEPRC,MARK5 DC,2023,False,ชื่อในช่องเอง,1
GEPRC,MARK5 DC,2024,False,ชื่อในช่องเอง,1
GEPRC,MARK5 DC,2025,False,ชื่อในช่องเอง,2
GEPRC,MARK5 O4 PRO WIDE X ELRS2.4G,2025,False,ชื่อในช่องเอง,1
GEPRC,MOZ7,2026,False,ชื่อในช่องเอง,1
GEPRC,SINEBOT,2024,False,ชื่อในช่องเอง,1
GEPRC,SMART 35,2022,False,ชื่อในช่องเอง,1
GEPRC,SMART 35 HD,2025,False,ชื่อในช่องเอง,1
GEPRC,SMART35,2023,False,ชื่อในช่องเอง,1
GEPRC,TERN LR-40,2025,False,ชื่อในช่องเอง,3
GEPRC,TERN-LR40,2024,False,ชื่อในช่องเอง,4
GEPRC,TERN-LR40,2025,False,ชื่อในช่องเอง,1
GEPRC,VAPOR D5,2025,False,ชื่อในช่องเอง,2
GEPRC,VAPOR D5,2026,False,ชื่อในช่องเอง,1
GEPRC,VAPOR D6,2025,False,ชื่อในช่องเอง,1
GEPRC,VAPOR-D5,2025,False,ชื่อในช่องเอง,2
GEPRC,VAPOR-D5 O4 PRO,2025,False,ชื่อในช่องเอง,1
GEPRC,VAPOR-X5 DC,2025,False,ชื่อในช่องเอง,2
GEPRC PAVO 35V2,PAVO 35V2,2025,False,ชื่อในช่องเอง,1
GEPRC PAVO20PRO,PAVO 20 PRO,2025,False,ชื่อในช่องเอง,1
GEPRRC,MARK5,2022,False,ชื่อในช่องเอง,1
GHOSTDRONE 2.0 VR,EHANG,2017,False,ชื่อในช่องเอง,1
GJI,MINI SE,2024,False,ชื่อในช่องเอง,1
GLOBAL DRONE,GW018 POCKET DRONE,2017,False,ชื่อในช่องเอง,1
GLOBAL DRONE,GW180,2017,False,รหัสที่ถอดไม่ได้,1
GM166GDS,QAZ FLY,2025,False,ชื่อในช่องเอง,1
GOPRO,KARMA,2017,False,ชื่อในช่องเอง,15
GOPRO,KARMA,2018,False,ชื่อในช่องเอง,26
GOPRO,KARMA,2019,False,ชื่อในช่องเอง,49
GOPRO,KARMA,2020,False,ชื่อในช่องเอง,1
GOPRO,KARMA,2021,False,ชื่อในช่องเอง,1
GOPRO,KARMA,2025,False,ชื่อในช่องเอง,2
GOPRO,KARMA DRONE,2022,False,ชื่อในช่องเอง,1
GOPRO,KWST1,2019,False,ชื่อในช่องเอง,5
GOPRO,KWST1,2020,False,ชื่อในช่องเอง,5
GOPRO,KWST1,2021,False,ชื่อในช่องเอง,1
GOSHAKW,GOSHAKW 10M,2026,False,ชื่อในช่องเอง,1
GPS,X 21,2017,False,ชื่อในช่องเอง,1
GTEN UPAIR,UPAIR FAIRY,2019,False,ชื่อในช่องเอง,1
HANBACK,AUTOFLY-SPRING,2021,False,ชื่อในช่องเอง,1
HAPPY MODEL,MOBULA 7 1S,2024,False,ชื่อในช่องเอง,1
HAPPY MODEL,MOBULA 8,2025,False,ชื่อในช่องเอง,1
HAPPYMODEL,CRUX35,2024,False,ชื่อในช่องเอง,1
HAPPYMODEL,MOBULA 7,2024,False,ชื่อในช่องเอง,1
HAPPYMODEL,MOBULA 8,2024,False,ชื่อในช่องเอง,1
HAPPYMODEL,MOBULA7,2026,False,ชื่อในช่องเอง,1
HAPPYMODEL,MOBULA8 DIGITAL HD,2026,False,ชื่อในช่องเอง,1
HARPIA,HARPIA 100C,2026,False,ชื่อในช่องเอง,1
HG ROBOTICS,TGD1X-LITE,2022,False,ชื่อในช่องเอง,1
HG ROBOTICS,TGD1X-LITE,2023,False,ชื่อในช่องเอง,8
HG ROBOTICS,TGD1X-LITE,2024,False,ชื่อในช่องเอง,12
HG ROBOTICS,TGD1X-LITE,2025,False,ชื่อในช่องเอง,3
HG ROBOTICS,TGD1X-LITE,2026,False,ชื่อในช่องเอง,1
HG ROBOTICS,TGD1X-MAX,2022,False,ชื่อในช่องเอง,4
HG ROBOTICS,TGD1X-MAX,2023,False,ชื่อในช่องเอง,12
HG ROBOTICS,TGD1X-MAX,2024,False,ชื่อในช่องเอง,130
HG ROBOTICS,TGD1X-MAX,2025,False,ชื่อในช่องเอง,37
HG ROBOTICS,TGD1X-MAX,2026,False,ชื่อในช่องเอง,9
HG ROBOTICS,TGD1XV,2019,False,รหัสที่ถอดไม่ได้,19
HG ROBOTICS,TGD1XV,2020,False,รหัสที่ถอดไม่ได้,70
HG ROBOTICS,TGD1XV,2021,False,รหัสที่ถอดไม่ได้,49
HG ROBOTICS,TGD1XV,2022,False,รหัสที่ถอดไม่ได้,19
HG ROBOTICS,TGD1XV,2023,False,รหัสที่ถอดไม่ได้,9
HG ROBOTICS,TGD1XV,2024,False,รหัสที่ถอดไม่ได้,5
HG ROBOTICS,TGD1XV,2025,False,รหัสที่ถอดไม่ได้,5
HG ROBOTICS,VESPA HEX 650,2017,False,ชื่อในช่องเอง,1
HG ROBOTICS,VESPA HEX MARK II,2020,False,ชื่อในช่องเอง,1
HG ROBOTICS,VESPA HEX MARK II,2021,False,ชื่อในช่องเอง,3
HG ROBOTICS,VESPA HEX MARK II,2023,False,ชื่อในช่องเอง,1
HG ROBOTICS,VESPA HEX MARK II,2024,False,ชื่อในช่องเอง,4
HG ROBOTICS,VESPA HEX MARK II,2025,False,ชื่อในช่องเอง,1
HG ROBOTICS,VETAL,2021,False,ชื่อในช่องเอง,1
HGLRC,SECTOR,2025,False,ชื่อในช่องเอง,1
HGLRC,SECTOR 3,2023,False,ชื่อในช่องเอง,1
HGLRC,SECTOR150,2021,False,ชื่อในช่องเอง,1
HIVEGROUND,VESPA MK II,2018,False,ชื่อในช่องเอง,5
HOLY STONE,HS 360E,2025,False,ชื่อในช่องเอง,1
HOLY STONE,HS 360E,2026,False,ชื่อในช่องเอง,1
HOLY STONE,HS175,2021,False,รหัสที่ถอดไม่ได้,1
HOLY STONE,HS175D,2023,False,รหัสที่ถอดไม่ได้,1
HOLY STONE,HS280,2023,False,รหัสที่ถอดไม่ได้,1
HOLY STONE,HS360S,2023,False,รหัสที่ถอดไม่ได้,1
HOLY STONE,HS360S,2024,False,รหัสที่ถอดไม่ได้,2
HOLY STONE,HS360S,2025,False,รหัสที่ถอดไม่ได้,2
HOLY STONE,HS720,2023,False,รหัสที่ถอดไม่ได้,1
HOLY STONE,HS720E,2025,False,รหัสที่ถอดไม่ได้,1
HOLY STONE,HS720G,2024,False,รหัสที่ถอดไม่ได้,1
HOLY STONE,HS720G,2025,False,รหัสที่ถอดไม่ได้,2
HOLY STONE,HS720R,2024,False,รหัสที่ถอดไม่ได้,1
HOLY STONE,HS900,2025,False,รหัสที่ถอดไม่ได้,1
HOLYBRO,S500 PIXHAWK,2025,False,ชื่อในช่องเอง,1
HOLYBRO,X500 V2,2025,False,ชื่อในช่องเอง,1
HOLYSTONE,HS720,2022,False,รหัสที่ถอดไม่ได้,1
HOMEMADE,FPV,2024,False,ชื่อในช่องเอง,1
HOOVER,X1 PRO,2025,False,ชื่อในช่องเอง,1
HORNET,HORNET 2.5 INCH,2021,False,ชื่อในช่องเอง,1
HORRUS-DRONE,3.2,2022,False,ชื่อในช่องเอง,3
HORRUS-DRONE,3.2,2024,False,ชื่อในช่องเอง,4
HORRUS-DRONE,3.2,2025,False,ชื่อในช่องเอง,2
HORRUS-DRONE,OASIS 1.0,2024,False,ชื่อในช่องเอง,3
HORRUS-DRONE,OASIS 1.0,2025,False,ชื่อในช่องเอง,1
HOSHI,007 PRO,2017,False,ชื่อในช่องเอง,1
HOVER,AIR X1,2023,False,ชื่อในช่องเอง,1
HOVER,AIR X1,2024,False,ชื่อในช่องเอง,4
HOVER,AIR X1,2025,False,ชื่อในช่องเอง,1
HOVER,AIR X1 PRO,2024,False,ชื่อในช่องเอง,1
HOVER,AIR X1 PRO,2025,False,ชื่อในช่องเอง,2
HOVER,AIR X1 PROMAX,2026,False,ชื่อในช่องเอง,1
HOVER,AIRX1,2024,False,ชื่อในช่องเอง,1
HOVER,AIRX1,2025,False,ชื่อในช่องเอง,1
HOVER,PASSPORT,2018,False,ชื่อในช่องเอง,1
HOVER,PROMAX,2026,False,ชื่อในช่องเอง,1
HOVER,"ROBOTICS, ZZ-H-1-001",2024,False,ชื่อในช่องเอง,1
HOVER,X 1 PRO,2024,False,ชื่อในช่องเอง,1
HOVER,X-AIR,2025,False,ชื่อในช่องเอง,1
HOVER,X1,2023,False,ชื่อในช่องเอง,1
HOVER,X1,2024,False,ชื่อในช่องเอง,3
HOVER,ZZ-H-1-001,2024,False,ชื่อในช่องเอง,1
HOVER AIR X1,ZZ-H-001,2024,False,ชื่อในช่องเอง,1
HOVER CAMERA,X1,2024,False,ชื่อในช่องเอง,1
HOVER CAMERA PASSPORT,(ไม่ระบุ),2017,False,ว่าง,1
HOVERAIR,PRO MAX,2025,False,ชื่อในช่องเอง,1
HOVERAIR,X1,2023,False,ชื่อในช่องเอง,1
HOVERAIR,X1,2024,False,ชื่อในช่องเอง,4
HOVERAIR,X1,2025,False,ชื่อในช่องเอง,18
HOVERAIR,X1,2026,False,ชื่อในช่องเอง,3
HOVERAIR,X1 PRO,2024,False,ชื่อในช่องเอง,1
HOVERAIR,X1 PRO,2025,False,ชื่อในช่องเอง,4
HOVERAIR,X1 PRO,2026,False,ชื่อในช่องเอง,3
HOVERAIR,X1 PRO (MODEL ZZ-H-1-003),2024,False,ชื่อในช่องเอง,3
HOVERAIR,X1 PRO (MODEL ZZ-H-1-003),2025,False,ชื่อในช่องเอง,70
HOVERAIR,X1 PRO (MODEL ZZ-H-1-003),2026,False,ชื่อในช่องเอง,7
HOVERAIR,X1 PRO BLACK,2024,False,ชื่อในช่องเอง,1
HOVERAIR,X1 PRO MAX,2024,False,ชื่อในช่องเอง,2
HOVERAIR,X1 PRO MAX,2025,False,ชื่อในช่องเอง,6
HOVERAIR,X1 PRO MAX,2026,False,ชื่อในช่องเอง,1
HOVERAIR,X1 PRO MAX (MODEL ZZ-H-1-004),2024,False,ชื่อในช่องเอง,2
HOVERAIR,X1 PRO MAX (MODEL ZZ-H-1-004),2025,False,ชื่อในช่องเอง,81
HOVERAIR,X1 PRO MAX (MODEL ZZ-H-1-004),2026,False,ชื่อในช่องเอง,13
HOVERAIR,X1 PROMAX,2025,False,ชื่อในช่องเอง,8
HOVERAIR,X1 PROMAX,2026,False,ชื่อในช่องเอง,5
HOVERAIR,ZZ-H-1-001,2024,False,ชื่อในช่องเอง,487
HOVERAIR,ZZ-H-1-001,2025,False,ชื่อในช่องเอง,114
HOVERAIR,ZZ-H-1-001,2026,False,ชื่อในช่องเอง,25
HOVERAIR,ZZ-H-1-004,2024,False,ชื่อในช่องเอง,1
HOVERAIR X1,ZZ-H-1-001,2024,False,ชื่อในช่องเอง,11
HOVERAIR X1,ZZ-H-1-001,2025,False,ชื่อในช่องเอง,3
HUBSAN,(ไม่ระบุ),2018,False,ว่าง,3
HUBSAN,(ไม่ระบุ),2019,False,ว่าง,1
HUBSAN,ACE 2,2024,False,ชื่อในช่องเอง,26
HUBSAN,ACE PRO,2022,False,ชื่อในช่องเอง,43
HUBSAN,ACE PRO,2023,False,ชื่อในช่องเอง,13
HUBSAN,ACE PRO,2026,False,ชื่อในช่องเอง,2
HUBSAN,ACE SE,2022,False,ชื่อในช่องเอง,12
HUBSAN,ACE SE,2023,False,ชื่อในช่องเอง,2
HUBSAN,ACE SE,2024,False,ชื่อในช่องเอง,1
HUBSAN,FPV X,2017,False,ชื่อในช่องเอง,1
HUBSAN,H019S,2017,False,ชื่อในช่องเอง,1
HUBSAN,H107C,2018,False,ชื่อในช่องเอง,1
HUBSAN,H109S,2017,False,ชื่อในช่องเอง,8
HUBSAN,H109S,2018,False,ชื่อในช่องเอง,15
HUBSAN,H109S,2019,False,ชื่อในช่องเอง,11
HUBSAN,H109S PRO,2017,False,ชื่อในช่องเอง,1
HUBSAN,H109S PRO,2018,False,ชื่อในช่องเอง,1
HUBSAN,H122D,2018,False,ชื่อในช่องเอง,1
HUBSAN,H216A,2018,False,ชื่อในช่องเอง,3
HUBSAN,H216A,2019,False,ชื่อในช่องเอง,38
HUBSAN,H216A,2020,False,ชื่อในช่องเอง,5
HUBSAN,H500,2017,False,ชื่อในช่องเอง,1
HUBSAN,H501 A,2017,False,ชื่อในช่องเอง,1
HUBSAN,H5015,2017,False,ชื่อในช่องเอง,1
HUBSAN,H501A,2017,False,ชื่อในช่องเอง,7
HUBSAN,H501A,2018,False,ชื่อในช่องเอง,2
HUBSAN,H501A,2019,False,ชื่อในช่องเอง,2
HUBSAN,H501S,2017,False,ชื่อในช่องเอง,35
HUBSAN,H501S,2018,False,ชื่อในช่องเอง,18
HUBSAN,H501S,2019,False,ชื่อในช่องเอง,29
HUBSAN,H501S,2020,False,ชื่อในช่องเอง,3
HUBSAN,H501S PRO,2018,False,ชื่อในช่องเอง,1
HUBSAN,H501S PRO,2019,False,ชื่อในช่องเอง,2
HUBSAN,H501S9,2018,False,ชื่อในช่องเอง,1
HUBSAN,H501SS,2017,False,ชื่อในช่องเอง,3
HUBSAN,H501SS,2019,False,ชื่อในช่องเอง,1
HUBSAN,H501SS PRO,2017,False,ชื่อในช่องเอง,3
HUBSAN,H501SS STANDARD,2017,False,ชื่อในช่องเอง,1
HUBSAN,H502S,2017,False,ชื่อในช่องเอง,3
HUBSAN,H502S,2018,False,ชื่อในช่องเอง,2
HUBSAN,HUBSAN ACE PRO,2023,False,ชื่อในช่องเอง,1
HUBSAN,ZINO,2018,False,ชื่อในช่องเอง,1
HUBSAN,ZINO,2019,False,ชื่อในช่องเอง,138
HUBSAN,ZINO,2020,False,ชื่อในช่องเอง,203
HUBSAN,ZINO,2021,False,ชื่อในช่องเอง,10
HUBSAN,ZINO,2022,False,ชื่อในช่องเอง,2
HUBSAN,ZINO,2025,False,ชื่อในช่องเอง,1
HUBSAN,ZINO 2,2020,False,ชื่อในช่องเอง,67
HUBSAN,ZINO 2,2021,False,ชื่อในช่องเอง,6
HUBSAN,ZINO 2 PLUS,2021,False,ชื่อในช่องเอง,19
HUBSAN,ZINO 2 PLUS,2022,False,ชื่อในช่องเอง,1
HUBSAN,ZINO 2 PLUS : HEIGHT VERSION,2021,False,ชื่อในช่องเอง,4
HUBSAN,ZINO 2+,2021,False,ชื่อในช่องเอง,25
HUBSAN,ZINO MINI PRO,2021,False,ชื่อในช่องเอง,62
HUBSAN,ZINO MINI PRO,2022,False,ชื่อในช่องเอง,68
HUBSAN,ZINO MINI PRO,2023,False,ชื่อในช่องเอง,19
HUBSAN,ZINO MINI PRO,2024,False,ชื่อในช่องเอง,3
HUBSAN,ZINO MINI SE,2021,False,ชื่อในช่องเอง,6
HUBSAN,ZINO MINI SE,2022,False,ชื่อในช่องเอง,20
HUBSAN,ZINO MINI SE,2023,False,ชื่อในช่องเอง,13
HUBSAN,ZINO MINI SE,2024,False,ชื่อในช่องเอง,1
HUBSAN,ZINO PRO,2017,False,ชื่อในช่องเอง,1
HUBSAN,ZINO PRO,2019,False,ชื่อในช่องเอง,6
HUBSAN,ZINO PRO,2020,False,ชื่อในช่องเอง,121
HUBSAN,ZINO PRO,2021,False,ชื่อในช่องเอง,2
HUBSAN,ZINO PRO,2024,False,ชื่อในช่องเอง,1
HUBSAN,ZINO PRO MINI,2025,False,ชื่อในช่องเอง,1
HUBSAN,ZINO PRO PLUS,2024,False,ชื่อในช่องเอง,1
HUBSAN,ZINO PRO+,2020,False,ชื่อในช่องเอง,19
HUBSAN,ZINO PRO+,2021,False,ชื่อในช่องเอง,136
HUBSAN,ZINO PRO+,2022,False,ชื่อในช่องเอง,2
HUBSAN,ZINO PRO+,2023,False,ชื่อในช่องเอง,2
HUBSAN,ZINO2+,2021,False,ชื่อในช่องเอง,4
HUPSAN,H501S,2017,False,ชื่อในช่องเอง,1
HYTOBP,S166,2025,False,ชื่อในช่องเอง,1
I FLIGHT,NAZGUL 5 V2,2025,False,ชื่อในช่องเอง,1
I MAVIK AIR 2,MA2UE1N,2023,False,รหัสที่ถอดไม่ได้,1
ICS,AVIX GN220 EVTOL,2023,False,ชื่อในช่องเอง,1
ICS,AVIX GN220 EVTOL,2025,False,ชื่อในช่องเอง,1
ICS,AVIX GN220 EVTOL,2026,False,ชื่อในช่องเอง,1
ICS,VERTIX VL240,2023,False,ชื่อในช่องเอง,2
ICS,VERTIX VL260,2025,False,ชื่อในช่องเอง,3
ICS,VERTIX VL260,2026,False,ชื่อในช่องเอง,2
ICS,VILVERIN VL340,2023,False,ชื่อในช่องเอง,2
ICS,VILVERIN VL340,2024,False,ชื่อในช่องเอง,1
ICS,VILVERIN VL340,2026,False,ชื่อในช่องเอง,1
ICS,VOXEL MX,2023,False,ชื่อในช่องเอง,1
IFLIGHT,7-INCH FPV,2026,False,ชื่อในช่องเอง,1
IFLIGHT,AFTERBURNER,2024,False,ชื่อในช่องเอง,2
IFLIGHT,AOS 5,2023,False,ชื่อในช่องเอง,2
IFLIGHT,AOS UL5,2023,False,ชื่อในช่องเอง,1
IFLIGHT,APEX5DC,2024,False,ชื่อในช่องเอง,1
IFLIGHT,BOB 57,2025,False,ชื่อในช่องเอง,1
IFLIGHT,BOB57 HD 03 AIR UNIT 6S,2023,False,ชื่อในช่องเอง,1
IFLIGHT,CHIMERA 5,2022,False,ชื่อในช่องเอง,1
IFLIGHT,CHIMERA 7 PRO,2023,False,ชื่อในช่องเอง,1
IFLIGHT,CHIMERA 7 PRO,2025,False,ชื่อในช่องเอง,1
IFLIGHT,CHIMERA 7 PRO V2,2024,False,ชื่อในช่องเอง,1
IFLIGHT,CHIMERA 7PRO V2,2025,False,ชื่อในช่องเอง,1
IFLIGHT,CHIMERA PRO 2,2023,False,ชื่อในช่องเอง,1
IFLIGHT,CHIMERA PRO 7,2024,False,ชื่อในช่องเอง,2
IFLIGHT,CHIMERA5 V2 4S HD,2023,False,ชื่อในช่องเอง,1
IFLIGHT,CHIMERA7 PRO V2 6S HD LR,2023,False,ชื่อในช่องเอง,1
IFLIGHT,CHIMERA7 V2,2023,False,ชื่อในช่องเอง,2
IFLIGHT,CIDORA SL5,2023,False,ชื่อในช่องเอง,2
IFLIGHT,CINEFLOW 5,2025,False,ชื่อในช่องเอง,1
IFLIGHT,DEFENDER 16 HD O3 2S,2025,False,ชื่อในช่องเอง,1
IFLIGHT,DEFENDER 25,2025,False,ชื่อในช่องเอง,1
IFLIGHT,EVOQUE,2025,False,ชื่อในช่องเอง,1
IFLIGHT,F411,2025,False,ชื่อในช่องเอง,1
IFLIGHT,HELION10,2025,False,ชื่อในช่องเอง,1
IFLIGHT,IFLIGHT NAZGUL EVOQUE F5D HD,2024,False,ชื่อในช่องเอง,1
IFLIGHT,IH3 HD,2023,False,ชื่อในช่องเอง,1
IFLIGHT,IH3 HD 03 AIR UNIT 45,2023,False,ชื่อในช่องเอง,1
IFLIGHT,IH3 HD 03 AIR UNIT 45,2024,False,ชื่อในช่องเอง,1
IFLIGHT,MACH R5,2026,False,ชื่อในช่องเอง,1
IFLIGHT,NAZGUL,2022,False,ชื่อในช่องเอง,1
IFLIGHT,NAZGUL,2023,False,ชื่อในช่องเอง,2
IFLIGHT,NAZGUL,2025,False,ชื่อในช่องเอง,3
IFLIGHT,NAZGUL,2026,False,ชื่อในช่องเอง,1
IFLIGHT,NAZGUL 5,2023,False,ชื่อในช่องเอง,2
IFLIGHT,NAZGUL 5,2024,False,ชื่อในช่องเอง,1
IFLIGHT,NAZGUL DC5 ECO V1.1 HD O3 AIR UNIT,2025,False,ชื่อในช่องเอง,1
IFLIGHT,NAZGUL DC5 O4 ECO V1.1 6S HD,2026,False,ชื่อในช่องเอง,1
IFLIGHT,NAZGUL ECODC5,2025,False,ชื่อในช่องเอง,1
IFLIGHT,NAZGUL EVOGUE 6S HDF5X V2 FREESTYLE,2023,False,ชื่อในช่องเอง,2
IFLIGHT,NAZGUL EVOGUE 6S HDF5X V2 FREESTYLE,2024,False,ชื่อในช่องเอง,1
IFLIGHT,NAZGUL EVOQE V2,2025,False,ชื่อในช่องเอง,1
IFLIGHT,NAZGUL EVOQUE F4,2026,False,ชื่อในช่องเอง,1
IFLIGHT,NAZGUL EVOQUE F5,2024,False,ชื่อในช่องเอง,1
IFLIGHT,NAZGUL EVOQUE F5 V2,2024,False,ชื่อในช่องเอง,1
IFLIGHT,NAZGUL EVOQUE F5 V2 6S HD,2024,False,ชื่อในช่องเอง,1
IFLIGHT,NAZGUL EVOQUE F5 V2 O3 GPS,2025,False,ชื่อในช่องเอง,1
IFLIGHT,NAZGUL EVOQUE F5D,2023,False,ชื่อในช่องเอง,2
IFLIGHT,NAZGUL EVOQUE F5D 6S,2024,False,ชื่อในช่องเอง,1
IFLIGHT,NAZGUL EVOQUE F5DV2,2026,False,ชื่อในช่องเอง,1
IFLIGHT,NAZGUL EVOQUE F5X,2023,False,ชื่อในช่องเอง,1
IFLIGHT,NAZGUL EVOQUE F5X,2024,False,ชื่อในช่องเอง,1
IFLIGHT,NAZGUL EVOQUE F6,2024,False,ชื่อในช่องเอง,1
IFLIGHT,NAZGUL F5 V2,2025,False,ชื่อในช่องเอง,1
IFLIGHT,NAZGUL F5D,2024,False,ชื่อในช่องเอง,1
IFLIGHT,NAZGUL F5D,2025,False,ชื่อในช่องเอง,2
IFLIGHT,NAZGUL V2 F5D,2023,False,ชื่อในช่องเอง,3
IFLIGHT,NAZGUL V3,2025,False,ชื่อในช่องเอง,1
IFLIGHT,NAZGUL5 V2,2022,False,ชื่อในช่องเอง,1
IFLIGHT,NAZGUL5 V2 HD,2023,False,ชื่อในช่องเอง,1
IFLIGHT,NAZGULE EVOQUE,2023,False,ชื่อในช่องเอง,1
IFLIGHT,NAZGULE F5,2024,False,ชื่อในช่องเอง,1
IFLIGHT,PROTEK25,2023,False,ชื่อในช่องเอง,1
IFLIGHT,PROTEK25,2024,False,ชื่อในช่องเอง,1
IFLIGHT,PROTEK35,2024,False,ชื่อในช่องเอง,1
IFLIGHT,PROTEK35HD,2021,False,ชื่อในช่องเอง,1
IFLIGHT,SECTOR150,2021,False,ชื่อในช่องเอง,1
IFLIGHT,TAURUS X8,2024,False,ชื่อในช่องเอง,2
IFLIGHT,TITAN XL5,2024,False,ชื่อในช่องเอง,1
IFLIGHT NAZGUL EVOQUE F5 V2,FQ13586,2025,False,รหัสที่ถอดไม่ได้,1
IFLIHGT,MAZGUL DC5 ECO,2025,False,ชื่อในช่องเอง,1
IMPULSE RC,APEX EVO 5,2024,False,ชื่อในช่องเอง,2
IMPULSE RC,APEX EVO 5,2025,False,ชื่อในช่องเอง,1
IMPULSE RC,APEX EVO 5,2026,False,ชื่อในช่องเอง,1
IMPULSE RC,APEX HD,2022,False,ชื่อในช่องเอง,1
IMPULSERC,APEX,2022,False,ชื่อในช่องเอง,1
IMPULSERC,APEX,2023,False,ชื่อในช่องเอง,1
IMPULSERC,APEX HD,2022,False,ชื่อในช่องเอง,1
IMPULSERC,APEX HD,2024,False,ชื่อในช่องเอง,1
INSEE,250,2023,False,ชื่อในช่องเอง,1
INSEE,250,2024,False,ชื่อในช่องเอง,2
INSEE,250,2026,False,ชื่อในช่องเอง,1
INSEE,320,2022,False,ชื่อในช่องเอง,1
INT DEC PRO,E99 PRO,2026,False,ชื่อในช่องเอง,1
INTEL,FALCON 8+,2022,False,ชื่อในช่องเอง,1
INTEL,RCM24G,2019,False,รหัสที่ถอดไม่ได้,1
ISAAC UAV,ACCEL,2020,False,ชื่อในช่องเอง,1
JAONGOR AGRICULTURE,JN20,2025,False,รหัสที่ถอดไม่ได้,1
JDI,MINI 4 PRO,2024,False,ชื่อในช่องเอง,1
JIANGSHI,MK15RX,2025,False,รหัสที่ถอดไม่ได้,1
JJRC,H37,2017,False,ชื่อในช่องเอง,5
JJRC,X12,2020,False,ชื่อในช่องเอง,1
JOUAV,CW-007,2020,False,ชื่อในช่องเอง,3
JOUAV,CW-007,2021,False,ชื่อในช่องเอง,3
JOUAV,CW-007,2024,False,ชื่อในช่องเอง,2
JOUAV,CW-007,2025,False,ชื่อในช่องเอง,3
JOUAV,CW-15,2020,False,ชื่อในช่องเอง,1
JOUAV,CW-15,2021,False,ชื่อในช่องเอง,1
JOUAV,CW-15,2022,False,ชื่อในช่องเอง,2
JOUAV,CW-15,2023,False,ชื่อในช่องเอง,6
JOUAV,CW-15,2024,False,ชื่อในช่องเอง,3
JOUAV,CW-15,2025,False,ชื่อในช่องเอง,4
JOUAV,CW-15,2026,False,ชื่อในช่องเอง,1
JOUAV,CW-25E,2021,False,ชื่อในช่องเอง,1
JOUSHA BARWELL,QVA-S2,2024,False,ชื่อในช่องเอง,2
JOYANCE,JTC-30,2026,False,ชื่อในช่องเอง,1
JOYANCE,JTC20,2026,False,รหัสที่ถอดไม่ได้,1
JOYDRONE,J-BLACKWING,2022,False,ชื่อในช่องเอง,1
JOYDRONE,J-MARK8,2022,False,ชื่อในช่องเอง,1
JOYTON,TITAN 2.0,2020,False,ชื่อในช่องเอง,1
JS DRONE,GPS,2025,False,ชื่อในช่องเอง,1
KASET GEN-Y,GCS-9,2020,False,ชื่อในช่องเอง,14
KASET GEN-Y,GCS-9,2021,False,ชื่อในช่องเอง,20
KASET GEN-Y,GCS-9,2023,False,ชื่อในช่องเอง,1
KASET GEN-Y,GCS-9 3 ลิตร,2021,False,ชื่อในช่องเอง,76
KASET GEN-Y,GCS-9 3 ลิตร,2022,False,ชื่อในช่องเอง,27
KASET GEN-Y,GCS-9 3 ลิตร,2024,False,ชื่อในช่องเอง,3
KASET GEN-Y,GCS-9 3 ลิตร,2025,False,ชื่อในช่องเอง,4
KASET GEN-Y,GCS-9+,2024,False,ชื่อในช่องเอง,147
KASET GEN-Y,GCS-9+,2025,False,ชื่อในช่องเอง,197
KASET GEN-Y,GCS-9+,2026,False,ชื่อในช่องเอง,43
KEH,K11,2025,False,ชื่อในช่องเอง,1
KISS,(ไม่ระบุ),2017,False,ว่าง,1
KK AGRAS,6 AXIS KK AGRAS,2020,False,ชื่อในช่องเอง,4
KU,HCMUT01,2023,False,ชื่อในช่องเอง,1
KU,KMITL01,2023,False,ชื่อในช่องเอง,1
KU,KMUTNB01,2023,False,ชื่อในช่องเอง,1
KU,KMUTT01,2023,False,ชื่อในช่องเอง,1
KU,KMUTT02,2023,False,ชื่อในช่องเอง,1
KU,KU01,2023,False,รหัสที่ถอดไม่ได้,1
KU,KU02,2023,False,รหัสที่ถอดไม่ได้,1
KU,KU03,2023,False,รหัสที่ถอดไม่ได้,1
KU,KU04,2023,False,รหัสที่ถอดไม่ได้,1
KU,NKRAFA01,2023,False,ชื่อในช่องเอง,1
KU,RPCA01,2023,False,ชื่อในช่องเอง,1
KU,SUT01,2023,False,รหัสที่ถอดไม่ได้,1
KW AGRAS,KWT20,2021,False,รหัสที่ถอดไม่ได้,31
KW AGRAS,KWT20,2022,False,รหัสที่ถอดไม่ได้,2
KW AGRAS,KWT20,2023,False,รหัสที่ถอดไม่ได้,3
KW AGRAS,KWT20,2025,False,รหัสที่ถอดไม่ได้,3
LEASON,LS126,2018,False,รหัสที่ถอดไม่ได้,1
"LH LEAD HONOR, METAL HORSE","LH-X20, LH-X25, H101, LH-X19, LH-X14, S58, S56",2017,False,ชื่อในช่องเอง,1
LH-X14HDV,(ไม่ระบุ),2017,False,ว่าง,1
LIONGREEN,L30,2025,False,ชื่อในช่องเอง,2
LSRC,S1S,2024,False,ชื่อในช่องเอง,1
LSRC,S1S,2025,False,ชื่อในช่องเอง,1
LUMA QUAD CO,LUMA 55,2023,False,ชื่อในช่องเอง,2
LUMA QUAD CO,LUMA 55,2024,False,ชื่อในช่องเอง,1
LUMA QUAD CO,LUMA 55,2025,False,ชื่อในช่องเอง,2
LUMENIER,JOHNNYFPV EDITION,2023,False,ชื่อในช่องเอง,1
M MAX,SVO II,2024,False,ชื่อในช่องเอง,1
MABIN,X-50,2024,False,ชื่อในช่องเอง,1
MABIN,X4,2023,False,ชื่อในช่องเอง,4
MABIN,X4,2025,False,ชื่อในช่องเอง,14
MAKEFLYEASY,FIGHTER,2021,False,ชื่อในช่องเอง,1
MAKER DRONE,MD410,2022,False,รหัสที่ถอดไม่ได้,2
MAKER DRONE,MD410,2023,False,รหัสที่ถอดไม่ได้,2
MAKER DRONE,MD410,2024,False,รหัสที่ถอดไม่ได้,1
MAKER DRONE,MD410,2025,False,รหัสที่ถอดไม่ได้,1
MAKER DRONE,MD417,2022,False,รหัสที่ถอดไม่ได้,10
MAKER DRONE,MD417,2023,False,รหัสที่ถอดไม่ได้,10
MAKER DRONE,MD417,2025,False,รหัสที่ถอดไม่ได้,2
MAKER DRONE,MD616,2022,False,รหัสที่ถอดไม่ได้,1
MAKER DRONE,MD616,2024,False,รหัสที่ถอดไม่ได้,1
MAKER DRONE,MD620,2022,False,รหัสที่ถอดไม่ได้,34
MAKER DRONE,MD620,2023,False,รหัสที่ถอดไม่ได้,25
MAKER DRONE,MD620,2024,False,รหัสที่ถอดไม่ได้,28
MAKER DRONE,MD620,2025,False,รหัสที่ถอดไม่ได้,36
MAKER DRONE,MD620,2026,False,รหัสที่ถอดไม่ได้,1
MATEK,ROBOCAT 270,2017,False,ชื่อในช่องเอง,1
MAVIC,2 PRO,2021,False,ชื่อในช่องเอง,1
MAVIC,2 PRO,2022,False,ชื่อในช่องเอง,1
MAVIC,2 PRO,2023,False,ชื่อในช่องเอง,1
MAVIC,3 MINI PRO,2024,False,ชื่อในช่องเอง,1
MAVIC,AIR 2,2021,False,ชื่อในช่องเอง,1
MAVIC,AIR 2,2022,False,ชื่อในช่องเอง,2
MAVIC,M1D,2024,False,ชื่อในช่องเอง,1
MAVIC,MAVIC 2 ZOOM,2022,False,ชื่อในช่องเอง,1
MAVIC,MINI 2 SE,2024,False,ชื่อในช่องเอง,1
MAVIC,MINI 3 PRO,2023,False,ชื่อในช่องเอง,1
MAVIC,PRO,2023,False,ชื่อในช่องเอง,1
MAVIC 2,L1Z,2022,False,ชื่อในช่องเอง,1
MAVIC 2 PRO,L1P,2025,False,ชื่อในช่องเอง,1
MAVIC AIR,U11X,2023,False,ชื่อในช่องเอง,2
MAVIC DJI,AIR 2,2023,False,ชื่อในช่องเอง,2
MAVIC DJI,AIR 2,2024,False,ชื่อในช่องเอง,3
MAVIC DJI,AIR 2,2025,False,ชื่อในช่องเอง,3
MAVIC DJI,AIR 2,2026,False,ชื่อในช่องเอง,1
MAVIC DJI,U11X,2021,False,ชื่อในช่องเอง,1
MAVIC MINI4 PRO,MT4MFVD,2024,False,รหัสที่ถอดไม่ได้,1
MAVIC PRO PLATINIUM DJ1,DJ1 M1X,2023,False,ชื่อในช่องเอง,1
MERL,(ไม่ระบุ),2018,False,ว่าง,3
MG,MG-1,2019,False,ชื่อในช่องเอง,52
MG,MG-1,2020,False,ชื่อในช่องเอง,243
MG,MG-1,2021,False,ชื่อในช่องเอง,90
MG,MG-1,2022,False,ชื่อในช่องเอง,11
MG,MG-1,2023,False,ชื่อในช่องเอง,2
MG,MG-1,2024,False,ชื่อในช่องเอง,1
MG,MG-1,2025,False,ชื่อในช่องเอง,5
MI DRONE,(ไม่ระบุ),2017,False,ว่าง,1
MI DRONE,FIMI X8 SE,2017,False,ชื่อในช่องเอง,1
MI DRONE,FIMI X8 SE,2018,False,ชื่อในช่องเอง,1
MI DRONE,FIMI X8 SE,2019,False,ชื่อในช่องเอง,1
MINI 2,MT2PD,2022,False,รหัสที่ถอดไม่ได้,1
MINI DRONE,KY901,2017,False,รหัสที่ถอดไม่ได้,1
MINI DRONE Q2,4 AXIS FOLDABLE DRONE,2017,False,ชื่อในช่องเอง,1
MJX,B12,2021,False,ชื่อในช่องเอง,4
MJX,B12 EIS,2021,False,ชื่อในช่องเอง,58
MJX,B12 EIS,2022,False,ชื่อในช่องเอง,19
MJX,B20,2021,False,ชื่อในช่องเอง,1
MJX,B20 EIS,2020,False,ชื่อในช่องเอง,7
MJX,B20 EIS,2021,False,ชื่อในช่องเอง,40
MJX,B20 EIS,2022,False,ชื่อในช่องเอง,9
MJX,B5W,2020,False,ชื่อในช่องเอง,1
MJX,BUGS 2,2017,False,ชื่อในช่องเอง,5
MJX,BUGS 2,2018,False,ชื่อในช่องเอง,1
MJX,BUGS 2W,2017,False,ชื่อในช่องเอง,1
MJX,BUGS 2W,2018,False,ชื่อในช่องเอง,1
MJX,BUGS 6,2018,False,ชื่อในช่องเอง,1
MJX,E20 EIS,2020,False,ชื่อในช่องเอง,1
MJX,MJX BUGS 2W,2018,False,ชื่อในช่องเอง,1
MJX,X102H,2018,False,ชื่อในช่องเอง,1
MJX,XIOI,2017,False,ชื่อในช่องเอง,1
MJX BUGS,MJX BUGS 16 PRO,2023,False,ชื่อในช่องเอง,1
MJX R/C,BUGS 4W,2019,False,ชื่อในช่องเอง,1
MONSTER DRONE,MD PLUS,2021,False,ชื่อในช่องเอง,1
MONSTER DRONE,MD PLUS,2022,False,ชื่อในช่องเอง,1
MONSTER DRONE,MD410S,2020,False,รหัสที่ถอดไม่ได้,1
MONSTER DRONE,MD410S,2021,False,รหัสที่ถอดไม่ได้,3
MUGIN,UAV V-TAIL PLATFORM,2018,False,ชื่อในช่องเอง,1
MULTI ROTOR SG907,SG907,2021,False,รหัสที่ถอดไม่ได้,1
NAC DRONE,EASY,2021,False,ชื่อในช่องเอง,60
NAC DRONE,EASY,2022,False,ชื่อในช่องเอง,131
NAC DRONE,EASY,2023,False,ชื่อในช่องเอง,52
NAC DRONE,EASY,2024,False,ชื่อในช่องเอง,101
NAC DRONE,EASY,2025,False,ชื่อในช่องเอง,140
NAC DRONE,EASY,2026,False,ชื่อในช่องเอง,71
NAC DRONE,EASY1,2020,False,ชื่อในช่องเอง,20
NAC DRONE,EASY1,2021,False,ชื่อในช่องเอง,26
NAC DRONE,EASY1,2022,False,ชื่อในช่องเอง,2
NAC DRONE,EASY2,2020,False,ชื่อในช่องเอง,84
NAC DRONE,EASY2,2021,False,ชื่อในช่องเอง,240
NAC DRONE,EASY2,2022,False,ชื่อในช่องเอง,40
NAC DRONE,EASY2,2023,False,ชื่อในช่องเอง,26
NAC DRONE,EASY2,2024,False,ชื่อในช่องเอง,3
NAC DRONE,EASY2,2025,False,ชื่อในช่องเอง,7
NAC DRONE,EASY3,2020,False,ชื่อในช่องเอง,62
NAC DRONE,EASY3,2021,False,ชื่อในช่องเอง,248
NAC DRONE,EASY3,2022,False,ชื่อในช่องเอง,205
NAC DRONE,EASY3,2023,False,ชื่อในช่องเอง,64
NAC DRONE,EASY3,2024,False,ชื่อในช่องเอง,13
NAC DRONE,EASY3,2025,False,ชื่อในช่องเอง,81
NAC DRONE,EASY3,2026,False,ชื่อในช่องเอง,91
NAC DRONE,NT06P,2021,False,รหัสที่ถอดไม่ได้,19
NAC DRONE,NT06P,2022,False,รหัสที่ถอดไม่ได้,1
NAC DRONE,NT10,2019,False,รหัสที่ถอดไม่ได้,3
NAC DRONE,NT10,2020,False,รหัสที่ถอดไม่ได้,251
NAC DRONE,NT10,2021,False,รหัสที่ถอดไม่ได้,131
NAC DRONE,NT10,2022,False,รหัสที่ถอดไม่ได้,100
NAC DRONE,NT10,2023,False,รหัสที่ถอดไม่ได้,20
NAC DRONE,NT10,2024,False,รหัสที่ถอดไม่ได้,2
NAC DRONE,NT10,2025,False,รหัสที่ถอดไม่ได้,8
NAC DRONE,NT10,2026,False,รหัสที่ถอดไม่ได้,1
NAC DRONE,NT20P,2021,False,รหัสที่ถอดไม่ได้,5
NAC DRONE,NT20P,2024,False,รหัสที่ถอดไม่ได้,37
NAC DRONE,NT20P,2025,False,รหัสที่ถอดไม่ได้,3
NAFYRE,N 11 PRO,2025,False,ชื่อในช่องเอง,1
NAFYRE,N11 PRO GPS,2025,False,ชื่อในช่องเอง,1
NAZA,NAZA-M LITE,2017,False,ชื่อในช่องเอง,1
NAZUL,MARK7,2023,False,ชื่อในช่องเอง,1
NO BRAND,SELF CRAFTED,2022,False,ชื่อในช่องเอง,1
NOVADS,DRONE X PRO,2019,False,ชื่อในช่องเอง,7
NOVY,NV-10L,2020,False,ชื่อในช่องเอง,3
NOVY,NV-10L,2021,False,ชื่อในช่องเอง,7
NOVY,NV-10L,2022,False,ชื่อในช่องเอง,49
NOVY,NV-10L,2023,False,ชื่อในช่องเอง,1
OBK,ALTA-X9,2023,False,ชื่อในช่องเอง,2
OBK,ALTA-X9,2024,False,ชื่อในช่องเอง,1
ODDITYRC,XI25,2025,False,รหัสที่ถอดไม่ได้,1
OPTICAN FLOW POSITION,DRONE XT9,2023,False,ชื่อในช่องเอง,1
OVERMAX,X BEE FOLD 9.5,2023,False,ชื่อในช่องเอง,1
P8PRO PLUS,GPS 4-AXIS,2024,False,ชื่อในช่องเอง,1
PAROT,ANAFI,2019,False,ชื่อในช่องเอง,1
PARROT,(ไม่ระบุ),2018,False,ว่าง,4
PARROT,ANAFI,2018,False,ชื่อในช่องเอง,3
PARROT,ANAFI,2019,False,ชื่อในช่องเอง,15
PARROT,ANAFI,2020,False,ชื่อในช่องเอง,16
PARROT,ANAFI,2021,False,ชื่อในช่องเอง,14
PARROT,ANAFI,2022,False,ชื่อในช่องเอง,15
PARROT,ANAFI,2023,False,ชื่อในช่องเอง,8
PARROT,ANAFI,2024,False,ชื่อในช่องเอง,16
PARROT,ANAFI,2025,False,ชื่อในช่องเอง,3
PARROT,ANAFI THERMAL,2020,False,ชื่อในช่องเอง,4
PARROT,ANAFI THERMAL,2021,False,ชื่อในช่องเอง,1
PARROT,ANAFI USA,2021,False,ชื่อในช่องเอง,1
PARROT,ANAFI USA,2024,False,ชื่อในช่องเอง,1
PARROT,BEBOP,2018,False,ชื่อในช่องเอง,2
PARROT,BEBOP 2,2017,False,ชื่อในช่องเอง,18
PARROT,BEBOP 2,2018,False,ชื่อในช่องเอง,11
PARROT,BEBOP 2,2019,False,ชื่อในช่องเอง,6
PARROT,BEBOP 2,2022,False,ชื่อในช่องเอง,1
PARROT,BEBOP DRONE 2,2019,False,ชื่อในช่องเอง,2
PARROT,BLUEGRASS,2021,False,ชื่อในช่องเอง,1
PARROT,DISCO,2017,False,ชื่อในช่องเอง,1
PAVO 20 DJI 03,PAVO 20 DJI,2026,False,ชื่อในช่องเอง,1
PDA,AGRAS P1TH,2020,False,ชื่อในช่องเอง,26
PDA,AGRAS P1TH,2021,False,ชื่อในช่องเอง,13
PDA,AGRAS P1TH,2022,False,ชื่อในช่องเอง,1
PDA,AGRAS P1TH,2025,False,ชื่อในช่องเอง,2
PIONEER,(ไม่ระบุ),2017,False,ว่าง,1
PIONEER,KNIGHT 507,2018,False,ชื่อในช่องเอง,1
PJ DRONE,PJ1,2021,False,ชื่อในช่องเอง,22
PJ DRONE,PJ1,2022,False,ชื่อในช่องเอง,18
PJ DRONE,PJ1,2023,False,ชื่อในช่องเอง,14
PJ DRONE,PJ1,2024,False,ชื่อในช่องเอง,2
PJ DRONE,PJ1,2025,False,ชื่อในช่องเอง,1
POLADRONE,MIST MAX,2024,False,ชื่อในช่องเอง,53
POLADRONE,MIST MAX,2025,False,ชื่อในช่องเอง,268
POLADRONE,MIST MAX,2026,False,ชื่อในช่องเอง,30
POLADRONE,ORYCTES,2022,False,ชื่อในช่องเอง,1
POLADRONE,ORYCTES,2023,False,ชื่อในช่องเอง,18
POLADRONE,ORYCTES,2024,False,ชื่อในช่องเอง,25
POLADRONE,ORYCTES,2025,False,ชื่อในช่องเอง,4
POTENSIC,ATO,2024,False,ชื่อในช่องเอง,1
POTENSIC,ATOM,2023,False,ชื่อในช่องเอง,1
POTENSIC,ATOM,2024,False,ชื่อในช่องเอง,44
POTENSIC,ATOM,2025,False,ชื่อในช่องเอง,31
POTENSIC,ATOM,2026,False,ชื่อในช่องเอง,7
POTENSIC,ATOM 2,2025,False,ชื่อในช่องเอง,9
POTENSIC,ATOM 2,2026,False,ชื่อในช่องเอง,19
POTENSIC,ATOM 3,2024,False,ชื่อในช่องเอง,2
POTENSIC,ATOM 4 K,2025,False,ชื่อในช่องเอง,1
POTENSIC,ATOM 4K,2024,False,ชื่อในช่องเอง,5
POTENSIC,ATOM 4K,2025,False,ชื่อในช่องเอง,8
POTENSIC,ATOM DRONE,2024,False,ชื่อในช่องเอง,1
POTENSIC,ATOM DRONE,2025,False,ชื่อในช่องเอง,2
POTENSIC,ATOM DSDR04C,2024,False,ชื่อในช่องเอง,4
POTENSIC,ATOM DSDR04C,2025,False,ชื่อในช่องเอง,3
POTENSIC,ATOM GPS,2024,False,ชื่อในช่องเอง,1
POTENSIC,ATOM LT,2025,False,ชื่อในช่องเอง,2
POTENSIC,ATOM SE,2023,False,ชื่อในช่องเอง,4
POTENSIC,ATOM SE,2024,False,ชื่อในช่องเอง,27
POTENSIC,ATOM SE,2025,False,ชื่อในช่องเอง,19
POTENSIC,ATOM SE,2026,False,ชื่อในช่องเอง,2
POTENSIC,ATOM SE DRONE,2024,False,ชื่อในช่องเอง,1
POTENSIC,ATOM SE DSDR04B,2024,False,ชื่อในช่องเอง,1
POTENSIC,ATOM SE DSDRO4B,2024,False,ชื่อในช่องเอง,1
POTENSIC,ATOM SE GPS,2024,False,ชื่อในช่องเอง,1
POTENSIC,ATOM2,2025,False,ชื่อในช่องเอง,1
POTENSIC,ATOM2,2026,False,ชื่อในช่องเอง,1
POTENSIC,ATOME SE,2024,False,ชื่อในช่องเอง,1
POTENSIC,"DRONE: DSDR23A, REMOTE CONTROLLER: DSRC23A",2025,False,ชื่อในช่องเอง,1
POTENSIC,DSDR04B,2024,False,ชื่อในช่องเอง,1
POTENSIC,DSDR04C,2024,False,ชื่อในช่องเอง,5
POTENSIC,DSDRO4C,2023,False,ชื่อในช่องเอง,1
POTENSIC,POTENSIC ATOM SE,2024,False,ชื่อในช่องเอง,1
POTENSIC ATOM DRONE,DSDR04C,2024,False,ชื่อในช่องเอง,1
POTENSIC ATOM SE,ATOM SE,2024,False,ชื่อในช่องเอง,1
POTENSIC ATOM SE,DSDR04B,2024,False,ชื่อในช่องเอง,1
POWERVISION,POWEREGG X,2024,False,ชื่อในช่องเอง,1
PT,PHANTOM,2023,False,ชื่อในช่องเอง,2
QUADMULA,F5 SPLIT,2025,False,ชื่อในช่องเอง,1
QUADROTOR,QUADROTOR,2017,False,ชื่อในช่องเอง,1
QUANTUM,TRINITY F90+,2020,False,ชื่อในช่องเอง,1
QUANTUM SYSTEM,TRINITY F90+,2021,False,ชื่อในช่องเอง,1
QUANTUM SYSTEM,TRINITY F90+,2022,False,ชื่อในช่องเอง,4
QUANTUM SYSTEM,TRINITY F90+,2023,False,ชื่อในช่องเอง,1
QUANTUM SYSTEMS,TRINITY F90+,2022,False,ชื่อในช่องเอง,1
QUANTUM SYSTEMS,TRINITY F90+,2023,False,ชื่อในช่องเอง,1
QUANTUM SYSTEMS,TRINITY PRO,2025,False,ชื่อในช่องเอง,2
QUANTUM SYSTEMS,TRINITY PRO,2026,False,ชื่อในช่องเอง,1
RADIOMATER,POCKET,2026,False,ชื่อในช่องเอง,1
RADIUS DRONE SYSTEMS,QUAD SURVEY 1 / RDSQ001N,2021,False,ชื่อในช่องเอง,1
RC LEADDING,RC 136,2017,False,ชื่อในช่องเอง,1
RC136,(ไม่ระบุ),2017,False,ว่าง,1
RCSA DRONE,V001,2019,False,ชื่อในช่องเอง,1
READYTOSKY,APEX 5 DC,2024,False,ชื่อในช่องเอง,1
READYTOSKY,MINI RANGE,2024,False,ชื่อในช่องเอง,1
ROBOTICS,EVO,2019,False,ชื่อในช่องเอง,6
ROCCO,R416K,2020,False,ชื่อในช่องเอง,1
RUKO,F11MINI,2023,False,ชื่อในช่องเอง,1
RUKO,RUKO F11PRO 2,2026,False,ชื่อในช่องเอง,1
RUNNER,RUNNER 250 ADVANCE,2017,False,ชื่อในช่องเอง,1
RYZE,TELLO,2022,False,ชื่อในช่องเอง,7
S185,EIS UAV,2025,False,ชื่อในช่องเอง,1
SAKER,SAKER 30S,2026,False,ชื่อในช่องเอง,1
SANTI-WHOOP,SW3-I,2021,False,ชื่อในช่องเอง,1
SATI,PANYA V.1,2020,False,ชื่อในช่องเอง,40
SATI,PANYA V.1,2021,False,ชื่อในช่องเอง,2
SATI,PANYA V.2-12L,2020,False,ชื่อในช่องเอง,8
SATI,PANYA V.2-12L,2021,False,ชื่อในช่องเอง,33
SATI,PANYA V.2-12L,2022,False,ชื่อในช่องเอง,26
SATI,PANYA V.2-12L,2023,False,ชื่อในช่องเอง,1
SATI,PANYA V.2-12L,2024,False,ชื่อในช่องเอง,1
SATI,PANYA V1,2019,False,ชื่อในช่องเอง,1
SB1,H810,2017,False,ชื่อในช่องเอง,1
SB1,M410,2018,False,ชื่อในช่องเอง,2
SB1,M410,2019,False,ชื่อในช่องเอง,22
SB1,M410,2020,False,ชื่อในช่องเอง,37
SB1,M410,2021,False,ชื่อในช่องเอง,27
SB1,M603,2017,False,ชื่อในช่องเอง,1
SB1,RP08 4-10,2021,False,ชื่อในช่องเอง,12
SB1,RP08 4-10,2022,False,ชื่อในช่องเอง,6
SB1,RP08 4-16,2021,False,ชื่อในช่องเอง,18
SB1,RP08 4-16,2022,False,ชื่อในช่องเอง,9
SB1,RP08 6-20,2021,False,ชื่อในช่องเอง,3
SEAGULL EYES,(ไม่ระบุ),2018,False,ว่าง,4
SEGUMO,SG05L-1,2021,False,ชื่อในช่องเอง,5
SEGUMO,SG05L-1,2022,False,ชื่อในช่องเอง,1
SEGUMO,SG05L-1,2025,False,ชื่อในช่องเอง,1
SEGUMO,SG05L-1,2026,False,ชื่อในช่องเอง,1
SEGUMO,SG10L,2020,False,รหัสที่ถอดไม่ได้,10
SEGUMO,SG10L,2021,False,รหัสที่ถอดไม่ได้,10
SEGUMO,SG10L,2022,False,รหัสที่ถอดไม่ได้,1
SEGUMO,SG10L,2026,False,รหัสที่ถอดไม่ได้,5
SEGUMO,SG16L,2020,False,รหัสที่ถอดไม่ได้,3
SEGUMO,SG16L,2021,False,รหัสที่ถอดไม่ได้,15
SEGUMO,SG16L,2022,False,รหัสที่ถอดไม่ได้,2
SEGUMO,SG16L,2024,False,รหัสที่ถอดไม่ได้,1
SEGUMO,SG16L,2025,False,รหัสที่ถอดไม่ได้,1
SEGUMO,SGM2016L,2025,False,รหัสที่ถอดไม่ได้,60
SEGUMO,SGM2016L,2026,False,รหัสที่ถอดไม่ได้,11
SELF-BUILT,CUSTOM FPV,2025,False,ชื่อในช่องเอง,1
SENSEFLY,EBEE AG,2018,False,ชื่อในช่องเอง,1
SENSEFLY,EBEE PLUS,2017,False,ชื่อในช่องเอง,1
SENSEFLY,EBEE PLUS,2020,False,ชื่อในช่องเอง,5
SENSEFLY,EBEE PLUS RTK,2017,False,ชื่อในช่องเอง,1
SENSEFLY,EBEE PLUS RTK,2021,False,ชื่อในช่องเอง,1
SENSEFLY,EBEE RTK,2017,False,ชื่อในช่องเอง,1
SENSEFLY,EBEE SQ,2017,False,ชื่อในช่องเอง,1
SENSEFLY,EBEE SQ,2018,False,ชื่อในช่องเอง,1
SENSEFLY,EBEE SQ,2019,False,ชื่อในช่องเอง,4
SENSEFLY,EBEE X,2018,False,ชื่อในช่องเอง,1
SENSEFLY,EBEE X,2019,False,ชื่อในช่องเอง,4
SENSEFLY,EBEE X,2020,False,ชื่อในช่องเอง,2
SENSEFLY,EBEE X,2021,False,ชื่อในช่องเอง,1
SENSEFLY,EBEE X,2022,False,ชื่อในช่องเอง,1
SENSEFLY,EBEE X,2025,False,ชื่อในช่องเอง,1
SG,908MAX,2023,False,ชื่อในช่องเอง,1
SG907,MAX,2023,False,ชื่อในช่องเอง,1
SHANG HENG,AE86 PROMAX,2024,False,ชื่อในช่องเอง,3
SHAPED,TK111,2017,False,รหัสที่ถอดไม่ได้,1
"SHENZHENSMARTDRONEUAVCO.,LTD(SMD)",V330ATILT-ROTORVTOIFIXED-WINGUAV,2021,False,ชื่อในช่องเอง,1
SIMTOO,(ไม่ระบุ),2017,False,ว่าง,1
SIMTOO,DRAGONFLY THDF-01,2018,False,ชื่อในช่องเอง,1
SIMTOO,MOMENT,2018,False,ชื่อในช่องเอง,1
SIMTOO,THDF - 01,2017,False,ชื่อในช่องเอง,1
SIMTOO,THDF-01,2017,False,ชื่อในช่องเอง,1
SIMTOO,THDF01,2017,False,ชื่อในช่องเอง,1
SIMTOO MOMENT,(ไม่ระบุ),2018,False,ว่าง,2
SIMTOO MOMENT,HOCHI 007 PRO,2017,False,ชื่อในช่องเอง,4
SIMTOO MOMENT,HOCHI 007 PRO,2018,False,ชื่อในช่องเอง,2
SIMTOO MOMENT,THDF-01,2017,False,ชื่อในช่องเอง,1
SIMULUS,ZX-5085-675,2022,False,ชื่อในช่องเอง,1
SINOCHIP,DF-Q1,2019,False,ชื่อในช่องเอง,1
SINOCHIP,DF-T4,2019,False,ชื่อในช่องเอง,1
SIRC,F11,2024,False,ชื่อในช่องเอง,1
SJ R/C,F11S 4K PRO,2023,False,ชื่อในช่องเอง,10
SJ R/C,F11S 4K PRO,2024,False,ชื่อในช่องเอง,1
SJ R/C,F22S 4K PRO,2023,False,ชื่อในช่องเอง,28
SJ R/C,F22S 4K PRO,2024,False,ชื่อในช่องเอง,1
SJR,Z5,2021,False,ชื่อในช่องเอง,1
SJRC,F11,2023,False,ชื่อในช่องเอง,2
SJRC,F11,2024,False,ชื่อในช่องเอง,2
SJRC,F11,2025,False,ชื่อในช่องเอง,1
SJRC,F11 - DRONE,2023,False,ชื่อในช่องเอง,1
SJRC,F11 4K PRO,2021,False,ชื่อในช่องเอง,89
SJRC,F11 4K PRO,2022,False,ชื่อในช่องเอง,8
SJRC,F11 4K PRO,2023,False,ชื่อในช่องเอง,1
SJRC,F11 4K PRO,2024,False,ชื่อในช่องเอง,1
SJRC,F11PRO,2023,False,ชื่อในช่องเอง,1
SJRC,F11S,2022,False,ชื่อในช่องเอง,1
SJRC,F11S,2025,False,ชื่อในช่องเอง,1
SJRC,F11S 4K PRO,2022,False,ชื่อในช่องเอง,24
SJRC,F11S 4K PRO,2023,False,ชื่อในช่องเอง,3
SJRC,F11S 4K PRO,2024,False,ชื่อในช่องเอง,1
SJRC,F11S 4K PRO,2025,False,ชื่อในช่องเอง,1
SJRC,F11S PRO,2021,False,ชื่อในช่องเอง,1
SJRC,F11S PRO,2023,False,ชื่อในช่องเอง,1
SJRC,F11S4K,2023,False,ชื่อในช่องเอง,1
SJRC,F22,2023,False,ชื่อในช่องเอง,1
SJRC,F22,2024,False,ชื่อในช่องเอง,2
SJRC,F22 PRO,2025,False,ชื่อในช่องเอง,1
SJRC,F22S,2023,False,ชื่อในช่องเอง,2
SJRC,F22S,2024,False,ชื่อในช่องเอง,1
SJRC,F22S,2026,False,ชื่อในช่องเอง,1
SJRC,SJRC F11,2024,False,ชื่อในช่องเอง,1
SJRS,F5S PRO,2024,False,ชื่อในช่องเอง,1
SKEYE,(ไม่ระบุ),2017,False,ว่าง,1
SKEYE,(ไม่ระบุ),2018,False,ว่าง,1
SKEYE,X8 PRO,2018,False,ชื่อในช่องเอง,1
SKY HERO,LITTLE 6,2018,False,ชื่อในช่องเอง,1
SKY KING,EXPLORER,2018,False,ชื่อในช่องเอง,1
SKY-MASTER,QH550,2020,False,รหัสที่ถอดไม่ได้,47
SKY-MASTER,QH550,2022,False,รหัสที่ถอดไม่ได้,1
SKY-MASTER,QH550,2023,False,รหัสที่ถอดไม่ได้,1
SKY-MASTER,QH550,2024,False,รหัสที่ถอดไม่ได้,1
SKY-MASTER,QH550,2025,False,รหัสที่ถอดไม่ได้,1
SKYARTEC,FREEX SKYVIEW,2017,False,ชื่อในช่องเอง,2
SKYDIO,SDR35V1,2023,False,รหัสที่ถอดไม่ได้,1
SKYDIO,SDRC2V1,2023,False,ชื่อในช่องเอง,1
SKYDIO,X10D,2025,False,ชื่อในช่องเอง,1
SKYDIO,X2-44HZ,2022,False,ชื่อในช่องเอง,1
SKYDIO,X2-UU62,2022,False,ชื่อในช่องเอง,1
SKYDIO,X2D,2023,False,ชื่อในช่องเอง,1
SKYDIO,X2D,2025,False,ชื่อในช่องเอง,1
SKYDIO 2,SDRC2V1,2024,False,ชื่อในช่องเอง,1
SKYDROID,MX450,2022,False,รหัสที่ถอดไม่ได้,12
SKYDROID,MX450,2023,False,รหัสที่ถอดไม่ได้,1
SKYETON,RAYBIRD-3,2021,False,ชื่อในช่องเอง,1
SKYFRONT,PERIMETER 8 UAS / BASE MODEL (TH2.4),2022,False,ชื่อในช่องเอง,1
SKYHUNTER,(ไม่ระบุ),2017,False,ว่าง,1
SKYHUNTER,LH-X25,2017,False,ชื่อในช่องเอง,1
SKYHUNTER,SKYHUNTER,2017,False,ชื่อในช่องเอง,1
SKYHUNTER,X8,2017,False,ชื่อในช่องเอง,3
SKYHUNTER,X8,2018,False,ชื่อในช่องเอง,3
SKYPORTS,HYBRID-POWERED LIFT TRANSITIONAL PLATFORM (VTOL),2023,False,ชื่อในช่องเอง,2
SKYROVER,X1,2025,False,ชื่อในช่องเอง,1
SKYTECH,FREEX SKYVIEW,2018,False,ชื่อในช่องเอง,1
SKYXON,V168,2024,False,ชื่อในช่องเอง,1
SMART DRONE,(ไม่ระบุ),2017,False,ว่าง,1
SMART DRONE,L28,2026,False,ชื่อในช่องเอง,1
SMRC,JY018,2017,False,รหัสที่ถอดไม่ได้,1
SNAPTAIN,SP500,2024,False,รหัสที่ถอดไม่ได้,1
SOCR DRONE,SG 907,2023,False,ชื่อในช่องเอง,1
SONY,AIRPEAK S1,2022,False,ชื่อในช่องเอง,1
SPEEDEBEE,MASTER,2025,False,ชื่อในช่องเอง,1
SPEEDY BEE,BEE 25,2025,False,ชื่อในช่องเอง,1
SPEEDY BEE,MASTER 5 HD,2023,False,ชื่อในช่องเอง,1
SPEEDY BEE,MASTER 5 HD,2024,False,ชื่อในช่องเอง,2
SPEEDYBEE,BEE35-03-ELRS,2026,False,ชื่อในช่องเอง,1
SPEEDYBEE,F405,2025,False,ชื่อในช่องเอง,2
SPEEDYBEE,MARIO 5,2026,False,ชื่อในช่องเอง,1
SPEEDYBEE,MASTER 3X,2026,False,ชื่อในช่องเอง,2
SPEEDYBEE,MASTER 5 HD,2023,False,ชื่อในช่องเอง,1
SPEEDYBEE F4,MANTA 5SE,2025,False,ชื่อในช่องเอง,1
SRJC,F11S 4K PRO,2023,False,ชื่อในช่องเอง,1
ST ENGINEERING AEROSPACE,DRN-15L,2022,False,ชื่อในช่องเอง,2
ST ENGINEERING AEROSPACE,DRN-25,2025,False,ชื่อในช่องเอง,1
ST ENGINEERING AEROSPACE,DRN-40,2025,False,ชื่อในช่องเอง,2
STD,STD4117S,2020,False,รหัสที่ถอดไม่ได้,70
STD,STD4117S,2021,False,รหัสที่ถอดไม่ได้,227
STD,STD4117S,2022,False,รหัสที่ถอดไม่ได้,350
STD,STD4117S,2023,False,รหัสที่ถอดไม่ได้,187
STD,STD4117S,2024,False,รหัสที่ถอดไม่ได้,10
STD,STD4117S,2025,False,รหัสที่ถอดไม่ได้,93
STD,STD6117S,2020,False,รหัสที่ถอดไม่ได้,63
STD,STD6117S,2021,False,รหัสที่ถอดไม่ได้,137
STD,STD6117S,2022,False,รหัสที่ถอดไม่ได้,108
STD,STD6117S,2023,False,รหัสที่ถอดไม่ได้,12
STD,STD6117S,2025,False,รหัสที่ถอดไม่ได้,12
STD DRONE,STD4117S,2025,False,รหัสที่ถอดไม่ได้,1
STRAW HAT AERIAL,VULTURE,2024,False,ชื่อในช่องเอง,1
SUB250,CINEQUAD,2023,False,ชื่อในช่องเอง,1
SWELLPRO,FD1 FISHERMAN,2023,False,ชื่อในช่องเอง,10
SWELLPRO,FD1 PLUS,2025,False,ชื่อในช่องเอง,1
SWELLPRO,FD3 ADVANCED FISHERMAN,2024,False,ชื่อในช่องเอง,1
SWELLPRO,FD3 ADVANCED FISHERMAN,2025,False,ชื่อในช่องเอง,1
SWELLPRO,FD3 ADVANCED FISHERMAN,2026,False,ชื่อในช่องเอง,1
SWELLPRO,SPLASH DRONE 3,2019,False,ชื่อในช่องเอง,1
SWELLPRO,SPLASHDRONE 3+,2022,False,ชื่อในช่องเอง,1
SWELLPRO,SPLASHDRONE 4,2022,False,ชื่อในช่องเอง,12
SWELLPRO,SPLASHDRONE 4,2023,False,ชื่อในช่องเอง,11
SWELLPRO,SPLASHDRONE 4,2024,False,ชื่อในช่องเอง,3
SWELLPRO,SPLASHDRONE 4,2025,False,ชื่อในช่องเอง,11
SWELLPRO,SPLASHDRONE 4,2026,False,ชื่อในช่องเอง,6
SYMA,W3,2023,False,ชื่อในช่องเอง,1
SYMA,X500,2024,False,ชื่อในช่องเอง,1
SYMA,X5C,2017,False,ชื่อในช่องเอง,2
SYMA,X5HW,2017,False,ชื่อในช่องเอง,3
SYMA,X5SW,2017,False,ชื่อในช่องเอง,1
SYMA,X5SW,2018,False,ชื่อในช่องเอง,3
SYMA,X8 PRO,2017,False,ชื่อในช่องเอง,1
SYMA,X8 PRO,2022,False,ชื่อในช่องเอง,1
SYMA,X8C,2018,False,ชื่อในช่องเอง,1
SZ DJI,SPARK,2022,False,ชื่อในช่องเอง,1
SZ DJI TECHNOLOGY CO LTD,AIR 2S,2025,False,ชื่อในช่องเอง,1
TAROT,(ไม่ระบุ),2018,False,ว่าง,3
TAROT,270,2017,False,ชื่อในช่องเอง,1
TAROT,650,2018,False,ชื่อในช่องเอง,1
TAROT,650 SPORT,2017,False,ชื่อในช่องเอง,1
TAROT,680 PRO,2017,False,ชื่อในช่องเอง,3
TAROT,680 PRO,2018,False,ชื่อในช่องเอง,2
TAROT,S1100,2017,False,ชื่อในช่องเอง,1
TAROT,S500,2018,False,ชื่อในช่องเอง,1
TAROT,T810,2018,False,ชื่อในช่องเอง,2
TAROT,T960,2017,False,ชื่อในช่องเอง,2
TAROT,TAROT,2017,False,ชื่อในช่องเอง,1
TAROT,TAROT 330,2017,False,ชื่อในช่องเอง,1
TAROT,TL250A,2018,False,รหัสที่ถอดไม่ได้,1
TAROT,TL250H,2017,False,รหัสที่ถอดไม่ได้,2
TAROT,TL280H,2017,False,รหัสที่ถอดไม่ได้,1
TAROT,TL6X001,2017,False,รหัสที่ถอดไม่ได้,1
TAROT,X-700,2017,False,ชื่อในช่องเอง,1
TBS,TANGO 2 PRO,2024,False,ชื่อในช่องเอง,1
TBS TANGO II,TBS TANGO II,2024,False,ชื่อในช่องเอง,1
TEEROK,T12,2023,False,ชื่อในช่องเอง,1
TELLO,(ไม่ระบุ),2018,False,ว่าง,1
TELLO,TELLO,2019,False,ชื่อในช่องเอง,1
TELLO,TLW004,2019,False,รหัสที่ถอดไม่ได้,2
TELLO,TLW004,2020,False,รหัสที่ถอดไม่ได้,14
TELLO,TLW004,2021,False,รหัสที่ถอดไม่ได้,17
TELLO,TLW004,2022,False,รหัสที่ถอดไม่ได้,28
TELLO,TLW004,2023,False,รหัสที่ถอดไม่ได้,21
TELLO,TLW004,2024,False,รหัสที่ถอดไม่ได้,1
THE HELICOPTER GIRLS,BEAST X8,2022,False,ชื่อในช่องเอง,3
THE HELICOPTER GIRLS,FLO HYBRID X8,2022,False,ชื่อในช่องเอง,1
THE HELICOPTER GIRLS,X-AERIAL LIFTER X8 8,2022,False,ชื่อในช่องเอง,4
THE HELICOPTER GIRLS,X-AERIAL LIFTER X8 9,2022,False,ชื่อในช่องเอง,2
THE X FOLD,THE X6 (SN: F24-1-04C-01-001),2019,False,ชื่อในช่องเอง,1
THE X FOLD,THE X8 (SN: F311-01A-01-001),2019,False,ชื่อในช่องเอง,1
TIGERDRONE,TGD1X-MAX,2024,False,ชื่อในช่องเอง,23
TIGERDRONE,TGD1X-MAX,2025,False,ชื่อในช่องเอง,87
TIGERDRONE,TGD1X-MAX,2026,False,ชื่อในช่องเอง,3
TIGERDRONE,TGD2,2023,False,ชื่อในช่องเอง,5
TIGERDRONE,TGD2,2024,False,ชื่อในช่องเอง,7
TIGERDRONE,TGD25,2025,False,รหัสที่ถอดไม่ได้,7
TIGERDRONE,TGD25,2026,False,รหัสที่ถอดไม่ได้,3
TLS,TL-111,2021,False,ชื่อในช่องเอง,1
TOLADRONE,TD 12 PRO,2024,False,ชื่อในช่องเอง,1
TOP ENGINEERING,PIGEON-C 200E,2020,False,ชื่อในช่องเอง,1
TOYOTA,UAVT0000003,2023,False,ชื่อในช่องเอง,2
TOYS-SKY,CSJ-X7,2020,False,ชื่อในช่องเอง,1
TOYSKY,GM193E,2024,False,รหัสที่ถอดไม่ได้,1
TRACKER,JXD 523,2018,False,ชื่อในช่องเอง,1
TRIMBLE,UX5 HP,2017,False,ชื่อในช่องเอง,2
TRIMBLE,UX5 HP,2018,False,ชื่อในช่องเอง,1
TRIMBLE,UX5 WING,2017,False,ชื่อในช่องเอง,1
TSRC,Q8,2024,False,ชื่อในช่องเอง,1
TXA,TXA-610,2018,False,ชื่อในช่องเอง,6
TXA,TXA-610,2019,False,ชื่อในช่องเอง,2
TYH HEXACOPTER DRONE,BR 6810,2017,False,ชื่อในช่องเอง,1
TYI,TYI6-15L,2019,False,ชื่อในช่องเอง,2
TYI,TYI6-15L,2020,False,ชื่อในช่องเอง,2
TYI,TYI8-10L,2020,False,ชื่อในช่องเอง,1
TYI,TYI8-16L,2019,False,ชื่อในช่องเอง,2
TYI,TYI8-16L,2020,False,ชื่อในช่องเอง,2
TYI,TYI8-16L,2021,False,ชื่อในช่องเอง,6
TYI,TYI8-16L,2022,False,ชื่อในช่องเอง,15
TYI,TYI8-16L,2023,False,ชื่อในช่องเอง,5
TYPHOON,H,2021,False,ชื่อในช่องเอง,1
UDI R/C,U842,2017,False,ชื่อในช่องเอง,1
UPAIR,UPAIRONE,2019,False,ชื่อในช่องเอง,1
VCI,DOVE,2024,False,ชื่อในช่องเอง,1
VEFLY AUTOMATION,BLACK HORNET AHS1,2019,False,ชื่อในช่องเอง,2
VELOS ROTORS,VELOS V3,2024,False,ชื่อในช่องเอง,2
VELOX,FPV,2023,False,ชื่อในช่องเอง,1
VERTICAL TECHNOLOGIES,DELTAQUAD PRO,2021,False,ชื่อในช่องเอง,1
VERTICAL TECHNOLOGIES,DELTAQUAD PRO,2024,False,ชื่อในช่องเอง,1
VERTICAL TECHNOLOGIES,DELTAQUAD PRO #VIEW,2020,False,ชื่อในช่องเอง,1
VERTICAL TECHNOLOGIES,DELTAQUAD PRO #VIEW,2024,False,ชื่อในช่องเอง,1
VIDEODRONE,X4S,2020,False,ชื่อในช่องเอง,2
VIDEODRONE,X4S,2021,False,ชื่อในช่องเอง,2
VISUO,SG-700,2019,False,ชื่อในช่องเอง,1
VISUO,XS809HW,2017,False,รหัสที่ถอดไม่ได้,1
VOLIRO,VOLIRO T,2022,False,ชื่อในช่องเอง,1
VTI,FVP DUO,2024,False,ชื่อในช่องเอง,1
VTI,PHOENIX 2.0,2024,False,ชื่อในช่องเอง,1
WAKERA,SCOUT X4,2018,False,ชื่อในช่องเอง,1
WALKERA,FURIOUS-320,2017,False,ชื่อในช่องเอง,1
WALKERA,QR Y100,2017,False,ชื่อในช่องเอง,2
WALKERA,QR-350PRO,2020,False,ชื่อในช่องเอง,3
WALKERA,SCOUT X4,2017,False,ชื่อในช่องเอง,1
WALKERA,SCOUT X4,2018,False,ชื่อในช่องเอง,1
WALKERA,VITUS 320,2017,False,ชื่อในช่องเอง,1
WINGS WORLD WIDE,TAPEE 02,2025,False,ชื่อในช่องเอง,1
WINGS WORLD WIDE,U-WING1,2025,False,ชื่อในช่องเอง,1
WINGSLAND,M5,2018,False,ชื่อในช่องเอง,1
WINGSLAND,WINGSLAND S6,2017,False,ชื่อในช่องเอง,1
WINGSLAND S6,S6,2017,False,ชื่อในช่องเอง,1
WINGTRA,WINGTRAONE,2019,False,ชื่อในช่องเอง,1
WINGTRA,WINGTRAONE,2021,False,ชื่อในช่องเอง,1
WINGTRA,WINGTRAONE GEN II,2022,False,ชื่อในช่องเอง,4
WINGTRA,WINGTRAONE GEN II,2023,False,ชื่อในช่องเอง,2
WINGTRA,WINGTRAONE GEN II,2024,False,ชื่อในช่องเอง,1
WINGTRA,WINGTRAONE GEN II,2026,False,ชื่อในช่องเอง,1
WINGTRA,WINGTRAONE GEN II /TARANIS X9D PLUS(REMOTE),2026,False,ชื่อในช่องเอง,1
WINGTRA,WINGTRAONE GEN LL,2024,False,ชื่อในช่องเอง,1
WINGTRA,WINGTRAONEGEN II /TARANIS X9D PLUS (REMOTE),2022,False,ชื่อในช่องเอง,4
WINGTRAONE,WINGTRAONE,2019,False,ชื่อในช่องเอง,1
WISDOM,HC629,2017,False,รหัสที่ถอดไม่ได้,3
WL TOY,(ไม่ระบุ),2018,False,ว่าง,1
WL TOY,Q303,2017,False,ชื่อในช่องเอง,2
WL TOY,Q323,2017,False,ชื่อในช่องเอง,1
WL TOY,Q333-A,2017,False,ชื่อในช่องเอง,1
WL TOY,Q696E,2017,False,ชื่อในช่องเอง,1
WL TOY,X380,2017,False,ชื่อในช่องเอง,1
WL TOYS,Q303,2017,False,ชื่อในช่องเอง,1
WL TOYS,Q303,2018,False,ชื่อในช่องเอง,1
WL TOYS,Q323,2017,False,ชื่อในช่องเอง,2
WL TOYS,Q323E,2017,False,ชื่อในช่องเอง,1
WL TOYS,Q333,2017,False,ชื่อในช่องเอง,2
WL TOYS,Q333,2018,False,ชื่อในช่องเอง,1
WL TOYS,Q696,2017,False,ชื่อในช่องเอง,4
WL TOYS,Q696,2018,False,ชื่อในช่องเอง,2
WLQ 696 E,696 E,2017,False,ชื่อในช่องเอง,1
WLTOYS,Q303,2017,False,ชื่อในช่องเอง,2
XAG,3WWDZ-15.2AT,2023,False,รหัสที่ถอดไม่ได้,11
XAG,3WWDZ-15.2AT,2024,False,รหัสที่ถอดไม่ได้,9
XAG,3WWDZ-15.2AT,2025,False,รหัสที่ถอดไม่ได้,1
XAG,3WWDZ-15.2AT,2026,False,รหัสที่ถอดไม่ได้,1
XAG,3WWDZ-30A,2025,False,รหัสที่ถอดไม่ได้,2
XAG,3WWDZ-30AT,2025,False,รหัสที่ถอดไม่ได้,121
XAG,3WWDZ-30AT,2026,False,รหัสที่ถอดไม่ได้,21
XAG,3WWDZ-60A,2025,False,รหัสที่ถอดไม่ได้,2
XAG,3WWDZ-60AT,2025,False,รหัสที่ถอดไม่ได้,1
XAG,3WWDZ-U80AT,2026,False,รหัสที่ถอดไม่ได้,2
XAG,P100,2023,False,ชื่อในช่องเอง,29
XAG,P100,2024,False,ชื่อในช่องเอง,74
XAG,P100,2025,False,ชื่อในช่องเอง,32
XAG,P100,2026,False,ชื่อในช่องเอง,2
XAG,P100 PRO,2024,False,ชื่อในช่องเอง,44
XAG,P100 PRO,2024,False,ถอดจากรหัส,61
XAG,P100 PRO,2025,False,ชื่อในช่องเอง,11
XAG,P100 PRO,2025,False,ถอดจากรหัส,69
XAG,P100 PRO,2026,False,ชื่อในช่องเอง,6
XAG,P100 PRO,2026,False,ถอดจากรหัส,23
XAG,P30,2022,False,ชื่อในช่องเอง,1
XAIRCRAFT,P20,2018,False,ชื่อในช่องเอง,2
XER,X8,2024,False,ชื่อในช่องเอง,1
XIAOMI,(ไม่ระบุ),2018,False,ว่าง,1
XIAOMI,FIMI A3,2019,False,ชื่อในช่องเอง,1
XIAOMI,FIMI MINI 3,2025,False,ชื่อในช่องเอง,1
XIAOMI,FIMI X8 MINI,2022,False,ชื่อในช่องเอง,1
XIAOMI,FIMI X8 SE,2017,False,ชื่อในช่องเอง,9
XIAOMI,FIMI X8 SE,2018,False,ชื่อในช่องเอง,8
XIAOMI,FIMI X8 SE,2019,False,ชื่อในช่องเอง,16
XIAOMI,FIMI X8 SE,2020,False,ชื่อในช่องเอง,4
XIAOMI,FIMI X8 SE,2021,False,ชื่อในช่องเอง,1
XIAOMI,FIMI X8 SE,2024,False,ชื่อในช่องเอง,2
XIAOMI,FIMI X8 SE,2026,False,ชื่อในช่องเอง,1
XIAOMI,FIMI X8 SE 2022,2024,False,ชื่อในช่องเอง,5
XIAOMI,FIMI X8 SE 2022,2025,False,ชื่อในช่องเอง,1
XIAOMI,MI DRONE,2017,False,ชื่อในช่องเอง,24
XIAOMI,MI DRONE,2018,False,ชื่อในช่องเอง,13
XIAOMI,MI DRONE,2019,False,ชื่อในช่องเอง,3
XIAOMI,MI DRONE 1080P,2021,False,ชื่อในช่องเอง,1
XIAOMI,MI DRONE 4K,2017,False,ชื่อในช่องเอง,1
XIAOMI,MI DRONE 4K,2018,False,ชื่อในช่องเอง,1
XIAOMI FIMI,X8 SE / FMWRJ02A5,2023,False,ชื่อในช่องเอง,1
XIN KAI YANG,KY901,2017,False,รหัสที่ถอดไม่ได้,1
XIRO,EXPLORER MINI,2023,False,ชื่อในช่องเอง,1
XIRO,EXPLORER V,2017,False,ชื่อในช่องเอง,1
XIRO,EXPLOVER V,2017,False,ชื่อในช่องเอง,1
XIRO,XPIOVER V,2017,False,ชื่อในช่องเอง,1
XIRO,XPLOER MINI,2020,False,ชื่อในช่องเอง,1
XIRO,XPLORER,2017,False,ชื่อในช่องเอง,2
XIRO,XPLORER 4 K,2017,False,ชื่อในช่องเอง,1
XIRO,XPLORER 4K,2017,False,ชื่อในช่องเอง,1
XIRO,XPLORER 4K,2018,False,ชื่อในช่องเอง,4
XIRO,XPLORER G,2017,False,ชื่อในช่องเอง,1
XIRO,XPLORER UA3500,2018,False,ชื่อในช่องเอง,1
XIRO,XPLORER V,2017,False,ชื่อในช่องเอง,46
XIRO,XPLORER V,2018,False,ชื่อในช่องเอง,19
XIRO,XPLORER V,2019,False,ชื่อในช่องเอง,2
XIRO,XPLORER V,2025,False,ชื่อในช่องเอง,1
XK DETECT,(ไม่ระบุ),2017,False,ว่าง,1
XK DETECT,(ไม่ระบุ),2018,False,ว่าง,1
XK DETECT,X380,2017,False,ชื่อในช่องเอง,1
XK-INNOVATION,X300,2017,False,ชื่อในช่องเอง,1
XK-INOVATION,X300,2017,False,ชื่อในช่องเอง,7
XK-INOVATION,X300,2018,False,ชื่อในช่องเอง,1
XM2,SIERRA,2019,False,ชื่อในช่องเอง,2
XM2,TANGO,2019,False,ชื่อในช่องเอง,2
YAMAHA UNMANNED HELICOPTER,FAZER R AP,2024,False,ชื่อในช่องเอง,1
YLR/C,MX MODEL MIRAGE,2023,False,ชื่อในช่องเอง,1
YUNEEC,(ไม่ระบุ),2018,False,ว่าง,1
YUNEEC,BREEZE 4K,2017,False,ชื่อในช่องเอง,1
YUNEEC,BREEZE 4K,2019,False,ชื่อในช่องเอง,1
YUNEEC,H520,2017,False,ชื่อในช่องเอง,1
YUNEEC,H850,2024,False,ชื่อในช่องเอง,1
YUNEEC,MANTIS Q,2019,False,ชื่อในช่องเอง,1
YUNEEC,MANTIS Q,2024,False,ชื่อในช่องเอง,1
YUNEEC,MANTIS Q,2025,False,ชื่อในช่องเอง,1
YUNEEC,TYPHOON,2019,False,ชื่อในช่องเอง,1
YUNEEC,TYPHOON BREEZE 4K,2018,False,ชื่อในช่องเอง,1
YUNEEC,TYPHOON G,2018,False,ชื่อในช่องเอง,1
YUNEEC,TYPHOON H,2017,False,ชื่อในช่องเอง,19
YUNEEC,TYPHOON H,2018,False,ชื่อในช่องเอง,7
YUNEEC,TYPHOON H,2019,False,ชื่อในช่องเอง,1
YUNEEC,TYPHOON H ADVANCE,2017,False,ชื่อในช่องเอง,2
YUNEEC,TYPHOON H ADVANCE,2018,False,ชื่อในช่องเอง,1
YUNEEC,TYPHOON H PLUS,2017,False,ชื่อในช่องเอง,6
YUNEEC,TYPHOON H PLUS,2018,False,ชื่อในช่องเอง,1
YUNEEC,TYPHOON H PROFESSIONAL,2017,False,ชื่อในช่องเอง,4
YUNEEC,TYPHOON H PROFESSIONAL,2018,False,ชื่อในช่องเอง,1
YUNEEC,TYPHOON Q500,2018,False,ชื่อในช่องเอง,1
YUNEEC,TYPHOON Q500 4K,2017,False,ชื่อในช่องเอง,16
YUNEEC,TYPHOON Q500 4K,2018,False,ชื่อในช่องเอง,2
YUNEEC,YUNMQEU,2019,False,ชื่อในช่องเอง,1
YUREN,3WDM8-20,2019,False,ชื่อในช่องเอง,1
ZERO ZERO ROBOTICS,HOVER AIR X1,2023,False,ชื่อในช่องเอง,1
ZERO ZERO ROBOTICS,HOVER AIR X1,2024,False,ชื่อในช่องเอง,6
ZERO ZERO ROBOTICS,HOVERAIR X1,2024,False,ชื่อในช่องเอง,4
ZERO ZERO ROBOTICS,HOVERAIR X1 PRO,2024,False,ชื่อในช่องเอง,2
ZERO ZERO ROBOTICS,HOVERAIR X1 PRO,2026,False,ชื่อในช่องเอง,1
ZERO ZERO ROBOTICS,HOVERAIR X1 PROMAX,2024,False,ชื่อในช่องเอง,1
ZERO ZERO ROBOTICS,ZZ-H-1-001,2024,False,ชื่อในช่องเอง,1
ZEROTECH,DOBBY,2017,False,ชื่อในช่องเอง,6
ZEROTECH,DOBBY,2018,False,ชื่อในช่องเอง,4
ZEROTECH,DOBBY,2019,False,ชื่อในช่องเอง,2
ZEROZERO ROBOTICS,HOVERAIR X1,2025,False,ชื่อในช่องเอง,2
ZEROZERO ROBOTICS,HOVERAIR X1,2026,False,ชื่อในช่องเอง,2
ZHONGKE,D16 / PA D16,2022,False,ชื่อในช่องเอง,40
ZHONGKE,D25 / PA DA25,2022,False,ชื่อในช่องเอง,53
ZIRC,SG906PRO 3 MAX,2021,False,ชื่อในช่องเอง,1
ZLL,KUN SG908 MAX,2022,False,ชื่อในช่องเอง,1
ZLL,SG 907 MAX,2024,False,ชื่อในช่องเอง,1
ZLL,SG 909,2025,False,ชื่อในช่องเอง,1
ZLL,SG-909,2025,False,ชื่อในช่องเอง,1
ZLL,SG906 MAX2,2022,False,ชื่อในช่องเอง,1
ZLL,SG906 PRO MAX,2023,False,ชื่อในช่องเอง,2
ZLL,SG906MAXPRO,2022,False,ชื่อในช่องเอง,1
ZLL,SG908 MAX,2022,False,ชื่อในช่องเอง,1
ZLL,SG908 MAX,2023,False,ชื่อในช่องเอง,1
ZLL,SG908 MAX,2024,False,ชื่อในช่องเอง,1
ZLL,SG908 MAX,2025,False,ชื่อในช่องเอง,1
ZLL FIRST QUDCOPTER,SG 906 MAX,2023,False,ชื่อในช่องเอง,1
ZLRC BEAST,SG906 PRO,2021,False,ชื่อในช่องเอง,1
ประกอบเอง,(ไม่ระบุ),2017,False,ว่าง,109
ประกอบเอง,(ไม่ระบุ),2018,False,ว่าง,127
ประกอบเอง,(ไม่ระบุ),2019,False,ว่าง,4
ประกอบเอง,220,2017,False,ชื่อในช่องเอง,1
ประกอบเอง,5800 EVO,2017,False,ชื่อในช่องเอง,1
ประกอบเอง,650 SPORT,2017,False,ชื่อในช่องเอง,1
ประกอบเอง,ALOGN,2017,False,ชื่อในช่องเอง,1
ประกอบเอง,BA5L,2019,False,รหัสที่ถอดไม่ได้,1
ประกอบเอง,CG 035,2017,False,ชื่อในช่องเอง,1
ประกอบเอง,CG035,2017,False,รหัสที่ถอดไม่ได้,2
ประกอบเอง,DF01,2017,False,รหัสที่ถอดไม่ได้,1
ประกอบเอง,DRAGONFLY,2017,False,ชื่อในช่องเอง,1
ประกอบเอง,DRAGONFLY 3,2017,False,ชื่อในช่องเอง,1
ประกอบเอง,DREAM FLY,2017,False,ชื่อในช่องเอง,1
ประกอบเอง,EAGLE BRATHER,2017,False,ชื่อในช่องเอง,1
ประกอบเอง,EMAX250 PRO,2017,False,ชื่อในช่องเอง,1
ประกอบเอง,F330,2018,False,ชื่อในช่องเอง,1
ประกอบเอง,F450,2017,False,ชื่อในช่องเอง,1
ประกอบเอง,F450,2018,False,ชื่อในช่องเอง,1
ประกอบเอง,FACON 210,2017,False,ชื่อในช่องเอง,1
ประกอบเอง,FIX WING,2017,False,ชื่อในช่องเอง,3
ประกอบเอง,FY450,2017,False,รหัสที่ถอดไม่ได้,1
ประกอบเอง,GER 210,2017,False,ชื่อในช่องเอง,1
ประกอบเอง,GERX210,2017,False,ชื่อในช่องเอง,1
ประกอบเอง,GRIM REAPER,2017,False,ชื่อในช่องเอง,1
ประกอบเอง,HC 628,2018,False,ชื่อในช่องเอง,1
ประกอบเอง,HOBBYKING,2017,False,ชื่อในช่องเอง,2
ประกอบเอง,JY018,2018,False,รหัสที่ถอดไม่ได้,1
ประกอบเอง,M410,2018,False,ชื่อในช่องเอง,1
ประกอบเอง,M410,2019,False,ชื่อในช่องเอง,2
ประกอบเอง,MATRICE 600,2017,False,ชื่อในช่องเอง,1
ประกอบเอง,MAVIC 2 PRO,2019,False,ชื่อในช่องเอง,1
ประกอบเอง,MAVIC AIR,2019,False,ชื่อในช่องเอง,2
ประกอบเอง,MG-1,2019,False,ชื่อในช่องเอง,1
ประกอบเอง,MICRO RACING DRONE,2017,False,ชื่อในช่องเอง,1
ประกอบเอง,MR25,2018,False,รหัสที่ถอดไม่ได้,1
ประกอบเอง,NAN,2017,False,ชื่อในช่องเอง,5
ประกอบเอง,NAZA 450,2017,False,ชื่อในช่องเอง,1
ประกอบเอง,QAV-X210,2017,False,ชื่อในช่องเอง,2
ประกอบเอง,QAVX210,2017,False,ชื่อในช่องเอง,1
ประกอบเอง,RC136,2018,False,ชื่อในช่องเอง,1
ประกอบเอง,RD210,2017,False,รหัสที่ถอดไม่ได้,2
ประกอบเอง,S1000,2017,False,ชื่อในช่องเอง,1
ประกอบเอง,S500,2018,False,ชื่อในช่องเอง,1
ประกอบเอง,S70W,2018,False,ชื่อในช่องเอง,1
ประกอบเอง,SPREADING WINGS S1000,2017,False,ชื่อในช่องเอง,1
ประกอบเอง,TBS DISCOVERY,2017,False,ชื่อในช่องเอง,1
ประกอบเอง,THOR 210,2017,False,ชื่อในช่องเอง,1
ประกอบเอง,TRP 230,2017,False,ชื่อในช่องเอง,1
ประกอบเอง,TRP230,2017,False,รหัสที่ถอดไม่ได้,1
ประกอบเอง,TYPHOON 14,2017,False,ชื่อในช่องเอง,1
ประกอบเอง,V666,2017,False,ชื่อในช่องเอง,1
ประกอบเอง,VX210,2017,False,รหัสที่ถอดไม่ได้,1
ประกอบเอง,WALKERA RODEO150,2017,False,ชื่อในช่องเอง,1
ประกอบเอง,X4,2017,False,ชื่อในช่องเอง,1
ประกอบเอง,X6,2017,False,ชื่อในช่องเอง,1
ประกอบเอง,X8 PRO,2017,False,ชื่อในช่องเอง,1
ประกอบเอง,XNOVA HYPER,2017,False,ชื่อในช่องเอง,1
ประกอบเอง,ประกอบเอง,2017,False,ชื่อในช่องเอง,1
ประกอบเอง,ประกอบเอง,2022,False,ชื่อในช่องเอง,1
ประกอบเอง,ไม่ระบุ,2017,False,ชื่อในช่องเอง,1
เครื่องประกอบ DC210,ไม่ะบุ,2017,False,ชื่อในช่องเอง,1
เครื่องประกอบ IMPULSE RC ALIEN 5,ไม่ะบุ,2017,False,ชื่อในช่องเอง,1
เครื่องประกอบ IX5 RACER,ไม่ะบุ,2017,False,ชื่อในช่องเอง,1
เครื่องประกอบเอง,(ไม่ระบุ),2017,False,ว่าง,6
เครื่องประกอบเอง,S500,2017,False,ชื่อในช่องเอง,1
เครื่องประกอบเอง,S550,2017,False,ชื่อในช่องเอง,1
เจ้าเอี้ยง,A410-02A,2024,False,ชื่อในช่องเอง,24
เจ้าเอี้ยง,A410-02A,2025,False,ชื่อในช่องเอง,2
เจ้าเอี้ยง,A410-02A,2026,False,ชื่อในช่องเอง,2
เจ้าเอี้ยง,A616-02A,2022,False,ชื่อในช่องเอง,25
เจ้าเอี้ยง,A616-02A,2023,False,ชื่อในช่องเอง,38
เจ้าเอี้ยง,A616-02A,2024,False,ชื่อในช่องเอง,56
เจ้าเอี้ยง,A616-02A,2025,False,ชื่อในช่องเอง,2
เจ้าเอี้ยง,A616-02A,2026,False,ชื่อในช่องเอง,4
เจ้าเอี้ยง,A630-02A,2023,False,ชื่อในช่องเอง,5
เจ้าเอี้ยง,A630-02A,2024,False,ชื่อในช่องเอง,5
เจ้าเอี้ยง,A630-02A,2025,False,ชื่อในช่องเอง,13
เจ้าเอี้ยง,A630-02A,2026,False,ชื่อในช่องเอง,2
เจ้าเอี้ยง,NB-1A,2022,False,ชื่อในช่องเอง,2
เจ้าเอี้ยง,NB-1A,2026,False,ชื่อในช่องเอง,1
เจ้าเอี้ยง,NB-1B,2021,False,ชื่อในช่องเอง,8
เจ้าเอี้ยง,NB-1B,2022,False,ชื่อในช่องเอง,14
เจ้าเอี้ยง,NB-1B,2023,False,ชื่อในช่องเอง,8
เจ้าเอี้ยง,NB-1B,2026,False,ชื่อในช่องเอง,4
ไม่ระบุยี่ห้อ,(ไม่ระบุ),2017,False,ว่าง,1
ไม่ระบุยี่ห้อ,X-21,2017,False,ชื่อในช่องเอง,1
ไม่ระบุยี่ห้อ,ไม่ระบุรุ่น,2017,False,ชื่อในช่องเอง,1
ไม่ระบุยี่ห้อ,ไม่ระบุรุ่น,2018,False,ชื่อในช่องเอง,1
