brand,model_final,class,group,units,reason,resolved_via,sample_raw
EHANG,GMS-300-TH,ทั่วไป,จดเป็นฝูง (ประมาณไม่ได้),2412,รู้รุ่นแล้ว แต่ยังไม่มีหลักฐานราคา,ชื่อในช่องเอง,GMS-300-TH
CROSS STARS,CROSS STARS 3,ทั่วไป,จดเป็นฝูง (ประมาณไม่ได้),1200,รู้รุ่นแล้ว แต่ยังไม่มีหลักฐานราคา,ชื่อในช่องเอง,CROSS STARS 3
DAMODA,DMD-M400W-V3,ทั่วไป,จดเป็นฝูง (ประมาณไม่ได้),1032,รู้รุ่นแล้ว แต่ยังไม่มีหลักฐานราคา,ชื่อในช่องเอง,DMD-M400W-V3
DAMODA,DMD-M400W-V4,ทั่วไป,จดเป็นฝูง (ประมาณไม่ได้),950,รู้รุ่นแล้ว แต่ยังไม่มีหลักฐานราคา,ชื่อในช่องเอง,DMD-M400W-V4
STD,STD4117S,เกษตร,เกษตร-ไม่ใช่ DJI,937,ยังไม่รู้ว่าเป็นรุ่นอะไร — ช่องรุ่นเป็นรหัสที่ยังถอดไม่ได้,รหัสที่ถอดไม่ได้,STD4117S
DJI,PHANTOM 3 PRO,ทั่วไป,ทั่วไป,699,รู้รุ่นแล้ว แต่ยังไม่มีหลักฐานราคา,ชื่อในช่องเอง,PHANTOM 3 PROFESSIONAL
DJI,MAVIC PRO PLATINUM,ทั่วไป,ทั่วไป,640,รู้รุ่นแล้ว แต่ยังไม่มีหลักฐานราคา,ชื่อในช่องเอง,M1X
NAC DRONE,EASY,เกษตร,เกษตร-ไม่ใช่ DJI,555,รู้รุ่นแล้ว แต่ยังไม่มีหลักฐานราคา,ชื่อในช่องเอง,EASY
EMO,HG-B03,ทั่วไป,จดเป็นฝูง (ประมาณไม่ได้),550,รู้รุ่นแล้ว แต่ยังไม่มีหลักฐานราคา,ชื่อในช่องเอง,HG-B03
NAC DRONE,NT10,เกษตร,เกษตร-ไม่ใช่ DJI,516,ยังไม่รู้ว่าเป็นรุ่นอะไร — ช่องรุ่นเป็นรหัสที่ยังถอดไม่ได้,รหัสที่ถอดไม่ได้,NT10
DJI,PHANTOM 3 ADV,ทั่วไป,ทั่วไป,462,รู้รุ่นแล้ว แต่ยังไม่มีหลักฐานราคา,ชื่อในช่องเอง,PHANTOM 3 ADVANCED
NAC DRONE,EASY2,เกษตร,เกษตร-ไม่ใช่ DJI,400,รู้รุ่นแล้ว แต่ยังไม่มีหลักฐานราคา,ชื่อในช่องเอง,EASY2
HUBSAN,ZINO,ทั่วไป,ทั่วไป,355,รู้รุ่นแล้ว แต่ยังไม่มีหลักฐานราคา,ชื่อในช่องเอง,ZINO ;; ZINO(H117S)+HT016 ;; ZINO(H117S)+HT016 PORTABLE VERSION
POLADRONE,MIST MAX,เกษตร,เกษตร-ไม่ใช่ DJI,351,รู้รุ่นแล้ว แต่ยังไม่มีหลักฐานราคา,ชื่อในช่องเอง,MIST MAX
BUG AWAY,BA10L,เกษตร,เกษตร-ไม่ใช่ DJI,349,ยังไม่รู้ว่าเป็นรุ่นอะไร — ช่องรุ่นเป็นรหัสที่ยังถอดไม่ได้,รหัสที่ถอดไม่ได้,BA10L
DJI,PHANTOM 4 PRO V2.0,ทั่วไป,ทั่วไป,347,รู้รุ่นแล้ว แต่ยังไม่มีหลักฐานราคา,ถอดจากรหัส,WM331S ;; WM331S / PHANTOM 4 PRO V2.0 ;; PHANTOM 4 PRO V2.0
STD,STD6117S,เกษตร,เกษตร-ไม่ใช่ DJI,332,ยังไม่รู้ว่าเป็นรุ่นอะไร — ช่องรุ่นเป็นรหัสที่ยังถอดไม่ได้,รหัสที่ถอดไม่ได้,STD6117S
GEOSCAN,SALUTE,ทั่วไป,จดเป็นฝูง (ประมาณไม่ได้),280,รู้รุ่นแล้ว แต่ยังไม่มีหลักฐานราคา,ชื่อในช่องเอง,SALUTE
ประกอบเอง,(ไม่ระบุ),ทั่วไป,ทั่วไป,240,ยังไม่รู้ว่าเป็นรุ่นอะไร — ช่องรุ่นว่าง,ว่าง,-
FN-CONCEPT,ULTRA-X,เกษตร,เกษตร-ไม่ใช่ DJI,231,รู้รุ่นแล้ว แต่ยังไม่มีหลักฐานราคา,ชื่อในช่องเอง,ULTRA-X
XAG,P100 PRO,เกษตร,เกษตร-ไม่ใช่ DJI,214,รู้รุ่นแล้ว แต่ยังไม่มีหลักฐานราคา,ถอดจากรหัส,3WWDZ-50AT ;; P100 PRO (3WWDZ-50AT)
HG ROBOTICS,TGD1X-MAX,เกษตร,เกษตร-ไม่ใช่ DJI,192,รู้รุ่นแล้ว แต่ยังไม่มีหลักฐานราคา,ชื่อในช่องเอง,TGD1X-MAX
DJI,DGP14C,ทั่วไป,ทั่วไป,188,ยังไม่รู้ว่าเป็นรุ่นอะไร — ช่องรุ่นเป็นรหัสที่ยังถอดไม่ได้,รหัสที่ถอดไม่ได้,DJI LITO X1 FLY MORE COMBO (DJI RC 2) [DGP14C (AIRCRAFT) / RC331 (REMOTE CONTROLLER)] ;; DJI LITO X1 FLY MORE COMBO (DJI RC2) [DGP14C(AIRCRAFT)/RC331(REMOTE CONTROLLER)] ;; DJI LITO X1 FLY MORE COMBO (DJI RC-N3) [DGP14C (AIRCRAFT)/RC151 (REMOTE CONTROLLER)]
AUTEL ROBOTICS,EVO II DUAL 640T ENTERPRISE V3,ทั่วไป,ทั่วไป,185,รู้รุ่นแล้ว แต่ยังไม่มีหลักฐานราคา,ชื่อในช่องเอง,EVO II DUAL 640T ENTERPRISE V3
HG ROBOTICS,TGD1XV,เกษตร,เกษตร-ไม่ใช่ DJI,176,ยังไม่รู้ว่าเป็นรุ่นอะไร — ช่องรุ่นเป็นรหัสที่ยังถอดไม่ได้,รหัสที่ถอดไม่ได้,TGD1XV
DJI,DGN12C,ทั่วไป,ทั่วไป,173,ยังไม่รู้ว่าเป็นรุ่นอะไร — ช่องรุ่นเป็นรหัสที่ยังถอดไม่ได้,รหัสที่ถอดไม่ได้,DJI LITO 1 FLY MORE COMBO (DJI RC -N3) [DGN12C (AIRCRAFT)/RC151 (REMOTE CONTROLLER)] ;; DJI LITO 1 FLY MORE COMBO (DJI RC-N3) [DGN12C(AIRCRAFT)/RC151(REMOTE CONTROL)] ;; DJI LITO 1 [DGN12C (AIRCRAFT)/RC151 (REMOTE CONTROLLER)]
DJI,MAVIC 3 CINE,ทั่วไป,ทั่วไป,172,รู้รุ่นแล้ว แต่ยังไม่มีหลักฐานราคา,ชื่อในช่องเอง,L2P
DJI,INSPIRE 1,ทั่วไป,ทั่วไป,168,รู้รุ่นแล้ว แต่ยังไม่มีหลักฐานราคา,ชื่อในช่องเอง,INSPIRE 1
HUBSAN,ZINO PRO+,ทั่วไป,ทั่วไป,159,รู้รุ่นแล้ว แต่ยังไม่มีหลักฐานราคา,ชื่อในช่องเอง,ZINO PRO+
AUTEL ROBOTICS,EVO II PRO,ทั่วไป,ทั่วไป,159,รู้รุ่นแล้ว แต่ยังไม่มีหลักฐานราคา,ชื่อในช่องเอง,EVO II PRO
HUBSAN,ZINO MINI PRO,ทั่วไป,ทั่วไป,152,รู้รุ่นแล้ว แต่ยังไม่มีหลักฐานราคา,ชื่อในช่องเอง,"ZINO MINI PRO ;; ZINO MINI PRO (DRONE) , HT018F (REMOTE)"
DRONE THAI,DT410,เกษตร,เกษตร-ไม่ใช่ DJI,151,ยังไม่รู้ว่าเป็นรุ่นอะไร — ช่องรุ่นเป็นรหัสที่ยังถอดไม่ได้,รหัสที่ถอดไม่ได้,DT410
XAG,3WWDZ-30AT,เกษตร,เกษตร-ไม่ใช่ DJI,142,ยังไม่รู้ว่าเป็นรุ่นอะไร — ช่องรุ่นเป็นรหัสที่ยังถอดไม่ได้,รหัสที่ถอดไม่ได้,3WWDZ-30AT
DJI,PHANTOM 2,ทั่วไป,ทั่วไป,140,รู้รุ่นแล้ว แต่ยังไม่มีหลักฐานราคา,ชื่อในช่องเอง,PHANTOM 2
XAG,P100,เกษตร,เกษตร-ไม่ใช่ DJI,137,รู้รุ่นแล้ว แต่ยังไม่มีหลักฐานราคา,ชื่อในช่องเอง,P100 (3WWDZ-40AT) ;; P100(3WWDZ-40AT)
BUG AWAY,BA15L,เกษตร,เกษตร-ไม่ใช่ DJI,134,ยังไม่รู้ว่าเป็นรุ่นอะไร — ช่องรุ่นเป็นรหัสที่ยังถอดไม่ได้,รหัสที่ถอดไม่ได้,BA15L
HUBSAN,ZINO PRO,ทั่วไป,ทั่วไป,131,รู้รุ่นแล้ว แต่ยังไม่มีหลักฐานราคา,ชื่อในช่องเอง,ZINO PRO
เจ้าเอี้ยง,A616-02A,เกษตร,เกษตร-ไม่ใช่ DJI,125,รู้รุ่นแล้ว แต่ยังไม่มีหลักฐานราคา,ชื่อในช่องเอง,A616-02A
DJI,INSPIRE 2,ทั่วไป,ทั่วไป,124,รู้รุ่นแล้ว แต่ยังไม่มีหลักฐานราคา,ชื่อในช่องเอง,INSPIRE 2 ;; INSPIRE 2/ T650A ;; INSPIRE 2 / T650A
MAKER DRONE,MD620,เกษตร,เกษตร-ไม่ใช่ DJI,124,ยังไม่รู้ว่าเป็นรุ่นอะไร — ช่องรุ่นเป็นรหัสที่ยังถอดไม่ได้,รหัสที่ถอดไม่ได้,MD620
HOVERAIR,X1 PRO MAX,ทั่วไป,ทั่วไป,122,รู้รุ่นแล้ว แต่ยังไม่มีหลักฐานราคา,ชื่อในช่องเอง,X1 PRO MAX (MODEL ZZ-H-1-004)
DJI,MATRICE 300 RTK,ทั่วไป,ทั่วไป,117,รู้รุ่นแล้ว แต่ยังไม่มีหลักฐานราคา,ชื่อในช่องเอง,MATRICE 300 RTK ;; M300 / MATRICE 300 RTK ;; M300 (MATRICE 300 RTK)
TIGERDRONE,TGD1X-MAX,เกษตร,เกษตร-ไม่ใช่ DJI,113,รู้รุ่นแล้ว แต่ยังไม่มีหลักฐานราคา,ชื่อในช่องเอง,TGD1X-MAX
DRONE THAI,DT416,เกษตร,เกษตร-ไม่ใช่ DJI,112,ยังไม่รู้ว่าเป็นรุ่นอะไร — ช่องรุ่นเป็นรหัสที่ยังถอดไม่ได้,รหัสที่ถอดไม่ได้,DT416
KASET GEN-Y,GCS-9 3 ลิตร,เกษตร,เกษตร-ไม่ใช่ DJI,110,รู้รุ่นแล้ว แต่ยังไม่มีหลักฐานราคา,ชื่อในช่องเอง,GCS-9 3 ลิตร
FIMI,X8 MINI,ทั่วไป,ทั่วไป,106,รู้รุ่นแล้ว แต่ยังไม่มีหลักฐานราคา,ชื่อในช่องเอง,X8 MINI
BLUE STAR,B1,ทั่วไป,ทั่วไป,100,รู้รุ่นแล้ว แต่ยังไม่มีหลักฐานราคา,ชื่อในช่องเอง,B1
SJRC,F11 4K PRO,ทั่วไป,ทั่วไป,99,รู้รุ่นแล้ว แต่ยังไม่มีหลักฐานราคา,ชื่อในช่องเอง,F11 4K PRO
GOPRO,KARMA,ทั่วไป,ทั่วไป,94,รู้รุ่นแล้ว แต่ยังไม่มีหลักฐานราคา,ชื่อในช่องเอง,KARMA
HOVERAIR,X1 PRO,ทั่วไป,ทั่วไป,93,รู้รุ่นแล้ว แต่ยังไม่มีหลักฐานราคา,ชื่อในช่องเอง,X1 PRO (MODEL ZZ-H-1-003)
AUTEL ROBOTICS,EVO II,ทั่วไป,ทั่วไป,90,รู้รุ่นแล้ว แต่ยังไม่มีหลักฐานราคา,ชื่อในช่องเอง,EVO II
PARROT,ANAFI,ทั่วไป,ทั่วไป,90,รู้รุ่นแล้ว แต่ยังไม่มีหลักฐานราคา,ชื่อในช่องเอง,ANAFI
DJI,TELLO,ทั่วไป,ทั่วไป,89,รู้รุ่นแล้ว แต่ยังไม่มีหลักฐานราคา,ชื่อในช่องเอง,TELLO
DJI,SPARKFLYMORE ALPINE WHITE,ทั่วไป,ทั่วไป,89,รู้รุ่นแล้ว แต่ยังไม่มีหลักฐานราคา,ชื่อในช่องเอง,SPARKFLYMORE COMBO (EU) ALPINE WHITE
SB1,M410,เกษตร,เกษตร-ไม่ใช่ DJI,88,รู้รุ่นแล้ว แต่ยังไม่มีหลักฐานราคา,ชื่อในช่องเอง,M410
HUBSAN,H501S,ทั่วไป,ทั่วไป,85,รู้รุ่นแล้ว แต่ยังไม่มีหลักฐานราคา,ชื่อในช่องเอง,H501S
AGRI-MASTER,QHX-10L,เกษตร,เกษตร-ไม่ใช่ DJI,84,รู้รุ่นแล้ว แต่ยังไม่มีหลักฐานราคา,ชื่อในช่องเอง,QHX-10L
TELLO,TLW004,ทั่วไป,ทั่วไป,83,ยังไม่รู้ว่าเป็นรุ่นอะไร — ช่องรุ่นเป็นรหัสที่ยังถอดไม่ได้,รหัสที่ถอดไม่ได้,TLW004
POTENSIC,ATOM,ทั่วไป,ทั่วไป,83,รู้รุ่นแล้ว แต่ยังไม่มีหลักฐานราคา,ชื่อในช่องเอง,ATOM
DJI,SPARKFLYMORE SUNRISE YELLOW,ทั่วไป,ทั่วไป,82,รู้รุ่นแล้ว แต่ยังไม่มีหลักฐานราคา,ชื่อในช่องเอง,SPARKFLYMORE COMBO (EU) SUNRISE YELLOW
DJI,MAVIC 3 M,ทั่วไป,ทั่วไป,80,รู้รุ่นแล้ว แต่ยังไม่มีหลักฐานราคา,ชื่อในช่องเอง,MAVIC 3 M
FIMI,X8 SE 2022,ทั่วไป,ทั่วไป,80,รู้รุ่นแล้ว แต่ยังไม่มีหลักฐานราคา,ชื่อในช่องเอง,X8 SE 2022
DJI,MAVIC PRO FLYMORE V2,ทั่วไป,ทั่วไป,79,รู้รุ่นแล้ว แต่ยังไม่มีหลักฐานราคา,ชื่อในช่องเอง,MAVIC PRO(EU) FLYMORE COMBOV2
MJX,B12 EIS,ทั่วไป,ทั่วไป,77,รู้รุ่นแล้ว แต่ยังไม่มีหลักฐานราคา,ชื่อในช่องเอง,B12 EIS
DJI,L2E,ทั่วไป,ทั่วไป,75,รู้รุ่นแล้ว แต่ยังไม่มีหลักฐานราคา,ชื่อในช่องเอง,L2E
DJI,PHANTOM 4 MULTISPECTRAL,ทั่วไป,ทั่วไป,74,รู้รุ่นแล้ว แต่ยังไม่มีหลักฐานราคา,ถอดจากรหัส,WM336A / P4 MULTISPECTRAL ;; WM336 ;; P4 MULTISPECTRAL (WM336A)
HUBSAN,ZINO 2,ทั่วไป,ทั่วไป,73,รู้รุ่นแล้ว แต่ยังไม่มีหลักฐานราคา,ชื่อในช่องเอง,ZINO 2
DJI,SPARKFLYMORE MEADOW GREEN,ทั่วไป,ทั่วไป,72,รู้รุ่นแล้ว แต่ยังไม่มีหลักฐานราคา,ชื่อในช่องเอง,SPARKFLYMORE COMBO (EU) MEADOW GREEN
SEGUMO,SGM2016L,เกษตร,เกษตร-ไม่ใช่ DJI,71,ยังไม่รู้ว่าเป็นรุ่นอะไร — ช่องรุ่นเป็นรหัสที่ยังถอดไม่ได้,รหัสที่ถอดไม่ได้,SGM2016L
SATI,PANYA V.2-12L,เกษตร,เกษตร-ไม่ใช่ DJI,69,รู้รุ่นแล้ว แต่ยังไม่มีหลักฐานราคา,ชื่อในช่องเอง,PANYA V.2-12L
AUTEL ROBOTICS,EVO,ทั่วไป,ทั่วไป,69,รู้รุ่นแล้ว แต่ยังไม่มีหลักฐานราคา,ชื่อในช่องเอง,EVO
XIRO,XPLORER V,ทั่วไป,ทั่วไป,68,รู้รุ่นแล้ว แต่ยังไม่มีหลักฐานราคา,ชื่อในช่องเอง,XPLORER V
DJI,MATRICE 400,ทั่วไป,ทั่วไป,67,รู้รุ่นแล้ว แต่ยังไม่มีหลักฐานราคา,ชื่อในช่องเอง,MATRICE 400
DJI,MAVIC 4 PRO 512GB CREATOR,ทั่วไป,ทั่วไป,63,รู้รุ่นแล้ว แต่ยังไม่มีหลักฐานราคา,ชื่อในช่องเอง,L3B (DJI MAVIC 4 PRO 512GB CREATOR COMBO(DJI RC PRO 2)) ;; DJI MAVIC 4 PRO 512GB CREATOR COMBO (DJI RC PRO 2) [L3B (AIRCRAFT)/RC520 (REMOTE CONTROLLER)]
DJI,MATRICE 30T,ทั่วไป,ทั่วไป,61,รู้รุ่นแล้ว แต่ยังไม่มีหลักฐานราคา,ชื่อในช่องเอง,MATRICE 30T ;; M30T / MATRICE 30T ;; MATRICE 30T (M30T TRK)
AGRITECH DRONE,AG-1,เกษตร,เกษตร-ไม่ใช่ DJI,61,รู้รุ่นแล้ว แต่ยังไม่มีหลักฐานราคา,ชื่อในช่องเอง,AG-1
NOVY,NV-10L,เกษตร,เกษตร-ไม่ใช่ DJI,60,รู้รุ่นแล้ว แต่ยังไม่มีหลักฐานราคา,ชื่อในช่องเอง,NV-10L
HUBSAN,ACE PRO,ทั่วไป,ทั่วไป,58,รู้รุ่นแล้ว แต่ยังไม่มีหลักฐานราคา,ชื่อในช่องเอง,ACE PRO
DJI MINI 2 FLY MORE COMBO (EU),MT2PD,ทั่วไป,ทั่วไป,57,ยังไม่รู้ว่าเป็นรุ่นอะไร — ช่องรุ่นเป็นรหัสที่ยังถอดไม่ได้,รหัสที่ถอดไม่ได้,MT2PD
PJ DRONE,PJ1,เกษตร,เกษตร-ไม่ใช่ DJI,57,รู้รุ่นแล้ว แต่ยังไม่มีหลักฐานราคา,ชื่อในช่องเอง,PJ1
MJX,B20 EIS,ทั่วไป,ทั่วไป,56,รู้รุ่นแล้ว แต่ยังไม่มีหลักฐานราคา,ชื่อในช่องเอง,B20 EIS
FIMI,X8 SE 2020,ทั่วไป,ทั่วไป,54,รู้รุ่นแล้ว แต่ยังไม่มีหลักฐานราคา,ชื่อในช่องเอง,X8 SE 2020
DJI,PHANTOM 4 PRO V 2.0,ทั่วไป,ทั่วไป,54,รู้รุ่นแล้ว แต่ยังไม่มีหลักฐานราคา,ชื่อในช่องเอง,PHANTOM 4 PRO V 2.0
BUBBLE DRONE,BUMBLE - B,เกษตร,เกษตร-ไม่ใช่ DJI,54,รู้รุ่นแล้ว แต่ยังไม่มีหลักฐานราคา,ชื่อในช่องเอง,BUMBLE - B
ZHONGKE,D25 / PA DA25,เกษตร,เกษตร-ไม่ใช่ DJI,53,รู้รุ่นแล้ว แต่ยังไม่มีหลักฐานราคา,ชื่อในช่องเอง,D25 / PA DA25
POTENSIC,ATOM SE,ทั่วไป,ทั่วไป,52,รู้รุ่นแล้ว แต่ยังไม่มีหลักฐานราคา,ชื่อในช่องเอง,ATOM SE ;; ATOM SE / DSDR048
DJI,MAVIC PRO PLATINUM FLYMORE,ทั่วไป,ทั่วไป,52,รู้รุ่นแล้ว แต่ยังไม่มีหลักฐานราคา,ชื่อในช่องเอง,MAVIC PRO PLATINUM FLYMORE COMBO (EU)
BUBBLE DRONE,BUMBLE - B2,เกษตร,เกษตร-ไม่ใช่ DJI,51,รู้รุ่นแล้ว แต่ยังไม่มีหลักฐานราคา,ชื่อในช่องเอง,BUMBLE - B2
SKY-MASTER,QH550,ทั่วไป,ทั่วไป,51,ยังไม่รู้ว่าเป็นรุ่นอะไร — ช่องรุ่นเป็นรหัสที่ยังถอดไม่ได้,รหัสที่ถอดไม่ได้,QH550
DJI,M4E,ทั่วไป,ทั่วไป,48,รู้รุ่นแล้ว แต่ยังไม่มีหลักฐานราคา,ชื่อในช่องเอง,M4E
NAC DRONE,EASY1,เกษตร,เกษตร-ไม่ใช่ DJI,48,รู้รุ่นแล้ว แต่ยังไม่มีหลักฐานราคา,ชื่อในช่องเอง,EASY1
DJI,MAVIC PRO 2,ทั่วไป,ทั่วไป,48,รู้รุ่นแล้ว แต่ยังไม่มีหลักฐานราคา,ชื่อในช่องเอง,MAVIC PRO 2 ;; MAVIC PRO 2 / L1P
POLADRONE,ORYCTES,เกษตร,เกษตร-ไม่ใช่ DJI,48,รู้รุ่นแล้ว แต่ยังไม่มีหลักฐานราคา,ชื่อในช่องเอง,ORYCTES
BUG AWAY,BA5L,เกษตร,เกษตร-ไม่ใช่ DJI,47,ยังไม่รู้ว่าเป็นรุ่นอะไร — ช่องรุ่นเป็นรหัสที่ยังถอดไม่ได้,รหัสที่ถอดไม่ได้,BA5L
DJI,MAVIC 2 ENTERPRISE ADVANCED,ทั่วไป,ทั่วไป,47,รู้รุ่นแล้ว แต่ยังไม่มีหลักฐานราคา,ชื่อในช่องเอง,MAVIC 2 ENTERPRISE ADVANCED ;; L1ZE / MAVIC 2 ENTERPRISE ADVANCED ;; L1TE / MAVIC 2 ENTERPRISE ADVANCED
HUBSAN,H216A,ทั่วไป,ทั่วไป,46,รู้รุ่นแล้ว แต่ยังไม่มีหลักฐานราคา,ชื่อในช่องเอง,H216A
NAC DRONE,NT20P,เกษตร,เกษตร-ไม่ใช่ DJI,45,ยังไม่รู้ว่าเป็นรุ่นอะไร — ช่องรุ่นเป็นรหัสที่ยังถอดไม่ได้,รหัสที่ถอดไม่ได้,NT20P
DJI,AGRAS T55,เกษตร,เกษตร-DJI,43,รู้รุ่นแล้ว แต่ยังไม่มีหลักฐานราคา,ชื่อในช่องเอง,AGRAS T55 (3WWDZ-U50C)
SWELLPRO,SPLASHDRONE 4,ทั่วไป,ทั่วไป,43,รู้รุ่นแล้ว แต่ยังไม่มีหลักฐานราคา,ชื่อในช่องเอง,SPLASHDRONE 4
SATI,PANYA V.1,เกษตร,เกษตร-ไม่ใช่ DJI,42,รู้รุ่นแล้ว แต่ยังไม่มีหลักฐานราคา,ชื่อในช่องเอง,PANYA V.1
PDA,AGRAS P1TH,เกษตร,เกษตร-ไม่ใช่ DJI,42,รู้รุ่นแล้ว แต่ยังไม่มีหลักฐานราคา,ชื่อในช่องเอง,AGRAS P1TH
DJI,MINI 4 PRO DISPLAY UNIT,ทั่วไป,ทั่วไป,42,รู้รุ่นแล้ว แต่ยังไม่มีหลักฐานราคา,ชื่อในช่องเอง,DJI MINI 4 PRO (DJI RC 2) DISPLAY UNIT
DJI,L1TE,ทั่วไป,ทั่วไป,42,รู้รุ่นแล้ว แต่ยังไม่มีหลักฐานราคา,ชื่อในช่องเอง,L1TE
DJI,MINI,ทั่วไป,ทั่วไป,42,รู้รุ่นแล้ว แต่ยังไม่มีหลักฐานราคา,ชื่อในช่องเอง,MINI ;; MT2PD (MINI)
XIAOMI,FIMI X8 SE,ทั่วไป,ทั่วไป,41,รู้รุ่นแล้ว แต่ยังไม่มีหลักฐานราคา,ชื่อในช่องเอง,FIMI X8 SE
FEIMA ROBOTICS,J.ME,ทั่วไป,ทั่วไป,41,รู้รุ่นแล้ว แต่ยังไม่มีหลักฐานราคา,ชื่อในช่องเอง,J.ME
ZHONGKE,D16 / PA D16,เกษตร,เกษตร-ไม่ใช่ DJI,40,รู้รุ่นแล้ว แต่ยังไม่มีหลักฐานราคา,ชื่อในช่องเอง,D16 / PA D16
XIAOMI,MI DRONE,ทั่วไป,ทั่วไป,40,รู้รุ่นแล้ว แต่ยังไม่มีหลักฐานราคา,ชื่อในช่องเอง,MI DRONE
HUBSAN,ZINO MINI SE,ทั่วไป,ทั่วไป,40,รู้รุ่นแล้ว แต่ยังไม่มีหลักฐานราคา,ชื่อในช่องเอง,"ZINO MINI SE ;; ZINO MINI SE (DRONE), HT018F (REMOTE)"
AUTEL ROBOTICS,EVO II PRO RTK V3,ทั่วไป,ทั่วไป,40,รู้รุ่นแล้ว แต่ยังไม่มีหลักฐานราคา,ชื่อในช่องเอง,EVO II PRO RTK V3
DJI,L1DE,ทั่วไป,ทั่วไป,39,รู้รุ่นแล้ว แต่ยังไม่มีหลักฐานราคา,ชื่อในช่องเอง,L1DE
KW AGRAS,KWT20,เกษตร,เกษตร-ไม่ใช่ DJI,39,ยังไม่รู้ว่าเป็นรุ่นอะไร — ช่องรุ่นเป็นรหัสที่ยังถอดไม่ได้,รหัสที่ถอดไม่ได้,KWT20
DJI,T650A,ทั่วไป,ทั่วไป,39,รู้รุ่นแล้ว แต่ยังไม่มีหลักฐานราคา,ชื่อในช่องเอง,T650A
AERO DRONE,AR 11L,เกษตร,เกษตร-ไม่ใช่ DJI,37,รู้รุ่นแล้ว แต่ยังไม่มีหลักฐานราคา,ชื่อในช่องเอง,AR 11L
DJI,SPARKFLYMORE BLUE SKY,ทั่วไป,ทั่วไป,37,รู้รุ่นแล้ว แต่ยังไม่มีหลักฐานราคา,ชื่อในช่องเอง,SPARKFLYMORE COMBO (EU) BLUE SKY
DJI,MAVIC 2 ENTERPRISE,ทั่วไป,ทั่วไป,37,รู้รุ่นแล้ว แต่ยังไม่มีหลักฐานราคา,ชื่อในช่องเอง,MAVIC 2 ENTERPRISE ;; L1ZE/MAVIC 2 ENTERPRISE ;; L1TE / MAVIC 2 ENTERPRISE
AGDRONE,T20TH,เกษตร,เกษตร-ไม่ใช่ DJI,37,รู้รุ่นแล้ว แต่ยังไม่มีหลักฐานราคา,ชื่อในช่องเอง,T20TH
PARROT,BEBOP 2,ทั่วไป,ทั่วไป,36,รู้รุ่นแล้ว แต่ยังไม่มีหลักฐานราคา,ชื่อในช่องเอง,BEBOP 2
HUBSAN,H109S,ทั่วไป,ทั่วไป,34,รู้รุ่นแล้ว แต่ยังไม่มีหลักฐานราคา,ชื่อในช่องเอง,H109S
DJI,(ไม่ระบุ),ทั่วไป,ทั่วไป,34,ยังไม่รู้ว่าเป็นรุ่นอะไร — ช่องรุ่นว่าง,ว่าง,-
DJI,PHANTOM 1,ทั่วไป,ทั่วไป,34,รู้รุ่นแล้ว แต่ยังไม่มีหลักฐานราคา,ชื่อในช่องเอง,PHANTOM 1
เจ้าเอี้ยง,NB-1B,เกษตร,เกษตร-ไม่ใช่ DJI,34,รู้รุ่นแล้ว แต่ยังไม่มีหลักฐานราคา,ชื่อในช่องเอง,NB-1B
DJI,MAVIC 3 CINE PREMIUM,ทั่วไป,ทั่วไป,33,รู้รุ่นแล้ว แต่ยังไม่มีหลักฐานราคา,ชื่อในช่องเอง,DJI MAVIC 3 CINE PREMIUM COMBO (EU) ;; L2P / MAVIC 3 CINE PREMIUM COMBO (EU) ;; DJI MAVIC 3 CINE PREMIUM COMBO
DJI,AIR 2,ทั่วไป,ทั่วไป,33,รู้รุ่นแล้ว แต่ยังไม่มีหลักฐานราคา,ชื่อในช่องเอง,AIR 2
DJI,MINI 4,ทั่วไป,ทั่วไป,32,รู้รุ่นแล้ว แต่ยังไม่มีหลักฐานราคา,ชื่อในช่องเอง,MINI 4 ;; MINI4
DJI,MINI 3 DISPLAY UNIT,ทั่วไป,ทั่วไป,31,รู้รุ่นแล้ว แต่ยังไม่มีหลักฐานราคา,ชื่อในช่องเอง,DJI MINI 3 (DJI RC) DISPLAY UNIT
ANTIGRAVITY,DE001,ทั่วไป,ทั่วไป,31,ยังไม่รู้ว่าเป็นรุ่นอะไร — ช่องรุ่นเป็นรหัสที่ยังถอดไม่ได้,รหัสที่ถอดไม่ได้,DE001
DJI,MAVIC 2,ทั่วไป,ทั่วไป,31,รู้รุ่นแล้ว แต่ยังไม่มีหลักฐานราคา,ชื่อในช่องเอง,MAVIC 2
FIMI,FIMI X8 SE,ทั่วไป,ทั่วไป,30,รู้รุ่นแล้ว แต่ยังไม่มีหลักฐานราคา,ชื่อในช่องเอง,FIMI X8 SE
DJI,PHANTOM 3,ทั่วไป,ทั่วไป,30,รู้รุ่นแล้ว แต่ยังไม่มีหลักฐานราคา,ชื่อในช่องเอง,PHANTOM 3
TYI,TYI8-16L,เกษตร,เกษตร-ไม่ใช่ DJI,30,รู้รุ่นแล้ว แต่ยังไม่มีหลักฐานราคา,ชื่อในช่องเอง,TYI8-16L
SJRC,F11S 4K PRO,ทั่วไป,ทั่วไป,29,รู้รุ่นแล้ว แต่ยังไม่มีหลักฐานราคา,ชื่อในช่องเอง,F11S 4K PRO
SJ R/C,F22S 4K PRO,ทั่วไป,ทั่วไป,29,รู้รุ่นแล้ว แต่ยังไม่มีหลักฐานราคา,ชื่อในช่องเอง,F22S 4K PRO
DJI,AVATA FLY SMART,ทั่วไป,ทั่วไป,29,รู้รุ่นแล้ว แต่ยังไม่มีหลักฐานราคา,ชื่อในช่องเอง,DJI AVATA FLY SMART COMBO (DJI FPV GOGGLES V2)
DJI,MAVIC 3 PRO CINE,ทั่วไป,ทั่วไป,28,รู้รุ่นแล้ว แต่ยังไม่มีหลักฐานราคา,ชื่อในช่องเอง,MAVIC 3 PRO CINE ;; DJI MAVIC 3 PRO CINE
DJI,MAVIC MINI 4 PRO,ทั่วไป,ทั่วไป,28,รู้รุ่นแล้ว แต่ยังไม่มีหลักฐานราคา,ชื่อในช่องเอง,MAVIC MINI 4 PRO
POTENSIC,ATOM 2,ทั่วไป,ทั่วไป,28,รู้รุ่นแล้ว แต่ยังไม่มีหลักฐานราคา,ชื่อในช่องเอง,ATOM 2
เจ้าเอี้ยง,A410-02A,เกษตร,เกษตร-ไม่ใช่ DJI,28,รู้รุ่นแล้ว แต่ยังไม่มีหลักฐานราคา,ชื่อในช่องเอง,A410-02A
AGRITECH DRONE,AG-1P,เกษตร,เกษตร-ไม่ใช่ DJI,28,รู้รุ่นแล้ว แต่ยังไม่มีหลักฐานราคา,ชื่อในช่องเอง,AG-1P
DJI,TELLO BOOST,ทั่วไป,ทั่วไป,27,รู้รุ่นแล้ว แต่ยังไม่มีหลักฐานราคา,ชื่อในช่องเอง,TELLO BOOST (TLW004) ;; TLW004
YUNEEC,TYPHOON H,ทั่วไป,ทั่วไป,27,รู้รุ่นแล้ว แต่ยังไม่มีหลักฐานราคา,ชื่อในช่องเอง,TYPHOON H
SB1,RP08 4-16,เกษตร,เกษตร-ไม่ใช่ DJI,27,รู้รุ่นแล้ว แต่ยังไม่มีหลักฐานราคา,ชื่อในช่องเอง,RP08 4-16
DJI,PHANTOM4 PROOBSIDIAN,ทั่วไป,ทั่วไป,27,รู้รุ่นแล้ว แต่ยังไม่มีหลักฐานราคา,ชื่อในช่องเอง,PHANTOM4 PROOBSIDIAN (EU)
SEGUMO,SG10L,เกษตร,เกษตร-ไม่ใช่ DJI,26,ยังไม่รู้ว่าเป็นรุ่นอะไร — ช่องรุ่นเป็นรหัสที่ยังถอดไม่ได้,รหัสที่ถอดไม่ได้,SG10L
DRONE THAI,DT616,เกษตร,เกษตร-ไม่ใช่ DJI,26,ยังไม่รู้ว่าเป็นรุ่นอะไร — ช่องรุ่นเป็นรหัสที่ยังถอดไม่ได้,รหัสที่ถอดไม่ได้,DT616
HUBSAN,ACE 2,ทั่วไป,ทั่วไป,26,รู้รุ่นแล้ว แต่ยังไม่มีหลักฐานราคา,ชื่อในช่องเอง,ACE 2
DJI,MAVIC MINI 3,ทั่วไป,ทั่วไป,26,รู้รุ่นแล้ว แต่ยังไม่มีหลักฐานราคา,ชื่อในช่องเอง,MAVIC MINI 3
HUBSAN,ZINO 2+,ทั่วไป,ทั่วไป,25,รู้รุ่นแล้ว แต่ยังไม่มีหลักฐานราคา,ชื่อในช่องเอง,ZINO 2+
เจ้าเอี้ยง,A630-02A,เกษตร,เกษตร-ไม่ใช่ DJI,25,รู้รุ่นแล้ว แต่ยังไม่มีหลักฐานราคา,ชื่อในช่องเอง,A630-02A
HG ROBOTICS,TGD1X-LITE,เกษตร,เกษตร-ไม่ใช่ DJI,25,รู้รุ่นแล้ว แต่ยังไม่มีหลักฐานราคา,ชื่อในช่องเอง,TGD1X-LITE
EAVISION,EA-J150,เกษตร,เกษตร-ไม่ใช่ DJI,24,รู้รุ่นแล้ว แต่ยังไม่มีหลักฐานราคา,ชื่อในช่องเอง,EA-J150
BUG AWAY,B17,เกษตร,เกษตร-ไม่ใช่ DJI,23,รู้รุ่นแล้ว แต่ยังไม่มีหลักฐานราคา,ชื่อในช่องเอง,B17
-,(ไม่ระบุ),ทั่วไป,ทั่วไป,22,ยังไม่รู้ว่าเป็นรุ่นอะไร — ช่องรุ่นว่าง,ว่าง,-
MAKER DRONE,MD417,เกษตร,เกษตร-ไม่ใช่ DJI,22,ยังไม่รู้ว่าเป็นรุ่นอะไร — ช่องรุ่นเป็นรหัสที่ยังถอดไม่ได้,รหัสที่ถอดไม่ได้,MD417
A4 ROBOTICS,NAM-OIL2,เกษตร,เกษตร-ไม่ใช่ DJI,22,รู้รุ่นแล้ว แต่ยังไม่มีหลักฐานราคา,ชื่อในช่องเอง,NAM-OIL2
SEGUMO,SG16L,เกษตร,เกษตร-ไม่ใช่ DJI,22,ยังไม่รู้ว่าเป็นรุ่นอะไร — ช่องรุ่นเป็นรหัสที่ยังถอดไม่ได้,รหัสที่ถอดไม่ได้,SG16L
XAG,3WWDZ-15.2AT,เกษตร,เกษตร-ไม่ใช่ DJI,22,ยังไม่รู้ว่าเป็นรุ่นอะไร — ช่องรุ่นเป็นรหัสที่ยังถอดไม่ได้,รหัสที่ถอดไม่ได้,V40 (3WWDZ-15.2AT)
DJI,P4 MULTISPECTRAL,ทั่วไป,ทั่วไป,21,รู้รุ่นแล้ว แต่ยังไม่มีหลักฐานราคา,ชื่อในช่องเอง,P4 MULTISPECTRAL
AONIC,MIST 25020,เกษตร,เกษตร-ไม่ใช่ DJI,21,รู้รุ่นแล้ว แต่ยังไม่มีหลักฐานราคา,ชื่อในช่องเอง,MIST 25020
DJI,MAVIC 2 ENTERPRISE DUAL,ทั่วไป,ทั่วไป,21,รู้รุ่นแล้ว แต่ยังไม่มีหลักฐานราคา,ชื่อในช่องเอง,L1DE / MAVIC 2 ENTERPRISE DUAL ;; L1DE (MAVIC 2 ENTERPRISE DUAL) ;; L1DE(MAVIC 2 ENTERPRISE DUAL)
AUTEL ROBOTICS,NANO+,ทั่วไป,ทั่วไป,21,รู้รุ่นแล้ว แต่ยังไม่มีหลักฐานราคา,ชื่อในช่องเอง,NANO+
DELTA,2IN1,ทั่วไป,ทั่วไป,21,รู้รุ่นแล้ว แต่ยังไม่มีหลักฐานราคา,ชื่อในช่องเอง,2IN1
DJI,MAVIC 3 THEMAL,ทั่วไป,ทั่วไป,21,รู้รุ่นแล้ว แต่ยังไม่มีหลักฐานราคา,ชื่อในช่องเอง,MAVIC 3 THEMAL
DJI,SPARKFLYMORE LAVA RED,ทั่วไป,ทั่วไป,20,รู้รุ่นแล้ว แต่ยังไม่มีหลักฐานราคา,ชื่อในช่องเอง,SPARKFLYMORE COMBO (EU) LAVA RED
DJI,MAVIC 3E,ทั่วไป,ทั่วไป,20,รู้รุ่นแล้ว แต่ยังไม่มีหลักฐานราคา,ชื่อในช่องเอง,MAVIC 3E (M3E) ;; MAVIC 3E
HUBSAN,ZINO 2 PLUS,ทั่วไป,ทั่วไป,20,รู้รุ่นแล้ว แต่ยังไม่มีหลักฐานราคา,ชื่อในช่องเอง,ZINO 2 PLUS
NAC DRONE,NT06P,เกษตร,เกษตร-ไม่ใช่ DJI,20,ยังไม่รู้ว่าเป็นรุ่นอะไร — ช่องรุ่นเป็นรหัสที่ยังถอดไม่ได้,รหัสที่ถอดไม่ได้,NT06P
DJI,T740,ทั่วไป,ทั่วไป,19,รู้รุ่นแล้ว แต่ยังไม่มีหลักฐานราคา,ชื่อในช่องเอง,T740
DJI,INSPIRE 3,ทั่วไป,ทั่วไป,19,รู้รุ่นแล้ว แต่ยังไม่มีหลักฐานราคา,ชื่อในช่องเอง,INSPIRE 3 ;; DJI INSPIRE 3 ;; T740 / DJI INSPIRE 3
DJI,MAVIC 3M,ทั่วไป,ทั่วไป,19,รู้รุ่นแล้ว แต่ยังไม่มีหลักฐานราคา,ชื่อในช่องเอง,MAVIC 3M ;; MAVIC 3M (M3M)
CHEERSON,CX-23,ทั่วไป,ทั่วไป,19,รู้รุ่นแล้ว แต่ยังไม่มีหลักฐานราคา,ชื่อในช่องเอง,CX-23
EAVISION,3WWDZ-45A,เกษตร,เกษตร-ไม่ใช่ DJI,18,ยังไม่รู้ว่าเป็นรุ่นอะไร — ช่องรุ่นเป็นรหัสที่ยังถอดไม่ได้,รหัสที่ถอดไม่ได้,EA-J100 (3WWDZ-45A)
YUNEEC,TYPHOON Q500 4K,ทั่วไป,ทั่วไป,18,รู้รุ่นแล้ว แต่ยังไม่มีหลักฐานราคา,ชื่อในช่องเอง,TYPHOON Q500 4K
DJI,MAVIC MINI2,ทั่วไป,ทั่วไป,18,รู้รุ่นแล้ว แต่ยังไม่มีหลักฐานราคา,ชื่อในช่องเอง,MAVIC MINI2
GEPRC,CINEBOT30,ทั่วไป,ทั่วไป,18,รู้รุ่นแล้ว แต่ยังไม่มีหลักฐานราคา,ชื่อในช่องเอง,CINEBOT30
JOUAV,CW-15,ทั่วไป,ทั่วไป,18,รู้รุ่นแล้ว แต่ยังไม่มีหลักฐานราคา,ชื่อในช่องเอง,CW-15
DJI,4 MINI PRO,ทั่วไป,ทั่วไป,18,รู้รุ่นแล้ว แต่ยังไม่มีหลักฐานราคา,ชื่อในช่องเอง,4 MINI PRO ;; DJI 4 MINI PRO ;; 4 MINI PRO FLY MORE COMBO
SB1,RP08 4-10,เกษตร,เกษตร-ไม่ใช่ DJI,18,รู้รุ่นแล้ว แต่ยังไม่มีหลักฐานราคา,ชื่อในช่องเอง,RP08 4-10
MABIN,X4,เกษตร,เกษตร-ไม่ใช่ DJI,18,รู้รุ่นแล้ว แต่ยังไม่มีหลักฐานราคา,ชื่อในช่องเอง,X4
ANTIGRAVITY,A1,ทั่วไป,ทั่วไป,17,รู้รุ่นแล้ว แต่ยังไม่มีหลักฐานราคา,ชื่อในช่องเอง,A1
DJI,MAVIC,ทั่วไป,ทั่วไป,17,รู้รุ่นแล้ว แต่ยังไม่มีหลักฐานราคา,ชื่อในช่องเอง,MAVIC
DJI,L1ZE,ทั่วไป,ทั่วไป,17,รู้รุ่นแล้ว แต่ยังไม่มีหลักฐานราคา,ชื่อในช่องเอง,L1ZE
DJI,PHANTOM4 ADVANCED,ทั่วไป,ทั่วไป,16,รู้รุ่นแล้ว แต่ยังไม่มีหลักฐานราคา,ชื่อในช่องเอง,PHANTOM4 ADVANCED (EU)
DJI,SPARK ALPINE WHITE,ทั่วไป,ทั่วไป,15,รู้รุ่นแล้ว แต่ยังไม่มีหลักฐานราคา,ชื่อในช่องเอง,SPARK ALPINE WHITE (EU)
FLYWOO,EXPLORER LR4,ทั่วไป,ทั่วไป,15,รู้รุ่นแล้ว แต่ยังไม่มีหลักฐานราคา,ชื่อในช่องเอง,EXPLORER LR4
HUBSAN,ACE SE,ทั่วไป,ทั่วไป,15,รู้รุ่นแล้ว แต่ยังไม่มีหลักฐานราคา,ชื่อในช่องเอง,ACE SE
AUTEL ROBOTICS,EVO NANO+,ทั่วไป,ทั่วไป,14,รู้รุ่นแล้ว แต่ยังไม่มีหลักฐานราคา,ชื่อในช่องเอง,EVO NANO+
DJI,"L1P , RM500(CONTROLLER)",ทั่วไป,ทั่วไป,14,รู้รุ่นแล้ว แต่ยังไม่มีหลักฐานราคา,ชื่อในช่องเอง,"L1P(AIRCRAFT), RM500(CONTROLLER)"
DJI MINI 2 (GL),MT2PD,ทั่วไป,ทั่วไป,14,ยังไม่รู้ว่าเป็นรุ่นอะไร — ช่องรุ่นเป็นรหัสที่ยังถอดไม่ได้,รหัสที่ถอดไม่ได้,MT2PD
EAGLE BROTHER,3WWDZ-12A,เกษตร,เกษตร-ไม่ใช่ DJI,13,ยังไม่รู้ว่าเป็นรุ่นอะไร — ช่องรุ่นเป็นรหัสที่ยังถอดไม่ได้,รหัสที่ถอดไม่ได้,3WWDZ-12A
DJI,M3T,ทั่วไป,ทั่วไป,13,รู้รุ่นแล้ว แต่ยังไม่มีหลักฐานราคา,ชื่อในช่องเอง,M3T
DJI,MATRICE 4TD,ทั่วไป,ทั่วไป,13,รู้รุ่นแล้ว แต่ยังไม่มีหลักฐานราคา,ชื่อในช่องเอง,MATRICE 4TD
POTENSIC,ATOM 4K,ทั่วไป,ทั่วไป,13,รู้รุ่นแล้ว แต่ยังไม่มีหลักฐานราคา,ชื่อในช่องเอง,ATOM 4K
CHEERSON,CX-20,ทั่วไป,ทั่วไป,13,รู้รุ่นแล้ว แต่ยังไม่มีหลักฐานราคา,ชื่อในช่องเอง,CX-20
SKYDROID,MX450,ทั่วไป,ทั่วไป,13,ยังไม่รู้ว่าเป็นรุ่นอะไร — ช่องรุ่นเป็นรหัสที่ยังถอดไม่ได้,รหัสที่ถอดไม่ได้,MX450
DJI,MATRICE 30,ทั่วไป,ทั่วไป,13,รู้รุ่นแล้ว แต่ยังไม่มีหลักฐานราคา,ชื่อในช่องเอง,MATRICE 30 ;; MATRICE 30 (M30 RTK)
DJI,MAVIC 3 PRO CINE PREMIUM,ทั่วไป,ทั่วไป,13,รู้รุ่นแล้ว แต่ยังไม่มีหลักฐานราคา,ชื่อในช่องเอง,DJI MAVIC 3 PRO CINE PREMIUM COMBO
DJI,MAVIC AIR 3,ทั่วไป,ทั่วไป,13,รู้รุ่นแล้ว แต่ยังไม่มีหลักฐานราคา,ชื่อในช่องเอง,MAVIC AIR 3
AUTEL ROBOTICS,EVO MAX 4T & NEST,ทั่วไป,ทั่วไป,13,รู้รุ่นแล้ว แต่ยังไม่มีหลักฐานราคา,ชื่อในช่องเอง,EVO MAX 4T(TH) & NEST
TIGERDRONE,TGD2,เกษตร,เกษตร-ไม่ใช่ DJI,12,รู้รุ่นแล้ว แต่ยังไม่มีหลักฐานราคา,ชื่อในช่องเอง,TGD2
ZEROTECH,DOBBY,ทั่วไป,ทั่วไป,12,รู้รุ่นแล้ว แต่ยังไม่มีหลักฐานราคา,ชื่อในช่องเอง,DOBBY
DJI,MAVIC 3T,ทั่วไป,ทั่วไป,12,รู้รุ่นแล้ว แต่ยังไม่มีหลักฐานราคา,ชื่อในช่องเอง,MAVIC 3T (M3T) ;; DJI MAVIC 3T (M3T) ;; MAVIC 3T
A4 ROBOTICS,NAM-OIL,ทั่วไป,ทั่วไป,12,รู้รุ่นแล้ว แต่ยังไม่มีหลักฐานราคา,ชื่อในช่องเอง,NAM-OIL
DJI,M3E,ทั่วไป,ทั่วไป,12,รู้รุ่นแล้ว แต่ยังไม่มีหลักฐานราคา,ชื่อในช่องเอง,M3E
AUTEL ROBOTICS,NANO,ทั่วไป,ทั่วไป,12,รู้รุ่นแล้ว แต่ยังไม่มีหลักฐานราคา,ชื่อในช่องเอง,NANO
CHCNAV,P330 PRO,ทั่วไป,ทั่วไป,12,รู้รุ่นแล้ว แต่ยังไม่มีหลักฐานราคา,ชื่อในช่องเอง,P330 PRO
DJI,MINI SE 2,ทั่วไป,ทั่วไป,11,รู้รุ่นแล้ว แต่ยังไม่มีหลักฐานราคา,ชื่อในช่องเอง,MINI SE 2
SJ R/C,F11S 4K PRO,ทั่วไป,ทั่วไป,11,รู้รุ่นแล้ว แต่ยังไม่มีหลักฐานราคา,ชื่อในช่องเอง,F11S 4K PRO
DJI,MINI PRO 5,ทั่วไป,ทั่วไป,11,รู้รุ่นแล้ว แต่ยังไม่มีหลักฐานราคา,ชื่อในช่องเอง,MINI PRO 5
FLYABILITY,ELIOS,ทั่วไป,ทั่วไป,11,รู้รุ่นแล้ว แต่ยังไม่มีหลักฐานราคา,ชื่อในช่องเอง,ELIOS
DJI,MAVIC MINI 1,ทั่วไป,ทั่วไป,11,รู้รุ่นแล้ว แต่ยังไม่มีหลักฐานราคา,ชื่อในช่องเอง,MAVIC MINI 1
DJI,MAVIC 3 MULTISPECTRAL,ทั่วไป,ทั่วไป,11,รู้รุ่นแล้ว แต่ยังไม่มีหลักฐานราคา,ชื่อในช่องเอง,MAVIC 3 MULTISPECTRAL (TH) / (M3M TH)
DJI,M200 V2,ทั่วไป,ทั่วไป,11,รู้รุ่นแล้ว แต่ยังไม่มีหลักฐานราคา,ชื่อในช่องเอง,M200 V2
AERO DRONE,AR-11L,เกษตร,เกษตร-ไม่ใช่ DJI,11,รู้รุ่นแล้ว แต่ยังไม่มีหลักฐานราคา,ชื่อในช่องเอง,AR-11L
DJI,MAGIC AIR 2,ทั่วไป,ทั่วไป,11,รู้รุ่นแล้ว แต่ยังไม่มีหลักฐานราคา,ชื่อในช่องเอง,MAGIC AIR 2
JOUAV,CW-007,ทั่วไป,ทั่วไป,11,รู้รุ่นแล้ว แต่ยังไม่มีหลักฐานราคา,ชื่อในช่องเอง,CW-007
HUBSAN,H501A,ทั่วไป,ทั่วไป,11,รู้รุ่นแล้ว แต่ยังไม่มีหลักฐานราคา,ชื่อในช่องเอง,H501A
DJI,MAVIC AIR 2 S,ทั่วไป,ทั่วไป,11,รู้รุ่นแล้ว แต่ยังไม่มีหลักฐานราคา,ชื่อในช่องเอง,MAVIC AIR 2 S ;; DJI MAVIC AIR 2 S
GOPRO,KWST1,ทั่วไป,ทั่วไป,11,รู้รุ่นแล้ว แต่ยังไม่มีหลักฐานราคา,ชื่อในช่องเอง,KWST1
DJI,AVATAR,ทั่วไป,ทั่วไป,11,รู้รุ่นแล้ว แต่ยังไม่มีหลักฐานราคา,ชื่อในช่องเอง,AVATAR
DJI,INSPIRE 1 PRO,ทั่วไป,ทั่วไป,10,รู้รุ่นแล้ว แต่ยังไม่มีหลักฐานราคา,ชื่อในช่องเอง,INSPIRE 1 PRO
TIGERDRONE,TGD25,เกษตร,เกษตร-ไม่ใช่ DJI,10,ยังไม่รู้ว่าเป็นรุ่นอะไร — ช่องรุ่นเป็นรหัสที่ยังถอดไม่ได้,รหัสที่ถอดไม่ได้,TGD25
SWELLPRO,FD1 FISHERMAN,เกษตร,เกษตร-ไม่ใช่ DJI,10,รู้รุ่นแล้ว แต่ยังไม่มีหลักฐานราคา,ชื่อในช่องเอง,FD1 FISHERMAN
AGT,SORA-V1,เกษตร,เกษตร-ไม่ใช่ DJI,10,รู้รุ่นแล้ว แต่ยังไม่มีหลักฐานราคา,ชื่อในช่องเอง,SORA-V1
DJI,MAVIC PRO 3,ทั่วไป,ทั่วไป,10,รู้รุ่นแล้ว แต่ยังไม่มีหลักฐานราคา,ชื่อในช่องเอง,MAVIC PRO 3
DJI,MATRICE 600 PRO,ทั่วไป,ทั่วไป,10,รู้รุ่นแล้ว แต่ยังไม่มีหลักฐานราคา,ชื่อในช่องเอง,MATRICE 600 PRO (M600P) ;; MATRICE 600 PRO ;; M600P(MATRICE 600 PRO)
SENSEFLY,EBEE X,ทั่วไป,ทั่วไป,10,รู้รุ่นแล้ว แต่ยังไม่มีหลักฐานราคา,ชื่อในช่องเอง,EBEE X
DJI MINI 2,MT2PD,ทั่วไป,ทั่วไป,10,ยังไม่รู้ว่าเป็นรุ่นอะไร — ช่องรุ่นเป็นรหัสที่ยังถอดไม่ได้,รหัสที่ถอดไม่ได้,MT2PD
DJI,AVATA EXPLORER,ทั่วไป,ทั่วไป,10,รู้รุ่นแล้ว แต่ยังไม่มีหลักฐานราคา,ชื่อในช่องเอง,DJI AVATA EXPLORER COMBO
DJI,MAVIC PRO M1P,ทั่วไป,ทั่วไป,10,รู้รุ่นแล้ว แต่ยังไม่มีหลักฐานราคา,ชื่อในช่องเอง,MAVIC PRO M1P
HG ROBOTICS,VESPA HEX MARK II,ทั่วไป,ทั่วไป,10,รู้รุ่นแล้ว แต่ยังไม่มีหลักฐานราคา,ชื่อในช่องเอง,VESPA HEX MARK II
DJI,MATRICE 210,ทั่วไป,ทั่วไป,9,รู้รุ่นแล้ว แต่ยังไม่มีหลักฐานราคา,ชื่อในช่องเอง,MATRICE 210 ;; MATRICE 210 (M210) ;; MATRICE 210(M210)
DJI,FLYCART 30,ทั่วไป,ทั่วไป,9,รู้รุ่นแล้ว แต่ยังไม่มีหลักฐานราคา,ชื่อในช่องเอง,FLYCART 30 (CE)
DJI,MINI 2 MT2PD,ทั่วไป,ทั่วไป,9,รู้รุ่นแล้ว แต่ยังไม่มีหลักฐานราคา,ชื่อในช่องเอง,MINI 2 MT2PD ;; MINI 2 COMBO MT2PD
DJI,PHANTOM 3 SE,ทั่วไป,ทั่วไป,9,รู้รุ่นแล้ว แต่ยังไม่มีหลักฐานราคา,ชื่อในช่องเอง,PHANTOM 3 SE
HORRUS-DRONE,3.2,ทั่วไป,ทั่วไป,9,รู้รุ่นแล้ว แต่ยังไม่มีหลักฐานราคา,ชื่อในช่องเอง,3.2
DJI,M600P,ทั่วไป,ทั่วไป,9,รู้รุ่นแล้ว แต่ยังไม่มีหลักฐานราคา,ชื่อในช่องเอง,M600P
DJI,MAVIC AIR 3S,ทั่วไป,ทั่วไป,9,รู้รุ่นแล้ว แต่ยังไม่มีหลักฐานราคา,ชื่อในช่องเอง,MAVIC AIR 3S
DJI,PHANTOM 4 PRO+V2.0,ทั่วไป,ทั่วไป,9,รู้รุ่นแล้ว แต่ยังไม่มีหลักฐานราคา,ชื่อในช่องเอง,WM331S / PHANTOM 4 PRO+V2.0
MAVIC DJI,AIR 2,ทั่วไป,ทั่วไป,9,รู้รุ่นแล้ว แต่ยังไม่มีหลักฐานราคา,ชื่อในช่องเอง,AIR 2
DJI,AIR 2S DISPLAY,ทั่วไป,ทั่วไป,9,รู้รุ่นแล้ว แต่ยังไม่มีหลักฐานราคา,ชื่อในช่องเอง,DJI AIR 2S DISPLAY [DEMO]
DJI,MINI 1,ทั่วไป,ทั่วไป,9,รู้รุ่นแล้ว แต่ยังไม่มีหลักฐานราคา,ชื่อในช่องเอง,MINI 1
WINGTRA,WINGTRAONE GEN II,ทั่วไป,ทั่วไป,8,รู้รุ่นแล้ว แต่ยังไม่มีหลักฐานราคา,ชื่อในช่องเอง,WINGTRAONE GEN II
DJI,MATRICE 200,ทั่วไป,ทั่วไป,8,รู้รุ่นแล้ว แต่ยังไม่มีหลักฐานราคา,ชื่อในช่องเอง,MATRICE 200
DJI,MATRICE 600,ทั่วไป,ทั่วไป,8,รู้รุ่นแล้ว แต่ยังไม่มีหลักฐานราคา,ชื่อในช่องเอง,MATRICE 600
SEGUMO,SG05L-1,เกษตร,เกษตร-ไม่ใช่ DJI,8,รู้รุ่นแล้ว แต่ยังไม่มีหลักฐานราคา,ชื่อในช่องเอง,SG05L-1
AUTEL ROBOTICS,LITE+,ทั่วไป,ทั่วไป,8,รู้รุ่นแล้ว แต่ยังไม่มีหลักฐานราคา,ชื่อในช่องเอง,LITE+
DJI,MAVIC MINI MT1SD25,ทั่วไป,ทั่วไป,8,รู้รุ่นแล้ว แต่ยังไม่มีหลักฐานราคา,ชื่อในช่องเอง,MAVIC MINI MT1SD25
DJI,AIR2,ทั่วไป,ทั่วไป,8,รู้รุ่นแล้ว แต่ยังไม่มีหลักฐานราคา,ชื่อในช่องเอง,AIR2
GEPRC,CINELOG30,ทั่วไป,ทั่วไป,8,รู้รุ่นแล้ว แต่ยังไม่มีหลักฐานราคา,ชื่อในช่องเอง,CINELOG30
AIR FAST DRONE,AF1417,เกษตร,เกษตร-ไม่ใช่ DJI,8,ยังไม่รู้ว่าเป็นรุ่นอะไร — ช่องรุ่นเป็นรหัสที่ยังถอดไม่ได้,รหัสที่ถอดไม่ได้,AF1417
CHCNAV,CHCNAV V200,ทั่วไป,ทั่วไป,8,รู้รุ่นแล้ว แต่ยังไม่มีหลักฐานราคา,ชื่อในช่องเอง,CHCNAV V200
FIMI,X8 PRO,ทั่วไป,ทั่วไป,8,รู้รุ่นแล้ว แต่ยังไม่มีหลักฐานราคา,ชื่อในช่องเอง,X8 PRO
XK-INOVATION,X300,ทั่วไป,ทั่วไป,8,รู้รุ่นแล้ว แต่ยังไม่มีหลักฐานราคา,ชื่อในช่องเอง,X300
DJI,DMG10,เกษตร,เกษตร-DJI,8,ยังไม่รู้ว่าเป็นรุ่นอะไร — ช่องรุ่นเป็นรหัสที่ยังถอดไม่ได้,รหัสที่ถอดไม่ได้,DMG10
TXA,TXA-610,เกษตร,เกษตร-ไม่ใช่ DJI,8,รู้รุ่นแล้ว แต่ยังไม่มีหลักฐานราคา,ชื่อในช่องเอง,TXA-610
DJI,MINI AIR 2,ทั่วไป,ทั่วไป,7,รู้รุ่นแล้ว แต่ยังไม่มีหลักฐานราคา,ชื่อในช่องเอง,MINI AIR 2
GEPRC,MARK 5,ทั่วไป,ทั่วไป,7,รู้รุ่นแล้ว แต่ยังไม่มีหลักฐานราคา,ชื่อในช่องเอง,MARK 5
NOVADS,DRONE X PRO,ทั่วไป,ทั่วไป,7,รู้รุ่นแล้ว แต่ยังไม่มีหลักฐานราคา,ชื่อในช่องเอง,DRONE X PRO
DJI,PHANTOM 3 PROFESSIONAL 4K,ทั่วไป,ทั่วไป,7,รู้รุ่นแล้ว แต่ยังไม่มีหลักฐานราคา,ชื่อในช่องเอง,PHANTOM 3 PROFESSIONAL 4K (W325)
ZERO ZERO ROBOTICS,HOVER AIR X1,ทั่วไป,ทั่วไป,7,รู้รุ่นแล้ว แต่ยังไม่มีหลักฐานราคา,ชื่อในช่องเอง,HOVER AIR X1
DJI,MINI PRO,ทั่วไป,ทั่วไป,7,รู้รุ่นแล้ว แต่ยังไม่มีหลักฐานราคา,ชื่อในช่องเอง,MINI PRO
FIMI,X8 SE,ทั่วไป,ทั่วไป,7,รู้รุ่นแล้ว แต่ยังไม่มีหลักฐานราคา,ชื่อในช่องเอง,X8 SE
YUNEEC,TYPHOON H PLUS,ทั่วไป,ทั่วไป,7,รู้รุ่นแล้ว แต่ยังไม่มีหลักฐานราคา,ชื่อในช่องเอง,TYPHOON H PLUS
GEPRC,CINELOG35,ทั่วไป,ทั่วไป,7,รู้รุ่นแล้ว แต่ยังไม่มีหลักฐานราคา,ชื่อในช่องเอง,CINELOG35
DJI,PRO MINI 3,ทั่วไป,ทั่วไป,7,รู้รุ่นแล้ว แต่ยังไม่มีหลักฐานราคา,ชื่อในช่องเอง,PRO MINI 3
GEPRC,CINELOG35 V2,ทั่วไป,ทั่วไป,7,รู้รุ่นแล้ว แต่ยังไม่มีหลักฐานราคา,ชื่อในช่องเอง,CINELOG35 V2
DJI,MAVIC2 ENTERPRISE ADVANCED (L1TE),ทั่วไป,ทั่วไป,7,รู้รุ่นแล้ว แต่ยังไม่มีหลักฐานราคา,ชื่อในช่องเอง,MAVIC2 ENTERPRISE ADVANCED (L1TE)
RYZE,TELLO,ทั่วไป,ทั่วไป,7,รู้รุ่นแล้ว แต่ยังไม่มีหลักฐานราคา,ชื่อในช่องเอง,TELLO
POTENSIC,ATOM DSDR04C,ทั่วไป,ทั่วไป,7,รู้รุ่นแล้ว แต่ยังไม่มีหลักฐานราคา,ชื่อในช่องเอง,ATOM DSDR04C
DJI,MINI PRO3,ทั่วไป,ทั่วไป,7,รู้รุ่นแล้ว แต่ยังไม่มีหลักฐานราคา,ชื่อในช่องเอง,MINI PRO3
BETAFPV,PAVO 20 PRO,ทั่วไป,ทั่วไป,7,รู้รุ่นแล้ว แต่ยังไม่มีหลักฐานราคา,ชื่อในช่องเอง,PAVO 20 PRO
DJI,MATRICE 200 V2,ทั่วไป,ทั่วไป,7,รู้รุ่นแล้ว แต่ยังไม่มีหลักฐานราคา,ชื่อในช่องเอง,MATRICE 200 V2 (M200 V2) ;; MATRICE 200 V2 ;; M200 V2 / MATRICE 200 V2
DJI,TELLO EDU,ทั่วไป,ทั่วไป,7,รู้รุ่นแล้ว แต่ยังไม่มีหลักฐานราคา,ชื่อในช่องเอง,TELLO EDU
AUTEL ROBOTICS,EVO NANO PLUS,ทั่วไป,ทั่วไป,7,รู้รุ่นแล้ว แต่ยังไม่มีหลักฐานราคา,ชื่อในช่องเอง,EVO NANO PLUS
IFLIGHT,NAZGUL,ทั่วไป,ทั่วไป,7,รู้รุ่นแล้ว แต่ยังไม่มีหลักฐานราคา,ชื่อในช่องเอง,NAZGUL
DJI,3 MINI PRO,ทั่วไป,ทั่วไป,7,รู้รุ่นแล้ว แต่ยังไม่มีหลักฐานราคา,ชื่อในช่องเอง,3 MINI PRO ;; DJI 3 MINI PRO
QUANTUM SYSTEM,TRINITY F90+,ทั่วไป,ทั่วไป,6,รู้รุ่นแล้ว แต่ยังไม่มีหลักฐานราคา,ชื่อในช่องเอง,TRINITY F90+
FIMI,FIMI X8 SE DRONE,ทั่วไป,ทั่วไป,6,รู้รุ่นแล้ว แต่ยังไม่มีหลักฐานราคา,ชื่อในช่องเอง,FIMI X8 SE DRONE
DJI,O3 AIR UNIT,ทั่วไป,ทั่วไป,6,รู้รุ่นแล้ว แต่ยังไม่มีหลักฐานราคา,ชื่อในช่องเอง,O3 AIR UNIT
FIMI,FMWRJ04A7,ทั่วไป,ทั่วไป,6,รู้รุ่นแล้ว แต่ยังไม่มีหลักฐานราคา,ชื่อในช่องเอง,FMWRJ04A7
DJI,MAVIC PRO 4,ทั่วไป,ทั่วไป,6,รู้รุ่นแล้ว แต่ยังไม่มีหลักฐานราคา,ชื่อในช่องเอง,MAVIC PRO 4
DJI,AIR,ทั่วไป,ทั่วไป,6,รู้รุ่นแล้ว แต่ยังไม่มีหลักฐานราคา,ชื่อในช่องเอง,AIR ;; DJI AIR /S
DJI,M300 RTK,ทั่วไป,ทั่วไป,6,รู้รุ่นแล้ว แต่ยังไม่มีหลักฐานราคา,ชื่อในช่องเอง,M300 RTK
DJI,MATRICE200 V2,ทั่วไป,ทั่วไป,6,รู้รุ่นแล้ว แต่ยังไม่มีหลักฐานราคา,ชื่อในช่องเอง,MATRICE200 V2
MAKER DRONE,MD410,เกษตร,เกษตร-ไม่ใช่ DJI,6,ยังไม่รู้ว่าเป็นรุ่นอะไร — ช่องรุ่นเป็นรหัสที่ยังถอดไม่ได้,รหัสที่ถอดไม่ได้,MD410
MJX,BUGS 2,ทั่วไป,ทั่วไป,6,รู้รุ่นแล้ว แต่ยังไม่มีหลักฐานราคา,ชื่อในช่องเอง,BUGS 2
AUTEL ROBOTICS,MDA2,ทั่วไป,ทั่วไป,6,รู้รุ่นแล้ว แต่ยังไม่มีหลักฐานราคา,ชื่อในช่องเอง,MDA2
AUTEL ROBOTICS,EVO 2 PRO,ทั่วไป,ทั่วไป,6,รู้รุ่นแล้ว แต่ยังไม่มีหลักฐานราคา,ชื่อในช่องเอง,EVO 2 PRO
WL TOYS,Q696,ทั่วไป,ทั่วไป,6,รู้รุ่นแล้ว แต่ยังไม่มีหลักฐานราคา,ชื่อในช่องเอง,Q696
AUTEL ROBOTICS,EVO LITE+,ทั่วไป,ทั่วไป,6,รู้รุ่นแล้ว แต่ยังไม่มีหลักฐานราคา,ชื่อในช่องเอง,EVO LITE+
FLYABILITY,ELIOS 2,ทั่วไป,ทั่วไป,6,รู้รุ่นแล้ว แต่ยังไม่มีหลักฐานราคา,ชื่อในช่องเอง,ELIOS 2
DJI,WM332A,ทั่วไป,ทั่วไป,6,ยังไม่รู้ว่าเป็นรุ่นอะไร — ช่องรุ่นเป็นรหัสที่ยังถอดไม่ได้,รหัสที่ถอดไม่ได้,WM332A
SIMTOO MOMENT,HOCHI 007 PRO,ทั่วไป,ทั่วไป,6,รู้รุ่นแล้ว แต่ยังไม่มีหลักฐานราคา,ชื่อในช่องเอง,HOCHI 007 PRO
เครื่องประกอบเอง,(ไม่ระบุ),ทั่วไป,ทั่วไป,6,ยังไม่รู้ว่าเป็นรุ่นอะไร — ช่องรุ่นว่าง,ว่าง,-
SENSEFLY,EBEE SQ,ทั่วไป,ทั่วไป,6,รู้รุ่นแล้ว แต่ยังไม่มีหลักฐานราคา,ชื่อในช่องเอง,EBEE SQ
XIAOMI,FIMI X8 SE 2022,ทั่วไป,ทั่วไป,6,รู้รุ่นแล้ว แต่ยังไม่มีหลักฐานราคา,ชื่อในช่องเอง,FIMI X8 SE 2022
SENSEFLY,EBEE PLUS,ทั่วไป,ทั่วไป,6,รู้รุ่นแล้ว แต่ยังไม่มีหลักฐานราคา,ชื่อในช่องเอง,EBEE PLUS
GEPRC,MARK5,ทั่วไป,ทั่วไป,6,รู้รุ่นแล้ว แต่ยังไม่มีหลักฐานราคา,ชื่อในช่องเอง,MARK5
DJI,MAVIC 3 PRO DISPLAY UNIT,ทั่วไป,ทั่วไป,6,รู้รุ่นแล้ว แต่ยังไม่มีหลักฐานราคา,ชื่อในช่องเอง,DJI MAVIC 3 PRO(DJI RC) DISPLAY UNIT
AVILON ROBOTICS,GRYPHON HEAVY/EX,ทั่วไป,ทั่วไป,6,รู้รุ่นแล้ว แต่ยังไม่มีหลักฐานราคา,ชื่อในช่องเอง,GRYPHON HEAVY/EX
DJI,WM331A และ GL300E,ทั่วไป,ทั่วไป,6,รู้รุ่นแล้ว แต่ยังไม่มีหลักฐานราคา,ชื่อในช่องเอง,WM331A และ GL300E
ROBOTICS,EVO,ทั่วไป,ทั่วไป,6,รู้รุ่นแล้ว แต่ยังไม่มีหลักฐานราคา,ชื่อในช่องเอง,EVO
SKYHUNTER,X8,ทั่วไป,ทั่วไป,6,รู้รุ่นแล้ว แต่ยังไม่มีหลักฐานราคา,ชื่อในช่องเอง,X8
DJI,M4TD,ทั่วไป,ทั่วไป,6,รู้รุ่นแล้ว แต่ยังไม่มีหลักฐานราคา,ชื่อในช่องเอง,M4TD
DJI,PHANTOM,ทั่วไป,ทั่วไป,6,รู้รุ่นแล้ว แต่ยังไม่มีหลักฐานราคา,ชื่อในช่องเอง,PHANTOM
AUTEL ROBOTICS,EVO MAX 4T,ทั่วไป,ทั่วไป,5,รู้รุ่นแล้ว แต่ยังไม่มีหลักฐานราคา,ชื่อในช่องเอง,EVO MAX 4T(TH)
XIRO,XPLORER 4K,ทั่วไป,ทั่วไป,5,รู้รุ่นแล้ว แต่ยังไม่มีหลักฐานราคา,ชื่อในช่องเอง,XPLORER 4K
DJI,MAVIC 3 DISPLAY UNIT,ทั่วไป,ทั่วไป,5,รู้รุ่นแล้ว แต่ยังไม่มีหลักฐานราคา,ชื่อในช่องเอง,DJI MAVIC 3 DISPLAY UNIT
YUNEEC,TYPHOON H PROFESSIONAL,ทั่วไป,ทั่วไป,5,รู้รุ่นแล้ว แต่ยังไม่มีหลักฐานราคา,ชื่อในช่องเอง,TYPHOON H PROFESSIONAL
ประกอบเอง,NAN,ทั่วไป,ทั่วไป,5,รู้รุ่นแล้ว แต่ยังไม่มีหลักฐานราคา,ชื่อในช่องเอง,NAN
FEIMA ROBOTICS,FM2000,ทั่วไป,ทั่วไป,5,ยังไม่รู้ว่าเป็นรุ่นอะไร — ช่องรุ่นเป็นรหัสที่ยังถอดไม่ได้,รหัสที่ถอดไม่ได้,J.ME (FM2000)
DJI,FPV EXPLORER,ทั่วไป,ทั่วไป,5,รู้รุ่นแล้ว แต่ยังไม่มีหลักฐานราคา,ชื่อในช่องเอง,DJI FPV EXPLORER COMBO
FIMI,FIMI X8 SE (FMWRJ02A5),ทั่วไป,ทั่วไป,5,รู้รุ่นแล้ว แต่ยังไม่มีหลักฐานราคา,ชื่อในช่องเอง,FIMI X8 SE (FMWRJ02A5)
DJI,PHANTOM 3 ADVANCE,ทั่วไป,ทั่วไป,5,รู้รุ่นแล้ว แต่ยังไม่มีหลักฐานราคา,ชื่อในช่องเอง,PHANTOM 3 ADVANCE
FLYABILITY,ELIOS 3,ทั่วไป,ทั่วไป,5,รู้รุ่นแล้ว แต่ยังไม่มีหลักฐานราคา,ชื่อในช่องเอง,ELIOS 3
GEPRC,CINELOG 30,ทั่วไป,ทั่วไป,5,รู้รุ่นแล้ว แต่ยังไม่มีหลักฐานราคา,ชื่อในช่องเอง,CINELOG 30
DJI,MAVIC2,ทั่วไป,ทั่วไป,5,รู้รุ่นแล้ว แต่ยังไม่มีหลักฐานราคา,ชื่อในช่องเอง,MAVIC2
AUTEL ROBOTICS,NANO PLUS,ทั่วไป,ทั่วไป,5,รู้รุ่นแล้ว แต่ยังไม่มีหลักฐานราคา,ชื่อในช่องเอง,NANO PLUS
DIATONE,ROMA F5,ทั่วไป,ทั่วไป,5,รู้รุ่นแล้ว แต่ยังไม่มีหลักฐานราคา,ชื่อในช่องเอง,ROMA F5
GEPRC,CINELOG 35 V2,ทั่วไป,ทั่วไป,5,รู้รุ่นแล้ว แต่ยังไม่มีหลักฐานราคา,ชื่อในช่องเอง,CINELOG 35 V2
AVILON ROBOTICS,CARRIER3000,ทั่วไป,ทั่วไป,5,รู้รุ่นแล้ว แต่ยังไม่มีหลักฐานราคา,ชื่อในช่องเอง,CARRIER3000
AVILON ROBOTICS,PHOTON,ทั่วไป,ทั่วไป,5,รู้รุ่นแล้ว แต่ยังไม่มีหลักฐานราคา,ชื่อในช่องเอง,PHOTON
DJI,MAVIC2 ENTERPRISE DUAL (L1DE),ทั่วไป,ทั่วไป,5,รู้รุ่นแล้ว แต่ยังไม่มีหลักฐานราคา,ชื่อในช่องเอง,MAVIC2 ENTERPRISE DUAL (L1DE)
AVILON ROBOTICS,SPIRE,ทั่วไป,ทั่วไป,5,รู้รุ่นแล้ว แต่ยังไม่มีหลักฐานราคา,ชื่อในช่องเอง,SPIRE
GEPRC,TERN-LR40,ทั่วไป,ทั่วไป,5,รู้รุ่นแล้ว แต่ยังไม่มีหลักฐานราคา,ชื่อในช่องเอง,TERN-LR40
HIVEGROUND,VESPA MK II,ทั่วไป,ทั่วไป,5,รู้รุ่นแล้ว แต่ยังไม่มีหลักฐานราคา,ชื่อในช่องเอง,VESPA MK II
HOLY STONE,HS360S,ทั่วไป,ทั่วไป,5,ยังไม่รู้ว่าเป็นรุ่นอะไร — ช่องรุ่นเป็นรหัสที่ยังถอดไม่ได้,รหัสที่ถอดไม่ได้,HS360S
DJI,MAVIC MINI SE,ทั่วไป,ทั่วไป,5,รู้รุ่นแล้ว แต่ยังไม่มีหลักฐานราคา,ชื่อในช่องเอง,MAVIC MINI SE
HUBSAN,H502S,ทั่วไป,ทั่วไป,5,รู้รุ่นแล้ว แต่ยังไม่มีหลักฐานราคา,ชื่อในช่องเอง,H502S
DJI,M300,ทั่วไป,ทั่วไป,5,รู้รุ่นแล้ว แต่ยังไม่มีหลักฐานราคา,ชื่อในช่องเอง,M300
ICS,VERTIX VL260,ทั่วไป,ทั่วไป,5,รู้รุ่นแล้ว แต่ยังไม่มีหลักฐานราคา,ชื่อในช่องเอง,VERTIX VL260
JJRC,H37,ทั่วไป,ทั่วไป,5,รู้รุ่นแล้ว แต่ยังไม่มีหลักฐานราคา,ชื่อในช่องเอง,H37
DJI,M3M,เกษตร,เกษตร-DJI,5,รู้รุ่นแล้ว แต่ยังไม่มีหลักฐานราคา,ชื่อในช่องเอง,M3M
EAGLE BROTHER,3WWDZ-10A,เกษตร,เกษตร-ไม่ใช่ DJI,5,ยังไม่รู้ว่าเป็นรุ่นอะไร — ช่องรุ่นเป็นรหัสที่ยังถอดไม่ได้,รหัสที่ถอดไม่ได้,3WWDZ-10A
DJI,MAGIC PRO,ทั่วไป,ทั่วไป,5,รู้รุ่นแล้ว แต่ยังไม่มีหลักฐานราคา,ชื่อในช่องเอง,MAGIC PRO
LUMA QUAD CO,LUMA 55,ทั่วไป,ทั่วไป,5,รู้รุ่นแล้ว แต่ยังไม่มีหลักฐานราคา,ชื่อในช่องเอง,LUMA 55
AUTEL ROBOTICS,EVO II PRO ENTERPRISE V3,ทั่วไป,ทั่วไป,5,รู้รุ่นแล้ว แต่ยังไม่มีหลักฐานราคา,ชื่อในช่องเอง,EVO II PRO ENTERPRISE V3
PARROT,ANAFI THERMAL,ทั่วไป,ทั่วไป,5,รู้รุ่นแล้ว แต่ยังไม่มีหลักฐานราคา,ชื่อในช่องเอง,ANAFI THERMAL
POTENSIC,DSDR04C,ทั่วไป,ทั่วไป,5,รู้รุ่นแล้ว แต่ยังไม่มีหลักฐานราคา,ชื่อในช่องเอง,DSDR04C
DJI,MAVIC AIR 1,ทั่วไป,ทั่วไป,5,รู้รุ่นแล้ว แต่ยังไม่มีหลักฐานราคา,ชื่อในช่องเอง,MAVIC AIR 1
SJRC,F11,ทั่วไป,ทั่วไป,5,รู้รุ่นแล้ว แต่ยังไม่มีหลักฐานราคา,ชื่อในช่องเอง,F11
AUTEL ROBOTICS,EVO LITE PLUS,ทั่วไป,ทั่วไป,5,รู้รุ่นแล้ว แต่ยังไม่มีหลักฐานราคา,ชื่อในช่องเอง,EVO LITE PLUS
DJI,MATRICE 3TD,ทั่วไป,ทั่วไป,5,รู้รุ่นแล้ว แต่ยังไม่มีหลักฐานราคา,ชื่อในช่องเอง,MATRICE 3TD
TAROT,680 PRO,ทั่วไป,ทั่วไป,5,รู้รุ่นแล้ว แต่ยังไม่มีหลักฐานราคา,ชื่อในช่องเอง,680 PRO
AVILON ROBOTICS,TAILOR BIRD,ทั่วไป,ทั่วไป,4,รู้รุ่นแล้ว แต่ยังไม่มีหลักฐานราคา,ชื่อในช่องเอง,TAILOR BIRD
MONSTER DRONE,MD410S,เกษตร,เกษตร-ไม่ใช่ DJI,4,ยังไม่รู้ว่าเป็นรุ่นอะไร — ช่องรุ่นเป็นรหัสที่ยังถอดไม่ได้,รหัสที่ถอดไม่ได้,MD410S
KK AGRAS,6 AXIS KK AGRAS,เกษตร,เกษตร-ไม่ใช่ DJI,4,รู้รุ่นแล้ว แต่ยังไม่มีหลักฐานราคา,ชื่อในช่องเอง,6 AXIS KK AGRAS
AUTEL ROBOTICS,EVO II PRO V3 RUGGED BUNDLE,ทั่วไป,ทั่วไป,4,รู้รุ่นแล้ว แต่ยังไม่มีหลักฐานราคา,ชื่อในช่องเอง,EVO II PRO V3 RUGGED BUNDLE
DJI MINI 2 SE,MT2SD,ทั่วไป,ทั่วไป,4,ยังไม่รู้ว่าเป็นรุ่นอะไร — ช่องรุ่นเป็นรหัสที่ยังถอดไม่ได้,รหัสที่ถอดไม่ได้,MT2SD
IMPULSE RC,APEX EVO 5,ทั่วไป,ทั่วไป,4,รู้รุ่นแล้ว แต่ยังไม่มีหลักฐานราคา,ชื่อในช่องเอง,APEX EVO 5
DJI,MAGIC AIR,ทั่วไป,ทั่วไป,4,รู้รุ่นแล้ว แต่ยังไม่มีหลักฐานราคา,ชื่อในช่องเอง,MAGIC AIR
DJI,MIMI 3 PRO,ทั่วไป,ทั่วไป,4,รู้รุ่นแล้ว แต่ยังไม่มีหลักฐานราคา,ชื่อในช่องเอง,MIMI 3 PRO
MJX,B12,ทั่วไป,ทั่วไป,4,รู้รุ่นแล้ว แต่ยังไม่มีหลักฐานราคา,ชื่อในช่องเอง,B12
SEAGULL EYES,(ไม่ระบุ),ทั่วไป,ทั่วไป,4,ยังไม่รู้ว่าเป็นรุ่นอะไร — ช่องรุ่นว่าง,ว่าง,-
DJI,MAGIC AIR2,ทั่วไป,ทั่วไป,4,รู้รุ่นแล้ว แต่ยังไม่มีหลักฐานราคา,ชื่อในช่องเอง,MAGIC AIR2
DJI MINI 3 PRO,MT3M3VD,ทั่วไป,ทั่วไป,4,ยังไม่รู้ว่าเป็นรุ่นอะไร — ช่องรุ่นเป็นรหัสที่ยังถอดไม่ได้,รหัสที่ถอดไม่ได้,MT3M3VD
BETAFPV,PAVO30,ทั่วไป,ทั่วไป,4,รู้รุ่นแล้ว แต่ยังไม่มีหลักฐานราคา,ชื่อในช่องเอง,PAVO30
INSEE,250,ทั่วไป,ทั่วไป,4,รู้รุ่นแล้ว แต่ยังไม่มีหลักฐานราคา,ชื่อในช่องเอง,250
HUBSAN,ZINO2+,ทั่วไป,ทั่วไป,4,รู้รุ่นแล้ว แต่ยังไม่มีหลักฐานราคา,ชื่อในช่องเอง,ZINO2+
DJI MINI 2,MINI 2,ทั่วไป,ทั่วไป,4,รู้รุ่นแล้ว แต่ยังไม่มีหลักฐานราคา,ชื่อในช่องเอง,DJI MINI 2 ;; MINI 2
ICS,VILVERIN VL340,ทั่วไป,ทั่วไป,4,รู้รุ่นแล้ว แต่ยังไม่มีหลักฐานราคา,ชื่อในช่องเอง,VILVERIN VL340
HORRUS-DRONE,OASIS 1.0,ทั่วไป,ทั่วไป,4,รู้รุ่นแล้ว แต่ยังไม่มีหลักฐานราคา,ชื่อในช่องเอง,OASIS 1.0
AOSSCI,XC-PLUS UAV SYSTEM,ทั่วไป,ทั่วไป,4,รู้รุ่นแล้ว แต่ยังไม่มีหลักฐานราคา,ชื่อในช่องเอง,XC-PLUS UAV SYSTEM
AUTEL ROBOTICS,MDCA,ทั่วไป,ทั่วไป,4,รู้รุ่นแล้ว แต่ยังไม่มีหลักฐานราคา,ชื่อในช่องเอง,MDCA
DJI,MATRICE 210 RTK,ทั่วไป,ทั่วไป,4,รู้รุ่นแล้ว แต่ยังไม่มีหลักฐานราคา,ชื่อในช่องเอง,MATRICE 210 RTK ;; MATRICE 210 RTK(M210 RTK)
HUBSAN,H501SS,ทั่วไป,ทั่วไป,4,รู้รุ่นแล้ว แต่ยังไม่มีหลักฐานราคา,ชื่อในช่องเอง,H501SS
DJI,MAVIC 2 ENTERPIRSE ADVANCED,ทั่วไป,ทั่วไป,4,รู้รุ่นแล้ว แต่ยังไม่มีหลักฐานราคา,ชื่อในช่องเอง,MAVIC 2 ENTERPIRSE ADVANCED (L1TE)
DJI,MINI 2 PRO,ทั่วไป,ทั่วไป,4,รู้รุ่นแล้ว แต่ยังไม่มีหลักฐานราคา,ชื่อในช่องเอง,MINI 2 PRO
GEPRC,MARK5 DC,ทั่วไป,ทั่วไป,4,รู้รุ่นแล้ว แต่ยังไม่มีหลักฐานราคา,ชื่อในช่องเอง,MARK5 DC
PARROT,(ไม่ระบุ),ทั่วไป,ทั่วไป,4,ยังไม่รู้ว่าเป็นรุ่นอะไร — ช่องรุ่นว่าง,ว่าง,-
GEPRC,CINELOG 35,ทั่วไป,ทั่วไป,4,รู้รุ่นแล้ว แต่ยังไม่มีหลักฐานราคา,ชื่อในช่องเอง,CINELOG 35
DJI,MAVIC MINI PRO 3,ทั่วไป,ทั่วไป,4,รู้รุ่นแล้ว แต่ยังไม่มีหลักฐานราคา,ชื่อในช่องเอง,MAVIC MINI PRO 3
SJRC,F22S,ทั่วไป,ทั่วไป,4,รู้รุ่นแล้ว แต่ยังไม่มีหลักฐานราคา,ชื่อในช่องเอง,F22S
DJI,3 MINI,ทั่วไป,ทั่วไป,4,รู้รุ่นแล้ว แต่ยังไม่มีหลักฐานราคา,ชื่อในช่องเอง,3 MINI ;; DJI 3 MINI
FLYWOO,FLYLENS85,ทั่วไป,ทั่วไป,4,รู้รุ่นแล้ว แต่ยังไม่มีหลักฐานราคา,ชื่อในช่องเอง,FLYLENS85
SYMA,X5SW,ทั่วไป,ทั่วไป,4,รู้รุ่นแล้ว แต่ยังไม่มีหลักฐานราคา,ชื่อในช่องเอง,X5SW
HUBSAN,ZINO 2 PLUS : HEIGHT VERSION,ทั่วไป,ทั่วไป,4,รู้รุ่นแล้ว แต่ยังไม่มีหลักฐานราคา,ชื่อในช่องเอง,ZINO 2 PLUS : HEIGHT VERSION
THE HELICOPTER GIRLS,X-AERIAL LIFTER X8 8,ทั่วไป,ทั่วไป,4,รู้รุ่นแล้ว แต่ยังไม่มีหลักฐานราคา,ชื่อในช่องเอง,X-AERIAL LIFTER X8 8
TYI,TYI6-15L,เกษตร,เกษตร-ไม่ใช่ DJI,4,รู้รุ่นแล้ว แต่ยังไม่มีหลักฐานราคา,ชื่อในช่องเอง,TYI6-15L
VIDEODRONE,X4S,ทั่วไป,ทั่วไป,4,รู้รุ่นแล้ว แต่ยังไม่มีหลักฐานราคา,ชื่อในช่องเอง,X4S
HUBSAN,(ไม่ระบุ),ทั่วไป,ทั่วไป,4,ยังไม่รู้ว่าเป็นรุ่นอะไร — ช่องรุ่นว่าง,ว่าง,-
WINGTRA,WINGTRAONEGEN II /TARANIS X9D PLUS (REMOTE),ทั่วไป,ทั่วไป,4,รู้รุ่นแล้ว แต่ยังไม่มีหลักฐานราคา,ชื่อในช่องเอง,WINGTRAONEGEN II (DRONE)/TARANIS X9D PLUS (REMOTE)
ZERO ZERO ROBOTICS,HOVERAIR X1,ทั่วไป,ทั่วไป,4,รู้รุ่นแล้ว แต่ยังไม่มีหลักฐานราคา,ชื่อในช่องเอง,HOVERAIR X1
ZEROZERO ROBOTICS,HOVERAIR X1,ทั่วไป,ทั่วไป,4,รู้รุ่นแล้ว แต่ยังไม่มีหลักฐานราคา,ชื่อในช่องเอง,HOVERAIR X1
DJI,MY2PD,ทั่วไป,ทั่วไป,4,ยังไม่รู้ว่าเป็นรุ่นอะไร — ช่องรุ่นเป็นรหัสที่ยังถอดไม่ได้,รหัสที่ถอดไม่ได้,MY2PD
ZLL,SG908 MAX,ทั่วไป,ทั่วไป,4,รู้รุ่นแล้ว แต่ยังไม่มีหลักฐานราคา,ชื่อในช่องเอง,SG908 MAX
DJI MAVIC PRO,M1P,ทั่วไป,ทั่วไป,4,รู้รุ่นแล้ว แต่ยังไม่มีหลักฐานราคา,ชื่อในช่องเอง,M1P
CHEERSON,CX-35,ทั่วไป,ทั่วไป,3,รู้รุ่นแล้ว แต่ยังไม่มีหลักฐานราคา,ชื่อในช่องเอง,CX-35
AUTEL ROBOTICS,EVO NANO,ทั่วไป,ทั่วไป,3,รู้รุ่นแล้ว แต่ยังไม่มีหลักฐานราคา,ชื่อในช่องเอง,EVO NANO
MI DRONE,FIMI X8 SE,ทั่วไป,ทั่วไป,3,รู้รุ่นแล้ว แต่ยังไม่มีหลักฐานราคา,ชื่อในช่องเอง,FIMI X8 SE
HUBSAN,H501S PRO,ทั่วไป,ทั่วไป,3,รู้รุ่นแล้ว แต่ยังไม่มีหลักฐานราคา,ชื่อในช่องเอง,H501S PRO
HOLY STONE,HS720G,ทั่วไป,ทั่วไป,3,ยังไม่รู้ว่าเป็นรุ่นอะไร — ช่องรุ่นเป็นรหัสที่ยังถอดไม่ได้,รหัสที่ถอดไม่ได้,HS720G
DJI AVATA,QF2W4K,ทั่วไป,ทั่วไป,3,ยังไม่รู้ว่าเป็นรุ่นอะไร — ช่องรุ่นเป็นรหัสที่ยังถอดไม่ได้,รหัสที่ถอดไม่ได้,QF2W4K
SHANG HENG,AE86 PROMAX,ทั่วไป,ทั่วไป,3,รู้รุ่นแล้ว แต่ยังไม่มีหลักฐานราคา,ชื่อในช่องเอง,AE86 PROMAX
GEPRC,VAPOR D5,ทั่วไป,ทั่วไป,3,รู้รุ่นแล้ว แต่ยังไม่มีหลักฐานราคา,ชื่อในช่องเอง,VAPOR D5
MAVIC,2 PRO,ทั่วไป,ทั่วไป,3,รู้รุ่นแล้ว แต่ยังไม่มีหลักฐานราคา,ชื่อในช่องเอง,2 PRO
DJI,MAVRIC AIR 2 S,ทั่วไป,ทั่วไป,3,รู้รุ่นแล้ว แต่ยังไม่มีหลักฐานราคา,ชื่อในช่องเอง,MAVRIC AIR 2 S
MAVIC,AIR 2,ทั่วไป,ทั่วไป,3,รู้รุ่นแล้ว แต่ยังไม่มีหลักฐานราคา,ชื่อในช่องเอง,AIR 2
IFLIGHT,NAZGUL 5,ทั่วไป,ทั่วไป,3,รู้รุ่นแล้ว แต่ยังไม่มีหลักฐานราคา,ชื่อในช่องเอง,NAZGUL 5
IFLIGHT,NAZGUL EVOGUE 6S HDF5X V2 FREESTYLE,ทั่วไป,ทั่วไป,3,รู้รุ่นแล้ว แต่ยังไม่มีหลักฐานราคา,ชื่อในช่องเอง,NAZGUL EVOGUE 6S HDF5X V2 FREESTYLE
DJI,WM331A และ GL300F,ทั่วไป,ทั่วไป,3,รู้รุ่นแล้ว แต่ยังไม่มีหลักฐานราคา,ชื่อในช่องเอง,WM331A และ GL300F
DJI,MT2PD MINI2,ทั่วไป,ทั่วไป,3,รู้รุ่นแล้ว แต่ยังไม่มีหลักฐานราคา,ชื่อในช่องเอง,MT2PD MINI2
DJI,MARVIC AIR,ทั่วไป,ทั่วไป,3,รู้รุ่นแล้ว แต่ยังไม่มีหลักฐานราคา,ชื่อในช่องเอง,MARVIC AIR
OBK,ALTA-X9,ทั่วไป,ทั่วไป,3,รู้รุ่นแล้ว แต่ยังไม่มีหลักฐานราคา,ชื่อในช่องเอง,ALTA-X9
IFLIGHT,NAZGUL F5D,ทั่วไป,ทั่วไป,3,รู้รุ่นแล้ว แต่ยังไม่มีหลักฐานราคา,ชื่อในช่องเอง,NAZGUL F5D
DJI,MAVIC AIR U11X,ทั่วไป,ทั่วไป,3,รู้รุ่นแล้ว แต่ยังไม่มีหลักฐานราคา,ชื่อในช่องเอง,MAVIC AIR U11X
HUBSAN,H501SS PRO,ทั่วไป,ทั่วไป,3,รู้รุ่นแล้ว แต่ยังไม่มีหลักฐานราคา,ชื่อในช่องเอง,H501SS PRO
DJI,MAVIC AIR S2,ทั่วไป,ทั่วไป,3,รู้รุ่นแล้ว แต่ยังไม่มีหลักฐานราคา,ชื่อในช่องเอง,MAVIC AIR S2
GEPRC,GEPRC MARK5,ทั่วไป,ทั่วไป,3,รู้รุ่นแล้ว แต่ยังไม่มีหลักฐานราคา,ชื่อในช่องเอง,GEPRC MARK5
GEPRC,CINELOG30 V3,ทั่วไป,ทั่วไป,3,รู้รุ่นแล้ว แต่ยังไม่มีหลักฐานราคา,ชื่อในช่องเอง,CINELOG30 V3
POTENSIC,ATOM DRONE,ทั่วไป,ทั่วไป,3,รู้รุ่นแล้ว แต่ยังไม่มีหลักฐานราคา,ชื่อในช่องเอง,ATOM DRONE
EHANG,GHOST DRONE 2.0,ทั่วไป,จดเป็นฝูง (ประมาณไม่ได้),3,รู้รุ่นแล้ว แต่ยังไม่มีหลักฐานราคา,ชื่อในช่องเอง,GHOST DRONE 2.0
QUANTUM SYSTEMS,TRINITY PRO,ทั่วไป,ทั่วไป,3,รู้รุ่นแล้ว แต่ยังไม่มีหลักฐานราคา,ชื่อในช่องเอง,TRINITY PRO
GEPRC,CINELOG 25,ทั่วไป,ทั่วไป,3,รู้รุ่นแล้ว แต่ยังไม่มีหลักฐานราคา,ชื่อในช่องเอง,CINELOG 25
SB1,RP08 6-20,เกษตร,เกษตร-ไม่ใช่ DJI,3,รู้รุ่นแล้ว แต่ยังไม่มีหลักฐานราคา,ชื่อในช่องเอง,RP08 6-20
GEPRC,TERN LR-40,ทั่วไป,ทั่วไป,3,รู้รุ่นแล้ว แต่ยังไม่มีหลักฐานราคา,ชื่อในช่องเอง,TERN LR-40
DJI,4K MINI,ทั่วไป,ทั่วไป,3,รู้รุ่นแล้ว แต่ยังไม่มีหลักฐานราคา,ชื่อในช่องเอง,4K MINI
DJI MAVIC 3 CINE,MAVIC 3 CINE,เกษตร,เกษตร-ไม่ใช่ DJI,3,รู้รุ่นแล้ว แต่ยังไม่มีหลักฐานราคา,ชื่อในช่องเอง,MAVIC 3 CINE
FREEFLY,ALTA X,ทั่วไป,ทั่วไป,3,รู้รุ่นแล้ว แต่ยังไม่มีหลักฐานราคา,ชื่อในช่องเอง,ALTA X
IFLIGHT,NAZGUL V2 F5D,ทั่วไป,ทั่วไป,3,รู้รุ่นแล้ว แต่ยังไม่มีหลักฐานราคา,ชื่อในช่องเอง,NAZGUL V2 F5D
SJRC,F22,ทั่วไป,ทั่วไป,3,รู้รุ่นแล้ว แต่ยังไม่มีหลักฐานราคา,ชื่อในช่องเอง,F22
เจ้าเอี้ยง,NB-1A,เกษตร,เกษตร-ไม่ใช่ DJI,3,รู้รุ่นแล้ว แต่ยังไม่มีหลักฐานราคา,ชื่อในช่องเอง,NB-1A
SPEEDY BEE,MASTER 5 HD,ทั่วไป,ทั่วไป,3,รู้รุ่นแล้ว แต่ยังไม่มีหลักฐานราคา,ชื่อในช่องเอง,MASTER 5 HD
BETAFPV,PAVO20,ทั่วไป,ทั่วไป,3,รู้รุ่นแล้ว แต่ยังไม่มีหลักฐานราคา,ชื่อในช่องเอง,PAVO20
SWELLPRO,FD3 ADVANCED FISHERMAN,ทั่วไป,ทั่วไป,3,รู้รุ่นแล้ว แต่ยังไม่มีหลักฐานราคา,ชื่อในช่องเอง,FD3 ADVANCED FISHERMAN
DJI,PHANTOM 4 STANDARD,ทั่วไป,ทั่วไป,3,รู้รุ่นแล้ว แต่ยังไม่มีหลักฐานราคา,ชื่อในช่องเอง,PHANTOM 4 STANDARD
SYMA,X5HW,ทั่วไป,ทั่วไป,3,รู้รุ่นแล้ว แต่ยังไม่มีหลักฐานราคา,ชื่อในช่องเอง,X5HW
BETAFPV,PAVO25 V2,ทั่วไป,ทั่วไป,3,รู้รุ่นแล้ว แต่ยังไม่มีหลักฐานราคา,ชื่อในช่องเอง,PAVO25 V2
TAROT,(ไม่ระบุ),ทั่วไป,ทั่วไป,3,ยังไม่รู้ว่าเป็นรุ่นอะไร — ช่องรุ่นว่าง,ว่าง,-
FIMI,X8 TELE,ทั่วไป,ทั่วไป,3,รู้รุ่นแล้ว แต่ยังไม่มีหลักฐานราคา,ชื่อในช่องเอง,X8 TELE
DJI,"L1Z , RM500(CONTROLLER)",ทั่วไป,ทั่วไป,3,รู้รุ่นแล้ว แต่ยังไม่มีหลักฐานราคา,ชื่อในช่องเอง,"L1Z(AIRCRAFT), RM500(CONTROLLER)"
DJI,MATICE 350 RTK,ทั่วไป,ทั่วไป,3,รู้รุ่นแล้ว แต่ยังไม่มีหลักฐานราคา,ชื่อในช่องเอง,MATICE 350 RTK
DJI MAVIC MINI,MT1SD25,ทั่วไป,ทั่วไป,3,ยังไม่รู้ว่าเป็นรุ่นอะไร — ช่องรุ่นเป็นรหัสที่ยังถอดไม่ได้,รหัสที่ถอดไม่ได้,MT1SD25
TRIMBLE,UX5 HP,ทั่วไป,ทั่วไป,3,รู้รุ่นแล้ว แต่ยังไม่มีหลักฐานราคา,ชื่อในช่องเอง,UX5 HP
FLYABILITY,ELIOS2,ทั่วไป,ทั่วไป,3,รู้รุ่นแล้ว แต่ยังไม่มีหลักฐานราคา,ชื่อในช่องเอง,ELIOS2
BUG AWAY,BA3L,เกษตร,เกษตร-ไม่ใช่ DJI,3,ยังไม่รู้ว่าเป็นรุ่นอะไร — ช่องรุ่นเป็นรหัสที่ยังถอดไม่ได้,รหัสที่ถอดไม่ได้,BA3L
DJI,M210RTK,ทั่วไป,ทั่วไป,3,รู้รุ่นแล้ว แต่ยังไม่มีหลักฐานราคา,ชื่อในช่องเอง,M210RTK
WALKERA,QR-350PRO,ทั่วไป,ทั่วไป,3,รู้รุ่นแล้ว แต่ยังไม่มีหลักฐานราคา,ชื่อในช่องเอง,QR-350PRO
DJI,MINI SE2,ทั่วไป,ทั่วไป,3,รู้รุ่นแล้ว แต่ยังไม่มีหลักฐานราคา,ชื่อในช่องเอง,MINI SE2
DJI,AVATA QF2W4K,ทั่วไป,ทั่วไป,3,รู้รุ่นแล้ว แต่ยังไม่มีหลักฐานราคา,ชื่อในช่องเอง,AVATA QF2W4K
WISDOM,HC629,ทั่วไป,ทั่วไป,3,ยังไม่รู้ว่าเป็นรุ่นอะไร — ช่องรุ่นเป็นรหัสที่ยังถอดไม่ได้,รหัสที่ถอดไม่ได้,HC629
WL TOYS,Q333,ทั่วไป,ทั่วไป,3,รู้รุ่นแล้ว แต่ยังไม่มีหลักฐานราคา,ชื่อในช่องเอง,Q333
FIMI X8 MINI,FMWRJ04A7,ทั่วไป,ทั่วไป,3,รู้รุ่นแล้ว แต่ยังไม่มีหลักฐานราคา,ชื่อในช่องเอง,FMWRJ04A7
DJI,MINI 3 PRO RC,ทั่วไป,ทั่วไป,3,รู้รุ่นแล้ว แต่ยังไม่มีหลักฐานราคา,ชื่อในช่องเอง,MINI 3 PRO RC
THE HELICOPTER GIRLS,BEAST X8,ทั่วไป,ทั่วไป,3,รู้รุ่นแล้ว แต่ยังไม่มีหลักฐานราคา,ชื่อในช่องเอง,BEAST X8
YUNEEC,MANTIS Q,ทั่วไป,ทั่วไป,3,รู้รุ่นแล้ว แต่ยังไม่มีหลักฐานราคา,ชื่อในช่องเอง,MANTIS Q
DJI,MINI MAVIC,ทั่วไป,ทั่วไป,3,รู้รุ่นแล้ว แต่ยังไม่มีหลักฐานราคา,ชื่อในช่องเอง,MINI MAVIC
YUNEEC,TYPHOON H ADVANCE,ทั่วไป,ทั่วไป,3,รู้รุ่นแล้ว แต่ยังไม่มีหลักฐานราคา,ชื่อในช่องเอง,TYPHOON H ADVANCE
DJI MAVIC MINI 2,MT2PD,ทั่วไป,ทั่วไป,3,ยังไม่รู้ว่าเป็นรุ่นอะไร — ช่องรุ่นเป็นรหัสที่ยังถอดไม่ได้,รหัสที่ถอดไม่ได้,MT2PD
FEIMA,J.ME,ทั่วไป,ทั่วไป,3,รู้รุ่นแล้ว แต่ยังไม่มีหลักฐานราคา,ชื่อในช่องเอง,J.ME
ZERO ZERO ROBOTICS,HOVERAIR X1 PRO,ทั่วไป,ทั่วไป,3,รู้รุ่นแล้ว แต่ยังไม่มีหลักฐานราคา,ชื่อในช่องเอง,HOVERAIR X1 PRO
AUTEL ROBOTICS,AUTEL ALPHA,ทั่วไป,ทั่วไป,3,รู้รุ่นแล้ว แต่ยังไม่มีหลักฐานราคา,ชื่อในช่องเอง,AUTEL ALPHA
MERL,(ไม่ระบุ),ทั่วไป,ทั่วไป,3,ยังไม่รู้ว่าเป็นรุ่นอะไร — ช่องรุ่นว่าง,ว่าง,-
AONIC,MIST 25050,เกษตร,เกษตร-ไม่ใช่ DJI,3,รู้รุ่นแล้ว แต่ยังไม่มีหลักฐานราคา,ชื่อในช่องเอง,MIST 25050
ประกอบเอง,FIX WING,ทั่วไป,ทั่วไป,3,รู้รุ่นแล้ว แต่ยังไม่มีหลักฐานราคา,ชื่อในช่องเอง,FIX WING
ประกอบเอง,M410,เกษตร,เกษตร-ไม่ใช่ DJI,3,รู้รุ่นแล้ว แต่ยังไม่มีหลักฐานราคา,ชื่อในช่องเอง,M410
DJI,MINI II,ทั่วไป,ทั่วไป,3,รู้รุ่นแล้ว แต่ยังไม่มีหลักฐานราคา,ชื่อในช่องเอง,MINI II
ICS,AVIX GN220 EVTOL,ทั่วไป,ทั่วไป,3,รู้รุ่นแล้ว แต่ยังไม่มีหลักฐานราคา,ชื่อในช่องเอง,AVIX GN220 EVTOL
DJI,MAVIC 2 PRO L1P,ทั่วไป,ทั่วไป,3,รู้รุ่นแล้ว แต่ยังไม่มีหลักฐานราคา,ชื่อในช่องเอง,MAVIC 2 PRO L1P
DJI,PHANTOM4 PRO V2.0,ทั่วไป,ทั่วไป,2,รู้รุ่นแล้ว แต่ยังไม่มีหลักฐานราคา,ชื่อในช่องเอง,PHANTOM4 PRO V2.0
DJI,PHANTOM4 PRO+OBSIDIAN,ทั่วไป,ทั่วไป,2,รู้รุ่นแล้ว แต่ยังไม่มีหลักฐานราคา,ชื่อในช่องเอง,PHANTOM4 PRO+OBSIDIAN (EU)
DJI,T650A / INSPIRE2,ทั่วไป,ทั่วไป,2,รู้รุ่นแล้ว แต่ยังไม่มีหลักฐานราคา,ชื่อในช่องเอง,T650A / INSPIRE2
DIJ,MINI 3 PRO,ทั่วไป,ทั่วไป,2,รู้รุ่นแล้ว แต่ยังไม่มีหลักฐานราคา,ชื่อในช่องเอง,MINI 3 PRO
DREAM FLY,HC 628,ทั่วไป,ทั่วไป,2,รู้รุ่นแล้ว แต่ยังไม่มีหลักฐานราคา,ชื่อในช่องเอง,HC 628
DRONE DJI,MINI 3 PRO,ทั่วไป,ทั่วไป,2,รู้รุ่นแล้ว แต่ยังไม่มีหลักฐานราคา,ชื่อในช่องเอง,MINI 3 PRO ;; DJI MINI 3 PRO / MT3M3VD
DJI MINI PRO 4,MT4MFVD,ทั่วไป,ทั่วไป,2,ยังไม่รู้ว่าเป็นรุ่นอะไร — ช่องรุ่นเป็นรหัสที่ยังถอดไม่ได้,รหัสที่ถอดไม่ได้,MT4MFVD
DJI MINI PRO 3,MT3M3VD,ทั่วไป,ทั่วไป,2,ยังไม่รู้ว่าเป็นรุ่นอะไร — ช่องรุ่นเป็นรหัสที่ยังถอดไม่ได้,รหัสที่ถอดไม่ได้,MT3M3VD
DJI NEO 2,DEN225,ทั่วไป,ทั่วไป,2,ยังไม่รู้ว่าเป็นรุ่นอะไร — ช่องรุ่นเป็นรหัสที่ยังถอดไม่ได้,รหัสที่ถอดไม่ได้,DEN225
EAVISION,3WWDZ-30B,เกษตร,เกษตร-ไม่ใช่ DJI,2,ยังไม่รู้ว่าเป็นรุ่นอะไร — ช่องรุ่นเป็นรหัสที่ยังถอดไม่ได้,รหัสที่ถอดไม่ได้,3WWDZ-30B
DJI MINI 3,MT3PD,ทั่วไป,ทั่วไป,2,ยังไม่รู้ว่าเป็นรุ่นอะไร — ช่องรุ่นเป็นรหัสที่ยังถอดไม่ได้,รหัสที่ถอดไม่ได้,MT3PD
EMAX,TINYHAWK III PLUS FREESTYLE BNF,ทั่วไป,ทั่วไป,2,รู้รุ่นแล้ว แต่ยังไม่มีหลักฐานราคา,ชื่อในช่องเอง,TINYHAWK III PLUS FREESTYLE BNF
EPP FOAM GLIDER,EPP FOAM GLIDER,ทั่วไป,ทั่วไป,2,รู้รุ่นแล้ว แต่ยังไม่มีหลักฐานราคา,ชื่อในช่องเอง,EPP FOAM GLIDER
FARM D,FOX 2,ทั่วไป,ทั่วไป,2,รู้รุ่นแล้ว แต่ยังไม่มีหลักฐานราคา,ชื่อในช่องเอง,FOX 2
DJI,DN1A0653,ทั่วไป,ทั่วไป,2,ยังไม่รู้ว่าเป็นรุ่นอะไร — ช่องรุ่นเป็นรหัสที่ยังถอดไม่ได้,รหัสที่ถอดไม่ได้,DN1A0653
DJI,MAVIC MINI 3PRO,ทั่วไป,ทั่วไป,2,รู้รุ่นแล้ว แต่ยังไม่มีหลักฐานราคา,ชื่อในช่องเอง,MAVIC MINI 3PRO
ICS,VERTIX VL240,ทั่วไป,ทั่วไป,2,รู้รุ่นแล้ว แต่ยังไม่มีหลักฐานราคา,ชื่อในช่องเอง,VERTIX VL240
DJI,MAVIC PRO 1,ทั่วไป,ทั่วไป,2,รู้รุ่นแล้ว แต่ยังไม่มีหลักฐานราคา,ชื่อในช่องเอง,MAVIC PRO 1
IFLIGHT,AFTERBURNER,ทั่วไป,ทั่วไป,2,รู้รุ่นแล้ว แต่ยังไม่มีหลักฐานราคา,ชื่อในช่องเอง,AFTERBURNER
IFLIGHT,AOS 5,ทั่วไป,ทั่วไป,2,รู้รุ่นแล้ว แต่ยังไม่มีหลักฐานราคา,ชื่อในช่องเอง,AOS 5
IFLIGHT,CHIMERA 7 PRO,ทั่วไป,ทั่วไป,2,รู้รุ่นแล้ว แต่ยังไม่มีหลักฐานราคา,ชื่อในช่องเอง,CHIMERA 7 PRO
IFLIGHT,CHIMERA PRO 7,ทั่วไป,ทั่วไป,2,รู้รุ่นแล้ว แต่ยังไม่มีหลักฐานราคา,ชื่อในช่องเอง,CHIMERA PRO 7
IFLIGHT,CHIMERA7 V2,ทั่วไป,ทั่วไป,2,รู้รุ่นแล้ว แต่ยังไม่มีหลักฐานราคา,ชื่อในช่องเอง,CHIMERA7 V2
IFLIGHT,CIDORA SL5,ทั่วไป,ทั่วไป,2,รู้รุ่นแล้ว แต่ยังไม่มีหลักฐานราคา,ชื่อในช่องเอง,CIDORA SL5
IFLIGHT,IH3 HD 03 AIR UNIT 45,ทั่วไป,ทั่วไป,2,รู้รุ่นแล้ว แต่ยังไม่มีหลักฐานราคา,ชื่อในช่องเอง,IH3 HD 03 AIR UNIT 45
IFLIGHT,NAZGUL EVOQUE F5D,ทั่วไป,ทั่วไป,2,รู้รุ่นแล้ว แต่ยังไม่มีหลักฐานราคา,ชื่อในช่องเอง,NAZGUL EVOQUE F5D
IFLIGHT,NAZGUL EVOQUE F5X,ทั่วไป,ทั่วไป,2,รู้รุ่นแล้ว แต่ยังไม่มีหลักฐานราคา,ชื่อในช่องเอง,NAZGUL EVOQUE F5X
IFLIGHT,PROTEK25,ทั่วไป,ทั่วไป,2,รู้รุ่นแล้ว แต่ยังไม่มีหลักฐานราคา,ชื่อในช่องเอง,PROTEK25
IFLIGHT,TAURUS X8,ทั่วไป,ทั่วไป,2,รู้รุ่นแล้ว แต่ยังไม่มีหลักฐานราคา,ชื่อในช่องเอง,TAURUS X8
IMPULSERC,APEX,ทั่วไป,ทั่วไป,2,รู้รุ่นแล้ว แต่ยังไม่มีหลักฐานราคา,ชื่อในช่องเอง,APEX
IMPULSERC,APEX HD,ทั่วไป,ทั่วไป,2,รู้รุ่นแล้ว แต่ยังไม่มีหลักฐานราคา,ชื่อในช่องเอง,APEX HD
DJI,AVATTA,ทั่วไป,ทั่วไป,2,รู้รุ่นแล้ว แต่ยังไม่มีหลักฐานราคา,ชื่อในช่องเอง,AVATTA
JOUSHA BARWELL,QVA-S2,ทั่วไป,ทั่วไป,2,รู้รุ่นแล้ว แต่ยังไม่มีหลักฐานราคา,ชื่อในช่องเอง,QVA-S2
DJI,AVATAR 2,ทั่วไป,ทั่วไป,2,รู้รุ่นแล้ว แต่ยังไม่มีหลักฐานราคา,ชื่อในช่องเอง,AVATAR 2
HOLY STONE,HS 360E,ทั่วไป,ทั่วไป,2,รู้รุ่นแล้ว แต่ยังไม่มีหลักฐานราคา,ชื่อในช่องเอง,HS 360E
LIONGREEN,L30,เกษตร,เกษตร-ไม่ใช่ DJI,2,รู้รุ่นแล้ว แต่ยังไม่มีหลักฐานราคา,ชื่อในช่องเอง,L30
LSRC,S1S,ทั่วไป,ทั่วไป,2,รู้รุ่นแล้ว แต่ยังไม่มีหลักฐานราคา,ชื่อในช่องเอง,S1S
DJI MINI2,MT2PD,ทั่วไป,ทั่วไป,2,ยังไม่รู้ว่าเป็นรุ่นอะไร — ช่องรุ่นเป็นรหัสที่ยังถอดไม่ได้,รหัสที่ถอดไม่ได้,MT2PD
DJI,ZOOM/L1Z,ทั่วไป,ทั่วไป,2,รู้รุ่นแล้ว แต่ยังไม่มีหลักฐานราคา,ชื่อในช่องเอง,ZOOM/L1Z
MAKER DRONE,MD616,เกษตร,เกษตร-ไม่ใช่ DJI,2,ยังไม่รู้ว่าเป็นรุ่นอะไร — ช่องรุ่นเป็นรหัสที่ยังถอดไม่ได้,รหัสที่ถอดไม่ได้,MD616
DJI,F550,ทั่วไป,ทั่วไป,2,รู้รุ่นแล้ว แต่ยังไม่มีหลักฐานราคา,ชื่อในช่องเอง,F550
MAVIC AIR,U11X,ทั่วไป,ทั่วไป,2,รู้รุ่นแล้ว แต่ยังไม่มีหลักฐานราคา,ชื่อในช่องเอง,U11X
FLYFISH,ATLAS 4,ทั่วไป,ทั่วไป,2,รู้รุ่นแล้ว แต่ยังไม่มีหลักฐานราคา,ชื่อในช่องเอง,ATLAS 4
DJI,AVATA 1,ทั่วไป,ทั่วไป,2,รู้รุ่นแล้ว แต่ยังไม่มีหลักฐานราคา,ชื่อในช่องเอง,AVATA 1
GEPRC,VAPOR-X5 DC,ทั่วไป,ทั่วไป,2,รู้รุ่นแล้ว แต่ยังไม่มีหลักฐานราคา,ชื่อในช่องเอง,VAPOR-X5 DC
GEPRC,VAPOR-D5,ทั่วไป,ทั่วไป,2,รู้รุ่นแล้ว แต่ยังไม่มีหลักฐานราคา,ชื่อในช่องเอง,VAPOR-D5
MJX,BUGS 2W,ทั่วไป,ทั่วไป,2,รู้รุ่นแล้ว แต่ยังไม่มีหลักฐานราคา,ชื่อในช่องเอง,BUGS 2W
MONSTER DRONE,MD PLUS,เกษตร,เกษตร-ไม่ใช่ DJI,2,รู้รุ่นแล้ว แต่ยังไม่มีหลักฐานราคา,ชื่อในช่องเอง,MD PLUS
DJI,PHAMTOM 4 PROFESSIONAL,ทั่วไป,ทั่วไป,2,รู้รุ่นแล้ว แต่ยังไม่มีหลักฐานราคา,ชื่อในช่องเอง,PHAMTOM 4 PROFESSIONAL
DJI,ATOM,ทั่วไป,ทั่วไป,2,รู้รุ่นแล้ว แต่ยังไม่มีหลักฐานราคา,ชื่อในช่องเอง,ATOM
AERYON,SKYRANGER,ทั่วไป,ทั่วไป,2,รู้รุ่นแล้ว แต่ยังไม่มีหลักฐานราคา,ชื่อในช่องเอง,SKYRANGER
ประกอบเอง,ประกอบเอง,ทั่วไป,ทั่วไป,2,รู้รุ่นแล้ว แต่ยังไม่มีหลักฐานราคา,ชื่อในช่องเอง,ประกอบเอง
DJI,FLYCART 100,ทั่วไป,ทั่วไป,2,รู้รุ่นแล้ว แต่ยังไม่มีหลักฐานราคา,ชื่อในช่องเอง,FLYCART 100 (CE)
GEPRC,MARK 5 DC,ทั่วไป,ทั่วไป,2,รู้รุ่นแล้ว แต่ยังไม่มีหลักฐานราคา,ชื่อในช่องเอง,MARK 5 DC
DJI,DN1A0672,ทั่วไป,ทั่วไป,2,ยังไม่รู้ว่าเป็นรุ่นอะไร — ช่องรุ่นเป็นรหัสที่ยังถอดไม่ได้,รหัสที่ถอดไม่ได้,DN1A0672
DJI,FPV 2,ทั่วไป,ทั่วไป,2,รู้รุ่นแล้ว แต่ยังไม่มีหลักฐานราคา,ชื่อในช่องเอง,FPV COMBO 2
DJI,MAVIC ZOOM,ทั่วไป,ทั่วไป,2,รู้รุ่นแล้ว แต่ยังไม่มีหลักฐานราคา,ชื่อในช่องเอง,MAVIC ZOOM
DJI,INSPIRE,ทั่วไป,ทั่วไป,2,รู้รุ่นแล้ว แต่ยังไม่มีหลักฐานราคา,ชื่อในช่องเอง,INSPIRE
PARROT,ANAFI USA,ทั่วไป,ทั่วไป,2,รู้รุ่นแล้ว แต่ยังไม่มีหลักฐานราคา,ชื่อในช่องเอง,ANAFI USA
PARROT,BEBOP,ทั่วไป,ทั่วไป,2,รู้รุ่นแล้ว แต่ยังไม่มีหลักฐานราคา,ชื่อในช่องเอง,BEBOP
ไม่ระบุยี่ห้อ,ไม่ระบุรุ่น,ทั่วไป,ทั่วไป,2,รู้รุ่นแล้ว แต่ยังไม่มีหลักฐานราคา,ชื่อในช่องเอง,ไม่ระบุรุ่น
PARROT,BEBOP DRONE 2,ทั่วไป,ทั่วไป,2,รู้รุ่นแล้ว แต่ยังไม่มีหลักฐานราคา,ชื่อในช่องเอง,BEBOP DRONE 2
DJI,AIR MAVIC 2,ทั่วไป,ทั่วไป,2,รู้รุ่นแล้ว แต่ยังไม่มีหลักฐานราคา,ชื่อในช่องเอง,AIR MAVIC 2
DJI,O3,ทั่วไป,ทั่วไป,2,รู้รุ่นแล้ว แต่ยังไม่มีหลักฐานราคา,ชื่อในช่องเอง,O3
DJI,AIR 4,ทั่วไป,ทั่วไป,2,รู้รุ่นแล้ว แต่ยังไม่มีหลักฐานราคา,ชื่อในช่องเอง,AIR 4
ALIGN,MR25,ทั่วไป,ทั่วไป,2,ยังไม่รู้ว่าเป็นรุ่นอะไร — ช่องรุ่นเป็นรหัสที่ยังถอดไม่ได้,รหัสที่ถอดไม่ได้,MR25
GEPRC,DARKSTAR 20,ทั่วไป,ทั่วไป,2,รู้รุ่นแล้ว แต่ยังไม่มีหลักฐานราคา,ชื่อในช่องเอง,DARKSTAR 20
AMETA,S20 LITE,ทั่วไป,ทั่วไป,2,รู้รุ่นแล้ว แต่ยังไม่มีหลักฐานราคา,ชื่อในช่องเอง,S20 LITE
POTENSIC,ATOM 3,ทั่วไป,ทั่วไป,2,รู้รุ่นแล้ว แต่ยังไม่มีหลักฐานราคา,ชื่อในช่องเอง,ATOM 3
DJO,MINI 2,ทั่วไป,ทั่วไป,2,รู้รุ่นแล้ว แต่ยังไม่มีหลักฐานราคา,ชื่อในช่องเอง,MINI 2
DJI,MAVIC2 ENTERPRISE DUAL,ทั่วไป,ทั่วไป,2,รู้รุ่นแล้ว แต่ยังไม่มีหลักฐานราคา,ชื่อในช่องเอง,MAVIC2 ENTERPRISE DUAL
GEPRC,CINELOG25,ทั่วไป,ทั่วไป,2,รู้รุ่นแล้ว แต่ยังไม่มีหลักฐานราคา,ชื่อในช่องเอง,CINELOG25
POTENSIC,ATOM LT,ทั่วไป,ทั่วไป,2,รู้รุ่นแล้ว แต่ยังไม่มีหลักฐานราคา,ชื่อในช่องเอง,ATOM LT
DJI,ADS-B,ทั่วไป,ทั่วไป,2,รู้รุ่นแล้ว แต่ยังไม่มีหลักฐานราคา,ชื่อในช่องเอง,ADS-B
POTENSIC,ATOM2,ทั่วไป,ทั่วไป,2,รู้รุ่นแล้ว แต่ยังไม่มีหลักฐานราคา,ชื่อในช่องเอง,ATOM2
HUBSAN,H109S PRO,ทั่วไป,ทั่วไป,2,รู้รุ่นแล้ว แต่ยังไม่มีหลักฐานราคา,ชื่อในช่องเอง,H109S PRO
PT,PHANTOM,ทั่วไป,ทั่วไป,2,รู้รุ่นแล้ว แต่ยังไม่มีหลักฐานราคา,ชื่อในช่องเอง,PHANTOM
ANTYGAVITY,A 1,ทั่วไป,ทั่วไป,2,รู้รุ่นแล้ว แต่ยังไม่มีหลักฐานราคา,ชื่อในช่องเอง,A 1
QUANTUM SYSTEMS,TRINITY F90+,ทั่วไป,ทั่วไป,2,รู้รุ่นแล้ว แต่ยังไม่มีหลักฐานราคา,ชื่อในช่องเอง,TRINITY F90+
DJI,"MAVIC2 ZOOM/L1Z,L1ZA",ทั่วไป,ทั่วไป,2,รู้รุ่นแล้ว แต่ยังไม่มีหลักฐานราคา,ชื่อในช่องเอง,"MAVIC2 ZOOM/L1Z,L1ZA"
GEPRC,CINELOG 30 V3,ทั่วไป,ทั่วไป,2,รู้รุ่นแล้ว แต่ยังไม่มีหลักฐานราคา,ชื่อในช่องเอง,CINELOG 30 V3
GEPRC,CINELOG 2S,ทั่วไป,ทั่วไป,2,รู้รุ่นแล้ว แต่ยังไม่มีหลักฐานราคา,ชื่อในช่องเอง,CINELOG 2S
DJI,AAVATA 2,ทั่วไป,ทั่วไป,2,รู้รุ่นแล้ว แต่ยังไม่มีหลักฐานราคา,ชื่อในช่องเอง,AAVATA 2
DJI,M210 V2,ทั่วไป,ทั่วไป,2,รู้รุ่นแล้ว แต่ยังไม่มีหลักฐานราคา,ชื่อในช่องเอง,M210 V2
GEPRC,CINELOG,ทั่วไป,ทั่วไป,2,รู้รุ่นแล้ว แต่ยังไม่มีหลักฐานราคา,ชื่อในช่องเอง,CINELOG
DJI,5 MINI PRO,ทั่วไป,ทั่วไป,2,รู้รุ่นแล้ว แต่ยังไม่มีหลักฐานราคา,ชื่อในช่องเอง,5 MINI PRO
DJI MAVIC,AIR 2S,ทั่วไป,ทั่วไป,2,รู้รุ่นแล้ว แต่ยังไม่มีหลักฐานราคา,ชื่อในช่องเอง,AIR 2S
DJI,PHANTOM 3 PROFESIONAL,ทั่วไป,ทั่วไป,2,รู้รุ่นแล้ว แต่ยังไม่มีหลักฐานราคา,ชื่อในช่องเอง,PHANTOM 3 PROFESIONAL
ASCTEC,INTEL FALCON 8 TRINITY,ทั่วไป,ทั่วไป,2,รู้รุ่นแล้ว แต่ยังไม่มีหลักฐานราคา,ชื่อในช่องเอง,INTEL FALCON 8 TRINITY
DJI,MAVIC PRO PLATINUM M1X,ทั่วไป,ทั่วไป,2,รู้รุ่นแล้ว แต่ยังไม่มีหลักฐานราคา,ชื่อในช่องเอง,MAVIC PRO PLATINUM M1X
ATMOS UAV,MARLYN-AC-TH-1,ทั่วไป,ทั่วไป,2,รู้รุ่นแล้ว แต่ยังไม่มีหลักฐานราคา,ชื่อในช่องเอง,MARLYN-AC-TH-1
DJI MAVIC 3,L2A,ทั่วไป,ทั่วไป,2,รู้รุ่นแล้ว แต่ยังไม่มีหลักฐานราคา,ชื่อในช่องเอง,L2A
AUTEL ROBOTIC,EVO 2 PRO,ทั่วไป,ทั่วไป,2,รู้รุ่นแล้ว แต่ยังไม่มีหลักฐานราคา,ชื่อในช่องเอง,EVO 2 PRO
GEPRC,CINEBOT 30,ทั่วไป,ทั่วไป,2,รู้รุ่นแล้ว แต่ยังไม่มีหลักฐานราคา,ชื่อในช่องเอง,CINEBOT 30
SENSEFLY,EBEE PLUS RTK,ทั่วไป,ทั่วไป,2,รู้รุ่นแล้ว แต่ยังไม่มีหลักฐานราคา,ชื่อในช่องเอง,EBEE PLUS RTK
GEPRC,CINE LOG 30 V3,ทั่วไป,ทั่วไป,2,รู้รุ่นแล้ว แต่ยังไม่มีหลักฐานราคา,ชื่อในช่องเอง,CINE LOG 30 V3
DJI MAVIC AIR 2,MA2UE3W,ทั่วไป,ทั่วไป,2,ยังไม่รู้ว่าเป็นรุ่นอะไร — ช่องรุ่นเป็นรหัสที่ยังถอดไม่ได้,รหัสที่ถอดไม่ได้,MA2UE3W
DJI,MAVID MINI,ทั่วไป,ทั่วไป,2,รู้รุ่นแล้ว แต่ยังไม่มีหลักฐานราคา,ชื่อในช่องเอง,MAVID MINI
SIMTOO MOMENT,(ไม่ระบุ),ทั่วไป,ทั่วไป,2,ยังไม่รู้ว่าเป็นรุ่นอะไร — ช่องรุ่นว่าง,ว่าง,-
FREE FLY,ALTA X,ทั่วไป,ทั่วไป,2,รู้รุ่นแล้ว แต่ยังไม่มีหลักฐานราคา,ชื่อในช่องเอง,ALTA X
FPV RACING,CG035,ทั่วไป,ทั่วไป,2,ยังไม่รู้ว่าเป็นรุ่นอะไร — ช่องรุ่นเป็นรหัสที่ยังถอดไม่ได้,รหัสที่ถอดไม่ได้,CG035
DJI,MAVIC 4 MINI,ทั่วไป,ทั่วไป,2,รู้รุ่นแล้ว แต่ยังไม่มีหลักฐานราคา,ชื่อในช่องเอง,MAVIC 4 MINI
DJI,MINI UAV,ทั่วไป,ทั่วไป,2,รู้รุ่นแล้ว แต่ยังไม่มีหลักฐานราคา,ชื่อในช่องเอง,MINI UAV
DJI,MAVIC 4,ทั่วไป,ทั่วไป,2,รู้รุ่นแล้ว แต่ยังไม่มีหลักฐานราคา,ชื่อในช่องเอง,MAVIC 4
SJRC,F11S,ทั่วไป,ทั่วไป,2,รู้รุ่นแล้ว แต่ยังไม่มีหลักฐานราคา,ชื่อในช่องเอง,F11S
FPV,CG035,ทั่วไป,ทั่วไป,2,ยังไม่รู้ว่าเป็นรุ่นอะไร — ช่องรุ่นเป็นรหัสที่ยังถอดไม่ได้,รหัสที่ถอดไม่ได้,CG035
SJRC,F11S PRO,ทั่วไป,ทั่วไป,2,รู้รุ่นแล้ว แต่ยังไม่มีหลักฐานราคา,ชื่อในช่องเอง,F11S PRO
AUTEL ROBOTICS,EVO LITE ENTERPRISE 640T,ทั่วไป,ทั่วไป,2,รู้รุ่นแล้ว แต่ยังไม่มีหลักฐานราคา,ชื่อในช่องเอง,EVO LITE ENTERPRISE 640T
DJI,MAVIK AIR,ทั่วไป,ทั่วไป,2,รู้รุ่นแล้ว แต่ยังไม่มีหลักฐานราคา,ชื่อในช่องเอง,MAVIK AIR
SKEYE,(ไม่ระบุ),ทั่วไป,ทั่วไป,2,ยังไม่รู้ว่าเป็นรุ่นอะไร — ช่องรุ่นว่าง,ว่าง,-
FOXTECH,LOONG 2160 VTOL,ทั่วไป,ทั่วไป,2,รู้รุ่นแล้ว แต่ยังไม่มีหลักฐานราคา,ชื่อในช่องเอง,LOONG 2160 VTOL
SKYARTEC,FREEX SKYVIEW,ทั่วไป,ทั่วไป,2,รู้รุ่นแล้ว แต่ยังไม่มีหลักฐานราคา,ชื่อในช่องเอง,FREEX SKYVIEW
SKYDIO,X2D,ทั่วไป,ทั่วไป,2,รู้รุ่นแล้ว แต่ยังไม่มีหลักฐานราคา,ชื่อในช่องเอง,X2D
DK 8K/4K CAMERA DRONE,DKDRONE-84K,ทั่วไป,ทั่วไป,2,รู้รุ่นแล้ว แต่ยังไม่มีหลักฐานราคา,ชื่อในช่องเอง,DKDRONE-84K
DJI MAVIC MINI,MR1SS5,ทั่วไป,ทั่วไป,2,ยังไม่รู้ว่าเป็นรุ่นอะไร — ช่องรุ่นเป็นรหัสที่ยังถอดไม่ได้,รหัสที่ถอดไม่ได้,MR1SS5
SKYPORTS,HYBRID-POWERED LIFT TRANSITIONAL PLATFORM (VTOL),ทั่วไป,ทั่วไป,2,รู้รุ่นแล้ว แต่ยังไม่มีหลักฐานราคา,ชื่อในช่องเอง,HYBRID-POWERED LIFT TRANSITIONAL PLATFORM (VTOL)
AUTEL ROBOTICS,EVO MAX 4N,ทั่วไป,ทั่วไป,2,รู้รุ่นแล้ว แต่ยังไม่มีหลักฐานราคา,ชื่อในช่องเอง,EVO MAX 4N (TH)
SPEEDYBEE,F405,ทั่วไป,ทั่วไป,2,รู้รุ่นแล้ว แต่ยังไม่มีหลักฐานราคา,ชื่อในช่องเอง,F405
SPEEDYBEE,MASTER 3X,ทั่วไป,ทั่วไป,2,รู้รุ่นแล้ว แต่ยังไม่มีหลักฐานราคา,ชื่อในช่องเอง,MASTER 3X
ST ENGINEERING AEROSPACE,DRN-15L,ทั่วไป,ทั่วไป,2,รู้รุ่นแล้ว แต่ยังไม่มีหลักฐานราคา,ชื่อในช่องเอง,DRN-15L
ST ENGINEERING AEROSPACE,DRN-40,ทั่วไป,ทั่วไป,2,รู้รุ่นแล้ว แต่ยังไม่มีหลักฐานราคา,ชื่อในช่องเอง,DRN-40
AUTEL ROBOTICS,EVO NANO +,ทั่วไป,ทั่วไป,2,รู้รุ่นแล้ว แต่ยังไม่มีหลักฐานราคา,ชื่อในช่องเอง,EVO NANO +
DJI,MAVIC 3 V2.0,ทั่วไป,ทั่วไป,2,รู้รุ่นแล้ว แต่ยังไม่มีหลักฐานราคา,ชื่อในช่องเอง,MAVIC 3 V2.0
FLYWOO,LR4,ทั่วไป,ทั่วไป,2,รู้รุ่นแล้ว แต่ยังไม่มีหลักฐานราคา,ชื่อในช่องเอง,LR4
DJI,MAVIK MINI,ทั่วไป,ทั่วไป,2,รู้รุ่นแล้ว แต่ยังไม่มีหลักฐานราคา,ชื่อในช่องเอง,MAVIK MINI
DJI,MAVIK MINI 2,ทั่วไป,ทั่วไป,2,รู้รุ่นแล้ว แต่ยังไม่มีหลักฐานราคา,ชื่อในช่องเอง,MAVIK MINI 2
SYMA,X5C,ทั่วไป,ทั่วไป,2,รู้รุ่นแล้ว แต่ยังไม่มีหลักฐานราคา,ชื่อในช่องเอง,X5C
DJI,MAGIC 2 PRO,ทั่วไป,ทั่วไป,2,รู้รุ่นแล้ว แต่ยังไม่มีหลักฐานราคา,ชื่อในช่องเอง,MAGIC 2 PRO
AUTEL ROBOTICS,MDXM2,ทั่วไป,ทั่วไป,2,รู้รุ่นแล้ว แต่ยังไม่มีหลักฐานราคา,ชื่อในช่องเอง,MDXM2
SYMA,X8 PRO,ทั่วไป,ทั่วไป,2,รู้รุ่นแล้ว แต่ยังไม่มีหลักฐานราคา,ชื่อในช่องเอง,X8 PRO
DJI,PHANTOM 4 ADVANCE,ทั่วไป,ทั่วไป,2,รู้รุ่นแล้ว แต่ยังไม่มีหลักฐานราคา,ชื่อในช่องเอง,PHANTOM 4 ADVANCE
DJI,MAVIC AIR 2 FLY,ทั่วไป,ทั่วไป,2,รู้รุ่นแล้ว แต่ยังไม่มีหลักฐานราคา,ชื่อในช่องเอง,MAVIC AIR 2 FLY
TAROT,T810,ทั่วไป,ทั่วไป,2,รู้รุ่นแล้ว แต่ยังไม่มีหลักฐานราคา,ชื่อในช่องเอง,T810
DJI,MAVIS AIR 2,ทั่วไป,ทั่วไป,2,รู้รุ่นแล้ว แต่ยังไม่มีหลักฐานราคา,ชื่อในช่องเอง,MAVIS AIR 2
TAROT,TL250H,ทั่วไป,ทั่วไป,2,ยังไม่รู้ว่าเป็นรุ่นอะไร — ช่องรุ่นเป็นรหัสที่ยังถอดไม่ได้,รหัสที่ถอดไม่ได้,TL250H
DJI MAVIC AIR,U11X,ทั่วไป,ทั่วไป,2,รู้รุ่นแล้ว แต่ยังไม่มีหลักฐานราคา,ชื่อในช่องเอง,U11X
DJI,DN1A0769,ทั่วไป,ทั่วไป,2,ยังไม่รู้ว่าเป็นรุ่นอะไร — ช่องรุ่นเป็นรหัสที่ยังถอดไม่ได้,รหัสที่ถอดไม่ได้,DN1A0769
DJI,MAGIC MINI,ทั่วไป,ทั่วไป,2,รู้รุ่นแล้ว แต่ยังไม่มีหลักฐานราคา,ชื่อในช่องเอง,MAGIC MINI
THE HELICOPTER GIRLS,X-AERIAL LIFTER X8 9,ทั่วไป,ทั่วไป,2,รู้รุ่นแล้ว แต่ยังไม่มีหลักฐานราคา,ชื่อในช่องเอง,X-AERIAL LIFTER X8 9
DJI,MAGIC MINI 3,ทั่วไป,ทั่วไป,2,รู้รุ่นแล้ว แต่ยังไม่มีหลักฐานราคา,ชื่อในช่องเอง,MAGIC MINI 3
FLYWOO,EXPLORER,ทั่วไป,ทั่วไป,2,รู้รุ่นแล้ว แต่ยังไม่มีหลักฐานราคา,ชื่อในช่องเอง,EXPLORER
FLYWOO,CINERACE20 V2,ทั่วไป,ทั่วไป,2,รู้รุ่นแล้ว แต่ยังไม่มีหลักฐานราคา,ชื่อในช่องเอง,CINERACE20 V2
TOYOTA,UAVT0000003,เกษตร,เกษตร-ไม่ใช่ DJI,2,รู้รุ่นแล้ว แต่ยังไม่มีหลักฐานราคา,ชื่อในช่องเอง,UAVT0000003
DJI,SPARK MM1A,ทั่วไป,ทั่วไป,2,รู้รุ่นแล้ว แต่ยังไม่มีหลักฐานราคา,ชื่อในช่องเอง,SPARK MM1A
BAYANGTOYS,X21,ทั่วไป,ทั่วไป,2,รู้รุ่นแล้ว แต่ยังไม่มีหลักฐานราคา,ชื่อในช่องเอง,X21
DJI,DN1A0784,ทั่วไป,ทั่วไป,2,ยังไม่รู้ว่าเป็นรุ่นอะไร — ช่องรุ่นเป็นรหัสที่ยังถอดไม่ได้,รหัสที่ถอดไม่ได้,DN1A0784
DJI,2 MINI,ทั่วไป,ทั่วไป,2,รู้รุ่นแล้ว แต่ยังไม่มีหลักฐานราคา,ชื่อในช่องเอง,2 MINI ;; DJI 2 MINI
VEFLY AUTOMATION,BLACK HORNET AHS1,ทั่วไป,ทั่วไป,2,รู้รุ่นแล้ว แต่ยังไม่มีหลักฐานราคา,ชื่อในช่องเอง,BLACK HORNET AHS1
VELOS ROTORS,VELOS V3,ทั่วไป,ทั่วไป,2,รู้รุ่นแล้ว แต่ยังไม่มีหลักฐานราคา,ชื่อในช่องเอง,VELOS V3
VERTICAL TECHNOLOGIES,DELTAQUAD PRO,ทั่วไป,ทั่วไป,2,รู้รุ่นแล้ว แต่ยังไม่มีหลักฐานราคา,ชื่อในช่องเอง,DELTAQUAD PRO
VERTICAL TECHNOLOGIES,DELTAQUAD PRO #VIEW,ทั่วไป,ทั่วไป,2,รู้รุ่นแล้ว แต่ยังไม่มีหลักฐานราคา,ชื่อในช่องเอง,DELTAQUAD PRO #VIEW
DJI MAVIC,MINI,ทั่วไป,ทั่วไป,2,รู้รุ่นแล้ว แต่ยังไม่มีหลักฐานราคา,ชื่อในช่องเอง,MINI
WALKERA,QR Y100,ทั่วไป,ทั่วไป,2,รู้รุ่นแล้ว แต่ยังไม่มีหลักฐานราคา,ชื่อในช่องเอง,QR Y100
DJI,PHANTOM 4 PRO V2,ทั่วไป,ทั่วไป,2,รู้รุ่นแล้ว แต่ยังไม่มีหลักฐานราคา,ชื่อในช่องเอง,PHANTOM 4 PRO V2
WALKERA,SCOUT X4,ทั่วไป,ทั่วไป,2,รู้รุ่นแล้ว แต่ยังไม่มีหลักฐานราคา,ชื่อในช่องเอง,SCOUT X4
WINGTRA,WINGTRAONE,ทั่วไป,ทั่วไป,2,รู้รุ่นแล้ว แต่ยังไม่มีหลักฐานราคา,ชื่อในช่องเอง,WINGTRAONE
DJI,PHANTOM 4 PRO+ OBSIDIAN,ทั่วไป,ทั่วไป,2,รู้รุ่นแล้ว แต่ยังไม่มีหลักฐานราคา,ชื่อในช่องเอง,PHANTOM 4 PRO+ OBSIDIAN
BETAFPV,AIR65,ทั่วไป,ทั่วไป,2,ยังไม่รู้ว่าเป็นรุ่นอะไร — ช่องรุ่นเป็นรหัสที่ยังถอดไม่ได้,รหัสที่ถอดไม่ได้,AIR65
BETAFPV,AIR75,ทั่วไป,ทั่วไป,2,ยังไม่รู้ว่าเป็นรุ่นอะไร — ช่องรุ่นเป็นรหัสที่ยังถอดไม่ได้,รหัสที่ถอดไม่ได้,AIR75
WL TOY,Q303,ทั่วไป,ทั่วไป,2,รู้รุ่นแล้ว แต่ยังไม่มีหลักฐานราคา,ชื่อในช่องเอง,Q303
WL TOYS,Q303,ทั่วไป,ทั่วไป,2,รู้รุ่นแล้ว แต่ยังไม่มีหลักฐานราคา,ชื่อในช่องเอง,Q303
WL TOYS,Q323,ทั่วไป,ทั่วไป,2,รู้รุ่นแล้ว แต่ยังไม่มีหลักฐานราคา,ชื่อในช่องเอง,Q323
DJI,MIN 3 PRO,ทั่วไป,ทั่วไป,2,รู้รุ่นแล้ว แต่ยังไม่มีหลักฐานราคา,ชื่อในช่องเอง,MIN 3 PRO
BETAFPV,PAVO 20,ทั่วไป,ทั่วไป,2,รู้รุ่นแล้ว แต่ยังไม่มีหลักฐานราคา,ชื่อในช่องเอง,PAVO 20
WLTOYS,Q303,ทั่วไป,ทั่วไป,2,รู้รุ่นแล้ว แต่ยังไม่มีหลักฐานราคา,ชื่อในช่องเอง,Q303
DJI,2,ทั่วไป,ทั่วไป,2,รู้รุ่นแล้ว แต่ยังไม่มีหลักฐานราคา,ชื่อในช่องเอง,2 ;; FLY MORE COMBO 2
XAG,3WWDZ-30A,เกษตร,เกษตร-ไม่ใช่ DJI,2,ยังไม่รู้ว่าเป็นรุ่นอะไร — ช่องรุ่นเป็นรหัสที่ยังถอดไม่ได้,รหัสที่ถอดไม่ได้,P60 (3WWDZ-30A)
DJI,MAVIC 3 MULTISPECTRAL TH,ทั่วไป,ทั่วไป,2,รู้รุ่นแล้ว แต่ยังไม่มีหลักฐานราคา,ชื่อในช่องเอง,MAVIC 3 MULTISPECTRAL TH (M3M TH)
XAG,3WWDZ-60A,เกษตร,เกษตร-ไม่ใช่ DJI,2,ยังไม่รู้ว่าเป็นรุ่นอะไร — ช่องรุ่นเป็นรหัสที่ยังถอดไม่ได้,รหัสที่ถอดไม่ได้,P150 (3WWDZ-60A)
XAG,3WWDZ-U80AT,เกษตร,เกษตร-ไม่ใช่ DJI,2,ยังไม่รู้ว่าเป็นรุ่นอะไร — ช่องรุ่นเป็นรหัสที่ยังถอดไม่ได้,รหัสที่ถอดไม่ได้,3WWDZ-U80AT
FIMI,X8SE2020,ทั่วไป,ทั่วไป,2,รู้รุ่นแล้ว แต่ยังไม่มีหลักฐานราคา,ชื่อในช่องเอง,X8SE2020
DJI,MARVIC AIR 2,ทั่วไป,ทั่วไป,2,รู้รุ่นแล้ว แต่ยังไม่มีหลักฐานราคา,ชื่อในช่องเอง,MARVIC AIR 2
XAIRCRAFT,P20,ทั่วไป,ทั่วไป,2,รู้รุ่นแล้ว แต่ยังไม่มีหลักฐานราคา,ชื่อในช่องเอง,P20
DJI,03 AIR UNIT,ทั่วไป,ทั่วไป,2,รู้รุ่นแล้ว แต่ยังไม่มีหลักฐานราคา,ชื่อในช่องเอง,03 AIR UNIT
DJI,AIRCRAFT T650A,ทั่วไป,ทั่วไป,2,รู้รุ่นแล้ว แต่ยังไม่มีหลักฐานราคา,ชื่อในช่องเอง,AIRCRAFT T650A
DJI,NAZA LITE,ทั่วไป,ทั่วไป,2,รู้รุ่นแล้ว แต่ยังไม่มีหลักฐานราคา,ชื่อในช่องเอง,NAZA LITE
XIAOMI,MI DRONE 4K,ทั่วไป,ทั่วไป,2,รู้รุ่นแล้ว แต่ยังไม่มีหลักฐานราคา,ชื่อในช่องเอง,MI DRONE 4K
XIRO,XPLORER,ทั่วไป,ทั่วไป,2,รู้รุ่นแล้ว แต่ยังไม่มีหลักฐานราคา,ชื่อในช่องเอง,XPLORER
DJI,MINE 3 PRO,ทั่วไป,ทั่วไป,2,รู้รุ่นแล้ว แต่ยังไม่มีหลักฐานราคา,ชื่อในช่องเอง,MINE 3 PRO ;; DJI MINE 3 PRO
DJI,PRO MINI 4,ทั่วไป,ทั่วไป,2,รู้รุ่นแล้ว แต่ยังไม่มีหลักฐานราคา,ชื่อในช่องเอง,PRO MINI 4
XK DETECT,(ไม่ระบุ),ทั่วไป,ทั่วไป,2,ยังไม่รู้ว่าเป็นรุ่นอะไร — ช่องรุ่นว่าง,ว่าง,-
DJI MAVIC MINI,MT2PD,ทั่วไป,ทั่วไป,2,ยังไม่รู้ว่าเป็นรุ่นอะไร — ช่องรุ่นเป็นรหัสที่ยังถอดไม่ได้,รหัสที่ถอดไม่ได้,MT2PD
XM2,SIERRA,ทั่วไป,ทั่วไป,2,รู้รุ่นแล้ว แต่ยังไม่มีหลักฐานราคา,ชื่อในช่องเอง,SIERRA
XM2,TANGO,ทั่วไป,ทั่วไป,2,รู้รุ่นแล้ว แต่ยังไม่มีหลักฐานราคา,ชื่อในช่องเอง,TANGO
YUNEEC,BREEZE 4K,ทั่วไป,ทั่วไป,2,รู้รุ่นแล้ว แต่ยังไม่มีหลักฐานราคา,ชื่อในช่องเอง,BREEZE 4K
DJI,MARVIC MINI,ทั่วไป,ทั่วไป,2,รู้รุ่นแล้ว แต่ยังไม่มีหลักฐานราคา,ชื่อในช่องเอง,MARVIC MINI
BUG AWAY,BA10LTH,เกษตร,เกษตร-ไม่ใช่ DJI,2,ยังไม่รู้ว่าเป็นรุ่นอะไร — ช่องรุ่นเป็นรหัสที่ยังถอดไม่ได้,รหัสที่ถอดไม่ได้,BA10LTH
DJI,DN1A0822,ทั่วไป,ทั่วไป,2,ยังไม่รู้ว่าเป็นรุ่นอะไร — ช่องรุ่นเป็นรหัสที่ยังถอดไม่ได้,รหัสที่ถอดไม่ได้,DN1A0822
DJI,MATRICE 210 RTK V2,ทั่วไป,ทั่วไป,2,รู้รุ่นแล้ว แต่ยังไม่มีหลักฐานราคา,ชื่อในช่องเอง,MATRICE 210 RTK V2 ;; M210 RTK V2 / MATRICE 210 RTK V2
DJI,DN1A1303,ทั่วไป,ทั่วไป,2,ยังไม่รู้ว่าเป็นรุ่นอะไร — ช่องรุ่นเป็นรหัสที่ยังถอดไม่ได้,รหัสที่ถอดไม่ได้,DN1A1303
DJ,MINI 4 PRO,ทั่วไป,ทั่วไป,2,รู้รุ่นแล้ว แต่ยังไม่มีหลักฐานราคา,ชื่อในช่องเอง,MINI 4 PRO
FIMI,X8 MINI DRONE,ทั่วไป,ทั่วไป,2,รู้รุ่นแล้ว แต่ยังไม่มีหลักฐานราคา,ชื่อในช่องเอง,X8 MINI DRONE
DJI,MATRICE 210 V2,ทั่วไป,ทั่วไป,2,รู้รุ่นแล้ว แต่ยังไม่มีหลักฐานราคา,ชื่อในช่องเอง,MATRICE 210 V2
DJI,DN1A0832,ทั่วไป,ทั่วไป,2,ยังไม่รู้ว่าเป็นรุ่นอะไร — ช่องรุ่นเป็นรหัสที่ยังถอดไม่ได้,รหัสที่ถอดไม่ได้,DN1A0832
DJI MAVIC MINI SE,MT2SS5,ทั่วไป,ทั่วไป,2,ยังไม่รู้ว่าเป็นรุ่นอะไร — ช่องรุ่นเป็นรหัสที่ยังถอดไม่ได้,รหัสที่ถอดไม่ได้,MT2SS5
AUTEL ROBOTICS,EVO NANO SERIES,ทั่วไป,ทั่วไป,2,รู้รุ่นแล้ว แต่ยังไม่มีหลักฐานราคา,ชื่อในช่องเอง,EVO NANO SERIES
FIMI,FMWRJ03A8,ทั่วไป,ทั่วไป,2,รู้รุ่นแล้ว แต่ยังไม่มีหลักฐานราคา,ชื่อในช่องเอง,FMWRJ03A8
DJI,PHANTOM PROFESSIONAL,ทั่วไป,ทั่วไป,2,รู้รุ่นแล้ว แต่ยังไม่มีหลักฐานราคา,ชื่อในช่องเอง,PHANTOM PROFESSIONAL
ZLL,SG906 PRO MAX,ทั่วไป,ทั่วไป,2,รู้รุ่นแล้ว แต่ยังไม่มีหลักฐานราคา,ชื่อในช่องเอง,SG906 PRO MAX
CHEERSON,CX 23,ทั่วไป,ทั่วไป,2,รู้รุ่นแล้ว แต่ยังไม่มีหลักฐานราคา,ชื่อในช่องเอง,CX 23
DJI,MAVIC 2S,ทั่วไป,ทั่วไป,2,รู้รุ่นแล้ว แต่ยังไม่มีหลักฐานราคา,ชื่อในช่องเอง,MAVIC 2S
ประกอบเอง,CG035,ทั่วไป,ทั่วไป,2,ยังไม่รู้ว่าเป็นรุ่นอะไร — ช่องรุ่นเป็นรหัสที่ยังถอดไม่ได้,รหัสที่ถอดไม่ได้,CG035
ประกอบเอง,F450,ทั่วไป,ทั่วไป,2,รู้รุ่นแล้ว แต่ยังไม่มีหลักฐานราคา,ชื่อในช่องเอง,F450
CS,V3,ทั่วไป,ทั่วไป,2,รู้รุ่นแล้ว แต่ยังไม่มีหลักฐานราคา,ชื่อในช่องเอง,V3
ประกอบเอง,HOBBYKING,ทั่วไป,ทั่วไป,2,รู้รุ่นแล้ว แต่ยังไม่มีหลักฐานราคา,ชื่อในช่องเอง,HOBBYKING
DJI,MATRICE 4D,ทั่วไป,ทั่วไป,2,รู้รุ่นแล้ว แต่ยังไม่มีหลักฐานราคา,ชื่อในช่องเอง,MATRICE 4D
ประกอบเอง,MAVIC AIR,ทั่วไป,ทั่วไป,2,รู้รุ่นแล้ว แต่ยังไม่มีหลักฐานราคา,ชื่อในช่องเอง,MAVIC AIR
DJI,MATRICE 600PRO,ทั่วไป,ทั่วไป,2,รู้รุ่นแล้ว แต่ยังไม่มีหลักฐานราคา,ชื่อในช่องเอง,MATRICE 600PRO (M600P)
ประกอบเอง,QAV-X210,ทั่วไป,ทั่วไป,2,รู้รุ่นแล้ว แต่ยังไม่มีหลักฐานราคา,ชื่อในช่องเอง,QAV-X210
ประกอบเอง,RD210,ทั่วไป,ทั่วไป,2,ยังไม่รู้ว่าเป็นรุ่นอะไร — ช่องรุ่นเป็นรหัสที่ยังถอดไม่ได้,รหัสที่ถอดไม่ได้,RD210
DJI AIR 2S,DA2SUE1,ทั่วไป,ทั่วไป,2,ยังไม่รู้ว่าเป็นรุ่นอะไร — ช่องรุ่นเป็นรหัสที่ยังถอดไม่ได้,รหัสที่ถอดไม่ได้,DA2SUE1
DJI,MATRICE M600 PRO,ทั่วไป,ทั่วไป,2,รู้รุ่นแล้ว แต่ยังไม่มีหลักฐานราคา,ชื่อในช่องเอง,MATRICE M600 PRO
ACECORE,ZOE,ทั่วไป,ทั่วไป,2,รู้รุ่นแล้ว แต่ยังไม่มีหลักฐานราคา,ชื่อในช่องเอง,ZOE
DJI,MAVIC 2 MINI,ทั่วไป,ทั่วไป,2,รู้รุ่นแล้ว แต่ยังไม่มีหลักฐานราคา,ชื่อในช่องเอง,MAVIC 2 MINI
DJI MINI,3 PRO,ทั่วไป,ทั่วไป,2,รู้รุ่นแล้ว แต่ยังไม่มีหลักฐานราคา,ชื่อในช่องเอง,3 PRO
TAROT,T960,ทั่วไป,ทั่วไป,2,รู้รุ่นแล้ว แต่ยังไม่มีหลักฐานราคา,ชื่อในช่องเอง,T960
DJI,DN1A1176,ทั่วไป,ทั่วไป,1,ยังไม่รู้ว่าเป็นรุ่นอะไร — ช่องรุ่นเป็นรหัสที่ยังถอดไม่ได้,รหัสที่ถอดไม่ได้,DN1A1176
DJI,DN1A1187,ทั่วไป,ทั่วไป,1,ยังไม่รู้ว่าเป็นรุ่นอะไร — ช่องรุ่นเป็นรหัสที่ยังถอดไม่ได้,รหัสที่ถอดไม่ได้,DN1A1187
DJI,DN1A1192,ทั่วไป,ทั่วไป,1,ยังไม่รู้ว่าเป็นรุ่นอะไร — ช่องรุ่นเป็นรหัสที่ยังถอดไม่ได้,รหัสที่ถอดไม่ได้,DN1A1192
DJI,DN1A1198,ทั่วไป,ทั่วไป,1,ยังไม่รู้ว่าเป็นรุ่นอะไร — ช่องรุ่นเป็นรหัสที่ยังถอดไม่ได้,รหัสที่ถอดไม่ได้,DN1A1198
DJI,DN1A1202,ทั่วไป,ทั่วไป,1,ยังไม่รู้ว่าเป็นรุ่นอะไร — ช่องรุ่นเป็นรหัสที่ยังถอดไม่ได้,รหัสที่ถอดไม่ได้,DN1A1202
DJI,DN1A1207,ทั่วไป,ทั่วไป,1,ยังไม่รู้ว่าเป็นรุ่นอะไร — ช่องรุ่นเป็นรหัสที่ยังถอดไม่ได้,รหัสที่ถอดไม่ได้,DN1A1207
DJI,DN1A1212,เกษตร,เกษตร-DJI,1,ยังไม่รู้ว่าเป็นรุ่นอะไร — ช่องรุ่นเป็นรหัสที่ยังถอดไม่ได้,รหัสที่ถอดไม่ได้,DN1A1212
DJI,DN1A1214,ทั่วไป,ทั่วไป,1,ยังไม่รู้ว่าเป็นรุ่นอะไร — ช่องรุ่นเป็นรหัสที่ยังถอดไม่ได้,รหัสที่ถอดไม่ได้,DN1A1214
DJI,DN1A1215,ทั่วไป,ทั่วไป,1,ยังไม่รู้ว่าเป็นรุ่นอะไร — ช่องรุ่นเป็นรหัสที่ยังถอดไม่ได้,รหัสที่ถอดไม่ได้,DN1A1215
DJI,DN1A1216,ทั่วไป,ทั่วไป,1,ยังไม่รู้ว่าเป็นรุ่นอะไร — ช่องรุ่นเป็นรหัสที่ยังถอดไม่ได้,รหัสที่ถอดไม่ได้,DN1A1216
DJI,DN1A1223,ทั่วไป,ทั่วไป,1,ยังไม่รู้ว่าเป็นรุ่นอะไร — ช่องรุ่นเป็นรหัสที่ยังถอดไม่ได้,รหัสที่ถอดไม่ได้,DN1A1223
DJI,DN1A1232,ทั่วไป,ทั่วไป,1,ยังไม่รู้ว่าเป็นรุ่นอะไร — ช่องรุ่นเป็นรหัสที่ยังถอดไม่ได้,รหัสที่ถอดไม่ได้,DN1A1232
DJI,DN1A1233,ทั่วไป,ทั่วไป,1,ยังไม่รู้ว่าเป็นรุ่นอะไร — ช่องรุ่นเป็นรหัสที่ยังถอดไม่ได้,รหัสที่ถอดไม่ได้,DN1A1233
DJI,DN1A1234,ทั่วไป,ทั่วไป,1,ยังไม่รู้ว่าเป็นรุ่นอะไร — ช่องรุ่นเป็นรหัสที่ยังถอดไม่ได้,รหัสที่ถอดไม่ได้,DN1A1234
DJI,DN1A1236,ทั่วไป,ทั่วไป,1,ยังไม่รู้ว่าเป็นรุ่นอะไร — ช่องรุ่นเป็นรหัสที่ยังถอดไม่ได้,รหัสที่ถอดไม่ได้,DN1A1236
DJI,DN1A1237,ทั่วไป,ทั่วไป,1,ยังไม่รู้ว่าเป็นรุ่นอะไร — ช่องรุ่นเป็นรหัสที่ยังถอดไม่ได้,รหัสที่ถอดไม่ได้,DN1A1237
DJI,DN1A1238,ทั่วไป,ทั่วไป,1,ยังไม่รู้ว่าเป็นรุ่นอะไร — ช่องรุ่นเป็นรหัสที่ยังถอดไม่ได้,รหัสที่ถอดไม่ได้,DN1A1238
DJI,DN1A1244,ทั่วไป,ทั่วไป,1,ยังไม่รู้ว่าเป็นรุ่นอะไร — ช่องรุ่นเป็นรหัสที่ยังถอดไม่ได้,รหัสที่ถอดไม่ได้,DN1A1244
DJI,DN1A1251,ทั่วไป,ทั่วไป,1,ยังไม่รู้ว่าเป็นรุ่นอะไร — ช่องรุ่นเป็นรหัสที่ยังถอดไม่ได้,รหัสที่ถอดไม่ได้,DN1A1251
DJI,DN1A1258,ทั่วไป,ทั่วไป,1,ยังไม่รู้ว่าเป็นรุ่นอะไร — ช่องรุ่นเป็นรหัสที่ยังถอดไม่ได้,รหัสที่ถอดไม่ได้,DN1A1258
DJI,DN1A1270,ทั่วไป,ทั่วไป,1,ยังไม่รู้ว่าเป็นรุ่นอะไร — ช่องรุ่นเป็นรหัสที่ยังถอดไม่ได้,รหัสที่ถอดไม่ได้,DN1A1270
DJI,DN1A1278,ทั่วไป,ทั่วไป,1,ยังไม่รู้ว่าเป็นรุ่นอะไร — ช่องรุ่นเป็นรหัสที่ยังถอดไม่ได้,รหัสที่ถอดไม่ได้,DN1A1278
DJI,DN1A1283,ทั่วไป,ทั่วไป,1,ยังไม่รู้ว่าเป็นรุ่นอะไร — ช่องรุ่นเป็นรหัสที่ยังถอดไม่ได้,รหัสที่ถอดไม่ได้,DN1A1283
DJI,DN1A1288,ทั่วไป,ทั่วไป,1,ยังไม่รู้ว่าเป็นรุ่นอะไร — ช่องรุ่นเป็นรหัสที่ยังถอดไม่ได้,รหัสที่ถอดไม่ได้,DN1A1288
DJI,DN1A1289,ทั่วไป,ทั่วไป,1,ยังไม่รู้ว่าเป็นรุ่นอะไร — ช่องรุ่นเป็นรหัสที่ยังถอดไม่ได้,รหัสที่ถอดไม่ได้,DN1A1289
DJI,DN1A1292,ทั่วไป,ทั่วไป,1,ยังไม่รู้ว่าเป็นรุ่นอะไร — ช่องรุ่นเป็นรหัสที่ยังถอดไม่ได้,รหัสที่ถอดไม่ได้,DN1A1292
DJI,DN1A1297,ทั่วไป,ทั่วไป,1,ยังไม่รู้ว่าเป็นรุ่นอะไร — ช่องรุ่นเป็นรหัสที่ยังถอดไม่ได้,รหัสที่ถอดไม่ได้,DN1A1297
DJI,DN1A1298,ทั่วไป,ทั่วไป,1,ยังไม่รู้ว่าเป็นรุ่นอะไร — ช่องรุ่นเป็นรหัสที่ยังถอดไม่ได้,รหัสที่ถอดไม่ได้,DN1A1298
DJI,DN1A1299,ทั่วไป,ทั่วไป,1,ยังไม่รู้ว่าเป็นรุ่นอะไร — ช่องรุ่นเป็นรหัสที่ยังถอดไม่ได้,รหัสที่ถอดไม่ได้,DN1A1299
DJI,DN1A1307,ทั่วไป,ทั่วไป,1,ยังไม่รู้ว่าเป็นรุ่นอะไร — ช่องรุ่นเป็นรหัสที่ยังถอดไม่ได้,รหัสที่ถอดไม่ได้,DN1A1307
DJI,DN1A1308,ทั่วไป,ทั่วไป,1,ยังไม่รู้ว่าเป็นรุ่นอะไร — ช่องรุ่นเป็นรหัสที่ยังถอดไม่ได้,รหัสที่ถอดไม่ได้,DN1A1308
DJI,DRONE MINI 4 PRO,ทั่วไป,ทั่วไป,1,รู้รุ่นแล้ว แต่ยังไม่มีหลักฐานราคา,ชื่อในช่องเอง,DRONE MINI 4 PRO FLY MORE COMBO
DJI,DRONE MINI 4 PRO FLY,ทั่วไป,ทั่วไป,1,รู้รุ่นแล้ว แต่ยังไม่มีหลักฐานราคา,ชื่อในช่องเอง,DRONE MINI 4 PRO FLY
DJI,F450,ทั่วไป,ทั่วไป,1,รู้รุ่นแล้ว แต่ยังไม่มีหลักฐานราคา,ชื่อในช่องเอง,F450
DJI,FKIP,ทั่วไป,ทั่วไป,1,รู้รุ่นแล้ว แต่ยังไม่มีหลักฐานราคา,ชื่อในช่องเอง,FKIP
DJI,FLIP - MINI CAMERA DRONE,ทั่วไป,ทั่วไป,1,รู้รุ่นแล้ว แต่ยังไม่มีหลักฐานราคา,ชื่อในช่องเอง,FLIP - MINI CAMERA DRONE
DJI,FLIP RC-N3,ทั่วไป,ทั่วไป,1,รู้รุ่นแล้ว แต่ยังไม่มีหลักฐานราคา,ชื่อในช่องเอง,FLIP RC-N3
DJI,FLY MINI 2,ทั่วไป,ทั่วไป,1,รู้รุ่นแล้ว แต่ยังไม่มีหลักฐานราคา,ชื่อในช่องเอง,FLY MINI 2
DJI,FPV DRONE,ทั่วไป,ทั่วไป,1,รู้รุ่นแล้ว แต่ยังไม่มีหลักฐานราคา,ชื่อในช่องเอง,FPV DRONE
DJI,INSPIRE 03,ทั่วไป,ทั่วไป,1,รู้รุ่นแล้ว แต่ยังไม่มีหลักฐานราคา,ชื่อในช่องเอง,INSPIRE 03
DJI,INSPIRE 1 PROFESSIONAL,ทั่วไป,ทั่วไป,1,รู้รุ่นแล้ว แต่ยังไม่มีหลักฐานราคา,ชื่อในช่องเอง,INSPIRE 1 PROFESSIONAL
DJI,INSPIRE 3 DISPLAY UNIT,ทั่วไป,ทั่วไป,1,รู้รุ่นแล้ว แต่ยังไม่มีหลักฐานราคา,ชื่อในช่องเอง,DJI INSPIRE 3 DISPLAY UNIT
DJI,"L3A, L3B",ทั่วไป,ทั่วไป,1,รู้รุ่นแล้ว แต่ยังไม่มีหลักฐานราคา,ชื่อในช่องเอง,"L3A, L3B"
DJI,LQP,ทั่วไป,ทั่วไป,1,รู้รุ่นแล้ว แต่ยังไม่มีหลักฐานราคา,ชื่อในช่องเอง,LQP
DJI,M100,ทั่วไป,ทั่วไป,1,รู้รุ่นแล้ว แต่ยังไม่มีหลักฐานราคา,ชื่อในช่องเอง,M100
DJI,M210,ทั่วไป,ทั่วไป,1,รู้รุ่นแล้ว แต่ยังไม่มีหลักฐานราคา,ชื่อในช่องเอง,M210
DJI,M30 RTK,ทั่วไป,ทั่วไป,1,รู้รุ่นแล้ว แต่ยังไม่มีหลักฐานราคา,ชื่อในช่องเอง,M30 RTK
DJI,M30T RTK,ทั่วไป,ทั่วไป,1,รู้รุ่นแล้ว แต่ยังไม่มีหลักฐานราคา,ชื่อในช่องเอง,M30T RTK
DJI,M4D,ทั่วไป,ทั่วไป,1,รู้รุ่นแล้ว แต่ยังไม่มีหลักฐานราคา,ชื่อในช่องเอง,M4D
DJI,MA2UE1N - MARVIC AIR 2,ทั่วไป,ทั่วไป,1,รู้รุ่นแล้ว แต่ยังไม่มีหลักฐานราคา,ชื่อในช่องเอง,MA2UE1N - MARVIC AIR 2
DJI,MA2UE3W - DJI MAVIC AIR 2,ทั่วไป,ทั่วไป,1,รู้รุ่นแล้ว แต่ยังไม่มีหลักฐานราคา,ชื่อในช่องเอง,MA2UE3W - DJI MAVIC AIR 2
DJI,MA2UE3W MAVIC AIR 2,ทั่วไป,ทั่วไป,1,รู้รุ่นแล้ว แต่ยังไม่มีหลักฐานราคา,ชื่อในช่องเอง,MA2UE3W MAVIC AIR 2
DJI,MA2UEIN,ทั่วไป,ทั่วไป,1,ยังไม่รู้ว่าเป็นรุ่นอะไร — ช่องรุ่นเป็นรหัสที่ยังถอดไม่ได้,รหัสที่ถอดไม่ได้,MA2UEIN
DJI,MACAMERAVIC AIR,ทั่วไป,ทั่วไป,1,รู้รุ่นแล้ว แต่ยังไม่มีหลักฐานราคา,ชื่อในช่องเอง,MACAMERAVIC AIR
DJI,MACIV 3 PRO,ทั่วไป,ทั่วไป,1,รู้รุ่นแล้ว แต่ยังไม่มีหลักฐานราคา,ชื่อในช่องเอง,DJI MACIV 3 PRO
DJI,MAGIC 3 CINE,ทั่วไป,ทั่วไป,1,รู้รุ่นแล้ว แต่ยังไม่มีหลักฐานราคา,ชื่อในช่องเอง,MAGIC 3 CINE
DJI,MAGIC 3E,ทั่วไป,ทั่วไป,1,รู้รุ่นแล้ว แต่ยังไม่มีหลักฐานราคา,ชื่อในช่องเอง,MAGIC 3E
DJI,MAGIC 4PRO,ทั่วไป,ทั่วไป,1,รู้รุ่นแล้ว แต่ยังไม่มีหลักฐานราคา,ชื่อในช่องเอง,MAGIC 4PRO
DJI,MAGIC AIR 2S,ทั่วไป,ทั่วไป,1,รู้รุ่นแล้ว แต่ยังไม่มีหลักฐานราคา,ชื่อในช่องเอง,MAGIC AIR 2S
DJI,MAGIC AIR 3,ทั่วไป,ทั่วไป,1,รู้รุ่นแล้ว แต่ยังไม่มีหลักฐานราคา,ชื่อในช่องเอง,MAGIC AIR 3
DJI,MAGIC MINI 3 PRO,ทั่วไป,ทั่วไป,1,รู้รุ่นแล้ว แต่ยังไม่มีหลักฐานราคา,ชื่อในช่องเอง,MAGIC MINI 3 PRO
DJI,MAGIC MINI SE,ทั่วไป,ทั่วไป,1,รู้รุ่นแล้ว แต่ยังไม่มีหลักฐานราคา,ชื่อในช่องเอง,MAGIC MINI SE
DJI,MAGIC PRO 2,ทั่วไป,ทั่วไป,1,รู้รุ่นแล้ว แต่ยังไม่มีหลักฐานราคา,ชื่อในช่องเอง,MAGIC PRO 2
DJI,MAGIC PRO PLATINUM,ทั่วไป,ทั่วไป,1,รู้รุ่นแล้ว แต่ยังไม่มีหลักฐานราคา,ชื่อในช่องเอง,MAGIC PRO PLATINUM
DJI,MAIVIK 2 PRO,ทั่วไป,ทั่วไป,1,รู้รุ่นแล้ว แต่ยังไม่มีหลักฐานราคา,ชื่อในช่องเอง,MAIVIK 2 PRO
DJI,MANIC AIR 2,ทั่วไป,ทั่วไป,1,รู้รุ่นแล้ว แต่ยังไม่มีหลักฐานราคา,ชื่อในช่องเอง,MANIC AIR 2
DJI,MARTRICE 210 RTK V2,ทั่วไป,ทั่วไป,1,รู้รุ่นแล้ว แต่ยังไม่มีหลักฐานราคา,ชื่อในช่องเอง,MARTRICE 210 RTK V2
DJI,MARVIC 3,ทั่วไป,ทั่วไป,1,รู้รุ่นแล้ว แต่ยังไม่มีหลักฐานราคา,ชื่อในช่องเอง,MARVIC 3
DJI,MARVIC 3 CINE,ทั่วไป,ทั่วไป,1,รู้รุ่นแล้ว แต่ยังไม่มีหลักฐานราคา,ชื่อในช่องเอง,MARVIC 3 CINE
DJI,MARVIC 3 PRO CINE,ทั่วไป,ทั่วไป,1,รู้รุ่นแล้ว แต่ยังไม่มีหลักฐานราคา,ชื่อในช่องเอง,MARVIC 3 PRO CINE
DJI,MARVIC 4 PRO,ทั่วไป,ทั่วไป,1,รู้รุ่นแล้ว แต่ยังไม่มีหลักฐานราคา,ชื่อในช่องเอง,MARVIC 4 PRO
DJI,MARVIC AIR2,ทั่วไป,ทั่วไป,1,รู้รุ่นแล้ว แต่ยังไม่มีหลักฐานราคา,ชื่อในช่องเอง,MARVIC AIR2
DJI,MARVIC MINI 1,ทั่วไป,ทั่วไป,1,รู้รุ่นแล้ว แต่ยังไม่มีหลักฐานราคา,ชื่อในช่องเอง,MARVIC MINI 1
DJI,MARVIC PRO,ทั่วไป,ทั่วไป,1,รู้รุ่นแล้ว แต่ยังไม่มีหลักฐานราคา,ชื่อในช่องเอง,MARVIC PRO
DJI,MARVIC PRO PLATINUM,ทั่วไป,ทั่วไป,1,รู้รุ่นแล้ว แต่ยังไม่มีหลักฐานราคา,ชื่อในช่องเอง,MARVIC PRO PLATINUM
DJI,MARVIK AIR2,ทั่วไป,ทั่วไป,1,รู้รุ่นแล้ว แต่ยังไม่มีหลักฐานราคา,ชื่อในช่องเอง,MARVIK AIR2
DJI,MATRIC 600 PRO (M600P),ทั่วไป,ทั่วไป,1,รู้รุ่นแล้ว แต่ยังไม่มีหลักฐานราคา,ชื่อในช่องเอง,MATRIC 600 PRO (M600P)
DJI,MATRICE 210 V2 RTK,ทั่วไป,ทั่วไป,1,รู้รุ่นแล้ว แต่ยังไม่มีหลักฐานราคา,ชื่อในช่องเอง,MATRICE 210 V2 RTK (M210 V2 RTK)
DJI,MATRICE 30 T,ทั่วไป,ทั่วไป,1,รู้รุ่นแล้ว แต่ยังไม่มีหลักฐานราคา,ชื่อในช่องเอง,MATRICE 30 T (M30T)
DJI,MATRICE 350,ทั่วไป,ทั่วไป,1,รู้รุ่นแล้ว แต่ยังไม่มีหลักฐานราคา,ชื่อในช่องเอง,MATRICE 350
DJI,MATRICE 3D,ทั่วไป,ทั่วไป,1,รู้รุ่นแล้ว แต่ยังไม่มีหลักฐานราคา,ชื่อในช่องเอง,MATRICE 3D
DJI,MATRICE M600,ทั่วไป,ทั่วไป,1,รู้รุ่นแล้ว แต่ยังไม่มีหลักฐานราคา,ชื่อในช่องเอง,MATRICE M600
DJI,MATRICE200,ทั่วไป,ทั่วไป,1,รู้รุ่นแล้ว แต่ยังไม่มีหลักฐานราคา,ชื่อในช่องเอง,MATRICE200
DJI,MATRICE210 V2,ทั่วไป,ทั่วไป,1,รู้รุ่นแล้ว แต่ยังไม่มีหลักฐานราคา,ชื่อในช่องเอง,MATRICE210 V2
DJI,MATRICE210RTK,ทั่วไป,ทั่วไป,1,รู้รุ่นแล้ว แต่ยังไม่มีหลักฐานราคา,ชื่อในช่องเอง,MATRICE210RTK
DJI,MATRICE210RTK V2,ทั่วไป,ทั่วไป,1,รู้รุ่นแล้ว แต่ยังไม่มีหลักฐานราคา,ชื่อในช่องเอง,MATRICE210RTK V2
DJI,MATRICE210RTK V2 (M210RTK V2),ทั่วไป,ทั่วไป,1,รู้รุ่นแล้ว แต่ยังไม่มีหลักฐานราคา,ชื่อในช่องเอง,MATRICE210RTK V2 (M210RTK V2) (CE)
DJI,MAVI AIR 2,ทั่วไป,ทั่วไป,1,รู้รุ่นแล้ว แต่ยังไม่มีหลักฐานราคา,ชื่อในช่องเอง,MAVI AIR 2
DJI,MAVI PRO 2,ทั่วไป,ทั่วไป,1,รู้รุ่นแล้ว แต่ยังไม่มีหลักฐานราคา,ชื่อในช่องเอง,MAVI PRO 2
DJI,MAVIC 2 AIR,ทั่วไป,ทั่วไป,1,รู้รุ่นแล้ว แต่ยังไม่มีหลักฐานราคา,ชื่อในช่องเอง,MAVIC 2 AIR
DJI,MAVIC 2 ENTERPRISE SERIES,ทั่วไป,ทั่วไป,1,รู้รุ่นแล้ว แต่ยังไม่มีหลักฐานราคา,ชื่อในช่องเอง,MAVIC 2 ENTERPRISE SERIES
DJI,MAVIC 2 PRI,ทั่วไป,ทั่วไป,1,รู้รุ่นแล้ว แต่ยังไม่มีหลักฐานราคา,ชื่อในช่องเอง,MAVIC 2 PRI
DJI,MAVIC 2 PRO ZOOM,ทั่วไป,ทั่วไป,1,รู้รุ่นแล้ว แต่ยังไม่มีหลักฐานราคา,ชื่อในช่องเอง,MAVIC 2 PRO ZOOM
DJI,MAVIC 3 CLASSIC DRONE,ทั่วไป,ทั่วไป,1,รู้รุ่นแล้ว แต่ยังไม่มีหลักฐานราคา,ชื่อในช่องเอง,MAVIC 3 CLASSIC DRONE
DJI,MAVIC 3 CLASSIC L2C,ทั่วไป,ทั่วไป,1,รู้รุ่นแล้ว แต่ยังไม่มีหลักฐานราคา,ชื่อในช่องเอง,MAVIC 3 CLASSIC L2C
DJI,MAVIC 3 ENTERPRISE THERMAL,ทั่วไป,ทั่วไป,1,รู้รุ่นแล้ว แต่ยังไม่มีหลักฐานราคา,ชื่อในช่องเอง,DJI MAVIC 3 ENTERPRISE THERMAL
DJI,MAVIC 3 MINI,ทั่วไป,ทั่วไป,1,รู้รุ่นแล้ว แต่ยังไม่มีหลักฐานราคา,ชื่อในช่องเอง,MAVIC 3 MINI
DJI,MAVIC 3 MINI PRO,ทั่วไป,ทั่วไป,1,รู้รุ่นแล้ว แต่ยังไม่มีหลักฐานราคา,ชื่อในช่องเอง,MAVIC 3 MINI PRO
DJI,MAVIC 3 MINI PRO RC,ทั่วไป,ทั่วไป,1,รู้รุ่นแล้ว แต่ยังไม่มีหลักฐานราคา,ชื่อในช่องเอง,MAVIC 3 MINI PRO RC
DJI,MAVIC 3 V2,ทั่วไป,ทั่วไป,1,รู้รุ่นแล้ว แต่ยังไม่มีหลักฐานราคา,ชื่อในช่องเอง,MAVIC 3 V2
DJI,MAVIC 4 MINI PRO,ทั่วไป,ทั่วไป,1,รู้รุ่นแล้ว แต่ยังไม่มีหลักฐานราคา,ชื่อในช่องเอง,DJI MAVIC 4 MINI PRO
DJI,MAVIC 4 PRO MINI,ทั่วไป,ทั่วไป,1,รู้รุ่นแล้ว แต่ยังไม่มีหลักฐานราคา,ชื่อในช่องเอง,MAVIC 4 PRO MINI
DJI,MAVIC AIR 2 MA2UE3W,ทั่วไป,ทั่วไป,1,รู้รุ่นแล้ว แต่ยังไม่มีหลักฐานราคา,ชื่อในช่องเอง,MAVIC AIR 2 MA2UE3W
DJI,MAVIC AIR 2 MINI,ทั่วไป,ทั่วไป,1,รู้รุ่นแล้ว แต่ยังไม่มีหลักฐานราคา,ชื่อในช่องเอง,MAVIC AIR 2 MINI
DJI,MAVIC AIR MODEL U11X,ทั่วไป,ทั่วไป,1,รู้รุ่นแล้ว แต่ยังไม่มีหลักฐานราคา,ชื่อในช่องเอง,MAVIC AIR MODEL U11X
DJI,MAVIC AIR PRO4,ทั่วไป,ทั่วไป,1,รู้รุ่นแล้ว แต่ยังไม่มีหลักฐานราคา,ชื่อในช่องเอง,MAVIC AIR PRO4
DJI,MAVIC AIR3,ทั่วไป,ทั่วไป,1,รู้รุ่นแล้ว แต่ยังไม่มีหลักฐานราคา,ชื่อในช่องเอง,MAVIC AIR3
DJI,MAVIC CINE 3 PRO,ทั่วไป,ทั่วไป,1,รู้รุ่นแล้ว แต่ยังไม่มีหลักฐานราคา,ชื่อในช่องเอง,MAVIC CINE 3 PRO
DJI,MAVIC CINE PRO 3,ทั่วไป,ทั่วไป,1,รู้รุ่นแล้ว แต่ยังไม่มีหลักฐานราคา,ชื่อในช่องเอง,DJI MAVIC CINE PRO 3
DJI,MAVIC CLASSIC,ทั่วไป,ทั่วไป,1,รู้รุ่นแล้ว แต่ยังไม่มีหลักฐานราคา,ชื่อในช่องเอง,MAVIC CLASSIC
DJI,MAVIC MIMI,ทั่วไป,ทั่วไป,1,รู้รุ่นแล้ว แต่ยังไม่มีหลักฐานราคา,ชื่อในช่องเอง,MAVIC MIMI
DJI,MAVIC MINI 2 SE,ทั่วไป,ทั่วไป,1,รู้รุ่นแล้ว แต่ยังไม่มีหลักฐานราคา,ชื่อในช่องเอง,MAVIC MINI 2 SE
DJI,MAVIC MINI 5,ทั่วไป,ทั่วไป,1,รู้รุ่นแล้ว แต่ยังไม่มีหลักฐานราคา,ชื่อในช่องเอง,MAVIC MINI 5
DJI,MAVIC MINI I,ทั่วไป,ทั่วไป,1,รู้รุ่นแล้ว แต่ยังไม่มีหลักฐานราคา,ชื่อในช่องเอง,MAVIC MINI I
DJI,MAVIC MINI MR1SD25,ทั่วไป,ทั่วไป,1,รู้รุ่นแล้ว แต่ยังไม่มีหลักฐานราคา,ชื่อในช่องเอง,MAVIC MINI MR1SD25
DJI,MAVIC MINI MT1SS5,ทั่วไป,ทั่วไป,1,รู้รุ่นแล้ว แต่ยังไม่มีหลักฐานราคา,ชื่อในช่องเอง,MAVIC MINI MT1SS5
DJI,MAVIC MINI PRO,ทั่วไป,ทั่วไป,1,รู้รุ่นแล้ว แต่ยังไม่มีหลักฐานราคา,ชื่อในช่องเอง,MAVIC MINI PRO
DJI,MAVIC MINI PRO 4,ทั่วไป,ทั่วไป,1,รู้รุ่นแล้ว แต่ยังไม่มีหลักฐานราคา,ชื่อในช่องเอง,MAVIC MINI PRO 4
DJI,MAVIC MINI QUADROCOPTER,ทั่วไป,ทั่วไป,1,รู้รุ่นแล้ว แต่ยังไม่มีหลักฐานราคา,ชื่อในช่องเอง,MAVIC MINI COMBO QUADROCOPTER
DJI,MAVIC PRO 4 MINI,ทั่วไป,ทั่วไป,1,รู้รุ่นแล้ว แต่ยังไม่มีหลักฐานราคา,ชื่อในช่องเอง,MAVIC PRO 4 MINI
DJI,MAVIC PRO CINE,ทั่วไป,ทั่วไป,1,รู้รุ่นแล้ว แต่ยังไม่มีหลักฐานราคา,ชื่อในช่องเอง,MAVIC PRO CINE
DJI,MAVIC PRO MINI 3,ทั่วไป,ทั่วไป,1,รู้รุ่นแล้ว แต่ยังไม่มีหลักฐานราคา,ชื่อในช่องเอง,MAVIC PRO MINI 3
DJI,MAVIC PRO V2,ทั่วไป,ทั่วไป,1,รู้รุ่นแล้ว แต่ยังไม่มีหลักฐานราคา,ชื่อในช่องเอง,MAVIC PRO V2
DJI,MAVIC PRO2,ทั่วไป,ทั่วไป,1,รู้รุ่นแล้ว แต่ยังไม่มีหลักฐานราคา,ชื่อในช่องเอง,MAVIC PRO2
DJI,MAVIC SE,ทั่วไป,ทั่วไป,1,รู้รุ่นแล้ว แต่ยังไม่มีหลักฐานราคา,ชื่อในช่องเอง,MAVIC SE
DJI,MAVIC ZOOM 2,ทั่วไป,ทั่วไป,1,รู้รุ่นแล้ว แต่ยังไม่มีหลักฐานราคา,ชื่อในช่องเอง,MAVIC ZOOM 2
DJI,MAVIC3 CINE,ทั่วไป,ทั่วไป,1,รู้รุ่นแล้ว แต่ยังไม่มีหลักฐานราคา,ชื่อในช่องเอง,MAVIC3 CINE
DJI,MAVIC3PRO CINE,ทั่วไป,ทั่วไป,1,รู้รุ่นแล้ว แต่ยังไม่มีหลักฐานราคา,ชื่อในช่องเอง,MAVIC3PRO CINE
DJI,MAVICK AIR 1,ทั่วไป,ทั่วไป,1,รู้รุ่นแล้ว แต่ยังไม่มีหลักฐานราคา,ชื่อในช่องเอง,MAVICK AIR 1
DJI,MAVICMINI2,ทั่วไป,ทั่วไป,1,รู้รุ่นแล้ว แต่ยังไม่มีหลักฐานราคา,ชื่อในช่องเอง,MAVICMINI2
DJI,MAVIK 3PRO,ทั่วไป,ทั่วไป,1,รู้รุ่นแล้ว แต่ยังไม่มีหลักฐานราคา,ชื่อในช่องเอง,MAVIK 3PRO
DJI,MAVIK AIR 2,ทั่วไป,ทั่วไป,1,รู้รุ่นแล้ว แต่ยังไม่มีหลักฐานราคา,ชื่อในช่องเอง,MAVIK AIR 2
DJI,MAVIK MINI 3 PRO,ทั่วไป,ทั่วไป,1,รู้รุ่นแล้ว แต่ยังไม่มีหลักฐานราคา,ชื่อในช่องเอง,MAVIK MINI 3 PRO
DJI,MAVIK MINI PRO 4,ทั่วไป,ทั่วไป,1,รู้รุ่นแล้ว แต่ยังไม่มีหลักฐานราคา,ชื่อในช่องเอง,MAVIK MINI PRO 4
DJI,MAVIR AIR,ทั่วไป,ทั่วไป,1,รู้รุ่นแล้ว แต่ยังไม่มีหลักฐานราคา,ชื่อในช่องเอง,MAVIR AIR
DJI,MAVIS 2 PRO,ทั่วไป,ทั่วไป,1,รู้รุ่นแล้ว แต่ยังไม่มีหลักฐานราคา,ชื่อในช่องเอง,MAVIS 2 PRO
DJI,MAVIV 2 PRO,ทั่วไป,ทั่วไป,1,รู้รุ่นแล้ว แต่ยังไม่มีหลักฐานราคา,ชื่อในช่องเอง,MAVIV 2 PRO
DJI,MAVIV MINI,ทั่วไป,ทั่วไป,1,รู้รุ่นแล้ว แต่ยังไม่มีหลักฐานราคา,ชื่อในช่องเอง,MAVIV MINI
DJI,MAVRIC AIR2 S,ทั่วไป,ทั่วไป,1,รู้รุ่นแล้ว แต่ยังไม่มีหลักฐานราคา,ชื่อในช่องเอง,MAVRIC AIR2 S
DJI,MAVRIC MINI 3 PRO,ทั่วไป,ทั่วไป,1,รู้รุ่นแล้ว แต่ยังไม่มีหลักฐานราคา,ชื่อในช่องเอง,MAVRIC MINI 3 PRO
DJI,MIIN 3 PRO,ทั่วไป,ทั่วไป,1,รู้รุ่นแล้ว แต่ยังไม่มีหลักฐานราคา,ชื่อในช่องเอง,MIIN 3 PRO
DJI,MIINI 4 PRO,ทั่วไป,ทั่วไป,1,รู้รุ่นแล้ว แต่ยังไม่มีหลักฐานราคา,ชื่อในช่องเอง,MIINI 4 PRO
DJI,MIMI 4 PRO,ทั่วไป,ทั่วไป,1,รู้รุ่นแล้ว แต่ยังไม่มีหลักฐานราคา,ชื่อในช่องเอง,MIMI 4 PRO
DJI,MIN4PRO,ทั่วไป,ทั่วไป,1,ยังไม่รู้ว่าเป็นรุ่นอะไร — ช่องรุ่นเป็นรหัสที่ยังถอดไม่ได้,รหัสที่ถอดไม่ได้,MIN4PRO
DJI,MINI 2 - 249G,ทั่วไป,ทั่วไป,1,รู้รุ่นแล้ว แต่ยังไม่มีหลักฐานราคา,ชื่อในช่องเอง,MINI 2 - 249G
DJI,MINI 2 4K,ทั่วไป,ทั่วไป,1,รู้รุ่นแล้ว แต่ยังไม่มีหลักฐานราคา,ชื่อในช่องเอง,MINI 2 4K
DJI,MINI 2 DISPLAY DEMO,ทั่วไป,ทั่วไป,1,รู้รุ่นแล้ว แต่ยังไม่มีหลักฐานราคา,ชื่อในช่องเอง,DJI MINI 2 DISPLAY DEMO (GL)
DJI,MINI 2 EU,ทั่วไป,ทั่วไป,1,รู้รุ่นแล้ว แต่ยังไม่มีหลักฐานราคา,ชื่อในช่องเอง,DJI MINI 2 FLY MORE COMBO EU
DJI,MINI 2 FLY,ทั่วไป,ทั่วไป,1,รู้รุ่นแล้ว แต่ยังไม่มีหลักฐานราคา,ชื่อในช่องเอง,MINI 2 FLY
DJI,MINI 2 FLY MORE,ทั่วไป,ทั่วไป,1,รู้รุ่นแล้ว แต่ยังไม่มีหลักฐานราคา,ชื่อในช่องเอง,MT2PD / DJI MINI 2 FLY MORE
DJI,MINI 2 MT2PT,ทั่วไป,ทั่วไป,1,รู้รุ่นแล้ว แต่ยังไม่มีหลักฐานราคา,ชื่อในช่องเอง,MINI 2 MT2PT
DJI,MINI 2 SE 4K,ทั่วไป,ทั่วไป,1,รู้รุ่นแล้ว แต่ยังไม่มีหลักฐานราคา,ชื่อในช่องเอง,MINI 2 SE 4K
DJI,MINI 2 SE C0,ทั่วไป,ทั่วไป,1,รู้รุ่นแล้ว แต่ยังไม่มีหลักฐานราคา,ชื่อในช่องเอง,MINI 2 SE C0
DJI,MINI 2 SE FLY,ทั่วไป,ทั่วไป,1,รู้รุ่นแล้ว แต่ยังไม่มีหลักฐานราคา,ชื่อในช่องเอง,DJI MINI 2 SE FLY COMBO
DJI,MINI 2 SE MT2SD,ทั่วไป,ทั่วไป,1,รู้รุ่นแล้ว แต่ยังไม่มีหลักฐานราคา,ชื่อในช่องเอง,MINI 2 SE MT2SD
DJI,MINI 2 SW,ทั่วไป,ทั่วไป,1,รู้รุ่นแล้ว แต่ยังไม่มีหลักฐานราคา,ชื่อในช่องเอง,MINI 2 SW
DJI,MINI 2PRO,ทั่วไป,ทั่วไป,1,รู้รุ่นแล้ว แต่ยังไม่มีหลักฐานราคา,ชื่อในช่องเอง,MINI 2PRO
DJI,MINI 3 CLASSIC,ทั่วไป,ทั่วไป,1,รู้รุ่นแล้ว แต่ยังไม่มีหลักฐานราคา,ชื่อในช่องเอง,MINI 3 CLASSIC
DJI,MINI 3 FLY MORE,ทั่วไป,ทั่วไป,1,รู้รุ่นแล้ว แต่ยังไม่มีหลักฐานราคา,ชื่อในช่องเอง,MINI 3 FLY MORE
DJI,MINI 3 FMC RC,ทั่วไป,ทั่วไป,1,รู้รุ่นแล้ว แต่ยังไม่มีหลักฐานราคา,ชื่อในช่องเอง,MINI 3 FMC RC
DJI,MINI 3 MT3PD,ทั่วไป,ทั่วไป,1,รู้รุ่นแล้ว แต่ยังไม่มีหลักฐานราคา,ชื่อในช่องเอง,MINI 3 MT3PD
DJI,MINI 3 PRI,ทั่วไป,ทั่วไป,1,รู้รุ่นแล้ว แต่ยังไม่มีหลักฐานราคา,ชื่อในช่องเอง,MINI 3 PRI
DJI,MINI 3 PRO 3,ทั่วไป,ทั่วไป,1,รู้รุ่นแล้ว แต่ยังไม่มีหลักฐานราคา,ชื่อในช่องเอง,MINI 3 PRO 3
DJI,MINI 3 PRO CAMERA DRONE,ทั่วไป,ทั่วไป,1,รู้รุ่นแล้ว แต่ยังไม่มีหลักฐานราคา,ชื่อในช่องเอง,MINI 3 PRO (DJI RC) CAMERA DRONE
DJI,MINI 3 PRO MT3M3VD,ทั่วไป,ทั่วไป,1,รู้รุ่นแล้ว แต่ยังไม่มีหลักฐานราคา,ชื่อในช่องเอง,MINI 3 PRO MT3M3VD
DJI,MINI 3 PRO RC 249 GRAMS,ทั่วไป,ทั่วไป,1,รู้รุ่นแล้ว แต่ยังไม่มีหลักฐานราคา,ชื่อในช่องเอง,DJI MINI 3 PRO RC 249 GRAMS
DJI,MINI 3 PRO ULTRA LIGHT 249G,ทั่วไป,ทั่วไป,1,รู้รุ่นแล้ว แต่ยังไม่มีหลักฐานราคา,ชื่อในช่องเอง,MINI 3 PRO ULTRA LIGHT 249G
DJI,MINI 3 PROO,ทั่วไป,ทั่วไป,1,รู้รุ่นแล้ว แต่ยังไม่มีหลักฐานราคา,ชื่อในช่องเอง,MINI 3 PROO
DJI,MINI 3 RC,ทั่วไป,ทั่วไป,1,รู้รุ่นแล้ว แต่ยังไม่มีหลักฐานราคา,ชื่อในช่องเอง,MINI 3 RC
DJI,MINI 4 PRO MINI,ทั่วไป,ทั่วไป,1,รู้รุ่นแล้ว แต่ยังไม่มีหลักฐานราคา,ชื่อในช่องเอง,DJI MINI 4 PRO FLY MORE COMBO (DJI RC 2) MINI
DJI,MINI 4 PRO0,ทั่วไป,ทั่วไป,1,รู้รุ่นแล้ว แต่ยังไม่มีหลักฐานราคา,ชื่อในช่องเอง,MINI 4 PRO0
DJI,MINI 4K PRO,ทั่วไป,ทั่วไป,1,รู้รุ่นแล้ว แต่ยังไม่มีหลักฐานราคา,ชื่อในช่องเอง,DJI MINI 4K PRO
DJI,MINI 4K SE,ทั่วไป,ทั่วไป,1,รู้รุ่นแล้ว แต่ยังไม่มีหลักฐานราคา,ชื่อในช่องเอง,MINI 4K SE
DJI,MINI 4K UNDER 250GR,ทั่วไป,ทั่วไป,1,รู้รุ่นแล้ว แต่ยังไม่มีหลักฐานราคา,ชื่อในช่องเอง,MINI 4K UNDER 250GR
DJI,MINI 5,ทั่วไป,ทั่วไป,1,รู้รุ่นแล้ว แต่ยังไม่มีหลักฐานราคา,ชื่อในช่องเอง,MINI 5
DJI,MINI A PRO,ทั่วไป,ทั่วไป,1,รู้รุ่นแล้ว แต่ยังไม่มีหลักฐานราคา,ชื่อในช่องเอง,MINI A PRO
DJI,MINI FLY 2 MORE,ทั่วไป,ทั่วไป,1,รู้รุ่นแล้ว แต่ยังไม่มีหลักฐานราคา,ชื่อในช่องเอง,MINI FLY 2 MORE COMBO
DJI,MINI MAVIC 2,ทั่วไป,ทั่วไป,1,รู้รุ่นแล้ว แต่ยังไม่มีหลักฐานราคา,ชื่อในช่องเอง,MINI MAVIC 2
DJI,MINI MR1SD25,ทั่วไป,ทั่วไป,1,รู้รุ่นแล้ว แต่ยังไม่มีหลักฐานราคา,ชื่อในช่องเอง,MINI MR1SD25
DJI,MINI PRO 2,ทั่วไป,ทั่วไป,1,รู้รุ่นแล้ว แต่ยังไม่มีหลักฐานราคา,ชื่อในช่องเอง,MINI PRO 2
DJI,MINI PRO III,ทั่วไป,ทั่วไป,1,รู้รุ่นแล้ว แต่ยังไม่มีหลักฐานราคา,ชื่อในช่องเอง,MINI PRO III
DJI,MINI PROU 3,ทั่วไป,ทั่วไป,1,รู้รุ่นแล้ว แต่ยังไม่มีหลักฐานราคา,ชื่อในช่องเอง,MINI PROU 3
DJI,MINI SE MT2SD25,ทั่วไป,ทั่วไป,1,รู้รุ่นแล้ว แต่ยังไม่มีหลักฐานราคา,ชื่อในช่องเอง,MINI SE MT2SD25
DJI,MINI SE MT2SS5,ทั่วไป,ทั่วไป,1,รู้รุ่นแล้ว แต่ยังไม่มีหลักฐานราคา,ชื่อในช่องเอง,MINI SE MT2SS5
DJI,MINI SE2SSS,ทั่วไป,ทั่วไป,1,รู้รุ่นแล้ว แต่ยังไม่มีหลักฐานราคา,ชื่อในช่องเอง,MINI SE2SSS
DJI,MINI SED,ทั่วไป,ทั่วไป,1,รู้รุ่นแล้ว แต่ยังไม่มีหลักฐานราคา,ชื่อในช่องเอง,MINI SED
DJI,MINI-2 MT2PD,ทั่วไป,ทั่วไป,1,รู้รุ่นแล้ว แต่ยังไม่มีหลักฐานราคา,ชื่อในช่องเอง,MINI-2 MT2PD
DJI,MINI2 - MT2PD,ทั่วไป,ทั่วไป,1,รู้รุ่นแล้ว แต่ยังไม่มีหลักฐานราคา,ชื่อในช่องเอง,MINI2 - MT2PD
DJI,MINI2 4 K,ทั่วไป,ทั่วไป,1,รู้รุ่นแล้ว แต่ยังไม่มีหลักฐานราคา,ชื่อในช่องเอง,MINI2 4 K
DJI,MINI2 MT2PD,ทั่วไป,ทั่วไป,1,รู้รุ่นแล้ว แต่ยังไม่มีหลักฐานราคา,ชื่อในช่องเอง,MINI2 MT2PD
DJI,MINI2-8EED2,ทั่วไป,ทั่วไป,1,รู้รุ่นแล้ว แต่ยังไม่มีหลักฐานราคา,ชื่อในช่องเอง,DJI MINI2-8EED2
DJI,MINI2PRO,ทั่วไป,ทั่วไป,1,รู้รุ่นแล้ว แต่ยังไม่มีหลักฐานราคา,ชื่อในช่องเอง,MINI2PRO
DJI,MINI4KPRO,ทั่วไป,ทั่วไป,1,รู้รุ่นแล้ว แต่ยังไม่มีหลักฐานราคา,ชื่อในช่องเอง,MINI4KPRO
DJI,MINII 3 PRO,ทั่วไป,ทั่วไป,1,รู้รุ่นแล้ว แต่ยังไม่มีหลักฐานราคา,ชื่อในช่องเอง,MINII 3 PRO (DJI RC) (GL)
DJI,MININ3,ทั่วไป,ทั่วไป,1,รู้รุ่นแล้ว แต่ยังไม่มีหลักฐานราคา,ชื่อในช่องเอง,MININ3
DJI,MININPRO3,ทั่วไป,ทั่วไป,1,รู้รุ่นแล้ว แต่ยังไม่มีหลักฐานราคา,ชื่อในช่องเอง,MININPRO3
DJI,MINIPRO,ทั่วไป,ทั่วไป,1,รู้รุ่นแล้ว แต่ยังไม่มีหลักฐานราคา,ชื่อในช่องเอง,MINIPRO
DJI,MINIPRO4,ทั่วไป,ทั่วไป,1,รู้รุ่นแล้ว แต่ยังไม่มีหลักฐานราคา,ชื่อในช่องเอง,MINIPRO4
DJI,MINNI 3 PRO,ทั่วไป,ทั่วไป,1,รู้รุ่นแล้ว แต่ยังไม่มีหลักฐานราคา,ชื่อในช่องเอง,MINNI 3 PRO
DJI,MINU 2,ทั่วไป,ทั่วไป,1,รู้รุ่นแล้ว แต่ยังไม่มีหลักฐานราคา,ชื่อในช่องเอง,MINU 2
DJI,MMAVIC AIR 2,ทั่วไป,ทั่วไป,1,รู้รุ่นแล้ว แต่ยังไม่มีหลักฐานราคา,ชื่อในช่องเอง,MMAVIC AIR 2
DJI,MOVIC 2 PRO,ทั่วไป,ทั่วไป,1,รู้รุ่นแล้ว แต่ยังไม่มีหลักฐานราคา,ชื่อในช่องเอง,MOVIC 2 PRO
DJI,MP1,ทั่วไป,ทั่วไป,1,รู้รุ่นแล้ว แต่ยังไม่มีหลักฐานราคา,ชื่อในช่องเอง,MP1
DJI,MSVIC PRO 2,ทั่วไป,ทั่วไป,1,รู้รุ่นแล้ว แต่ยังไม่มีหลักฐานราคา,ชื่อในช่องเอง,MSVIC PRO 2
DJI,MT25D,ทั่วไป,ทั่วไป,1,ยังไม่รู้ว่าเป็นรุ่นอะไร — ช่องรุ่นเป็นรหัสที่ยังถอดไม่ได้,รหัสที่ถอดไม่ได้,MT25D
DJI,MT25DCE,ทั่วไป,ทั่วไป,1,ยังไม่รู้ว่าเป็นรุ่นอะไร — ช่องรุ่นเป็นรหัสที่ยังถอดไม่ได้,รหัสที่ถอดไม่ได้,MT25DCE
DJI,MT2BT MAVIC MINI 2,ทั่วไป,ทั่วไป,1,รู้รุ่นแล้ว แต่ยังไม่มีหลักฐานราคา,ชื่อในช่องเอง,MT2BT MAVIC MINI 2
DJI,MT2DD,ทั่วไป,ทั่วไป,1,ยังไม่รู้ว่าเป็นรุ่นอะไร — ช่องรุ่นเป็นรหัสที่ยังถอดไม่ได้,รหัสที่ถอดไม่ได้,MT2DD
DJI,MT2PD MINI 2,ทั่วไป,ทั่วไป,1,รู้รุ่นแล้ว แต่ยังไม่มีหลักฐานราคา,ชื่อในช่องเอง,MT2PD MINI 2
DJI,MT2PL,ทั่วไป,ทั่วไป,1,ยังไม่รู้ว่าเป็นรุ่นอะไร — ช่องรุ่นเป็นรหัสที่ยังถอดไม่ได้,รหัสที่ถอดไม่ได้,MT2PL (MINI2)
DJI,MT2SD,ทั่วไป,ทั่วไป,1,รู้รุ่นแล้ว แต่ยังไม่มีหลักฐานราคา,ชื่อในช่องเอง,DJI MT2SD
DJI,MT3 M3VD,ทั่วไป,ทั่วไป,1,รู้รุ่นแล้ว แต่ยังไม่มีหลักฐานราคา,ชื่อในช่องเอง,MT3 M3VD
DJI,MT3DP,ทั่วไป,ทั่วไป,1,ยังไม่รู้ว่าเป็นรุ่นอะไร — ช่องรุ่นเป็นรหัสที่ยังถอดไม่ได้,รหัสที่ถอดไม่ได้,MT3DP
DJI,MTISS5,ทั่วไป,ทั่วไป,1,รู้รุ่นแล้ว แต่ยังไม่มีหลักฐานราคา,ชื่อในช่องเอง,MTISS5
DJI,NA2UE3W,ทั่วไป,ทั่วไป,1,ยังไม่รู้ว่าเป็นรุ่นอะไร — ช่องรุ่นเป็นรหัสที่ยังถอดไม่ได้,รหัสที่ถอดไม่ได้,NA2UE3W
DJI,NAN,ทั่วไป,ทั่วไป,1,รู้รุ่นแล้ว แต่ยังไม่มีหลักฐานราคา,ชื่อในช่องเอง,NAN
DJI,NAZA M LITE V1.1,ทั่วไป,ทั่วไป,1,รู้รุ่นแล้ว แต่ยังไม่มีหลักฐานราคา,ชื่อในช่องเอง,NAZA M LITE V1.1
DJI,NAZA V2,ทั่วไป,ทั่วไป,1,รู้รุ่นแล้ว แต่ยังไม่มีหลักฐานราคา,ชื่อในช่องเอง,NAZA V2
DJI,NEO DN1A0626,ทั่วไป,ทั่วไป,1,รู้รุ่นแล้ว แต่ยังไม่มีหลักฐานราคา,ชื่อในช่องเอง,NEO DN1A0626
DJI,NEO FLY,ทั่วไป,ทั่วไป,1,รู้รุ่นแล้ว แต่ยังไม่มีหลักฐานราคา,ชื่อในช่องเอง,NEO FLY COMBO
DJI,NEO MINI,ทั่วไป,ทั่วไป,1,รู้รุ่นแล้ว แต่ยังไม่มีหลักฐานราคา,ชื่อในช่องเอง,NEO MINI
DJI,P4RTK,ทั่วไป,ทั่วไป,1,รู้รุ่นแล้ว แต่ยังไม่มีหลักฐานราคา,ชื่อในช่องเอง,P4RTK
DJI,PHAMTOM 2,ทั่วไป,ทั่วไป,1,รู้รุ่นแล้ว แต่ยังไม่มีหลักฐานราคา,ชื่อในช่องเอง,PHAMTOM 2
DJI,PHANTOM 2 PLUS,ทั่วไป,ทั่วไป,1,รู้รุ่นแล้ว แต่ยังไม่มีหลักฐานราคา,ชื่อในช่องเอง,PHANTOM 2 PLUS
DJI,PHANTOM 3 4K,ทั่วไป,ทั่วไป,1,รู้รุ่นแล้ว แต่ยังไม่มีหลักฐานราคา,ชื่อในช่องเอง,PHANTOM 3 4K
DJI,PHANTOM 4 ADVANCED PLUS,ทั่วไป,ทั่วไป,1,รู้รุ่นแล้ว แต่ยังไม่มีหลักฐานราคา,ชื่อในช่องเอง,PHANTOM 4 ADVANCED PLUS
DJI,PHANTOM 4 PRO + V2.0,ทั่วไป,ทั่วไป,1,รู้รุ่นแล้ว แต่ยังไม่มีหลักฐานราคา,ชื่อในช่องเอง,WM331S / PHANTOM 4 PRO + V2.0
DJI,PHANTOM 4 PRO PLUS V2.O,ทั่วไป,ทั่วไป,1,รู้รุ่นแล้ว แต่ยังไม่มีหลักฐานราคา,ชื่อในช่องเอง,"PHANTOM 4 PRO PLUS V2.O, MODEL : WM331S"
DJI,PHANTOM 4 PRO V.2,ทั่วไป,ทั่วไป,1,รู้รุ่นแล้ว แต่ยังไม่มีหลักฐานราคา,ชื่อในช่องเอง,PHANTOM 4 PRO V.2
DJI,PHANTOM 4 PRO+ V 2.0,ทั่วไป,ทั่วไป,1,รู้รุ่นแล้ว แต่ยังไม่มีหลักฐานราคา,ชื่อในช่องเอง,PHANTOM 4 PRO+ V 2.0
DJI,PHANTOM 4 V2,ทั่วไป,ทั่วไป,1,รู้รุ่นแล้ว แต่ยังไม่มีหลักฐานราคา,ชื่อในช่องเอง,PHANTOM 4 V2
DJI,PHANTOM ADVANCED,ทั่วไป,ทั่วไป,1,รู้รุ่นแล้ว แต่ยังไม่มีหลักฐานราคา,ชื่อในช่องเอง,PHANTOM ADVANCED
DJI,PHANTOM P-330D,ทั่วไป,ทั่วไป,1,รู้รุ่นแล้ว แต่ยังไม่มีหลักฐานราคา,ชื่อในช่องเอง,PHANTOM P-330D
DJI,PHANTOM P78,ทั่วไป,ทั่วไป,1,รู้รุ่นแล้ว แต่ยังไม่มีหลักฐานราคา,ชื่อในช่องเอง,PHANTOM P78
DJI,PHANTOM STANDARD,ทั่วไป,ทั่วไป,1,รู้รุ่นแล้ว แต่ยังไม่มีหลักฐานราคา,ชื่อในช่องเอง,PHANTOM STANDARD
DJI,PHANTOM STANDARD W 321,ทั่วไป,ทั่วไป,1,รู้รุ่นแล้ว แต่ยังไม่มีหลักฐานราคา,ชื่อในช่องเอง,PHANTOM STANDARD W 321
DJI,PRO 3,ทั่วไป,ทั่วไป,1,รู้รุ่นแล้ว แต่ยังไม่มีหลักฐานราคา,ชื่อในช่องเอง,PRO 3
DJI,PRO 3 MINI,ทั่วไป,ทั่วไป,1,รู้รุ่นแล้ว แต่ยังไม่มีหลักฐานราคา,ชื่อในช่องเอง,PRO 3 MINI
DJI,PRO 4,ทั่วไป,ทั่วไป,1,รู้รุ่นแล้ว แต่ยังไม่มีหลักฐานราคา,ชื่อในช่องเอง,PRO 4
DJI,PRO/L1P,ทั่วไป,ทั่วไป,1,รู้รุ่นแล้ว แต่ยังไม่มีหลักฐานราคา,ชื่อในช่องเอง,PRO/L1P
DJI,QF2W4K DJI AVATA,ทั่วไป,ทั่วไป,1,รู้รุ่นแล้ว แต่ยังไม่มีหลักฐานราคา,ชื่อในช่องเอง,QF2W4K DJI AVATA
DJI,QF2W5K,ทั่วไป,ทั่วไป,1,ยังไม่รู้ว่าเป็นรุ่นอะไร — ช่องรุ่นเป็นรหัสที่ยังถอดไม่ได้,รหัสที่ถอดไม่ได้,QF2W5K
DJI,QW2F4K,ทั่วไป,ทั่วไป,1,ยังไม่รู้ว่าเป็นรุ่นอะไร — ช่องรุ่นเป็นรหัสที่ยังถอดไม่ได้,รหัสที่ถอดไม่ได้,QW2F4K
DJI,R2S,ทั่วไป,ทั่วไป,1,รู้รุ่นแล้ว แต่ยังไม่มีหลักฐานราคา,ชื่อในช่องเอง,R2S
DJI,RC2,ทั่วไป,ทั่วไป,1,รู้รุ่นแล้ว แต่ยังไม่มีหลักฐานราคา,ชื่อในช่องเอง,RC2
DJI,REMOTE 3,ทั่วไป,ทั่วไป,1,รู้รุ่นแล้ว แต่ยังไม่มีหลักฐานราคา,ชื่อในช่องเอง,REMOTE 3
DJI,ROBOMASTER TT TELLO TALENT,ทั่วไป,ทั่วไป,1,รู้รุ่นแล้ว แต่ยังไม่มีหลักฐานราคา,ชื่อในช่องเอง,ROBOMASTER TT TELLO TALENT (GL)
DJI,SE,ทั่วไป,ทั่วไป,1,รู้รุ่นแล้ว แต่ยังไม่มีหลักฐานราคา,ชื่อในช่องเอง,SE
DJI,SPARK 1,ทั่วไป,ทั่วไป,1,รู้รุ่นแล้ว แต่ยังไม่มีหลักฐานราคา,ชื่อในช่องเอง,SPARK 1
DJI,SPARKB,ทั่วไป,ทั่วไป,1,รู้รุ่นแล้ว แต่ยังไม่มีหลักฐานราคา,ชื่อในช่องเอง,SPARKB
DJI,SPREADING WINGS S1000,ทั่วไป,ทั่วไป,1,รู้รุ่นแล้ว แต่ยังไม่มีหลักฐานราคา,ชื่อในช่องเอง,SPREADING WINGS S1000
DJI,U11X MAVIC AIR,ทั่วไป,ทั่วไป,1,รู้รุ่นแล้ว แต่ยังไม่มีหลักฐานราคา,ชื่อในช่องเอง,U11X MAVIC AIR
DJI,W323B,ทั่วไป,ทั่วไป,1,รู้รุ่นแล้ว แต่ยังไม่มีหลักฐานราคา,ชื่อในช่องเอง,W323B
DJI,WM332B,ทั่วไป,ทั่วไป,1,ยังไม่รู้ว่าเป็นรุ่นอะไร — ช่องรุ่นเป็นรหัสที่ยังถอดไม่ได้,รหัสที่ถอดไม่ได้,WM332B
DJI,ไม่ะบุ,ทั่วไป,ทั่วไป,1,รู้รุ่นแล้ว แต่ยังไม่มีหลักฐานราคา,ชื่อในช่องเอง,ไม่ะบุ
DJI 03 AU,CINELOG 25 V2,ทั่วไป,ทั่วไป,1,รู้รุ่นแล้ว แต่ยังไม่มีหลักฐานราคา,ชื่อในช่องเอง,CINELOG 25 V2
DJI AIR 3,MAVIK,ทั่วไป,ทั่วไป,1,รู้รุ่นแล้ว แต่ยังไม่มีหลักฐานราคา,ชื่อในช่องเอง,MAVIK
DJI AIR3,CHX233-100,ทั่วไป,ทั่วไป,1,รู้รุ่นแล้ว แต่ยังไม่มีหลักฐานราคา,ชื่อในช่องเอง,CHX233-100
DJI AL,AIR-3,ทั่วไป,ทั่วไป,1,รู้รุ่นแล้ว แต่ยังไม่มีหลักฐานราคา,ชื่อในช่องเอง,AIR-3
DJI BETA FPV,PAVO20PRO,ทั่วไป,ทั่วไป,1,รู้รุ่นแล้ว แต่ยังไม่มีหลักฐานราคา,ชื่อในช่องเอง,PAVO20PRO
DJI CO.,AIR 2S,ทั่วไป,ทั่วไป,1,รู้รุ่นแล้ว แต่ยังไม่มีหลักฐานราคา,ชื่อในช่องเอง,MAVIC AIR2S
DJI DRONE,MINI 3 PRO,ทั่วไป,ทั่วไป,1,รู้รุ่นแล้ว แต่ยังไม่มีหลักฐานราคา,ชื่อในช่องเอง,MINI 3 PRO
DJI FLIP,DF1A0424,ทั่วไป,ทั่วไป,1,ยังไม่รู้ว่าเป็นรุ่นอะไร — ช่องรุ่นเป็นรหัสที่ยังถอดไม่ได้,รหัสที่ถอดไม่ได้,DF1A0424
DJI GLOBAL,MINI 3 PRO,ทั่วไป,ทั่วไป,1,รู้รุ่นแล้ว แต่ยังไม่มีหลักฐานราคา,ชื่อในช่องเอง,DJI MINI 3 PRO
DJI MACIC,2 PRO,ทั่วไป,ทั่วไป,1,รู้รุ่นแล้ว แต่ยังไม่มีหลักฐานราคา,ชื่อในช่องเอง,2 PRO
DJI MAVIC,AIR 2,ทั่วไป,ทั่วไป,1,รู้รุ่นแล้ว แต่ยังไม่มีหลักฐานราคา,ชื่อในช่องเอง,AIR 2
DJI MAVIC,MINI 2,ทั่วไป,ทั่วไป,1,รู้รุ่นแล้ว แต่ยังไม่มีหลักฐานราคา,ชื่อในช่องเอง,MINI 2
DJI MAVIC,MT2PD,ทั่วไป,ทั่วไป,1,ยังไม่รู้ว่าเป็นรุ่นอะไร — ช่องรุ่นเป็นรหัสที่ยังถอดไม่ได้,รหัสที่ถอดไม่ได้,MT2PD
DJI MAVIC 2 ZOOM,L1Z,ทั่วไป,ทั่วไป,1,รู้รุ่นแล้ว แต่ยังไม่มีหลักฐานราคา,ชื่อในช่องเอง,L1Z
DJI MAVIC AIR,FLY MOR,ทั่วไป,ทั่วไป,1,รู้รุ่นแล้ว แต่ยังไม่มีหลักฐานราคา,ชื่อในช่องเอง,FLY MOR COMBO
DJI,2PRO,ทั่วไป,ทั่วไป,1,รู้รุ่นแล้ว แต่ยังไม่มีหลักฐานราคา,ชื่อในช่องเอง,2PRO
DJI MAVIC AIR 2,EUROPEAN UNION MODEL,ทั่วไป,ทั่วไป,1,รู้รุ่นแล้ว แต่ยังไม่มีหลักฐานราคา,ชื่อในช่องเอง,EUROPEAN UNION MODEL
3D RACER,STORMBREAKER,ทั่วไป,ทั่วไป,1,รู้รุ่นแล้ว แต่ยังไม่มีหลักฐานราคา,ชื่อในช่องเอง,STORMBREAKER
DJI MAVIC AIR2,MA2UE3W,ทั่วไป,ทั่วไป,1,ยังไม่รู้ว่าเป็นรุ่นอะไร — ช่องรุ่นเป็นรหัสที่ยังถอดไม่ได้,รหัสที่ถอดไม่ได้,MA2UE3W
3DR,(ไม่ระบุ),ทั่วไป,ทั่วไป,1,ยังไม่รู้ว่าเป็นรุ่นอะไร — ช่องรุ่นว่าง,ว่าง,-
ประกอบเอง,S1000,ทั่วไป,ทั่วไป,1,รู้รุ่นแล้ว แต่ยังไม่มีหลักฐานราคา,ชื่อในช่องเอง,S1000
ประกอบเอง,XNOVA HYPER,ทั่วไป,ทั่วไป,1,รู้รุ่นแล้ว แต่ยังไม่มีหลักฐานราคา,ชื่อในช่องเอง,XNOVA HYPER
1581F8LQ4259K002Q14D,MAVIC 4 PRO,ทั่วไป,ทั่วไป,1,รู้รุ่นแล้ว แต่ยังไม่มีหลักฐานราคา,ชื่อในช่องเอง,MAVIC 4 PRO
ประกอบเอง,ไม่ระบุ,ทั่วไป,ทั่วไป,1,รู้รุ่นแล้ว แต่ยังไม่มีหลักฐานราคา,ชื่อในช่องเอง,ไม่ระบุ
เครื่องประกอบ DC210,ไม่ะบุ,ทั่วไป,ทั่วไป,1,รู้รุ่นแล้ว แต่ยังไม่มีหลักฐานราคา,ชื่อในช่องเอง,ไม่ะบุ
DJI MAVIC PRO 2,L1P,ทั่วไป,ทั่วไป,1,รู้รุ่นแล้ว แต่ยังไม่มีหลักฐานราคา,ชื่อในช่องเอง,L1P
เครื่องประกอบ IMPULSE RC ALIEN 5,ไม่ะบุ,ทั่วไป,ทั่วไป,1,รู้รุ่นแล้ว แต่ยังไม่มีหลักฐานราคา,ชื่อในช่องเอง,ไม่ะบุ
DJI MINI,4 PRO,ทั่วไป,ทั่วไป,1,รู้รุ่นแล้ว แต่ยังไม่มีหลักฐานราคา,ชื่อในช่องเอง,4 PRO
DJI MINI,MAVIC MINI,ทั่วไป,ทั่วไป,1,รู้รุ่นแล้ว แต่ยังไม่มีหลักฐานราคา,ชื่อในช่องเอง,MAVIC MINI
DJI MINI,MINI 3 PRO,ทั่วไป,ทั่วไป,1,รู้รุ่นแล้ว แต่ยังไม่มีหลักฐานราคา,ชื่อในช่องเอง,MINI 3 PRO
DJI MINI,MT2PD,ทั่วไป,ทั่วไป,1,ยังไม่รู้ว่าเป็นรุ่นอะไร — ช่องรุ่นเป็นรหัสที่ยังถอดไม่ได้,รหัสที่ถอดไม่ได้,MT2PD
เครื่องประกอบ IX5 RACER,ไม่ะบุ,ทั่วไป,ทั่วไป,1,รู้รุ่นแล้ว แต่ยังไม่มีหลักฐานราคา,ชื่อในช่องเอง,ไม่ะบุ
เครื่องประกอบเอง,S500,ทั่วไป,ทั่วไป,1,รู้รุ่นแล้ว แต่ยังไม่มีหลักฐานราคา,ชื่อในช่องเอง,S500
เครื่องประกอบเอง,S550,ทั่วไป,ทั่วไป,1,รู้รุ่นแล้ว แต่ยังไม่มีหลักฐานราคา,ชื่อในช่องเอง,S550
ไม่ระบุยี่ห้อ,(ไม่ระบุ),ทั่วไป,ทั่วไป,1,ยังไม่รู้ว่าเป็นรุ่นอะไร — ช่องรุ่นว่าง,ว่าง,-
DJI MINI 2 SE,MINI 2 SE,ทั่วไป,ทั่วไป,1,รู้รุ่นแล้ว แต่ยังไม่มีหลักฐานราคา,ชื่อในช่องเอง,DJI MINI 2 SE
ไม่ระบุยี่ห้อ,X-21,ทั่วไป,ทั่วไป,1,รู้รุ่นแล้ว แต่ยังไม่มีหลักฐานราคา,ชื่อในช่องเอง,X-21
AGEAGLE,EBEE VISION,ทั่วไป,ทั่วไป,1,รู้รุ่นแล้ว แต่ยังไม่มีหลักฐานราคา,ชื่อในช่องเอง,EBEE VISION
DJI MINI 3 PRO,1581F4XFC235C00720JE,ทั่วไป,ทั่วไป,1,รู้รุ่นแล้ว แต่ยังไม่มีหลักฐานราคา,ชื่อในช่องเอง,1581F4XFC235C00720JE
DJI MINI 3 PRO,INTELLIGENT FLIGHT,ทั่วไป,ทั่วไป,1,รู้รุ่นแล้ว แต่ยังไม่มีหลักฐานราคา,ชื่อในช่องเอง,INTELLIGENT FLIGHT
DJI MINI 3 PRO,MINI 3 PRO,ทั่วไป,ทั่วไป,1,รู้รุ่นแล้ว แต่ยังไม่มีหลักฐานราคา,ชื่อในช่องเอง,MINI 3 PRO
AGGIE DRONE,AG10T,เกษตร,เกษตร-ไม่ใช่ DJI,1,ยังไม่รู้ว่าเป็นรุ่นอะไร — ช่องรุ่นเป็นรหัสที่ยังถอดไม่ได้,รหัสที่ถอดไม่ได้,AG10T
DJI MINI 3 PRO,RA-02-25-2332,ทั่วไป,ทั่วไป,1,รู้รุ่นแล้ว แต่ยังไม่มีหลักฐานราคา,ชื่อในช่องเอง,RA-02-25-2332
DJI MINI 3 PRO,RM330,ทั่วไป,ทั่วไป,1,รู้รุ่นแล้ว แต่ยังไม่มีหลักฐานราคา,ชื่อในช่องเอง,RM330
AGR,A16,เกษตร,เกษตร-ไม่ใช่ DJI,1,รู้รุ่นแล้ว แต่ยังไม่มีหลักฐานราคา,ชื่อในช่องเอง,A16
AGRI TECH DRONE,NTB-810,เกษตร,เกษตร-ไม่ใช่ DJI,1,รู้รุ่นแล้ว แต่ยังไม่มีหลักฐานราคา,ชื่อในช่องเอง,NTB-810
AGT,RAIDEN,ทั่วไป,ทั่วไป,1,รู้รุ่นแล้ว แต่ยังไม่มีหลักฐานราคา,ชื่อในช่องเอง,RAIDEN
DJI MINI3,RC,ทั่วไป,ทั่วไป,1,รู้รุ่นแล้ว แต่ยังไม่มีหลักฐานราคา,ชื่อในช่องเอง,DJI RC
DJI MINI3PRO,RM330,ทั่วไป,ทั่วไป,1,รู้รุ่นแล้ว แต่ยังไม่มีหลักฐานราคา,ชื่อในช่องเอง,RM330
DJI NEO,DN1A0626,ทั่วไป,ทั่วไป,1,ยังไม่รู้ว่าเป็นรุ่นอะไร — ช่องรุ่นเป็นรหัสที่ยังถอดไม่ได้,รหัสที่ถอดไม่ได้,DN1A0626
DJI NEO,DNIAO626,ทั่วไป,ทั่วไป,1,รู้รุ่นแล้ว แต่ยังไม่มีหลักฐานราคา,ชื่อในช่องเอง,DNIAO626
AM DRONE,TL610,เกษตร,เกษตร-ไม่ใช่ DJI,1,ยังไม่รู้ว่าเป็นรุ่นอะไร — ช่องรุ่นเป็นรหัสที่ยังถอดไม่ได้,รหัสที่ถอดไม่ได้,TL610
DJI RS,MINI 3 PRO,ทั่วไป,ทั่วไป,1,รู้รุ่นแล้ว แต่ยังไม่มีหลักฐานราคา,ชื่อในช่องเอง,MINI 3 PRO
DJI TECHNOLOGY,MINI 3 PRO,ทั่วไป,ทั่วไป,1,รู้รุ่นแล้ว แต่ยังไม่มีหลักฐานราคา,ชื่อในช่องเอง,MINI 3 PRO
"DJI, SZ DJI TECHNOLOGY",MAVIC MINI 3 PRO,ทั่วไป,ทั่วไป,1,รู้รุ่นแล้ว แต่ยังไม่มีหลักฐานราคา,ชื่อในช่องเอง,DJI MAVIC MINI 3 PRO
DJI4 MINI PRO,4 PRO,ทั่วไป,ทั่วไป,1,รู้รุ่นแล้ว แต่ยังไม่มีหลักฐานราคา,ชื่อในช่องเอง,DJI 4 PRO
DJII,AVATA 2,ทั่วไป,ทั่วไป,1,รู้รุ่นแล้ว แต่ยังไม่มีหลักฐานราคา,ชื่อในช่องเอง,AVATA 2
DJJ,MINI2SE,ทั่วไป,ทั่วไป,1,รู้รุ่นแล้ว แต่ยังไม่มีหลักฐานราคา,ชื่อในช่องเอง,MINI2SE
DJL,MAVIC 3,ทั่วไป,ทั่วไป,1,รู้รุ่นแล้ว แต่ยังไม่มีหลักฐานราคา,ชื่อในช่องเอง,MAVIC 3
DJL,MAVIC AIR,ทั่วไป,ทั่วไป,1,รู้รุ่นแล้ว แต่ยังไม่มีหลักฐานราคา,ชื่อในช่องเอง,MAVIC AIR
DJO,AIR 2S,ทั่วไป,ทั่วไป,1,รู้รุ่นแล้ว แต่ยังไม่มีหลักฐานราคา,ชื่อในช่องเอง,AIR 2S
AMETA,DR-ATS 21G,ทั่วไป,ทั่วไป,1,รู้รุ่นแล้ว แต่ยังไม่มีหลักฐานราคา,ชื่อในช่องเอง,DR-ATS 21G
DJU,NEO 2,ทั่วไป,ทั่วไป,1,รู้รุ่นแล้ว แต่ยังไม่มีหลักฐานราคา,ชื่อในช่องเอง,NEO 2
DJY,MAVIC AIR 2,ทั่วไป,ทั่วไป,1,รู้รุ่นแล้ว แต่ยังไม่มีหลักฐานราคา,ชื่อในช่องเอง,MAVIC AIR 2
AMETA,S20 PRO,ทั่วไป,ทั่วไป,1,รู้รุ่นแล้ว แต่ยังไม่มีหลักฐานราคา,ชื่อในช่องเอง,S20 PRO
DOBBY,(ไม่ระบุ),ทั่วไป,ทั่วไป,1,ยังไม่รู้ว่าเป็นรุ่นอะไร — ช่องรุ่นว่าง,ว่าง,-
ANTIGRAVITY,ANTIGRAVITY A1,ทั่วไป,ทั่วไป,1,รู้รุ่นแล้ว แต่ยังไม่มีหลักฐานราคา,ชื่อในช่องเอง,ANTIGRAVITY A1
DRONE,CZ28,ทั่วไป,ทั่วไป,1,ยังไม่รู้ว่าเป็นรุ่นอะไร — ช่องรุ่นเป็นรหัสที่ยังถอดไม่ได้,รหัสที่ถอดไม่ได้,CZ28
DRONE CH-X19,(ไม่ระบุ),ทั่วไป,ทั่วไป,1,ยังไม่รู้ว่าเป็นรุ่นอะไร — ช่องรุ่นว่าง,ว่าง,-
ANTIGRAVITY A,A1,ทั่วไป,ทั่วไป,1,รู้รุ่นแล้ว แต่ยังไม่มีหลักฐานราคา,ชื่อในช่องเอง,A1
DRONE EXPLORER,LH X25,ทั่วไป,ทั่วไป,1,รู้รุ่นแล้ว แต่ยังไม่มีหลักฐานราคา,ชื่อในช่องเอง,LH X25
ANTIGRAVITY A1,DE001,ทั่วไป,ทั่วไป,1,ยังไม่รู้ว่าเป็นรุ่นอะไร — ช่องรุ่นเป็นรหัสที่ยังถอดไม่ได้,รหัสที่ถอดไม่ได้,DE001
AONIC,MIST 25006 V.1,เกษตร,เกษตร-ไม่ใช่ DJI,1,รู้รุ่นแล้ว แต่ยังไม่มีหลักฐานราคา,ชื่อในช่องเอง,MIST 25006 V.1
AONIC,MIST MAX,เกษตร,เกษตร-ไม่ใช่ DJI,1,รู้รุ่นแล้ว แต่ยังไม่มีหลักฐานราคา,ชื่อในช่องเอง,MIST MAX
DRONETOOLS,CONDOR (RECEIVER ON AIRCRAFT รุ่น R16 ),ทั่วไป,ทั่วไป,1,รู้รุ่นแล้ว แต่ยังไม่มีหลักฐานราคา,ชื่อในช่องเอง,CONDOR (RECEIVER ON AIRCRAFT รุ่น R16 )
EACHINE,250,ทั่วไป,ทั่วไป,1,รู้รุ่นแล้ว แต่ยังไม่มีหลักฐานราคา,ชื่อในช่องเอง,250
EACHINE,E56,ทั่วไป,ทั่วไป,1,รู้รุ่นแล้ว แต่ยังไม่มีหลักฐานราคา,ชื่อในช่องเอง,E56
EACHINE,QX95,ทั่วไป,ทั่วไป,1,ยังไม่รู้ว่าเป็นรุ่นอะไร — ช่องรุ่นเป็นรหัสที่ยังถอดไม่ได้,รหัสที่ถอดไม่ได้,QX95
EACHINE,VISWHOOP,ทั่วไป,ทั่วไป,1,รู้รุ่นแล้ว แต่ยังไม่มีหลักฐานราคา,ชื่อในช่องเอง,VISWHOOP
AOS,"3,5 INCH",ทั่วไป,ทั่วไป,1,รู้รุ่นแล้ว แต่ยังไม่มีหลักฐานราคา,ชื่อในช่องเอง,"3,5 INCH"
AOS,AOS 5 V5,ทั่วไป,ทั่วไป,1,รู้รุ่นแล้ว แต่ยังไม่มีหลักฐานราคา,ชื่อในช่องเอง,AOS 5 V5
EAGLE EYES,V1,เกษตร,เกษตร-ไม่ใช่ DJI,1,รู้รุ่นแล้ว แต่ยังไม่มีหลักฐานราคา,ชื่อในช่องเอง,V1
AOS 3.5 DJI 04 PRO,AOS 3.5 DJI 04 PRO,ทั่วไป,ทั่วไป,1,รู้รุ่นแล้ว แต่ยังไม่มีหลักฐานราคา,ชื่อในช่องเอง,AOS 3.5 DJI 04 PRO
AOSENMA,CG035,ทั่วไป,ทั่วไป,1,ยังไม่รู้ว่าเป็นรุ่นอะไร — ช่องรุ่นเป็นรหัสที่ยังถอดไม่ได้,รหัสที่ถอดไม่ได้,CG035
APEX,5,ทั่วไป,ทั่วไป,1,รู้รุ่นแล้ว แต่ยังไม่มีหลักฐานราคา,ชื่อในช่องเอง,5
EC120,EC120,ทั่วไป,ทั่วไป,1,ยังไม่รู้ว่าเป็นรุ่นอะไร — ช่องรุ่นเป็นรหัสที่ยังถอดไม่ได้,รหัสที่ถอดไม่ได้,EC120
EHANG,EH-216-TH,ทั่วไป,จดเป็นฝูง (ประมาณไม่ได้),1,รู้รุ่นแล้ว แต่ยังไม่มีหลักฐานราคา,ชื่อในช่องเอง,EH-216-TH
EHANG,EH216-TH,ทั่วไป,จดเป็นฝูง (ประมาณไม่ได้),1,รู้รุ่นแล้ว แต่ยังไม่มีหลักฐานราคา,ชื่อในช่องเอง,EH216-TH
APEX,FPV,ทั่วไป,ทั่วไป,1,รู้รุ่นแล้ว แต่ยังไม่มีหลักฐานราคา,ชื่อในช่องเอง,FPV
APEX 5,APEX 5 WITH DJI O3 AIR UNIT,ทั่วไป,ทั่วไป,1,รู้รุ่นแล้ว แต่ยังไม่มีหลักฐานราคา,ชื่อในช่องเอง,APEX 5 WITH DJI O3 AIR UNIT
EMAX,BABYHAWK II HD,ทั่วไป,ทั่วไป,1,รู้รุ่นแล้ว แต่ยังไม่มีหลักฐานราคา,ชื่อในช่องเอง,BABYHAWK II HD
EMAX,BABYHAWK O3,ทั่วไป,ทั่วไป,1,รู้รุ่นแล้ว แต่ยังไม่มีหลักฐานราคา,ชื่อในช่องเอง,BABYHAWK O3
APEXLR,EVO 7,ทั่วไป,ทั่วไป,1,รู้รุ่นแล้ว แต่ยังไม่มีหลักฐานราคา,ชื่อในช่องเอง,EVO 7
ARMATTAN,CHAMELEON,ทั่วไป,ทั่วไป,1,รู้รุ่นแล้ว แต่ยังไม่มีหลักฐานราคา,ชื่อในช่องเอง,CHAMELEON
ASTA,AGL-10,เกษตร,เกษตร-ไม่ใช่ DJI,1,รู้รุ่นแล้ว แต่ยังไม่มีหลักฐานราคา,ชื่อในช่องเอง,AGL-10
EXPLORER,LR4,ทั่วไป,ทั่วไป,1,รู้รุ่นแล้ว แต่ยังไม่มีหลักฐานราคา,ชื่อในช่องเอง,LR4
F&O,GERRIDAE,ทั่วไป,ทั่วไป,1,รู้รุ่นแล้ว แต่ยังไม่มีหลักฐานราคา,ชื่อในช่องเอง,GERRIDAE
F-DRONES,HYPERCOPTER (HC-160 PLUS),ทั่วไป,ทั่วไป,1,รู้รุ่นแล้ว แต่ยังไม่มีหลักฐานราคา,ชื่อในช่องเอง,HYPERCOPTER (HC-160 PLUS)
AUTEL ROBOTICS,DRAGONFISH STANDARD,ทั่วไป,ทั่วไป,1,รู้รุ่นแล้ว แต่ยังไม่มีหลักฐานราคา,ชื่อในช่องเอง,DRAGONFISH STANDARD (TH)
FD (FANCY DRONE),FD-30V1,เกษตร,เกษตร-ไม่ใช่ DJI,1,รู้รุ่นแล้ว แต่ยังไม่มีหลักฐานราคา,ชื่อในช่องเอง,FD-30V1
FEILUN,FEILUN,ทั่วไป,ทั่วไป,1,รู้รุ่นแล้ว แต่ยังไม่มีหลักฐานราคา,ชื่อในช่องเอง,FEILUN
FEILUN,FX176,ทั่วไป,ทั่วไป,1,ยังไม่รู้ว่าเป็นรุ่นอะไร — ช่องรุ่นเป็นรหัสที่ยังถอดไม่ได้,รหัสที่ถอดไม่ได้,FX176
AUTEL ROBOTICS,EVO II DUAL 640T RTK V3,ทั่วไป,ทั่วไป,1,รู้รุ่นแล้ว แต่ยังไม่มีหลักฐานราคา,ชื่อในช่องเอง,EVO II DUAL 640T RTK V3
AUTEL ROBOTICS,EVO II PRO 6K,ทั่วไป,ทั่วไป,1,รู้รุ่นแล้ว แต่ยังไม่มีหลักฐานราคา,ชื่อในช่องเอง,EVO II PRO 6K
AUTEL ROBOTICS,EVO II PRO V2 : MODEL MDCAP,ทั่วไป,ทั่วไป,1,รู้รุ่นแล้ว แต่ยังไม่มีหลักฐานราคา,ชื่อในช่องเอง,EVO II PRO V2 : MODEL MDCAP
FEIMA ROBOTICS,J.ME/FM 2000,ทั่วไป,ทั่วไป,1,รู้รุ่นแล้ว แต่ยังไม่มีหลักฐานราคา,ชื่อในช่องเอง,J.ME/FM 2000
FIMI,FIMI MINI 3SE,ทั่วไป,ทั่วไป,1,รู้รุ่นแล้ว แต่ยังไม่มีหลักฐานราคา,ชื่อในช่องเอง,FIMI MINI 3SE
AUTEL ROBOTICS,EVO II PRO V2 MODEL: MDCAP,ทั่วไป,ทั่วไป,1,รู้รุ่นแล้ว แต่ยังไม่มีหลักฐานราคา,ชื่อในช่องเอง,EVO II PRO V2 MODEL: MDCAP
AUTEL ROBOTICS,EVO II V3,ทั่วไป,ทั่วไป,1,รู้รุ่นแล้ว แต่ยังไม่มีหลักฐานราคา,ชื่อในช่องเอง,EVO II V3
FIMI,FIMI X8 SE 2020,ทั่วไป,ทั่วไป,1,รู้รุ่นแล้ว แต่ยังไม่มีหลักฐานราคา,ชื่อในช่องเอง,FIMI X8 SE 2020
FIMI,FIMI X8 SE 2022,ทั่วไป,ทั่วไป,1,รู้รุ่นแล้ว แต่ยังไม่มีหลักฐานราคา,ชื่อในช่องเอง,FIMI X8 SE 2022
AUTEL ROBOTICS,EVO LIGHT PLUS,ทั่วไป,ทั่วไป,1,รู้รุ่นแล้ว แต่ยังไม่มีหลักฐานราคา,ชื่อในช่องเอง,EVO LIGHT PLUS
FIMI,FMERJ03A8,ทั่วไป,ทั่วไป,1,รู้รุ่นแล้ว แต่ยังไม่มีหลักฐานราคา,ชื่อในช่องเอง,FMERJ03A8
FIMI,FMWRJ02A5,ทั่วไป,ทั่วไป,1,รู้รุ่นแล้ว แต่ยังไม่มีหลักฐานราคา,ชื่อในช่องเอง,FMWRJ02A5
FIMI,FMWRJ03A6,ทั่วไป,ทั่วไป,1,รู้รุ่นแล้ว แต่ยังไม่มีหลักฐานราคา,ชื่อในช่องเอง,FMWRJ03A6
AUTEL ROBOTICS,EVO LL DUAL,ทั่วไป,ทั่วไป,1,รู้รุ่นแล้ว แต่ยังไม่มีหลักฐานราคา,ชื่อในช่องเอง,EVO LL DUAL
FIMI,FMWRJ04A3,ทั่วไป,ทั่วไป,1,รู้รุ่นแล้ว แต่ยังไม่มีหลักฐานราคา,ชื่อในช่องเอง,FMWRJ04A3
AUTEL ROBOTICS,EVO MAX 4T TH,ทั่วไป,ทั่วไป,1,รู้รุ่นแล้ว แต่ยังไม่มีหลักฐานราคา,ชื่อในช่องเอง,EVO MAX 4T TH
FIMI,MINI,ทั่วไป,ทั่วไป,1,รู้รุ่นแล้ว แต่ยังไม่มีหลักฐานราคา,ชื่อในช่องเอง,MINI
FIMI,MINI 3 SE,ทั่วไป,ทั่วไป,1,รู้รุ่นแล้ว แต่ยังไม่มีหลักฐานราคา,ชื่อในช่องเอง,MINI 3 SE
FIMI,SE2020,ทั่วไป,ทั่วไป,1,ยังไม่รู้ว่าเป็นรุ่นอะไร — ช่องรุ่นเป็นรหัสที่ยังถอดไม่ได้,รหัสที่ถอดไม่ได้,SE2020
FIMI,X8,ทั่วไป,ทั่วไป,1,รู้รุ่นแล้ว แต่ยังไม่มีหลักฐานราคา,ชื่อในช่องเอง,X8
FIMI,X8 2022,ทั่วไป,ทั่วไป,1,รู้รุ่นแล้ว แต่ยังไม่มีหลักฐานราคา,ชื่อในช่องเอง,X8 2022
AUTEL ROBOTICS,EVO PRO2 6K,ทั่วไป,ทั่วไป,1,รู้รุ่นแล้ว แต่ยังไม่มีหลักฐานราคา,ชื่อในช่องเอง,EVO PRO2 6K
AUTEL ROBOTICS,EVO2 PRO,ทั่วไป,ทั่วไป,1,รู้รุ่นแล้ว แต่ยังไม่มีหลักฐานราคา,ชื่อในช่องเอง,EVO2 PRO
FIMI,X8 MINI PRO,ทั่วไป,ทั่วไป,1,รู้รุ่นแล้ว แต่ยังไม่มีหลักฐานราคา,ชื่อในช่องเอง,X8 MINI PRO
FIMI,X8 MINI V 2,ทั่วไป,ทั่วไป,1,รู้รุ่นแล้ว แต่ยังไม่มีหลักฐานราคา,ชื่อในช่องเอง,X8 MINI V 2
FIMI,X8 MINI V2,ทั่วไป,ทั่วไป,1,รู้รุ่นแล้ว แต่ยังไม่มีหลักฐานราคา,ชื่อในช่องเอง,X8 MINI V2
AUTEL ROBOTICS,LITE PLUS,ทั่วไป,ทั่วไป,1,รู้รุ่นแล้ว แต่ยังไม่มีหลักฐานราคา,ชื่อในช่องเอง,LITE PLUS
AUTEL ROBOTICS,NANO +,ทั่วไป,ทั่วไป,1,รู้รุ่นแล้ว แต่ยังไม่มีหลักฐานราคา,ชื่อในช่องเอง,NANO +
FIMI,X8 SE (2019),ทั่วไป,ทั่วไป,1,รู้รุ่นแล้ว แต่ยังไม่มีหลักฐานราคา,ชื่อในช่องเอง,X8 SE (2019)
AUTEL ROBOTICS,X-STAR PREMIUM,ทั่วไป,ทั่วไป,1,รู้รุ่นแล้ว แต่ยังไม่มีหลักฐานราคา,ชื่อในช่องเอง,X-STAR PREMIUM
AVIATOR,8811 PRO,ทั่วไป,ทั่วไป,1,รู้รุ่นแล้ว แต่ยังไม่มีหลักฐานราคา,ชื่อในช่องเอง,8811 PRO
FIMI,X8 SE 2022 / FMWRJ03A8,ทั่วไป,ทั่วไป,1,รู้รุ่นแล้ว แต่ยังไม่มีหลักฐานราคา,ชื่อในช่องเอง,X8 SE 2022 / FMWRJ03A8
AVILON,ATX-Q4,ทั่วไป,ทั่วไป,1,รู้รุ่นแล้ว แต่ยังไม่มีหลักฐานราคา,ชื่อในช่องเอง,ATX-Q4
FIMI,X8MINI,ทั่วไป,ทั่วไป,1,รู้รุ่นแล้ว แต่ยังไม่มีหลักฐานราคา,ชื่อในช่องเอง,X8MINI
FIMI,X8SE 2018,ทั่วไป,ทั่วไป,1,รู้รุ่นแล้ว แต่ยังไม่มีหลักฐานราคา,ชื่อในช่องเอง,X8SE 2018
FIMI,X8SE 2020 DRONE,ทั่วไป,ทั่วไป,1,รู้รุ่นแล้ว แต่ยังไม่มีหลักฐานราคา,ชื่อในช่องเอง,X8SE 2020 DRONE
FIMI,X8SE 2022,ทั่วไป,ทั่วไป,1,รู้รุ่นแล้ว แต่ยังไม่มีหลักฐานราคา,ชื่อในช่องเอง,X8SE 2022
AVILON ROBOTICS,GRYPHON HEAVY /EX,ทั่วไป,ทั่วไป,1,รู้รุ่นแล้ว แต่ยังไม่มีหลักฐานราคา,ชื่อในช่องเอง,GRYPHON HEAVY /EX
FIMI TECHNOLOGY LTD.,FMWRJ02A5,ทั่วไป,ทั่วไป,1,รู้รุ่นแล้ว แต่ยังไม่มีหลักฐานราคา,ชื่อในช่องเอง,FMWRJ02A5
AXIS,MANTA,ทั่วไป,ทั่วไป,1,รู้รุ่นแล้ว แต่ยังไม่มีหลักฐานราคา,ชื่อในช่องเอง,MANTA
FIMI X8 SE 2020,FMWRJ03A6,ทั่วไป,ทั่วไป,1,รู้รุ่นแล้ว แต่ยังไม่มีหลักฐานราคา,ชื่อในช่องเอง,FMWRJ03A6
FIMI X8 SE 2022,FMWRJ03A8,ทั่วไป,ทั่วไป,1,รู้รุ่นแล้ว แต่ยังไม่มีหลักฐานราคา,ชื่อในช่องเอง,FMWRJ03A8
FIMI X8 SE 2022,X8 SE 2022,ทั่วไป,ทั่วไป,1,รู้รุ่นแล้ว แต่ยังไม่มีหลักฐานราคา,ชื่อในช่องเอง,X8 SE 2022
FIXWINYS,CV 2.0 (SONGKHLA),ทั่วไป,ทั่วไป,1,รู้รุ่นแล้ว แต่ยังไม่มีหลักฐานราคา,ชื่อในช่องเอง,CV 2.0 (SONGKHLA)
FIXWINYS,CV.2.0 (LAMPHUN),ทั่วไป,ทั่วไป,1,รู้รุ่นแล้ว แต่ยังไม่มีหลักฐานราคา,ชื่อในช่องเอง,CV.2.0 (LAMPHUN)
FLY FISH,VOLADOR,ทั่วไป,ทั่วไป,1,รู้รุ่นแล้ว แต่ยังไม่มีหลักฐานราคา,ชื่อในช่องเอง,VOLADOR
AXISFLYING,(ไม่ระบุ),ทั่วไป,ทั่วไป,1,ยังไม่รู้ว่าเป็นรุ่นอะไร — ช่องรุ่นว่าง,ว่าง,-
AXISFLYING,CINEON C20,ทั่วไป,ทั่วไป,1,รู้รุ่นแล้ว แต่ยังไม่มีหลักฐานราคา,ชื่อในช่องเอง,CINEON C20
AXISFLYING,MANTA 5,ทั่วไป,ทั่วไป,1,รู้รุ่นแล้ว แต่ยังไม่มีหลักฐานราคา,ชื่อในช่องเอง,MANTA 5
FLYABILITY,"ELIOS 3 (AIRCRAFT 107000, REMOTE 109008)",ทั่วไป,ทั่วไป,1,รู้รุ่นแล้ว แต่ยังไม่มีหลักฐานราคา,ชื่อในช่องเอง,"ELIOS 3 (AIRCRAFT 107000, REMOTE 109008)"
AXISFLYING,MANTA 5 SE DC,ทั่วไป,ทั่วไป,1,รู้รุ่นแล้ว แต่ยังไม่มีหลักฐานราคา,ชื่อในช่องเอง,MANTA 5 SE DC
FLYABILITY,ELIOS3,ทั่วไป,ทั่วไป,1,รู้รุ่นแล้ว แต่ยังไม่มีหลักฐานราคา,ชื่อในช่องเอง,ELIOS3
FLYABILITY,GL858A,ทั่วไป,ทั่วไป,1,ยังไม่รู้ว่าเป็นรุ่นอะไร — ช่องรุ่นเป็นรหัสที่ยังถอดไม่ได้,รหัสที่ถอดไม่ได้,"ELIOS(AIRCRAFT), GL858A(REMOTE)"
FLYBOTIX,ASIO,ทั่วไป,ทั่วไป,1,รู้รุ่นแล้ว แต่ยังไม่มีหลักฐานราคา,ชื่อในช่องเอง,ASIO
BAO NIU,HC635,ทั่วไป,ทั่วไป,1,ยังไม่รู้ว่าเป็นรุ่นอะไร — ช่องรุ่นเป็นรหัสที่ยังถอดไม่ได้,รหัสที่ถอดไม่ได้,HC635
FLYFISH RC,VOLADOR VX3.5,ทั่วไป,ทั่วไป,1,รู้รุ่นแล้ว แต่ยังไม่มีหลักฐานราคา,ชื่อในช่องเอง,VOLADOR VX3.5
FLYFISHRC,ATLAS4,ทั่วไป,ทั่วไป,1,รู้รุ่นแล้ว แต่ยังไม่มีหลักฐานราคา,ชื่อในช่องเอง,ATLAS4
FLYFISHRC,VOLADOR VX3.5,ทั่วไป,ทั่วไป,1,รู้รุ่นแล้ว แต่ยังไม่มีหลักฐานราคา,ชื่อในช่องเอง,VOLADOR VX3.5
FLYSTER,X8-W,ทั่วไป,ทั่วไป,1,รู้รุ่นแล้ว แต่ยังไม่มีหลักฐานราคา,ชื่อในช่องเอง,X8-W
FLYWOO,CINERACE 20,ทั่วไป,ทั่วไป,1,รู้รุ่นแล้ว แต่ยังไม่มีหลักฐานราคา,ชื่อในช่องเอง,CINERACE 20
FLYWOO,CINERACE20,ทั่วไป,ทั่วไป,1,รู้รุ่นแล้ว แต่ยังไม่มีหลักฐานราคา,ชื่อในช่องเอง,CINERACE20
BAYANGTOYS,(ไม่ระบุ),ทั่วไป,ทั่วไป,1,ยังไม่รู้ว่าเป็นรุ่นอะไร — ช่องรุ่นว่าง,ว่าง,-
BEAST,SG 906,ทั่วไป,ทั่วไป,1,รู้รุ่นแล้ว แต่ยังไม่มีหลักฐานราคา,ชื่อในช่องเอง,SG 906
FLYWOO,EXPLORER 4 V2.2,ทั่วไป,ทั่วไป,1,รู้รุ่นแล้ว แต่ยังไม่มีหลักฐานราคา,ชื่อในช่องเอง,EXPLORER 4 V2.2
FLYWOO,EXPLORER LR-4,ทั่วไป,ทั่วไป,1,รู้รุ่นแล้ว แต่ยังไม่มีหลักฐานราคา,ชื่อในช่องเอง,EXPLORER LR-4
"BEIJING FIMI TECHNOLOGY CO., LTD.",FMWRJ03A6,ทั่วไป,ทั่วไป,1,รู้รุ่นแล้ว แต่ยังไม่มีหลักฐานราคา,ชื่อในช่องเอง,FMWRJ03A6
BETA FPV,AIR 75,ทั่วไป,ทั่วไป,1,รู้รุ่นแล้ว แต่ยังไม่มีหลักฐานราคา,ชื่อในช่องเอง,AIR 75
BETA FPV,METEOR 75 PRO,ทั่วไป,ทั่วไป,1,รู้รุ่นแล้ว แต่ยังไม่มีหลักฐานราคา,ชื่อในช่องเอง,METEOR 75 PRO
BETA FPV,PARO 25,ทั่วไป,ทั่วไป,1,รู้รุ่นแล้ว แต่ยังไม่มีหลักฐานราคา,ชื่อในช่องเอง,PARO 25
FOLDING,HC 639,ทั่วไป,ทั่วไป,1,รู้รุ่นแล้ว แต่ยังไม่มีหลักฐานราคา,ชื่อในช่องเอง,HC 639
FOLLOWER,FOLLOWER GPS,ทั่วไป,ทั่วไป,1,รู้รุ่นแล้ว แต่ยังไม่มีหลักฐานราคา,ชื่อในช่องเอง,FOLLOWER GPS
FOXEER,FOXWHOOP,ทั่วไป,ทั่วไป,1,รู้รุ่นแล้ว แต่ยังไม่มีหลักฐานราคา,ชื่อในช่องเอง,FOXWHOOP
FOXTECH,AYK-350,ทั่วไป,ทั่วไป,1,รู้รุ่นแล้ว แต่ยังไม่มีหลักฐานราคา,ชื่อในช่องเอง,AYK-350
BETA FPV,PAVO 20 PRO,ทั่วไป,ทั่วไป,1,รู้รุ่นแล้ว แต่ยังไม่มีหลักฐานราคา,ชื่อในช่องเอง,PAVO 20 PRO
FOXTECH,NAGA QUADCOPTER,ทั่วไป,ทั่วไป,1,รู้รุ่นแล้ว แต่ยังไม่มีหลักฐานราคา,ชื่อในช่องเอง,NAGA QUADCOPTER
FPV,BAYANGTOYS X21,ทั่วไป,ทั่วไป,1,รู้รุ่นแล้ว แต่ยังไม่มีหลักฐานราคา,ชื่อในช่องเอง,BAYANGTOYS X21
FPV,BOB57,ทั่วไป,ทั่วไป,1,ยังไม่รู้ว่าเป็นรุ่นอะไร — ช่องรุ่นเป็นรหัสที่ยังถอดไม่ได้,รหัสที่ถอดไม่ได้,BOB57
BETA FPV,PAVO 25 V2,ทั่วไป,ทั่วไป,1,รู้รุ่นแล้ว แต่ยังไม่มีหลักฐานราคา,ชื่อในช่องเอง,PAVO 25 V2
FPV,FPV,ทั่วไป,ทั่วไป,1,รู้รุ่นแล้ว แต่ยังไม่มีหลักฐานราคา,ชื่อในช่องเอง,FPV
FPV,HOME BUILD,ทั่วไป,ทั่วไป,1,รู้รุ่นแล้ว แต่ยังไม่มีหลักฐานราคา,ชื่อในช่องเอง,HOME BUILD
FPV,LH X14,ทั่วไป,ทั่วไป,1,รู้รุ่นแล้ว แต่ยังไม่มีหลักฐานราคา,ชื่อในช่องเอง,LH X14
FPV,MARK 5,ทั่วไป,ทั่วไป,1,รู้รุ่นแล้ว แต่ยังไม่มีหลักฐานราคา,ชื่อในช่องเอง,MARK 5
FPV,MODEL 2022,ทั่วไป,ทั่วไป,1,รู้รุ่นแล้ว แต่ยังไม่มีหลักฐานราคา,ชื่อในช่องเอง,MODEL 2022
FPV,TOP,ทั่วไป,ทั่วไป,1,รู้รุ่นแล้ว แต่ยังไม่มีหลักฐานราคา,ชื่อในช่องเอง,TOP
FPV DRONE,SELF DESIGNED,ทั่วไป,ทั่วไป,1,รู้รุ่นแล้ว แต่ยังไม่มีหลักฐานราคา,ชื่อในช่องเอง,SELF DESIGNED
FPV RACING,ALIGN MR25,ทั่วไป,ทั่วไป,1,รู้รุ่นแล้ว แต่ยังไม่มีหลักฐานราคา,ชื่อในช่องเอง,ALIGN MR25
FPV RACING,BETAFPV 75 PRO,ทั่วไป,ทั่วไป,1,รู้รุ่นแล้ว แต่ยังไม่มีหลักฐานราคา,ชื่อในช่องเอง,BETAFPV 75 PRO
FPV RACING,BETAFPV 85X,ทั่วไป,ทั่วไป,1,รู้รุ่นแล้ว แต่ยังไม่มีหลักฐานราคา,ชื่อในช่องเอง,BETAFPV 85X
BETAFLIGHT,AIR 75,ทั่วไป,ทั่วไป,1,รู้รุ่นแล้ว แต่ยังไม่มีหลักฐานราคา,ชื่อในช่องเอง,AIR 75
BETAFLIGHT,PAVO PICO,ทั่วไป,ทั่วไป,1,รู้รุ่นแล้ว แต่ยังไม่มีหลักฐานราคา,ชื่อในช่องเอง,PAVO PICO
FREEFLY,ALTA,ทั่วไป,ทั่วไป,1,รู้รุ่นแล้ว แต่ยังไม่มีหลักฐานราคา,ชื่อในช่องเอง,ALTA
BETAFLIGHT,PAVO20 PRO,ทั่วไป,ทั่วไป,1,รู้รุ่นแล้ว แต่ยังไม่มีหลักฐานราคา,ชื่อในช่องเอง,PAVO20 PRO
FUTABA,UAVP316,ทั่วไป,ทั่วไป,1,รู้รุ่นแล้ว แต่ยังไม่มีหลักฐานราคา,ชื่อในช่องเอง,UAVP316
FUTUNE,Q333,ทั่วไป,ทั่วไป,1,รู้รุ่นแล้ว แต่ยังไม่มีหลักฐานราคา,ชื่อในช่องเอง,Q333
FUTURE 1,Q333-B WIFI,ทั่วไป,ทั่วไป,1,รู้รุ่นแล้ว แต่ยังไม่มีหลักฐานราคา,ชื่อในช่องเอง,Q333-B WIFI
GARUDA,WIFI DRONE,ทั่วไป,ทั่วไป,1,รู้รุ่นแล้ว แต่ยังไม่มีหลักฐานราคา,ชื่อในช่องเอง,WIFI DRONE
GDU,S400E,ทั่วไป,ทั่วไป,1,รู้รุ่นแล้ว แต่ยังไม่มีหลักฐานราคา,ชื่อในช่องเอง,S400E
BETAFPV,METEOR 75 PRO,ทั่วไป,ทั่วไป,1,รู้รุ่นแล้ว แต่ยังไม่มีหลักฐานราคา,ชื่อในช่องเอง,METEOR 75 PRO
GEP RC,CINELOG 35 V2,ทั่วไป,ทั่วไป,1,รู้รุ่นแล้ว แต่ยังไม่มีหลักฐานราคา,ชื่อในช่องเอง,CINELOG 35 V2
GEP RC,MARK 5,ทั่วไป,ทั่วไป,1,รู้รุ่นแล้ว แต่ยังไม่มีหลักฐานราคา,ชื่อในช่องเอง,MARK 5
BETAFPV,METEOR 75 PRO O4,ทั่วไป,ทั่วไป,1,รู้รุ่นแล้ว แต่ยังไม่มีหลักฐานราคา,ชื่อในช่องเอง,METEOR 75 PRO O4
GEPRC,CINEBOT,ทั่วไป,ทั่วไป,1,รู้รุ่นแล้ว แต่ยังไม่มีหลักฐานราคา,ชื่อในช่องเอง,CINEBOT
BETAFPV,METEOR75 PRO O4,ทั่วไป,ทั่วไป,1,รู้รุ่นแล้ว แต่ยังไม่มีหลักฐานราคา,ชื่อในช่องเอง,METEOR75 PRO O4
BETAFPV,PAVO 20 PRO II,ทั่วไป,ทั่วไป,1,รู้รุ่นแล้ว แต่ยังไม่มีหลักฐานราคา,ชื่อในช่องเอง,PAVO 20 PRO II
GEPRC,CINEBOT30 HD O3 FPV,ทั่วไป,ทั่วไป,1,รู้รุ่นแล้ว แต่ยังไม่มีหลักฐานราคา,ชื่อในช่องเอง,CINEBOT30 HD O3 FPV
GEPRC,CINELO35HD,ทั่วไป,ทั่วไป,1,รู้รุ่นแล้ว แต่ยังไม่มีหลักฐานราคา,ชื่อในช่องเอง,CINELO35HD
BETAFPV,PAVO FEMTO,ทั่วไป,ทั่วไป,1,รู้รุ่นแล้ว แต่ยังไม่มีหลักฐานราคา,ชื่อในช่องเอง,PAVO FEMTO
GEPRC,CINELOG 20,ทั่วไป,ทั่วไป,1,รู้รุ่นแล้ว แต่ยังไม่มีหลักฐานราคา,ชื่อในช่องเอง,CINELOG 20
BETAFPV,PAVO PICO,ทั่วไป,ทั่วไป,1,รู้รุ่นแล้ว แต่ยังไม่มีหลักฐานราคา,ชื่อในช่องเอง,PAVO PICO
GEPRC,CINELOG 25 V2,ทั่วไป,ทั่วไป,1,รู้รุ่นแล้ว แต่ยังไม่มีหลักฐานราคา,ชื่อในช่องเอง,CINELOG 25 V2
BETAFPV,PAVO20 PRO,ทั่วไป,ทั่วไป,1,รู้รุ่นแล้ว แต่ยังไม่มีหลักฐานราคา,ชื่อในช่องเอง,PAVO20 PRO
BETAFPV,PAVO20PRO,ทั่วไป,ทั่วไป,1,รู้รุ่นแล้ว แต่ยังไม่มีหลักฐานราคา,ชื่อในช่องเอง,PAVO20PRO
GEPRC,CINELOG 30 V2,ทั่วไป,ทั่วไป,1,รู้รุ่นแล้ว แต่ยังไม่มีหลักฐานราคา,ชื่อในช่องเอง,CINELOG 30 V2
BETAFPV,PAVO25,ทั่วไป,ทั่วไป,1,รู้รุ่นแล้ว แต่ยังไม่มีหลักฐานราคา,ชื่อในช่องเอง,PAVO25
GEPRC,CINELOG 30V2,ทั่วไป,ทั่วไป,1,รู้รุ่นแล้ว แต่ยังไม่มีหลักฐานราคา,ชื่อในช่องเอง,CINELOG 30V2
BETAFPV,PAVO25V2,ทั่วไป,ทั่วไป,1,รู้รุ่นแล้ว แต่ยังไม่มีหลักฐานราคา,ชื่อในช่องเอง,PAVO25V2
BLUE CINEON,V3 AXISFLYING,ทั่วไป,ทั่วไป,1,รู้รุ่นแล้ว แต่ยังไม่มีหลักฐานราคา,ชื่อในช่องเอง,V3 AXISFLYING
GEPRC,CINELOG 35V2,ทั่วไป,ทั่วไป,1,รู้รุ่นแล้ว แต่ยังไม่มีหลักฐานราคา,ชื่อในช่องเอง,CINELOG 35V2
GEPRC,CINELOG20,ทั่วไป,ทั่วไป,1,รู้รุ่นแล้ว แต่ยังไม่มีหลักฐานราคา,ชื่อในช่องเอง,CINELOG20
BUBO,BUBO 10S,ทั่วไป,ทั่วไป,1,รู้รุ่นแล้ว แต่ยังไม่มีหลักฐานราคา,ชื่อในช่องเอง,BUBO 10S
GEPRC,CINELOG25 HD 4S,ทั่วไป,ทั่วไป,1,รู้รุ่นแล้ว แต่ยังไม่มีหลักฐานราคา,ชื่อในช่องเอง,CINELOG25 HD 4S
GEPRC,CINELOG25 V2 HD O3,ทั่วไป,ทั่วไป,1,รู้รุ่นแล้ว แต่ยังไม่มีหลักฐานราคา,ชื่อในช่องเอง,CINELOG25 V2 HD O3
C-FLY,FAITH 2,ทั่วไป,ทั่วไป,1,รู้รุ่นแล้ว แต่ยังไม่มีหลักฐานราคา,ชื่อในช่องเอง,FAITH 2
CADDX,GOFILM 20,ทั่วไป,ทั่วไป,1,รู้รุ่นแล้ว แต่ยังไม่มีหลักฐานราคา,ชื่อในช่องเอง,GOFILM 20
CADDX VISTA,PIRAT SHORTY,ทั่วไป,ทั่วไป,1,รู้รุ่นแล้ว แต่ยังไม่มีหลักฐานราคา,ชื่อในช่องเอง,PIRAT SHORTY
GEPRC,CINELOG35 HD,ทั่วไป,ทั่วไป,1,รู้รุ่นแล้ว แต่ยังไม่มีหลักฐานราคา,ชื่อในช่องเอง,CINELOG35 HD
CAMERA DRONE,MINI 2,ทั่วไป,ทั่วไป,1,รู้รุ่นแล้ว แต่ยังไม่มีหลักฐานราคา,ชื่อในช่องเอง,DJI MINI 2
GEPRC,CINELOG35HD,ทั่วไป,ทั่วไป,1,รู้รุ่นแล้ว แต่ยังไม่มีหลักฐานราคา,ชื่อในช่องเอง,CINELOG35HD
GEPRC,CINELOG35V2,ทั่วไป,ทั่วไป,1,รู้รุ่นแล้ว แต่ยังไม่มีหลักฐานราคา,ชื่อในช่องเอง,CINELOG35V2
GEPRC,CONEBOT30,ทั่วไป,ทั่วไป,1,รู้รุ่นแล้ว แต่ยังไม่มีหลักฐานราคา,ชื่อในช่องเอง,CONEBOT30
GEPRC,CONELOG35 V2,ทั่วไป,ทั่วไป,1,รู้รุ่นแล้ว แต่ยังไม่มีหลักฐานราคา,ชื่อในช่องเอง,CONELOG35 V2
GEPRC,CROCODILE BABY 5,ทั่วไป,ทั่วไป,1,รู้รุ่นแล้ว แต่ยังไม่มีหลักฐานราคา,ชื่อในช่องเอง,CROCODILE BABY 5
GEPRC,DARK STAR 20,ทั่วไป,ทั่วไป,1,รู้รุ่นแล้ว แต่ยังไม่มีหลักฐานราคา,ชื่อในช่องเอง,DARK STAR 20
GEPRC,DARKSTAR 16,ทั่วไป,ทั่วไป,1,รู้รุ่นแล้ว แต่ยังไม่มีหลักฐานราคา,ชื่อในช่องเอง,DARKSTAR 16
CFLY,FAITH MINI 2,ทั่วไป,ทั่วไป,1,รู้รุ่นแล้ว แต่ยังไม่มีหลักฐานราคา,ชื่อในช่องเอง,FAITH MINI 2
GEPRC,DARKSTAR20,ทั่วไป,ทั่วไป,1,รู้รุ่นแล้ว แต่ยังไม่มีหลักฐานราคา,ชื่อในช่องเอง,DARKSTAR20
GEPRC,FPX-VAPOR-X5ANALOGELRS24,ทั่วไป,ทั่วไป,1,รู้รุ่นแล้ว แต่ยังไม่มีหลักฐานราคา,ชื่อในช่องเอง,FPX-VAPOR-X5ANALOGELRS24
GEPRC,GECO 5,ทั่วไป,ทั่วไป,1,รู้รุ่นแล้ว แต่ยังไม่มีหลักฐานราคา,ชื่อในช่องเอง,GECO 5
GEPRC,GEPRC CINEBOT 30,ทั่วไป,ทั่วไป,1,รู้รุ่นแล้ว แต่ยังไม่มีหลักฐานราคา,ชื่อในช่องเอง,GEPRC CINEBOT 30
CFLY,FAITH2,ทั่วไป,ทั่วไป,1,รู้รุ่นแล้ว แต่ยังไม่มีหลักฐานราคา,ชื่อในช่องเอง,FAITH2
GEPRC,LR40 TERN,ทั่วไป,ทั่วไป,1,รู้รุ่นแล้ว แต่ยังไม่มีหลักฐานราคา,ชื่อในช่องเอง,LR40 TERN
GEPRC,MARC 5,ทั่วไป,ทั่วไป,1,รู้รุ่นแล้ว แต่ยังไม่มีหลักฐานราคา,ชื่อในช่องเอง,MARC 5
GEPRC,MARK 4,ทั่วไป,ทั่วไป,1,รู้รุ่นแล้ว แต่ยังไม่มีหลักฐานราคา,ชื่อในช่องเอง,MARK 4
CFUAS,CHANGFENG D410,เกษตร,เกษตร-ไม่ใช่ DJI,1,รู้รุ่นแล้ว แต่ยังไม่มีหลักฐานราคา,ชื่อในช่องเอง,CHANGFENG D410
CG035,(ไม่ระบุ),ทั่วไป,ทั่วไป,1,ยังไม่รู้ว่าเป็นรุ่นอะไร — ช่องรุ่นว่าง,ว่าง,-
GEPRC,MARK4,ทั่วไป,ทั่วไป,1,รู้รุ่นแล้ว แต่ยังไม่มีหลักฐานราคา,ชื่อในช่องเอง,MARK4
CG035X,CG035X,ทั่วไป,ทั่วไป,1,ยังไม่รู้ว่าเป็นรุ่นอะไร — ช่องรุ่นเป็นรหัสที่ยังถอดไม่ได้,รหัสที่ถอดไม่ได้,CG035X
CHASING,GLADIUS MINI,ทั่วไป,ทั่วไป,1,รู้รุ่นแล้ว แต่ยังไม่มีหลักฐานราคา,ชื่อในช่องเอง,GLADIUS MINI
GEPRC,MARK5 O4 PRO WIDE X ELRS2.4G,ทั่วไป,ทั่วไป,1,รู้รุ่นแล้ว แต่ยังไม่มีหลักฐานราคา,ชื่อในช่องเอง,MARK5 O4 PRO WIDE X ELRS2.4G
GEPRC,MOZ7,ทั่วไป,ทั่วไป,1,รู้รุ่นแล้ว แต่ยังไม่มีหลักฐานราคา,ชื่อในช่องเอง,MOZ7
GEPRC,SINEBOT,ทั่วไป,ทั่วไป,1,รู้รุ่นแล้ว แต่ยังไม่มีหลักฐานราคา,ชื่อในช่องเอง,SINEBOT
GEPRC,SMART 35,ทั่วไป,ทั่วไป,1,รู้รุ่นแล้ว แต่ยังไม่มีหลักฐานราคา,ชื่อในช่องเอง,SMART 35
GEPRC,SMART 35 HD,ทั่วไป,ทั่วไป,1,รู้รุ่นแล้ว แต่ยังไม่มีหลักฐานราคา,ชื่อในช่องเอง,SMART 35 HD
GEPRC,SMART35,ทั่วไป,ทั่วไป,1,รู้รุ่นแล้ว แต่ยังไม่มีหลักฐานราคา,ชื่อในช่องเอง,SMART35
CHC,P316,ทั่วไป,ทั่วไป,1,รู้รุ่นแล้ว แต่ยังไม่มีหลักฐานราคา,ชื่อในช่องเอง,P316
"CHC , FUTABA",UAV P316 (R3008SB MODULE),ทั่วไป,ทั่วไป,1,รู้รุ่นแล้ว แต่ยังไม่มีหลักฐานราคา,ชื่อในช่องเอง,UAV P316 (R3008SB MODULE)
CHCNAV,BB4,ทั่วไป,ทั่วไป,1,รู้รุ่นแล้ว แต่ยังไม่มีหลักฐานราคา,ชื่อในช่องเอง,BB4
GEPRC,VAPOR D6,ทั่วไป,ทั่วไป,1,รู้รุ่นแล้ว แต่ยังไม่มีหลักฐานราคา,ชื่อในช่องเอง,VAPOR D6
CHCNAV,X500T,ทั่วไป,ทั่วไป,1,รู้รุ่นแล้ว แต่ยังไม่มีหลักฐานราคา,ชื่อในช่องเอง,X500T
GEPRC,VAPOR-D5 O4 PRO,ทั่วไป,ทั่วไป,1,รู้รุ่นแล้ว แต่ยังไม่มีหลักฐานราคา,ชื่อในช่องเอง,VAPOR-D5 O4 PRO
CHEERSON,CX-30,ทั่วไป,ทั่วไป,1,รู้รุ่นแล้ว แต่ยังไม่มีหลักฐานราคา,ชื่อในช่องเอง,CX-30
GEPRC PAVO 35V2,PAVO 35V2,ทั่วไป,ทั่วไป,1,รู้รุ่นแล้ว แต่ยังไม่มีหลักฐานราคา,ชื่อในช่องเอง,PAVO 35V2
GEPRC PAVO20PRO,PAVO 20 PRO,ทั่วไป,ทั่วไป,1,รู้รุ่นแล้ว แต่ยังไม่มีหลักฐานราคา,ชื่อในช่องเอง,PAVO 20 PRO
GEPRRC,MARK5,ทั่วไป,ทั่วไป,1,รู้รุ่นแล้ว แต่ยังไม่มีหลักฐานราคา,ชื่อในช่องเอง,MARK5
GHOSTDRONE 2.0 VR,EHANG,ทั่วไป,ทั่วไป,1,รู้รุ่นแล้ว แต่ยังไม่มีหลักฐานราคา,ชื่อในช่องเอง,EHANG
GJI,MINI SE,ทั่วไป,ทั่วไป,1,รู้รุ่นแล้ว แต่ยังไม่มีหลักฐานราคา,ชื่อในช่องเอง,MINI SE
GLOBAL DRONE,GW018 POCKET DRONE,ทั่วไป,ทั่วไป,1,รู้รุ่นแล้ว แต่ยังไม่มีหลักฐานราคา,ชื่อในช่องเอง,GW018 POCKET DRONE
GLOBAL DRONE,GW180,ทั่วไป,ทั่วไป,1,ยังไม่รู้ว่าเป็นรุ่นอะไร — ช่องรุ่นเป็นรหัสที่ยังถอดไม่ได้,รหัสที่ถอดไม่ได้,GW180
GM166GDS,QAZ FLY,ทั่วไป,ทั่วไป,1,รู้รุ่นแล้ว แต่ยังไม่มีหลักฐานราคา,ชื่อในช่องเอง,QAZ FLY
CINELOG,CINELOG 35 HD,ทั่วไป,ทั่วไป,1,รู้รุ่นแล้ว แต่ยังไม่มีหลักฐานราคา,ชื่อในช่องเอง,CINELOG 35 HD
GOPRO,KARMA DRONE,ทั่วไป,ทั่วไป,1,รู้รุ่นแล้ว แต่ยังไม่มีหลักฐานราคา,ชื่อในช่องเอง,KARMA DRONE
CRISSCROSS,DRAGONFLY,ทั่วไป,ทั่วไป,1,รู้รุ่นแล้ว แต่ยังไม่มีหลักฐานราคา,ชื่อในช่องเอง,DRAGONFLY
GOSHAKW,GOSHAKW 10M,ทั่วไป,ทั่วไป,1,รู้รุ่นแล้ว แต่ยังไม่มีหลักฐานราคา,ชื่อในช่องเอง,GOSHAKW 10M
GPS,X 21,ทั่วไป,ทั่วไป,1,รู้รุ่นแล้ว แต่ยังไม่มีหลักฐานราคา,ชื่อในช่องเอง,X 21
GTEN UPAIR,UPAIR FAIRY,ทั่วไป,ทั่วไป,1,รู้รุ่นแล้ว แต่ยังไม่มีหลักฐานราคา,ชื่อในช่องเอง,UPAIR FAIRY
HANBACK,AUTOFLY-SPRING,ทั่วไป,ทั่วไป,1,รู้รุ่นแล้ว แต่ยังไม่มีหลักฐานราคา,ชื่อในช่องเอง,AUTOFLY-SPRING
HAPPY MODEL,MOBULA 7 1S,ทั่วไป,ทั่วไป,1,รู้รุ่นแล้ว แต่ยังไม่มีหลักฐานราคา,ชื่อในช่องเอง,MOBULA 7 1S
HAPPY MODEL,MOBULA 8,ทั่วไป,ทั่วไป,1,รู้รุ่นแล้ว แต่ยังไม่มีหลักฐานราคา,ชื่อในช่องเอง,MOBULA 8
HAPPYMODEL,CRUX35,ทั่วไป,ทั่วไป,1,รู้รุ่นแล้ว แต่ยังไม่มีหลักฐานราคา,ชื่อในช่องเอง,CRUX35
HAPPYMODEL,MOBULA 7,ทั่วไป,ทั่วไป,1,รู้รุ่นแล้ว แต่ยังไม่มีหลักฐานราคา,ชื่อในช่องเอง,MOBULA 7
HAPPYMODEL,MOBULA 8,ทั่วไป,ทั่วไป,1,รู้รุ่นแล้ว แต่ยังไม่มีหลักฐานราคา,ชื่อในช่องเอง,MOBULA 8
HAPPYMODEL,MOBULA7,ทั่วไป,ทั่วไป,1,รู้รุ่นแล้ว แต่ยังไม่มีหลักฐานราคา,ชื่อในช่องเอง,MOBULA7
HAPPYMODEL,MOBULA8 DIGITAL HD,ทั่วไป,ทั่วไป,1,รู้รุ่นแล้ว แต่ยังไม่มีหลักฐานราคา,ชื่อในช่องเอง,MOBULA8 DIGITAL HD
HARPIA,HARPIA 100C,ทั่วไป,ทั่วไป,1,รู้รุ่นแล้ว แต่ยังไม่มีหลักฐานราคา,ชื่อในช่องเอง,HARPIA 100C
CUSTOM FPV,CUSTOM FPV,ทั่วไป,ทั่วไป,1,รู้รุ่นแล้ว แต่ยังไม่มีหลักฐานราคา,ชื่อในช่องเอง,CUSTOM FPV
D?JI,MAVIC 2 PRO,ทั่วไป,ทั่วไป,1,รู้รุ่นแล้ว แต่ยังไม่มีหลักฐานราคา,ชื่อในช่องเอง,MAVIC 2 PRO
D?JI,MINI 3 PRO,ทั่วไป,ทั่วไป,1,รู้รุ่นแล้ว แต่ยังไม่มีหลักฐานราคา,ชื่อในช่องเอง,MINI PRO 3
HG ROBOTICS,VESPA HEX 650,ทั่วไป,ทั่วไป,1,รู้รุ่นแล้ว แต่ยังไม่มีหลักฐานราคา,ชื่อในช่องเอง,VESPA HEX 650
DAHUA TECHNOLOGY,(ไม่ระบุ),ทั่วไป,ทั่วไป,1,ยังไม่รู้ว่าเป็นรุ่นอะไร — ช่องรุ่นว่าง,ว่าง,-
HG ROBOTICS,VETAL,ทั่วไป,ทั่วไป,1,รู้รุ่นแล้ว แต่ยังไม่มีหลักฐานราคา,ชื่อในช่องเอง,VETAL
HGLRC,SECTOR,ทั่วไป,ทั่วไป,1,รู้รุ่นแล้ว แต่ยังไม่มีหลักฐานราคา,ชื่อในช่องเอง,SECTOR
HGLRC,SECTOR 3,ทั่วไป,ทั่วไป,1,รู้รุ่นแล้ว แต่ยังไม่มีหลักฐานราคา,ชื่อในช่องเอง,SECTOR 3
HGLRC,SECTOR150,ทั่วไป,ทั่วไป,1,รู้รุ่นแล้ว แต่ยังไม่มีหลักฐานราคา,ชื่อในช่องเอง,SECTOR150
DAJIANG DJI,AVATA 2,ทั่วไป,ทั่วไป,1,รู้รุ่นแล้ว แต่ยังไม่มีหลักฐานราคา,ชื่อในช่องเอง,AVATA 2
DAMING,DM109S,ทั่วไป,ทั่วไป,1,ยังไม่รู้ว่าเป็นรุ่นอะไร — ช่องรุ่นเป็นรหัสที่ยังถอดไม่ได้,รหัสที่ถอดไม่ได้,DM109S
HOLY STONE,HS175,ทั่วไป,ทั่วไป,1,ยังไม่รู้ว่าเป็นรุ่นอะไร — ช่องรุ่นเป็นรหัสที่ยังถอดไม่ได้,รหัสที่ถอดไม่ได้,HS175
HOLY STONE,HS175D,ทั่วไป,ทั่วไป,1,ยังไม่รู้ว่าเป็นรุ่นอะไร — ช่องรุ่นเป็นรหัสที่ยังถอดไม่ได้,รหัสที่ถอดไม่ได้,HS175D
HOLY STONE,HS280,ทั่วไป,ทั่วไป,1,ยังไม่รู้ว่าเป็นรุ่นอะไร — ช่องรุ่นเป็นรหัสที่ยังถอดไม่ได้,รหัสที่ถอดไม่ได้,HS280
DARWIN FPV,CINE APE 20,ทั่วไป,ทั่วไป,1,รู้รุ่นแล้ว แต่ยังไม่มีหลักฐานราคา,ชื่อในช่องเอง,CINE APE 20
HOLY STONE,HS720,ทั่วไป,ทั่วไป,1,ยังไม่รู้ว่าเป็นรุ่นอะไร — ช่องรุ่นเป็นรหัสที่ยังถอดไม่ได้,รหัสที่ถอดไม่ได้,HS720
HOLY STONE,HS720E,ทั่วไป,ทั่วไป,1,ยังไม่รู้ว่าเป็นรุ่นอะไร — ช่องรุ่นเป็นรหัสที่ยังถอดไม่ได้,รหัสที่ถอดไม่ได้,HS720E
DARWIN FPV,TINY APE,ทั่วไป,ทั่วไป,1,รู้รุ่นแล้ว แต่ยังไม่มีหลักฐานราคา,ชื่อในช่องเอง,TINY APE
HOLY STONE,HS720R,ทั่วไป,ทั่วไป,1,ยังไม่รู้ว่าเป็นรุ่นอะไร — ช่องรุ่นเป็นรหัสที่ยังถอดไม่ได้,รหัสที่ถอดไม่ได้,HS720R
HOLY STONE,HS900,ทั่วไป,ทั่วไป,1,ยังไม่รู้ว่าเป็นรุ่นอะไร — ช่องรุ่นเป็นรหัสที่ยังถอดไม่ได้,รหัสที่ถอดไม่ได้,HS900
HOLYBRO,S500 PIXHAWK,ทั่วไป,ทั่วไป,1,รู้รุ่นแล้ว แต่ยังไม่มีหลักฐานราคา,ชื่อในช่องเอง,S500 PIXHAWK
HOLYBRO,X500 V2,ทั่วไป,ทั่วไป,1,รู้รุ่นแล้ว แต่ยังไม่มีหลักฐานราคา,ชื่อในช่องเอง,X500 V2
HOLYSTONE,HS720,ทั่วไป,ทั่วไป,1,ยังไม่รู้ว่าเป็นรุ่นอะไร — ช่องรุ่นเป็นรหัสที่ยังถอดไม่ได้,รหัสที่ถอดไม่ได้,HS720
HOMEMADE,FPV,ทั่วไป,ทั่วไป,1,รู้รุ่นแล้ว แต่ยังไม่มีหลักฐานราคา,ชื่อในช่องเอง,FPV
HOOVER,X1 PRO,ทั่วไป,ทั่วไป,1,รู้รุ่นแล้ว แต่ยังไม่มีหลักฐานราคา,ชื่อในช่องเอง,X1 PRO
HORNET,HORNET 2.5 INCH,ทั่วไป,ทั่วไป,1,รู้รุ่นแล้ว แต่ยังไม่มีหลักฐานราคา,ชื่อในช่องเอง,HORNET 2.5 INCH
DCI,MINI 2,ทั่วไป,ทั่วไป,1,รู้รุ่นแล้ว แต่ยังไม่มีหลักฐานราคา,ชื่อในช่องเอง,MINI 2
DEEPSPACE,SEEKER 3,ทั่วไป,ทั่วไป,1,รู้รุ่นแล้ว แต่ยังไม่มีหลักฐานราคา,ชื่อในช่องเอง,SEEKER 3
HOSHI,007 PRO,ทั่วไป,ทั่วไป,1,รู้รุ่นแล้ว แต่ยังไม่มีหลักฐานราคา,ชื่อในช่องเอง,007 PRO
HOVER CAMERA PASSPORT,(ไม่ระบุ),ทั่วไป,ทั่วไป,1,ยังไม่รู้ว่าเป็นรุ่นอะไร — ช่องรุ่นว่าง,ว่าง,-
HOVERAIR,PASSPORT,ทั่วไป,ทั่วไป,1,รู้รุ่นแล้ว แต่ยังไม่มีหลักฐานราคา,ชื่อในช่องเอง,PASSPORT
HOVERAIR,X-AIR,ทั่วไป,ทั่วไป,1,รู้รุ่นแล้ว แต่ยังไม่มีหลักฐานราคา,ชื่อในช่องเอง,X-AIR
DEEPSPACE,SEEKER 35,ทั่วไป,ทั่วไป,1,รู้รุ่นแล้ว แต่ยังไม่มีหลักฐานราคา,ชื่อในช่องเอง,SEEKER 35
DFD,F182,ทั่วไป,ทั่วไป,1,รู้รุ่นแล้ว แต่ยังไม่มีหลักฐานราคา,ชื่อในช่องเอง,F182
HOVERAIR,ZZ-H-001,ทั่วไป,ทั่วไป,1,รู้รุ่นแล้ว แต่ยังไม่มีหลักฐานราคา,ชื่อในช่องเอง,ZZ-H-001
DGJ,MINI 4 PRO,ทั่วไป,ทั่วไป,1,รู้รุ่นแล้ว แต่ยังไม่มีหลักฐานราคา,ชื่อในช่องเอง,MINI 4 PRO
DHI,MINI 2 SE,ทั่วไป,ทั่วไป,1,รู้รุ่นแล้ว แต่ยังไม่มีหลักฐานราคา,ชื่อในช่องเอง,MINI 2 SE
DIATONE,F5,ทั่วไป,ทั่วไป,1,รู้รุ่นแล้ว แต่ยังไม่มีหลักฐานราคา,ชื่อในช่องเอง,F5
DIATONE,ROMA,ทั่วไป,ทั่วไป,1,รู้รุ่นแล้ว แต่ยังไม่มีหลักฐานราคา,ชื่อในช่องเอง,ROMA
HUBSAN,FPV X,ทั่วไป,ทั่วไป,1,รู้รุ่นแล้ว แต่ยังไม่มีหลักฐานราคา,ชื่อในช่องเอง,FPV X
HUBSAN,H019S,ทั่วไป,ทั่วไป,1,รู้รุ่นแล้ว แต่ยังไม่มีหลักฐานราคา,ชื่อในช่องเอง,H019S
HUBSAN,H107C,ทั่วไป,ทั่วไป,1,รู้รุ่นแล้ว แต่ยังไม่มีหลักฐานราคา,ชื่อในช่องเอง,H107C
DIATONE,ROMA F5 6S TBS,ทั่วไป,ทั่วไป,1,รู้รุ่นแล้ว แต่ยังไม่มีหลักฐานราคา,ชื่อในช่องเอง,ROMA F5 6S TBS
DIATONE,ROMA F6,ทั่วไป,ทั่วไป,1,รู้รุ่นแล้ว แต่ยังไม่มีหลักฐานราคา,ชื่อในช่องเอง,ROMA F6
HUBSAN,H122D,ทั่วไป,ทั่วไป,1,รู้รุ่นแล้ว แต่ยังไม่มีหลักฐานราคา,ชื่อในช่องเอง,H122D
DIATONE,ROMA F7,ทั่วไป,ทั่วไป,1,รู้รุ่นแล้ว แต่ยังไม่มีหลักฐานราคา,ชื่อในช่องเอง,ROMA F7
HUBSAN,H500,ทั่วไป,ทั่วไป,1,รู้รุ่นแล้ว แต่ยังไม่มีหลักฐานราคา,ชื่อในช่องเอง,H500
HUBSAN,H501 A,ทั่วไป,ทั่วไป,1,รู้รุ่นแล้ว แต่ยังไม่มีหลักฐานราคา,ชื่อในช่องเอง,H501 A
HUBSAN,H5015,ทั่วไป,ทั่วไป,1,รู้รุ่นแล้ว แต่ยังไม่มีหลักฐานราคา,ชื่อในช่องเอง,H5015
DIATONE,ROMAF5,ทั่วไป,ทั่วไป,1,รู้รุ่นแล้ว แต่ยังไม่มีหลักฐานราคา,ชื่อในช่องเอง,ROMAF5
DIJ,MAVIC3PRO,ทั่วไป,ทั่วไป,1,รู้รุ่นแล้ว แต่ยังไม่มีหลักฐานราคา,ชื่อในช่องเอง,MAVIC3PRO
DIJ,MINI 3,ทั่วไป,ทั่วไป,1,รู้รุ่นแล้ว แต่ยังไม่มีหลักฐานราคา,ชื่อในช่องเอง,MINI 3
HUBSAN,H501S9,ทั่วไป,ทั่วไป,1,รู้รุ่นแล้ว แต่ยังไม่มีหลักฐานราคา,ชื่อในช่องเอง,H501S9
DIJ,MINI 4 PRO,ทั่วไป,ทั่วไป,1,รู้รุ่นแล้ว แต่ยังไม่มีหลักฐานราคา,ชื่อในช่องเอง,MINI 4 PRO
DIJ,WM331S,ทั่วไป,ทั่วไป,1,ยังไม่รู้ว่าเป็นรุ่นอะไร — ช่องรุ่นเป็นรหัสที่ยังถอดไม่ได้,รหัสที่ถอดไม่ได้,WM331S
HUBSAN,H501SS STANDARD,ทั่วไป,ทั่วไป,1,รู้รุ่นแล้ว แต่ยังไม่มีหลักฐานราคา,ชื่อในช่องเอง,H501SS STANDARD
DIJI,MINI 3,ทั่วไป,ทั่วไป,1,รู้รุ่นแล้ว แต่ยังไม่มีหลักฐานราคา,ชื่อในช่องเอง,MINI 3
HUBSAN,HUBSAN ACE PRO,ทั่วไป,ทั่วไป,1,รู้รุ่นแล้ว แต่ยังไม่มีหลักฐานราคา,ชื่อในช่องเอง,HUBSAN ACE PRO
DIJI,MINI 3 PRO,ทั่วไป,ทั่วไป,1,รู้รุ่นแล้ว แต่ยังไม่มีหลักฐานราคา,ชื่อในช่องเอง,MINI 3 PRO
DJ,DJ 4 K MINI,ทั่วไป,ทั่วไป,1,รู้รุ่นแล้ว แต่ยังไม่มีหลักฐานราคา,ชื่อในช่องเอง,DJ 4 K MINI
DJ,MAVIC AIR,ทั่วไป,ทั่วไป,1,รู้รุ่นแล้ว แต่ยังไม่มีหลักฐานราคา,ชื่อในช่องเอง,MAVIC AIR
DJ,MAVIC AIR 2,ทั่วไป,ทั่วไป,1,รู้รุ่นแล้ว แต่ยังไม่มีหลักฐานราคา,ชื่อในช่องเอง,MAVIC AIR2
DJ,MINI 2,ทั่วไป,ทั่วไป,1,รู้รุ่นแล้ว แต่ยังไม่มีหลักฐานราคา,ชื่อในช่องเอง,MINI 2
DJ,MINI 3,ทั่วไป,ทั่วไป,1,รู้รุ่นแล้ว แต่ยังไม่มีหลักฐานราคา,ชื่อในช่องเอง,MINI 3
DJ,MINI 3 PRO,ทั่วไป,ทั่วไป,1,รู้รุ่นแล้ว แต่ยังไม่มีหลักฐานราคา,ชื่อในช่องเอง,MINI 3 PRO
DJ,MINI 4K,ทั่วไป,ทั่วไป,1,รู้รุ่นแล้ว แต่ยังไม่มีหลักฐานราคา,ชื่อในช่องเอง,MINI 4K
HUBSAN,ZINO PRO MINI,ทั่วไป,ทั่วไป,1,รู้รุ่นแล้ว แต่ยังไม่มีหลักฐานราคา,ชื่อในช่องเอง,ZINO PRO MINI
HUBSAN,ZINO PRO PLUS,ทั่วไป,ทั่วไป,1,รู้รุ่นแล้ว แต่ยังไม่มีหลักฐานราคา,ชื่อในช่องเอง,ZINO PRO PLUS
DJ MINI SE,DJ MINI SE,ทั่วไป,ทั่วไป,1,รู้รุ่นแล้ว แต่ยังไม่มีหลักฐานราคา,ชื่อในช่องเอง,DJ MINI SE
DJ1 3,RC231,ทั่วไป,ทั่วไป,1,รู้รุ่นแล้ว แต่ยังไม่มีหลักฐานราคา,ชื่อในช่องเอง,RC231
HUPSAN,H501S,ทั่วไป,ทั่วไป,1,รู้รุ่นแล้ว แต่ยังไม่มีหลักฐานราคา,ชื่อในช่องเอง,H501S
HYTOBP,S166,ทั่วไป,ทั่วไป,1,รู้รุ่นแล้ว แต่ยังไม่มีหลักฐานราคา,ชื่อในช่องเอง,S166
I FLIGHT,NAZGUL 5 V2,ทั่วไป,ทั่วไป,1,รู้รุ่นแล้ว แต่ยังไม่มีหลักฐานราคา,ชื่อในช่องเอง,NAZGUL 5 V2
I MAVIK AIR 2,MA2UE1N,ทั่วไป,ทั่วไป,1,ยังไม่รู้ว่าเป็นรุ่นอะไร — ช่องรุ่นเป็นรหัสที่ยังถอดไม่ได้,รหัสที่ถอดไม่ได้,MA2UE1N
DJ3,MINI 3 PRO,ทั่วไป,ทั่วไป,1,รู้รุ่นแล้ว แต่ยังไม่มีหลักฐานราคา,ชื่อในช่องเอง,MINI PRO 3
DJA,MT1SD25,ทั่วไป,ทั่วไป,1,ยังไม่รู้ว่าเป็นรุ่นอะไร — ช่องรุ่นเป็นรหัสที่ยังถอดไม่ได้,รหัสที่ถอดไม่ได้,MT1SD25
DJI,04 AIR UNIT PRO,ทั่วไป,ทั่วไป,1,รู้รุ่นแล้ว แต่ยังไม่มีหลักฐานราคา,ชื่อในช่องเอง,04 AIR UNIT PRO
DJI,1581F5YHC22CG00297F1,ทั่วไป,ทั่วไป,1,รู้รุ่นแล้ว แต่ยังไม่มีหลักฐานราคา,ชื่อในช่องเอง,1581F5YHC22CG00297F1
ICS,VOXEL MX,ทั่วไป,ทั่วไป,1,รู้รุ่นแล้ว แต่ยังไม่มีหลักฐานราคา,ชื่อในช่องเอง,VOXEL MX
IFLIGHT,7-INCH FPV,ทั่วไป,ทั่วไป,1,รู้รุ่นแล้ว แต่ยังไม่มีหลักฐานราคา,ชื่อในช่องเอง,7-INCH FPV
DJI,1581F6Z9C248C003Z46P,ทั่วไป,ทั่วไป,1,รู้รุ่นแล้ว แต่ยังไม่มีหลักฐานราคา,ชื่อในช่องเอง,1581F6Z9C248C003Z46P
DJI,1T2CK56R37VHSA,ทั่วไป,ทั่วไป,1,รู้รุ่นแล้ว แต่ยังไม่มีหลักฐานราคา,ชื่อในช่องเอง,1T2CK56R37VHSA
IFLIGHT,AOS UL5,ทั่วไป,ทั่วไป,1,รู้รุ่นแล้ว แต่ยังไม่มีหลักฐานราคา,ชื่อในช่องเอง,AOS UL5
IFLIGHT,APEX5DC,ทั่วไป,ทั่วไป,1,รู้รุ่นแล้ว แต่ยังไม่มีหลักฐานราคา,ชื่อในช่องเอง,APEX5DC
IFLIGHT,BOB 57,ทั่วไป,ทั่วไป,1,รู้รุ่นแล้ว แต่ยังไม่มีหลักฐานราคา,ชื่อในช่องเอง,BOB 57
IFLIGHT,BOB57 HD 03 AIR UNIT 6S,ทั่วไป,ทั่วไป,1,รู้รุ่นแล้ว แต่ยังไม่มีหลักฐานราคา,ชื่อในช่องเอง,BOB57 HD 03 AIR UNIT 6S
IFLIGHT,CHIMERA 5,ทั่วไป,ทั่วไป,1,รู้รุ่นแล้ว แต่ยังไม่มีหลักฐานราคา,ชื่อในช่องเอง,CHIMERA 5
DJI,2 MINI SE,ทั่วไป,ทั่วไป,1,รู้รุ่นแล้ว แต่ยังไม่มีหลักฐานราคา,ชื่อในช่องเอง,2 MINI SE
IFLIGHT,CHIMERA 7 PRO V2,ทั่วไป,ทั่วไป,1,รู้รุ่นแล้ว แต่ยังไม่มีหลักฐานราคา,ชื่อในช่องเอง,CHIMERA 7 PRO V2
IFLIGHT,CHIMERA 7PRO V2,ทั่วไป,ทั่วไป,1,รู้รุ่นแล้ว แต่ยังไม่มีหลักฐานราคา,ชื่อในช่องเอง,CHIMERA 7PRO V2
IFLIGHT,CHIMERA PRO 2,ทั่วไป,ทั่วไป,1,รู้รุ่นแล้ว แต่ยังไม่มีหลักฐานราคา,ชื่อในช่องเอง,CHIMERA PRO 2
DJI,2 SE,ทั่วไป,ทั่วไป,1,รู้รุ่นแล้ว แต่ยังไม่มีหลักฐานราคา,ชื่อในช่องเอง,2 SE
IFLIGHT,CHIMERA5 V2 4S HD,ทั่วไป,ทั่วไป,1,รู้รุ่นแล้ว แต่ยังไม่มีหลักฐานราคา,ชื่อในช่องเอง,CHIMERA5 V2 4S HD
IFLIGHT,CHIMERA7 PRO V2 6S HD LR,ทั่วไป,ทั่วไป,1,รู้รุ่นแล้ว แต่ยังไม่มีหลักฐานราคา,ชื่อในช่องเอง,CHIMERA7 PRO V2 6S HD LR
DJI,202212029096,ทั่วไป,ทั่วไป,1,รู้รุ่นแล้ว แต่ยังไม่มีหลักฐานราคา,ชื่อในช่องเอง,202212029096
DJI,2S,ทั่วไป,ทั่วไป,1,รู้รุ่นแล้ว แต่ยังไม่มีหลักฐานราคา,ชื่อในช่องเอง,2S
IFLIGHT,CINEFLOW 5,ทั่วไป,ทั่วไป,1,รู้รุ่นแล้ว แต่ยังไม่มีหลักฐานราคา,ชื่อในช่องเอง,CINEFLOW 5
IFLIGHT,DEFENDER 16 HD O3 2S,ทั่วไป,ทั่วไป,1,รู้รุ่นแล้ว แต่ยังไม่มีหลักฐานราคา,ชื่อในช่องเอง,DEFENDER 16 HD O3 2S
IFLIGHT,DEFENDER 25,ทั่วไป,ทั่วไป,1,รู้รุ่นแล้ว แต่ยังไม่มีหลักฐานราคา,ชื่อในช่องเอง,DEFENDER 25
IFLIGHT,EVOQUE,ทั่วไป,ทั่วไป,1,รู้รุ่นแล้ว แต่ยังไม่มีหลักฐานราคา,ชื่อในช่องเอง,EVOQUE
IFLIGHT,F411,ทั่วไป,ทั่วไป,1,รู้รุ่นแล้ว แต่ยังไม่มีหลักฐานราคา,ชื่อในช่องเอง,F411
IFLIGHT,HELION10,ทั่วไป,ทั่วไป,1,รู้รุ่นแล้ว แต่ยังไม่มีหลักฐานราคา,ชื่อในช่องเอง,HELION10
IFLIGHT,IFLIGHT NAZGUL EVOQUE F5D HD,ทั่วไป,ทั่วไป,1,รู้รุ่นแล้ว แต่ยังไม่มีหลักฐานราคา,ชื่อในช่องเอง,IFLIGHT NAZGUL EVOQUE F5D HD
IFLIGHT,IH3 HD,ทั่วไป,ทั่วไป,1,รู้รุ่นแล้ว แต่ยังไม่มีหลักฐานราคา,ชื่อในช่องเอง,IH3 HD
DJI,2SE,ทั่วไป,ทั่วไป,1,รู้รุ่นแล้ว แต่ยังไม่มีหลักฐานราคา,ชื่อในช่องเอง,2SE
IFLIGHT,MACH R5,ทั่วไป,ทั่วไป,1,รู้รุ่นแล้ว แต่ยังไม่มีหลักฐานราคา,ชื่อในช่องเอง,MACH R5
DJI,3 PRO MINI,ทั่วไป,ทั่วไป,1,รู้รุ่นแล้ว แต่ยังไม่มีหลักฐานราคา,ชื่อในช่องเอง,3 PRO MINI
DJI,330,ทั่วไป,ทั่วไป,1,รู้รุ่นแล้ว แต่ยังไม่มีหลักฐานราคา,ชื่อในช่องเอง,330
IFLIGHT,NAZGUL DC5 ECO V1.1 HD O3 AIR UNIT,ทั่วไป,ทั่วไป,1,รู้รุ่นแล้ว แต่ยังไม่มีหลักฐานราคา,ชื่อในช่องเอง,NAZGUL DC5 ECO V1.1 HD O3 AIR UNIT
IFLIGHT,NAZGUL DC5 O4 ECO V1.1 6S HD,ทั่วไป,ทั่วไป,1,รู้รุ่นแล้ว แต่ยังไม่มีหลักฐานราคา,ชื่อในช่องเอง,NAZGUL DC5 O4 ECO V1.1 6S HD
IFLIGHT,NAZGUL ECODC5,ทั่วไป,ทั่วไป,1,รู้รุ่นแล้ว แต่ยังไม่มีหลักฐานราคา,ชื่อในช่องเอง,NAZGUL ECODC5
DJI,3N3BH6P00206Z6,ทั่วไป,ทั่วไป,1,รู้รุ่นแล้ว แต่ยังไม่มีหลักฐานราคา,ชื่อในช่องเอง,3N3BH6P00206Z6
IFLIGHT,NAZGUL EVOQE V2,ทั่วไป,ทั่วไป,1,รู้รุ่นแล้ว แต่ยังไม่มีหลักฐานราคา,ชื่อในช่องเอง,NAZGUL EVOQE V2
IFLIGHT,NAZGUL EVOQUE F4,ทั่วไป,ทั่วไป,1,รู้รุ่นแล้ว แต่ยังไม่มีหลักฐานราคา,ชื่อในช่องเอง,NAZGUL EVOQUE F4
IFLIGHT,NAZGUL EVOQUE F5,ทั่วไป,ทั่วไป,1,รู้รุ่นแล้ว แต่ยังไม่มีหลักฐานราคา,ชื่อในช่องเอง,NAZGUL EVOQUE F5
IFLIGHT,NAZGUL EVOQUE F5 V2,ทั่วไป,ทั่วไป,1,รู้รุ่นแล้ว แต่ยังไม่มีหลักฐานราคา,ชื่อในช่องเอง,NAZGUL EVOQUE F5 V2
IFLIGHT,NAZGUL EVOQUE F5 V2 6S HD,ทั่วไป,ทั่วไป,1,รู้รุ่นแล้ว แต่ยังไม่มีหลักฐานราคา,ชื่อในช่องเอง,NAZGUL EVOQUE F5 V2 6S HD
IFLIGHT,NAZGUL EVOQUE F5 V2 O3 GPS,ทั่วไป,ทั่วไป,1,รู้รุ่นแล้ว แต่ยังไม่มีหลักฐานราคา,ชื่อในช่องเอง,NAZGUL EVOQUE F5 V2 O3 GPS
DJI,3N3BHB901203BZ,ทั่วไป,ทั่วไป,1,รู้รุ่นแล้ว แต่ยังไม่มีหลักฐานราคา,ชื่อในช่องเอง,3N3BHB901203BZ
IFLIGHT,NAZGUL EVOQUE F5D 6S,ทั่วไป,ทั่วไป,1,รู้รุ่นแล้ว แต่ยังไม่มีหลักฐานราคา,ชื่อในช่องเอง,NAZGUL EVOQUE F5D 6S
IFLIGHT,NAZGUL EVOQUE F5DV2,ทั่วไป,ทั่วไป,1,รู้รุ่นแล้ว แต่ยังไม่มีหลักฐานราคา,ชื่อในช่องเอง,NAZGUL EVOQUE F5DV2
DJI,3QDCK6R006DJ65,ทั่วไป,ทั่วไป,1,รู้รุ่นแล้ว แต่ยังไม่มีหลักฐานราคา,ชื่อในช่องเอง,3QDCK6R006DJ65
IFLIGHT,NAZGUL EVOQUE F6,ทั่วไป,ทั่วไป,1,รู้รุ่นแล้ว แต่ยังไม่มีหลักฐานราคา,ชื่อในช่องเอง,NAZGUL EVOQUE F6
IFLIGHT,NAZGUL F5 V2,ทั่วไป,ทั่วไป,1,รู้รุ่นแล้ว แต่ยังไม่มีหลักฐานราคา,ชื่อในช่องเอง,NAZGUL F5 V2
DJI,3W-DJI-8-10-015 / MG-1S,เกษตร,เกษตร-DJI,1,รู้รุ่นแล้ว แต่ยังไม่มีหลักฐานราคา,ชื่อในช่องเอง,3W-DJI-8-10-015 / MG-1S
DJI,4 PRO,ทั่วไป,ทั่วไป,1,รู้รุ่นแล้ว แต่ยังไม่มีหลักฐานราคา,ชื่อในช่องเอง,4 PRO
IFLIGHT,NAZGUL V3,ทั่วไป,ทั่วไป,1,รู้รุ่นแล้ว แต่ยังไม่มีหลักฐานราคา,ชื่อในช่องเอง,NAZGUL V3
IFLIGHT,NAZGUL5 V2,ทั่วไป,ทั่วไป,1,รู้รุ่นแล้ว แต่ยังไม่มีหลักฐานราคา,ชื่อในช่องเอง,NAZGUL5 V2
IFLIGHT,NAZGUL5 V2 HD,ทั่วไป,ทั่วไป,1,รู้รุ่นแล้ว แต่ยังไม่มีหลักฐานราคา,ชื่อในช่องเอง,NAZGUL5 V2 HD
IFLIGHT,NAZGULE EVOQUE,ทั่วไป,ทั่วไป,1,รู้รุ่นแล้ว แต่ยังไม่มีหลักฐานราคา,ชื่อในช่องเอง,NAZGULE EVOQUE
IFLIGHT,NAZGULE F5,ทั่วไป,ทั่วไป,1,รู้รุ่นแล้ว แต่ยังไม่มีหลักฐานราคา,ชื่อในช่องเอง,NAZGULE F5
DJI,4 PRO MINI,ทั่วไป,ทั่วไป,1,รู้รุ่นแล้ว แต่ยังไม่มีหลักฐานราคา,ชื่อในช่องเอง,4 PRO MINI
IFLIGHT,PROTEK35,ทั่วไป,ทั่วไป,1,รู้รุ่นแล้ว แต่ยังไม่มีหลักฐานราคา,ชื่อในช่องเอง,PROTEK35
IFLIGHT,PROTEK35HD,ทั่วไป,ทั่วไป,1,รู้รุ่นแล้ว แต่ยังไม่มีหลักฐานราคา,ชื่อในช่องเอง,PROTEK35HD
IFLIGHT,SECTOR150,ทั่วไป,ทั่วไป,1,รู้รุ่นแล้ว แต่ยังไม่มีหลักฐานราคา,ชื่อในช่องเอง,SECTOR150
DJI,4PRO,ทั่วไป,ทั่วไป,1,รู้รุ่นแล้ว แต่ยังไม่มีหลักฐานราคา,ชื่อในช่องเอง,4PRO
IFLIGHT,TITAN XL5,ทั่วไป,ทั่วไป,1,รู้รุ่นแล้ว แต่ยังไม่มีหลักฐานราคา,ชื่อในช่องเอง,TITAN XL5
IFLIGHT NAZGUL EVOQUE F5 V2,FQ13586,ทั่วไป,ทั่วไป,1,ยังไม่รู้ว่าเป็นรุ่นอะไร — ช่องรุ่นเป็นรหัสที่ยังถอดไม่ได้,รหัสที่ถอดไม่ได้,FQ13586
IFLIHGT,MAZGUL DC5 ECO,ทั่วไป,ทั่วไป,1,รู้รุ่นแล้ว แต่ยังไม่มีหลักฐานราคา,ชื่อในช่องเอง,MAZGUL DC5 ECO
DJI,5HAZK6N001910Z,ทั่วไป,ทั่วไป,1,รู้รุ่นแล้ว แต่ยังไม่มีหลักฐานราคา,ชื่อในช่องเอง,5HAZK6N001910Z
IMPULSE RC,APEX HD,ทั่วไป,ทั่วไป,1,รู้รุ่นแล้ว แต่ยังไม่มีหลักฐานราคา,ชื่อในช่องเอง,APEX HD
DJI,5HAZK8S001GK5M,ทั่วไป,ทั่วไป,1,รู้รุ่นแล้ว แต่ยังไม่มีหลักฐานราคา,ชื่อในช่องเอง,5HAZK8S001GK5M
DJI,6UZBLAR021091N,ทั่วไป,ทั่วไป,1,รู้รุ่นแล้ว แต่ยังไม่มีหลักฐานราคา,ชื่อในช่องเอง,6UZBLAR021091N
DJI,8RXZMBM000KYYX,ทั่วไป,ทั่วไป,1,รู้รุ่นแล้ว แต่ยังไม่มีหลักฐานราคา,ชื่อในช่องเอง,8RXZMBM000KYYX
INSEE,320,ทั่วไป,ทั่วไป,1,รู้รุ่นแล้ว แต่ยังไม่มีหลักฐานราคา,ชื่อในช่องเอง,320
INT DEC PRO,E99 PRO,ทั่วไป,ทั่วไป,1,รู้รุ่นแล้ว แต่ยังไม่มีหลักฐานราคา,ชื่อในช่องเอง,E99 PRO
INTEL,FALCON 8+,ทั่วไป,ทั่วไป,1,รู้รุ่นแล้ว แต่ยังไม่มีหลักฐานราคา,ชื่อในช่องเอง,FALCON 8+
INTEL,RCM24G,ทั่วไป,ทั่วไป,1,ยังไม่รู้ว่าเป็นรุ่นอะไร — ช่องรุ่นเป็นรหัสที่ยังถอดไม่ได้,รหัสที่ถอดไม่ได้,RCM24G
ISAAC UAV,ACCEL,ทั่วไป,ทั่วไป,1,รู้รุ่นแล้ว แต่ยังไม่มีหลักฐานราคา,ชื่อในช่องเอง,ACCEL
JAONGOR AGRICULTURE,JN20,เกษตร,เกษตร-ไม่ใช่ DJI,1,ยังไม่รู้ว่าเป็นรุ่นอะไร — ช่องรุ่นเป็นรหัสที่ยังถอดไม่ได้,รหัสที่ถอดไม่ได้,JN20
JDI,MINI 4 PRO,ทั่วไป,ทั่วไป,1,รู้รุ่นแล้ว แต่ยังไม่มีหลักฐานราคา,ชื่อในช่องเอง,MINI 4 PRO
JIANGSHI,MK15RX,ทั่วไป,ทั่วไป,1,ยังไม่รู้ว่าเป็นรุ่นอะไร — ช่องรุ่นเป็นรหัสที่ยังถอดไม่ได้,รหัสที่ถอดไม่ได้,JS-M/80 (WITH MK15TX / MK15RX)
DJI,ACATA 2,ทั่วไป,ทั่วไป,1,รู้รุ่นแล้ว แต่ยังไม่มีหลักฐานราคา,ชื่อในช่องเอง,ACATA 2
JJRC,X12,ทั่วไป,ทั่วไป,1,รู้รุ่นแล้ว แต่ยังไม่มีหลักฐานราคา,ชื่อในช่องเอง,X12
DJI,AIR 3 DISPLAY UNIT-DJI RC2,ทั่วไป,ทั่วไป,1,รู้รุ่นแล้ว แต่ยังไม่มีหลักฐานราคา,ชื่อในช่องเอง,DJI AIR 3 DISPLAY UNIT-DJI RC2
DJI,AIR 3 FLY RC 2,ทั่วไป,ทั่วไป,1,รู้รุ่นแล้ว แต่ยังไม่มีหลักฐานราคา,ชื่อในช่องเอง,DJI AIR 3 FLY COMBO RC 2
JOUAV,CW-25E,ทั่วไป,ทั่วไป,1,รู้รุ่นแล้ว แต่ยังไม่มีหลักฐานราคา,ชื่อในช่องเอง,CW-25E
DJI,AIR MAVIC,ทั่วไป,ทั่วไป,1,รู้รุ่นแล้ว แต่ยังไม่มีหลักฐานราคา,ชื่อในช่องเอง,AIR MAVIC
JOYANCE,JTC-30,ทั่วไป,ทั่วไป,1,รู้รุ่นแล้ว แต่ยังไม่มีหลักฐานราคา,ชื่อในช่องเอง,JTC-30
JOYANCE,JTC20,ทั่วไป,ทั่วไป,1,ยังไม่รู้ว่าเป็นรุ่นอะไร — ช่องรุ่นเป็นรหัสที่ยังถอดไม่ได้,รหัสที่ถอดไม่ได้,JTC20
JOYDRONE,J-BLACKWING,เกษตร,เกษตร-ไม่ใช่ DJI,1,รู้รุ่นแล้ว แต่ยังไม่มีหลักฐานราคา,ชื่อในช่องเอง,J-BLACKWING
JOYDRONE,J-MARK8,เกษตร,เกษตร-ไม่ใช่ DJI,1,รู้รุ่นแล้ว แต่ยังไม่มีหลักฐานราคา,ชื่อในช่องเอง,J-MARK8
JOYTON,TITAN 2.0,ทั่วไป,ทั่วไป,1,รู้รุ่นแล้ว แต่ยังไม่มีหลักฐานราคา,ชื่อในช่องเอง,TITAN 2.0
JS DRONE,GPS,ทั่วไป,ทั่วไป,1,รู้รุ่นแล้ว แต่ยังไม่มีหลักฐานราคา,ชื่อในช่องเอง,GPS
DJI,AIR MINI 2 SE,ทั่วไป,ทั่วไป,1,รู้รุ่นแล้ว แต่ยังไม่มีหลักฐานราคา,ชื่อในช่องเอง,AIR MINI 2 SE
KEH,K11,ทั่วไป,ทั่วไป,1,รู้รุ่นแล้ว แต่ยังไม่มีหลักฐานราคา,ชื่อในช่องเอง,K11
KISS,(ไม่ระบุ),ทั่วไป,ทั่วไป,1,ยังไม่รู้ว่าเป็นรุ่นอะไร — ช่องรุ่นว่าง,ว่าง,-
DJI,AIR S2,ทั่วไป,ทั่วไป,1,รู้รุ่นแล้ว แต่ยังไม่มีหลักฐานราคา,ชื่อในช่องเอง,AIR S2
KU,HCMUT01,ทั่วไป,ทั่วไป,1,รู้รุ่นแล้ว แต่ยังไม่มีหลักฐานราคา,ชื่อในช่องเอง,HCMUT01
KU,KMITL01,ทั่วไป,ทั่วไป,1,รู้รุ่นแล้ว แต่ยังไม่มีหลักฐานราคา,ชื่อในช่องเอง,KMITL01
KU,KMUTNB01,ทั่วไป,ทั่วไป,1,รู้รุ่นแล้ว แต่ยังไม่มีหลักฐานราคา,ชื่อในช่องเอง,KMUTNB01
KU,KMUTT01,ทั่วไป,ทั่วไป,1,รู้รุ่นแล้ว แต่ยังไม่มีหลักฐานราคา,ชื่อในช่องเอง,KMUTT01
KU,KMUTT02,ทั่วไป,ทั่วไป,1,รู้รุ่นแล้ว แต่ยังไม่มีหลักฐานราคา,ชื่อในช่องเอง,KMUTT02
KU,KU01,ทั่วไป,ทั่วไป,1,ยังไม่รู้ว่าเป็นรุ่นอะไร — ช่องรุ่นเป็นรหัสที่ยังถอดไม่ได้,รหัสที่ถอดไม่ได้,KU01
KU,KU02,ทั่วไป,ทั่วไป,1,ยังไม่รู้ว่าเป็นรุ่นอะไร — ช่องรุ่นเป็นรหัสที่ยังถอดไม่ได้,รหัสที่ถอดไม่ได้,KU02
KU,KU03,ทั่วไป,ทั่วไป,1,ยังไม่รู้ว่าเป็นรุ่นอะไร — ช่องรุ่นเป็นรหัสที่ยังถอดไม่ได้,รหัสที่ถอดไม่ได้,KU03
KU,KU04,ทั่วไป,ทั่วไป,1,ยังไม่รู้ว่าเป็นรุ่นอะไร — ช่องรุ่นเป็นรหัสที่ยังถอดไม่ได้,รหัสที่ถอดไม่ได้,KU04
KU,NKRAFA01,ทั่วไป,ทั่วไป,1,รู้รุ่นแล้ว แต่ยังไม่มีหลักฐานราคา,ชื่อในช่องเอง,NKRAFA01
KU,RPCA01,ทั่วไป,ทั่วไป,1,รู้รุ่นแล้ว แต่ยังไม่มีหลักฐานราคา,ชื่อในช่องเอง,RPCA01
KU,SUT01,ทั่วไป,ทั่วไป,1,ยังไม่รู้ว่าเป็นรุ่นอะไร — ช่องรุ่นเป็นรหัสที่ยังถอดไม่ได้,รหัสที่ถอดไม่ได้,SUT01
DJI,AIR UNIT,ทั่วไป,ทั่วไป,1,รู้รุ่นแล้ว แต่ยังไม่มีหลักฐานราคา,ชื่อในช่องเอง,AIR UNIT
LEASON,LS126,ทั่วไป,ทั่วไป,1,ยังไม่รู้ว่าเป็นรุ่นอะไร — ช่องรุ่นเป็นรหัสที่ยังถอดไม่ได้,รหัสที่ถอดไม่ได้,LS126
"LH LEAD HONOR, METAL HORSE","LH-X20, LH-X25, H101, LH-X19, LH-X14, S58, S56",ทั่วไป,ทั่วไป,1,รู้รุ่นแล้ว แต่ยังไม่มีหลักฐานราคา,ชื่อในช่องเอง,"LH-X20, LH-X25, H101, LH-X19, LH-X14, S58, S56"
LH-X14HDV,(ไม่ระบุ),ทั่วไป,ทั่วไป,1,ยังไม่รู้ว่าเป็นรุ่นอะไร — ช่องรุ่นว่าง,ว่าง,-
DJI,AIR2 MAVIC,ทั่วไป,ทั่วไป,1,รู้รุ่นแล้ว แต่ยังไม่มีหลักฐานราคา,ชื่อในช่องเอง,AIR2 MAVIC
DJI,AIRS2,ทั่วไป,ทั่วไป,1,รู้รุ่นแล้ว แต่ยังไม่มีหลักฐานราคา,ชื่อในช่องเอง,AIRS2
DJI,AIS 2S,ทั่วไป,ทั่วไป,1,รู้รุ่นแล้ว แต่ยังไม่มีหลักฐานราคา,ชื่อในช่องเอง,AIS 2S
LUMENIER,JOHNNYFPV EDITION,ทั่วไป,ทั่วไป,1,รู้รุ่นแล้ว แต่ยังไม่มีหลักฐานราคา,ชื่อในช่องเอง,JOHNNYFPV EDITION
M MAX,SVO II,ทั่วไป,ทั่วไป,1,รู้รุ่นแล้ว แต่ยังไม่มีหลักฐานราคา,ชื่อในช่องเอง,SVO II
MABIN,X-50,เกษตร,เกษตร-ไม่ใช่ DJI,1,รู้รุ่นแล้ว แต่ยังไม่มีหลักฐานราคา,ชื่อในช่องเอง,X-50
DJI,ATOME SE,ทั่วไป,ทั่วไป,1,รู้รุ่นแล้ว แต่ยังไม่มีหลักฐานราคา,ชื่อในช่องเอง,ATOME SE
MAKEFLYEASY,FIGHTER,เกษตร,เกษตร-ไม่ใช่ DJI,1,รู้รุ่นแล้ว แต่ยังไม่มีหลักฐานราคา,ชื่อในช่องเอง,FIGHTER
DJI,AVARAR 2,ทั่วไป,ทั่วไป,1,รู้รุ่นแล้ว แต่ยังไม่มีหลักฐานราคา,ชื่อในช่องเอง,AVARAR 2
DJI,AVATA 3.5,ทั่วไป,ทั่วไป,1,รู้รุ่นแล้ว แต่ยังไม่มีหลักฐานราคา,ชื่อในช่องเอง,AVATA 3.5
DJI,AVATO,ทั่วไป,ทั่วไป,1,รู้รุ่นแล้ว แต่ยังไม่มีหลักฐานราคา,ชื่อในช่องเอง,AVATO
DJI,BA15L,เกษตร,เกษตร-DJI,1,ยังไม่รู้ว่าเป็นรุ่นอะไร — ช่องรุ่นเป็นรหัสที่ยังถอดไม่ได้,รหัสที่ถอดไม่ได้,BA15L
MATEK,ROBOCAT 270,ทั่วไป,ทั่วไป,1,รู้รุ่นแล้ว แต่ยังไม่มีหลักฐานราคา,ชื่อในช่องเอง,ROBOCAT 270
DJI,BWX162-2453-7.38,ทั่วไป,ทั่วไป,1,รู้รุ่นแล้ว แต่ยังไม่มีหลักฐานราคา,ชื่อในช่องเอง,BWX162-2453-7.38
MAVIC,3 MINI PRO,ทั่วไป,ทั่วไป,1,รู้รุ่นแล้ว แต่ยังไม่มีหลักฐานราคา,ชื่อในช่องเอง,3 MINI PRO
DJI,CINEBOT30,ทั่วไป,ทั่วไป,1,รู้รุ่นแล้ว แต่ยังไม่มีหลักฐานราคา,ชื่อในช่องเอง,CINEBOT30
MAVIC,M1D,ทั่วไป,ทั่วไป,1,รู้รุ่นแล้ว แต่ยังไม่มีหลักฐานราคา,ชื่อในช่องเอง,M1D
MAVIC,MAVIC 2 ZOOM,ทั่วไป,ทั่วไป,1,รู้รุ่นแล้ว แต่ยังไม่มีหลักฐานราคา,ชื่อในช่องเอง,MAVIC 2 ZOOM
MAVIC,MINI 2 SE,ทั่วไป,ทั่วไป,1,รู้รุ่นแล้ว แต่ยังไม่มีหลักฐานราคา,ชื่อในช่องเอง,DJI MINI 2 SE
MAVIC,MINI 3 PRO,ทั่วไป,ทั่วไป,1,รู้รุ่นแล้ว แต่ยังไม่มีหลักฐานราคา,ชื่อในช่องเอง,MINI 3 PRO
MAVIC,PRO,ทั่วไป,ทั่วไป,1,รู้รุ่นแล้ว แต่ยังไม่มีหลักฐานราคา,ชื่อในช่องเอง,PRO
MAVIC 2,L1Z,ทั่วไป,ทั่วไป,1,รู้รุ่นแล้ว แต่ยังไม่มีหลักฐานราคา,ชื่อในช่องเอง,L1Z
MAVIC 2 PRO,L1P,ทั่วไป,ทั่วไป,1,รู้รุ่นแล้ว แต่ยังไม่มีหลักฐานราคา,ชื่อในช่องเอง,L1P
DJI,CINELOG35V2,ทั่วไป,ทั่วไป,1,รู้รุ่นแล้ว แต่ยังไม่มีหลักฐานราคา,ชื่อในช่องเอง,CINELOG35V2
DJI,DF1AO424,ทั่วไป,ทั่วไป,1,ยังไม่รู้ว่าเป็นรุ่นอะไร — ช่องรุ่นเป็นรหัสที่ยังถอดไม่ได้,รหัสที่ถอดไม่ได้,DF1AO424
MAVIC DJI,U11X,ทั่วไป,ทั่วไป,1,รู้รุ่นแล้ว แต่ยังไม่มีหลักฐานราคา,ชื่อในช่องเอง,U11X
MAVIC MINI4 PRO,MT4MFVD,ทั่วไป,ทั่วไป,1,ยังไม่รู้ว่าเป็นรุ่นอะไร — ช่องรุ่นเป็นรหัสที่ยังถอดไม่ได้,รหัสที่ถอดไม่ได้,MT4MFVD
MAVIC PRO PLATINIUM DJ1,DJ1 M1X,ทั่วไป,ทั่วไป,1,รู้รุ่นแล้ว แต่ยังไม่มีหลักฐานราคา,ชื่อในช่องเอง,DJ1 M1X
DJI,DGI AIR 2S,ทั่วไป,ทั่วไป,1,รู้รุ่นแล้ว แต่ยังไม่มีหลักฐานราคา,ชื่อในช่องเอง,DGI AIR 2S
MI DRONE,(ไม่ระบุ),ทั่วไป,ทั่วไป,1,ยังไม่รู้ว่าเป็นรุ่นอะไร — ช่องรุ่นว่าง,ว่าง,-
DJI,DJ MINI MAVIC,ทั่วไป,ทั่วไป,1,รู้รุ่นแล้ว แต่ยังไม่มีหลักฐานราคา,ชื่อในช่องเอง,DJ MINI MAVIC
MINI 2,MT2PD,ทั่วไป,ทั่วไป,1,ยังไม่รู้ว่าเป็นรุ่นอะไร — ช่องรุ่นเป็นรหัสที่ยังถอดไม่ได้,รหัสที่ถอดไม่ได้,MT2PD
MINI DRONE,KY901,ทั่วไป,ทั่วไป,1,ยังไม่รู้ว่าเป็นรุ่นอะไร — ช่องรุ่นเป็นรหัสที่ยังถอดไม่ได้,รหัสที่ถอดไม่ได้,KY901
MINI DRONE Q2,4 AXIS FOLDABLE DRONE,ทั่วไป,ทั่วไป,1,รู้รุ่นแล้ว แต่ยังไม่มีหลักฐานราคา,ชื่อในช่องเอง,4 AXIS FOLDABLE DRONE
DJI,DJI-MINI-2,ทั่วไป,ทั่วไป,1,รู้รุ่นแล้ว แต่ยังไม่มีหลักฐานราคา,ชื่อในช่องเอง,DJI-MINI-2
DJI,DN1A0630,ทั่วไป,ทั่วไป,1,ยังไม่รู้ว่าเป็นรุ่นอะไร — ช่องรุ่นเป็นรหัสที่ยังถอดไม่ได้,รหัสที่ถอดไม่ได้,DN1A0630
MJX,B20,ทั่วไป,ทั่วไป,1,รู้รุ่นแล้ว แต่ยังไม่มีหลักฐานราคา,ชื่อในช่องเอง,B20
DJI,DN1A0634,ทั่วไป,ทั่วไป,1,ยังไม่รู้ว่าเป็นรุ่นอะไร — ช่องรุ่นเป็นรหัสที่ยังถอดไม่ได้,รหัสที่ถอดไม่ได้,DN1A0634
MJX,B5W,ทั่วไป,ทั่วไป,1,รู้รุ่นแล้ว แต่ยังไม่มีหลักฐานราคา,ชื่อในช่องเอง,B5W
DJI,DN1A0637,ทั่วไป,ทั่วไป,1,ยังไม่รู้ว่าเป็นรุ่นอะไร — ช่องรุ่นเป็นรหัสที่ยังถอดไม่ได้,รหัสที่ถอดไม่ได้,DN1A0637
DJI,DN1A0638,ทั่วไป,ทั่วไป,1,ยังไม่รู้ว่าเป็นรุ่นอะไร — ช่องรุ่นเป็นรหัสที่ยังถอดไม่ได้,รหัสที่ถอดไม่ได้,DN1A0638
MJX,BUGS 6,ทั่วไป,ทั่วไป,1,รู้รุ่นแล้ว แต่ยังไม่มีหลักฐานราคา,ชื่อในช่องเอง,BUGS 6
MJX,E20 EIS,ทั่วไป,ทั่วไป,1,รู้รุ่นแล้ว แต่ยังไม่มีหลักฐานราคา,ชื่อในช่องเอง,E20 EIS
MJX,MJX BUGS 2W,ทั่วไป,ทั่วไป,1,รู้รุ่นแล้ว แต่ยังไม่มีหลักฐานราคา,ชื่อในช่องเอง,MJX BUGS 2W
MJX,X102H,ทั่วไป,ทั่วไป,1,รู้รุ่นแล้ว แต่ยังไม่มีหลักฐานราคา,ชื่อในช่องเอง,X102H
MJX,XIOI,ทั่วไป,ทั่วไป,1,รู้รุ่นแล้ว แต่ยังไม่มีหลักฐานราคา,ชื่อในช่องเอง,XIOI
MJX BUGS,MJX BUGS 16 PRO,ทั่วไป,ทั่วไป,1,รู้รุ่นแล้ว แต่ยังไม่มีหลักฐานราคา,ชื่อในช่องเอง,MJX BUGS 16 PRO
MJX R/C,BUGS 4W,ทั่วไป,ทั่วไป,1,รู้รุ่นแล้ว แต่ยังไม่มีหลักฐานราคา,ชื่อในช่องเอง,BUGS 4W
DJI,DN1A0639,ทั่วไป,ทั่วไป,1,ยังไม่รู้ว่าเป็นรุ่นอะไร — ช่องรุ่นเป็นรหัสที่ยังถอดไม่ได้,รหัสที่ถอดไม่ได้,DN1A0639
DJI,DN1A0640,ทั่วไป,ทั่วไป,1,ยังไม่รู้ว่าเป็นรุ่นอะไร — ช่องรุ่นเป็นรหัสที่ยังถอดไม่ได้,รหัสที่ถอดไม่ได้,DN1A0640
MUGIN,UAV V-TAIL PLATFORM,ทั่วไป,ทั่วไป,1,รู้รุ่นแล้ว แต่ยังไม่มีหลักฐานราคา,ชื่อในช่องเอง,UAV V-TAIL PLATFORM
MULTI ROTOR SG907,SG907,ทั่วไป,ทั่วไป,1,ยังไม่รู้ว่าเป็นรุ่นอะไร — ช่องรุ่นเป็นรหัสที่ยังถอดไม่ได้,รหัสที่ถอดไม่ได้,SG907
DJI,DN1A0641,ทั่วไป,ทั่วไป,1,ยังไม่รู้ว่าเป็นรุ่นอะไร — ช่องรุ่นเป็นรหัสที่ยังถอดไม่ได้,รหัสที่ถอดไม่ได้,DN1A0641
DJI,DN1A0642,ทั่วไป,ทั่วไป,1,ยังไม่รู้ว่าเป็นรุ่นอะไร — ช่องรุ่นเป็นรหัสที่ยังถอดไม่ได้,รหัสที่ถอดไม่ได้,DN1A0642
DJI,DN1A0646,ทั่วไป,ทั่วไป,1,ยังไม่รู้ว่าเป็นรุ่นอะไร — ช่องรุ่นเป็นรหัสที่ยังถอดไม่ได้,รหัสที่ถอดไม่ได้,DN1A0646
DJI,DN1A0647,ทั่วไป,ทั่วไป,1,ยังไม่รู้ว่าเป็นรุ่นอะไร — ช่องรุ่นเป็นรหัสที่ยังถอดไม่ได้,รหัสที่ถอดไม่ได้,DN1A0647
DJI,DN1A0650,ทั่วไป,ทั่วไป,1,ยังไม่รู้ว่าเป็นรุ่นอะไร — ช่องรุ่นเป็นรหัสที่ยังถอดไม่ได้,รหัสที่ถอดไม่ได้,DN1A0650
DJI,DN1A0651,ทั่วไป,ทั่วไป,1,ยังไม่รู้ว่าเป็นรุ่นอะไร — ช่องรุ่นเป็นรหัสที่ยังถอดไม่ได้,รหัสที่ถอดไม่ได้,DN1A0651
NAFYRE,N 11 PRO,ทั่วไป,ทั่วไป,1,รู้รุ่นแล้ว แต่ยังไม่มีหลักฐานราคา,ชื่อในช่องเอง,N 11 PRO
NAFYRE,N11 PRO GPS,ทั่วไป,ทั่วไป,1,รู้รุ่นแล้ว แต่ยังไม่มีหลักฐานราคา,ชื่อในช่องเอง,N11 PRO GPS
NAZA,NAZA-M LITE,ทั่วไป,ทั่วไป,1,รู้รุ่นแล้ว แต่ยังไม่มีหลักฐานราคา,ชื่อในช่องเอง,NAZA-M LITE
NAZUL,MARK7,ทั่วไป,ทั่วไป,1,รู้รุ่นแล้ว แต่ยังไม่มีหลักฐานราคา,ชื่อในช่องเอง,MARK7
NO BRAND,SELF CRAFTED,ทั่วไป,ทั่วไป,1,รู้รุ่นแล้ว แต่ยังไม่มีหลักฐานราคา,ชื่อในช่องเอง,SELF CRAFTED
DJI,DN1A0652,ทั่วไป,ทั่วไป,1,ยังไม่รู้ว่าเป็นรุ่นอะไร — ช่องรุ่นเป็นรหัสที่ยังถอดไม่ได้,รหัสที่ถอดไม่ได้,DN1A0652
DJI,DN1A0656,ทั่วไป,ทั่วไป,1,ยังไม่รู้ว่าเป็นรุ่นอะไร — ช่องรุ่นเป็นรหัสที่ยังถอดไม่ได้,รหัสที่ถอดไม่ได้,DN1A0656
DJI,DN1A0658,ทั่วไป,ทั่วไป,1,ยังไม่รู้ว่าเป็นรุ่นอะไร — ช่องรุ่นเป็นรหัสที่ยังถอดไม่ได้,รหัสที่ถอดไม่ได้,DN1A0658
ODDITYRC,XI25,ทั่วไป,ทั่วไป,1,ยังไม่รู้ว่าเป็นรุ่นอะไร — ช่องรุ่นเป็นรหัสที่ยังถอดไม่ได้,รหัสที่ถอดไม่ได้,XI25
OPTICAN FLOW POSITION,DRONE XT9,ทั่วไป,ทั่วไป,1,รู้รุ่นแล้ว แต่ยังไม่มีหลักฐานราคา,ชื่อในช่องเอง,DRONE XT9
OVERMAX,X BEE FOLD 9.5,ทั่วไป,ทั่วไป,1,รู้รุ่นแล้ว แต่ยังไม่มีหลักฐานราคา,ชื่อในช่องเอง,X BEE FOLD 9.5
P8PRO PLUS,GPS 4-AXIS,ทั่วไป,ทั่วไป,1,รู้รุ่นแล้ว แต่ยังไม่มีหลักฐานราคา,ชื่อในช่องเอง,GPS 4-AXIS
PAROT,ANAFI,ทั่วไป,ทั่วไป,1,รู้รุ่นแล้ว แต่ยังไม่มีหลักฐานราคา,ชื่อในช่องเอง,ANAFI
DJI,DN1A0659,ทั่วไป,ทั่วไป,1,ยังไม่รู้ว่าเป็นรุ่นอะไร — ช่องรุ่นเป็นรหัสที่ยังถอดไม่ได้,รหัสที่ถอดไม่ได้,DN1A0659
DJI,DN1A0660,ทั่วไป,ทั่วไป,1,ยังไม่รู้ว่าเป็นรุ่นอะไร — ช่องรุ่นเป็นรหัสที่ยังถอดไม่ได้,รหัสที่ถอดไม่ได้,DN1A0660
DJI,DN1A0661,ทั่วไป,ทั่วไป,1,ยังไม่รู้ว่าเป็นรุ่นอะไร — ช่องรุ่นเป็นรหัสที่ยังถอดไม่ได้,รหัสที่ถอดไม่ได้,DN1A0661
DJI,DN1A0664,ทั่วไป,ทั่วไป,1,ยังไม่รู้ว่าเป็นรุ่นอะไร — ช่องรุ่นเป็นรหัสที่ยังถอดไม่ได้,รหัสที่ถอดไม่ได้,DN1A0664
DJI,DN1A0666,ทั่วไป,ทั่วไป,1,ยังไม่รู้ว่าเป็นรุ่นอะไร — ช่องรุ่นเป็นรหัสที่ยังถอดไม่ได้,รหัสที่ถอดไม่ได้,DN1A0666
DJI,DN1A0667,ทั่วไป,ทั่วไป,1,ยังไม่รู้ว่าเป็นรุ่นอะไร — ช่องรุ่นเป็นรหัสที่ยังถอดไม่ได้,รหัสที่ถอดไม่ได้,DN1A0667
DJI,DN1A0668,ทั่วไป,ทั่วไป,1,ยังไม่รู้ว่าเป็นรุ่นอะไร — ช่องรุ่นเป็นรหัสที่ยังถอดไม่ได้,รหัสที่ถอดไม่ได้,DN1A0668
PARROT,BLUEGRASS,ทั่วไป,ทั่วไป,1,รู้รุ่นแล้ว แต่ยังไม่มีหลักฐานราคา,ชื่อในช่องเอง,BLUEGRASS
PARROT,DISCO,ทั่วไป,ทั่วไป,1,รู้รุ่นแล้ว แต่ยังไม่มีหลักฐานราคา,ชื่อในช่องเอง,DISCO
PAVO 20 DJI 03,PAVO 20 DJI,ทั่วไป,ทั่วไป,1,รู้รุ่นแล้ว แต่ยังไม่มีหลักฐานราคา,ชื่อในช่องเอง,PAVO 20 DJI
DJI,DN1A0669,ทั่วไป,ทั่วไป,1,ยังไม่รู้ว่าเป็นรุ่นอะไร — ช่องรุ่นเป็นรหัสที่ยังถอดไม่ได้,รหัสที่ถอดไม่ได้,DN1A0669
PIONEER,(ไม่ระบุ),ทั่วไป,ทั่วไป,1,ยังไม่รู้ว่าเป็นรุ่นอะไร — ช่องรุ่นว่าง,ว่าง,-
PIONEER,KNIGHT 507,ทั่วไป,ทั่วไป,1,รู้รุ่นแล้ว แต่ยังไม่มีหลักฐานราคา,ชื่อในช่องเอง,KNIGHT 507
DJI,DN1A0671,ทั่วไป,ทั่วไป,1,ยังไม่รู้ว่าเป็นรุ่นอะไร — ช่องรุ่นเป็นรหัสที่ยังถอดไม่ได้,รหัสที่ถอดไม่ได้,DN1A0671
DJI,DN1A0676,ทั่วไป,ทั่วไป,1,ยังไม่รู้ว่าเป็นรุ่นอะไร — ช่องรุ่นเป็นรหัสที่ยังถอดไม่ได้,รหัสที่ถอดไม่ได้,DN1A0676
DJI,DN1A0677,ทั่วไป,ทั่วไป,1,ยังไม่รู้ว่าเป็นรุ่นอะไร — ช่องรุ่นเป็นรหัสที่ยังถอดไม่ได้,รหัสที่ถอดไม่ได้,DN1A0677
POTENSIC,ATO,ทั่วไป,ทั่วไป,1,รู้รุ่นแล้ว แต่ยังไม่มีหลักฐานราคา,ชื่อในช่องเอง,ATO
DJI,DN1A0678,ทั่วไป,ทั่วไป,1,ยังไม่รู้ว่าเป็นรุ่นอะไร — ช่องรุ่นเป็นรหัสที่ยังถอดไม่ได้,รหัสที่ถอดไม่ได้,DN1A0678
DJI,DN1A0680,ทั่วไป,ทั่วไป,1,ยังไม่รู้ว่าเป็นรุ่นอะไร — ช่องรุ่นเป็นรหัสที่ยังถอดไม่ได้,รหัสที่ถอดไม่ได้,DN1A0680
DJI,DN1A0681,ทั่วไป,ทั่วไป,1,ยังไม่รู้ว่าเป็นรุ่นอะไร — ช่องรุ่นเป็นรหัสที่ยังถอดไม่ได้,รหัสที่ถอดไม่ได้,DN1A0681
POTENSIC,ATOM 4 K,ทั่วไป,ทั่วไป,1,รู้รุ่นแล้ว แต่ยังไม่มีหลักฐานราคา,ชื่อในช่องเอง,ATOM 4 K
DJI,DN1A0683,ทั่วไป,ทั่วไป,1,ยังไม่รู้ว่าเป็นรุ่นอะไร — ช่องรุ่นเป็นรหัสที่ยังถอดไม่ได้,รหัสที่ถอดไม่ได้,DN1A0683
DJI,DN1A0684,ทั่วไป,ทั่วไป,1,ยังไม่รู้ว่าเป็นรุ่นอะไร — ช่องรุ่นเป็นรหัสที่ยังถอดไม่ได้,รหัสที่ถอดไม่ได้,DN1A0684
DJI,DN1A0687,ทั่วไป,ทั่วไป,1,ยังไม่รู้ว่าเป็นรุ่นอะไร — ช่องรุ่นเป็นรหัสที่ยังถอดไม่ได้,รหัสที่ถอดไม่ได้,DN1A0687
POTENSIC,ATOM GPS,ทั่วไป,ทั่วไป,1,รู้รุ่นแล้ว แต่ยังไม่มีหลักฐานราคา,ชื่อในช่องเอง,ATOM GPS
DJI,DN1A0689,ทั่วไป,ทั่วไป,1,ยังไม่รู้ว่าเป็นรุ่นอะไร — ช่องรุ่นเป็นรหัสที่ยังถอดไม่ได้,รหัสที่ถอดไม่ได้,DN1A0689
DJI,DN1A0692,ทั่วไป,ทั่วไป,1,ยังไม่รู้ว่าเป็นรุ่นอะไร — ช่องรุ่นเป็นรหัสที่ยังถอดไม่ได้,รหัสที่ถอดไม่ได้,DN1A0692
POTENSIC,ATOM SE DRONE,ทั่วไป,ทั่วไป,1,รู้รุ่นแล้ว แต่ยังไม่มีหลักฐานราคา,ชื่อในช่องเอง,ATOM SE DRONE
POTENSIC,ATOM SE DSDR04B,ทั่วไป,ทั่วไป,1,รู้รุ่นแล้ว แต่ยังไม่มีหลักฐานราคา,ชื่อในช่องเอง,ATOM SE DSDR04B
POTENSIC,ATOM SE DSDRO4B,ทั่วไป,ทั่วไป,1,รู้รุ่นแล้ว แต่ยังไม่มีหลักฐานราคา,ชื่อในช่องเอง,ATOM SE DSDRO4B
POTENSIC,ATOM SE GPS,ทั่วไป,ทั่วไป,1,รู้รุ่นแล้ว แต่ยังไม่มีหลักฐานราคา,ชื่อในช่องเอง,ATOM SE GPS
DJI,DN1A0694,ทั่วไป,ทั่วไป,1,ยังไม่รู้ว่าเป็นรุ่นอะไร — ช่องรุ่นเป็นรหัสที่ยังถอดไม่ได้,รหัสที่ถอดไม่ได้,DN1A0694
POTENSIC,ATOME SE,ทั่วไป,ทั่วไป,1,รู้รุ่นแล้ว แต่ยังไม่มีหลักฐานราคา,ชื่อในช่องเอง,ATOME SE
POTENSIC,"DRONE: DSDR23A, REMOTE CONTROLLER: DSRC23A",ทั่วไป,ทั่วไป,1,รู้รุ่นแล้ว แต่ยังไม่มีหลักฐานราคา,ชื่อในช่องเอง,"DRONE: DSDR23A, REMOTE CONTROLLER: DSRC23A"
POTENSIC,DSDR04B,ทั่วไป,ทั่วไป,1,รู้รุ่นแล้ว แต่ยังไม่มีหลักฐานราคา,ชื่อในช่องเอง,DSDR04B
DJI,DN1A0696,ทั่วไป,ทั่วไป,1,ยังไม่รู้ว่าเป็นรุ่นอะไร — ช่องรุ่นเป็นรหัสที่ยังถอดไม่ได้,รหัสที่ถอดไม่ได้,DN1A0696
POTENSIC,DSDRO4C,ทั่วไป,ทั่วไป,1,รู้รุ่นแล้ว แต่ยังไม่มีหลักฐานราคา,ชื่อในช่องเอง,DSDRO4C
POTENSIC,POTENSIC ATOM SE,ทั่วไป,ทั่วไป,1,รู้รุ่นแล้ว แต่ยังไม่มีหลักฐานราคา,ชื่อในช่องเอง,POTENSIC ATOM SE
POTENSIC ATOM DRONE,DSDR04C,ทั่วไป,ทั่วไป,1,รู้รุ่นแล้ว แต่ยังไม่มีหลักฐานราคา,ชื่อในช่องเอง,DSDR04C
POTENSIC ATOM SE,ATOM SE,ทั่วไป,ทั่วไป,1,รู้รุ่นแล้ว แต่ยังไม่มีหลักฐานราคา,ชื่อในช่องเอง,ATOM SE
POTENSIC ATOM SE,DSDR04B,ทั่วไป,ทั่วไป,1,รู้รุ่นแล้ว แต่ยังไม่มีหลักฐานราคา,ชื่อในช่องเอง,DSDR04B
POWERVISION,POWEREGG X,ทั่วไป,ทั่วไป,1,รู้รุ่นแล้ว แต่ยังไม่มีหลักฐานราคา,ชื่อในช่องเอง,POWEREGG X
DJI,DN1A0698,ทั่วไป,ทั่วไป,1,ยังไม่รู้ว่าเป็นรุ่นอะไร — ช่องรุ่นเป็นรหัสที่ยังถอดไม่ได้,รหัสที่ถอดไม่ได้,DN1A0698
QUADMULA,F5 SPLIT,ทั่วไป,ทั่วไป,1,รู้รุ่นแล้ว แต่ยังไม่มีหลักฐานราคา,ชื่อในช่องเอง,F5 SPLIT
QUADROTOR,QUADROTOR,ทั่วไป,ทั่วไป,1,รู้รุ่นแล้ว แต่ยังไม่มีหลักฐานราคา,ชื่อในช่องเอง,QUADROTOR
QUANTUM,TRINITY F90+,ทั่วไป,ทั่วไป,1,รู้รุ่นแล้ว แต่ยังไม่มีหลักฐานราคา,ชื่อในช่องเอง,TRINITY F90+
DJI,DN1A0703,ทั่วไป,ทั่วไป,1,ยังไม่รู้ว่าเป็นรุ่นอะไร — ช่องรุ่นเป็นรหัสที่ยังถอดไม่ได้,รหัสที่ถอดไม่ได้,DN1A0703
DJI,DN1A0705,ทั่วไป,ทั่วไป,1,ยังไม่รู้ว่าเป็นรุ่นอะไร — ช่องรุ่นเป็นรหัสที่ยังถอดไม่ได้,รหัสที่ถอดไม่ได้,DN1A0705
DJI,DN1A0706,ทั่วไป,ทั่วไป,1,ยังไม่รู้ว่าเป็นรุ่นอะไร — ช่องรุ่นเป็นรหัสที่ยังถอดไม่ได้,รหัสที่ถอดไม่ได้,DN1A0706
RADIOMATER,POCKET,ทั่วไป,ทั่วไป,1,รู้รุ่นแล้ว แต่ยังไม่มีหลักฐานราคา,ชื่อในช่องเอง,POCKET
RADIUS DRONE SYSTEMS,QUAD SURVEY 1 / RDSQ001N,ทั่วไป,ทั่วไป,1,รู้รุ่นแล้ว แต่ยังไม่มีหลักฐานราคา,ชื่อในช่องเอง,QUAD SURVEY 1 / RDSQ001N
RC LEADDING,RC 136,ทั่วไป,ทั่วไป,1,รู้รุ่นแล้ว แต่ยังไม่มีหลักฐานราคา,ชื่อในช่องเอง,RC 136
RC136,(ไม่ระบุ),ทั่วไป,ทั่วไป,1,ยังไม่รู้ว่าเป็นรุ่นอะไร — ช่องรุ่นว่าง,ว่าง,-
RCSA DRONE,V001,ทั่วไป,ทั่วไป,1,รู้รุ่นแล้ว แต่ยังไม่มีหลักฐานราคา,ชื่อในช่องเอง,V001
READYTOSKY,APEX 5 DC,ทั่วไป,ทั่วไป,1,รู้รุ่นแล้ว แต่ยังไม่มีหลักฐานราคา,ชื่อในช่องเอง,APEX 5 DC
READYTOSKY,MINI RANGE,ทั่วไป,ทั่วไป,1,รู้รุ่นแล้ว แต่ยังไม่มีหลักฐานราคา,ชื่อในช่องเอง,MINI RANGE
DJI,DN1A0707,ทั่วไป,ทั่วไป,1,ยังไม่รู้ว่าเป็นรุ่นอะไร — ช่องรุ่นเป็นรหัสที่ยังถอดไม่ได้,รหัสที่ถอดไม่ได้,DN1A0707
ROCCO,R416K,เกษตร,เกษตร-ไม่ใช่ DJI,1,รู้รุ่นแล้ว แต่ยังไม่มีหลักฐานราคา,ชื่อในช่องเอง,R416K
RUKO,F11MINI,ทั่วไป,ทั่วไป,1,รู้รุ่นแล้ว แต่ยังไม่มีหลักฐานราคา,ชื่อในช่องเอง,F11MINI
RUKO,RUKO F11PRO 2,ทั่วไป,ทั่วไป,1,รู้รุ่นแล้ว แต่ยังไม่มีหลักฐานราคา,ชื่อในช่องเอง,RUKO F11PRO 2
RUNNER,RUNNER 250 ADVANCE,ทั่วไป,ทั่วไป,1,รู้รุ่นแล้ว แต่ยังไม่มีหลักฐานราคา,ชื่อในช่องเอง,RUNNER 250 ADVANCE
DJI,DN1A0708,ทั่วไป,ทั่วไป,1,ยังไม่รู้ว่าเป็นรุ่นอะไร — ช่องรุ่นเป็นรหัสที่ยังถอดไม่ได้,รหัสที่ถอดไม่ได้,DN1A0708
S185,EIS UAV,ทั่วไป,ทั่วไป,1,รู้รุ่นแล้ว แต่ยังไม่มีหลักฐานราคา,ชื่อในช่องเอง,EIS UAV
SAKER,SAKER 30S,ทั่วไป,ทั่วไป,1,รู้รุ่นแล้ว แต่ยังไม่มีหลักฐานราคา,ชื่อในช่องเอง,SAKER 30S
SANTI-WHOOP,SW3-I,ทั่วไป,ทั่วไป,1,รู้รุ่นแล้ว แต่ยังไม่มีหลักฐานราคา,ชื่อในช่องเอง,SW3-I
DJI,DN1A0710,ทั่วไป,ทั่วไป,1,ยังไม่รู้ว่าเป็นรุ่นอะไร — ช่องรุ่นเป็นรหัสที่ยังถอดไม่ได้,รหัสที่ถอดไม่ได้,DN1A0710
DJI,DN1A0712,ทั่วไป,ทั่วไป,1,ยังไม่รู้ว่าเป็นรุ่นอะไร — ช่องรุ่นเป็นรหัสที่ยังถอดไม่ได้,รหัสที่ถอดไม่ได้,DN1A0712
SATI,PANYA V1,เกษตร,เกษตร-ไม่ใช่ DJI,1,รู้รุ่นแล้ว แต่ยังไม่มีหลักฐานราคา,ชื่อในช่องเอง,PANYA V1
SB1,H810,ทั่วไป,ทั่วไป,1,รู้รุ่นแล้ว แต่ยังไม่มีหลักฐานราคา,ชื่อในช่องเอง,H810
DJI,DN1A0713,ทั่วไป,ทั่วไป,1,ยังไม่รู้ว่าเป็นรุ่นอะไร — ช่องรุ่นเป็นรหัสที่ยังถอดไม่ได้,รหัสที่ถอดไม่ได้,DN1A0713
SB1,M603,ทั่วไป,ทั่วไป,1,รู้รุ่นแล้ว แต่ยังไม่มีหลักฐานราคา,ชื่อในช่องเอง,M603
DJI,DN1A0715,ทั่วไป,ทั่วไป,1,ยังไม่รู้ว่าเป็นรุ่นอะไร — ช่องรุ่นเป็นรหัสที่ยังถอดไม่ได้,รหัสที่ถอดไม่ได้,DN1A0715
DJI,DN1A0716,ทั่วไป,ทั่วไป,1,ยังไม่รู้ว่าเป็นรุ่นอะไร — ช่องรุ่นเป็นรหัสที่ยังถอดไม่ได้,รหัสที่ถอดไม่ได้,DN1A0716
DJI,DN1A0717,ทั่วไป,ทั่วไป,1,ยังไม่รู้ว่าเป็นรุ่นอะไร — ช่องรุ่นเป็นรหัสที่ยังถอดไม่ได้,รหัสที่ถอดไม่ได้,DN1A0717
DJI,DN1A0720,ทั่วไป,ทั่วไป,1,ยังไม่รู้ว่าเป็นรุ่นอะไร — ช่องรุ่นเป็นรหัสที่ยังถอดไม่ได้,รหัสที่ถอดไม่ได้,DN1A0720
DJI,DN1A0722,ทั่วไป,ทั่วไป,1,ยังไม่รู้ว่าเป็นรุ่นอะไร — ช่องรุ่นเป็นรหัสที่ยังถอดไม่ได้,รหัสที่ถอดไม่ได้,DN1A0722
DJI,DN1A0723,ทั่วไป,ทั่วไป,1,ยังไม่รู้ว่าเป็นรุ่นอะไร — ช่องรุ่นเป็นรหัสที่ยังถอดไม่ได้,รหัสที่ถอดไม่ได้,DN1A0723
DJI,DN1A0724,ทั่วไป,ทั่วไป,1,ยังไม่รู้ว่าเป็นรุ่นอะไร — ช่องรุ่นเป็นรหัสที่ยังถอดไม่ได้,รหัสที่ถอดไม่ได้,DN1A0724
DJI,DN1A0726,ทั่วไป,ทั่วไป,1,ยังไม่รู้ว่าเป็นรุ่นอะไร — ช่องรุ่นเป็นรหัสที่ยังถอดไม่ได้,รหัสที่ถอดไม่ได้,DN1A0726
SELF-BUILT,CUSTOM FPV,ทั่วไป,ทั่วไป,1,รู้รุ่นแล้ว แต่ยังไม่มีหลักฐานราคา,ชื่อในช่องเอง,CUSTOM FPV
SENSEFLY,EBEE AG,ทั่วไป,ทั่วไป,1,รู้รุ่นแล้ว แต่ยังไม่มีหลักฐานราคา,ชื่อในช่องเอง,EBEE AG
DJI,DN1A0730,ทั่วไป,ทั่วไป,1,ยังไม่รู้ว่าเป็นรุ่นอะไร — ช่องรุ่นเป็นรหัสที่ยังถอดไม่ได้,รหัสที่ถอดไม่ได้,DN1A0730
DJI,DN1A0732,ทั่วไป,ทั่วไป,1,ยังไม่รู้ว่าเป็นรุ่นอะไร — ช่องรุ่นเป็นรหัสที่ยังถอดไม่ได้,รหัสที่ถอดไม่ได้,DN1A0732
SENSEFLY,EBEE RTK,ทั่วไป,ทั่วไป,1,รู้รุ่นแล้ว แต่ยังไม่มีหลักฐานราคา,ชื่อในช่องเอง,EBEE RTK
DJI,DN1A0735,ทั่วไป,ทั่วไป,1,ยังไม่รู้ว่าเป็นรุ่นอะไร — ช่องรุ่นเป็นรหัสที่ยังถอดไม่ได้,รหัสที่ถอดไม่ได้,DN1A0735
DJI,DN1A0736,ทั่วไป,ทั่วไป,1,ยังไม่รู้ว่าเป็นรุ่นอะไร — ช่องรุ่นเป็นรหัสที่ยังถอดไม่ได้,รหัสที่ถอดไม่ได้,DN1A0736
SG,908MAX,ทั่วไป,ทั่วไป,1,รู้รุ่นแล้ว แต่ยังไม่มีหลักฐานราคา,ชื่อในช่องเอง,908MAX
SG907,MAX,ทั่วไป,ทั่วไป,1,รู้รุ่นแล้ว แต่ยังไม่มีหลักฐานราคา,ชื่อในช่องเอง,MAX
DJI,DN1A0738,ทั่วไป,ทั่วไป,1,ยังไม่รู้ว่าเป็นรุ่นอะไร — ช่องรุ่นเป็นรหัสที่ยังถอดไม่ได้,รหัสที่ถอดไม่ได้,DN1A0738
SHAPED,TK111,ทั่วไป,ทั่วไป,1,ยังไม่รู้ว่าเป็นรุ่นอะไร — ช่องรุ่นเป็นรหัสที่ยังถอดไม่ได้,รหัสที่ถอดไม่ได้,TK111
"SHENZHENSMARTDRONEUAVCO.,LTD(SMD)",V330ATILT-ROTORVTOIFIXED-WINGUAV,เกษตร,เกษตร-ไม่ใช่ DJI,1,รู้รุ่นแล้ว แต่ยังไม่มีหลักฐานราคา,ชื่อในช่องเอง,V330ATILT-ROTORVTOIFIXED-WINGUAV
SIMTOO,(ไม่ระบุ),ทั่วไป,ทั่วไป,1,ยังไม่รู้ว่าเป็นรุ่นอะไร — ช่องรุ่นว่าง,ว่าง,-
SIMTOO,DRAGONFLY THDF-01,ทั่วไป,ทั่วไป,1,รู้รุ่นแล้ว แต่ยังไม่มีหลักฐานราคา,ชื่อในช่องเอง,DRAGONFLY THDF-01
SIMTOO,MOMENT,ทั่วไป,ทั่วไป,1,รู้รุ่นแล้ว แต่ยังไม่มีหลักฐานราคา,ชื่อในช่องเอง,MOMENT
SIMTOO,THDF - 01,ทั่วไป,ทั่วไป,1,รู้รุ่นแล้ว แต่ยังไม่มีหลักฐานราคา,ชื่อในช่องเอง,THDF - 01
SIMTOO,THDF-01,ทั่วไป,ทั่วไป,1,รู้รุ่นแล้ว แต่ยังไม่มีหลักฐานราคา,ชื่อในช่องเอง,THDF-01
SIMTOO,THDF01,ทั่วไป,ทั่วไป,1,รู้รุ่นแล้ว แต่ยังไม่มีหลักฐานราคา,ชื่อในช่องเอง,THDF01
DJI,DN1A0739,ทั่วไป,ทั่วไป,1,ยังไม่รู้ว่าเป็นรุ่นอะไร — ช่องรุ่นเป็นรหัสที่ยังถอดไม่ได้,รหัสที่ถอดไม่ได้,DN1A0739
DJI,DN1A0740,ทั่วไป,ทั่วไป,1,ยังไม่รู้ว่าเป็นรุ่นอะไร — ช่องรุ่นเป็นรหัสที่ยังถอดไม่ได้,รหัสที่ถอดไม่ได้,DN1A0740
SIMTOO MOMENT,THDF-01,ทั่วไป,ทั่วไป,1,รู้รุ่นแล้ว แต่ยังไม่มีหลักฐานราคา,ชื่อในช่องเอง,THDF-01
SIMULUS,ZX-5085-675,ทั่วไป,ทั่วไป,1,รู้รุ่นแล้ว แต่ยังไม่มีหลักฐานราคา,ชื่อในช่องเอง,ZX-5085-675
SINOCHIP,DF-Q1,เกษตร,เกษตร-ไม่ใช่ DJI,1,รู้รุ่นแล้ว แต่ยังไม่มีหลักฐานราคา,ชื่อในช่องเอง,DF-Q1
SINOCHIP,DF-T4,เกษตร,เกษตร-ไม่ใช่ DJI,1,รู้รุ่นแล้ว แต่ยังไม่มีหลักฐานราคา,ชื่อในช่องเอง,DF-T4
SIRC,F11,ทั่วไป,ทั่วไป,1,รู้รุ่นแล้ว แต่ยังไม่มีหลักฐานราคา,ชื่อในช่องเอง,F11
DJI,DN1A0741,ทั่วไป,ทั่วไป,1,ยังไม่รู้ว่าเป็นรุ่นอะไร — ช่องรุ่นเป็นรหัสที่ยังถอดไม่ได้,รหัสที่ถอดไม่ได้,DN1A0741
DJI,DN1A0742,ทั่วไป,ทั่วไป,1,ยังไม่รู้ว่าเป็นรุ่นอะไร — ช่องรุ่นเป็นรหัสที่ยังถอดไม่ได้,รหัสที่ถอดไม่ได้,DN1A0742
SJR,Z5,ทั่วไป,ทั่วไป,1,รู้รุ่นแล้ว แต่ยังไม่มีหลักฐานราคา,ชื่อในช่องเอง,Z5
DJI,DN1A0743,ทั่วไป,ทั่วไป,1,ยังไม่รู้ว่าเป็นรุ่นอะไร — ช่องรุ่นเป็นรหัสที่ยังถอดไม่ได้,รหัสที่ถอดไม่ได้,DN1A0743
SJRC,F11 - DRONE,ทั่วไป,ทั่วไป,1,รู้รุ่นแล้ว แต่ยังไม่มีหลักฐานราคา,ชื่อในช่องเอง,F11 - DRONE
DJI,DN1A0744,ทั่วไป,ทั่วไป,1,ยังไม่รู้ว่าเป็นรุ่นอะไร — ช่องรุ่นเป็นรหัสที่ยังถอดไม่ได้,รหัสที่ถอดไม่ได้,DN1A0744
SJRC,F11PRO,ทั่วไป,ทั่วไป,1,รู้รุ่นแล้ว แต่ยังไม่มีหลักฐานราคา,ชื่อในช่องเอง,F11PRO
DJI,DN1A0745,ทั่วไป,ทั่วไป,1,ยังไม่รู้ว่าเป็นรุ่นอะไร — ช่องรุ่นเป็นรหัสที่ยังถอดไม่ได้,รหัสที่ถอดไม่ได้,DN1A0745
DJI,DN1A0748,ทั่วไป,ทั่วไป,1,ยังไม่รู้ว่าเป็นรุ่นอะไร — ช่องรุ่นเป็นรหัสที่ยังถอดไม่ได้,รหัสที่ถอดไม่ได้,DN1A0748
DJI,DN1A0749,ทั่วไป,ทั่วไป,1,ยังไม่รู้ว่าเป็นรุ่นอะไร — ช่องรุ่นเป็นรหัสที่ยังถอดไม่ได้,รหัสที่ถอดไม่ได้,DN1A0749
SJRC,F11S4K,ทั่วไป,ทั่วไป,1,รู้รุ่นแล้ว แต่ยังไม่มีหลักฐานราคา,ชื่อในช่องเอง,F11S4K
DJI,DN1A0752,ทั่วไป,ทั่วไป,1,ยังไม่รู้ว่าเป็นรุ่นอะไร — ช่องรุ่นเป็นรหัสที่ยังถอดไม่ได้,รหัสที่ถอดไม่ได้,DN1A0752
SJRC,F22 PRO,ทั่วไป,ทั่วไป,1,รู้รุ่นแล้ว แต่ยังไม่มีหลักฐานราคา,ชื่อในช่องเอง,F22 PRO
DJI,DN1A0754,ทั่วไป,ทั่วไป,1,ยังไม่รู้ว่าเป็นรุ่นอะไร — ช่องรุ่นเป็นรหัสที่ยังถอดไม่ได้,รหัสที่ถอดไม่ได้,DN1A0754
SJRC,SJRC F11,ทั่วไป,ทั่วไป,1,รู้รุ่นแล้ว แต่ยังไม่มีหลักฐานราคา,ชื่อในช่องเอง,SJRC F11
SJRS,F5S PRO,ทั่วไป,ทั่วไป,1,รู้รุ่นแล้ว แต่ยังไม่มีหลักฐานราคา,ชื่อในช่องเอง,F5S PRO
DJI,DN1A0756,ทั่วไป,ทั่วไป,1,ยังไม่รู้ว่าเป็นรุ่นอะไร — ช่องรุ่นเป็นรหัสที่ยังถอดไม่ได้,รหัสที่ถอดไม่ได้,DN1A0756
SKEYE,X8 PRO,ทั่วไป,ทั่วไป,1,รู้รุ่นแล้ว แต่ยังไม่มีหลักฐานราคา,ชื่อในช่องเอง,X8 PRO
SKY HERO,LITTLE 6,ทั่วไป,ทั่วไป,1,รู้รุ่นแล้ว แต่ยังไม่มีหลักฐานราคา,ชื่อในช่องเอง,LITTLE 6
SKY KING,EXPLORER,ทั่วไป,ทั่วไป,1,รู้รุ่นแล้ว แต่ยังไม่มีหลักฐานราคา,ชื่อในช่องเอง,EXPLORER
DJI,DN1A0759,ทั่วไป,ทั่วไป,1,ยังไม่รู้ว่าเป็นรุ่นอะไร — ช่องรุ่นเป็นรหัสที่ยังถอดไม่ได้,รหัสที่ถอดไม่ได้,DN1A0759
DJI,DN1A0760,ทั่วไป,ทั่วไป,1,ยังไม่รู้ว่าเป็นรุ่นอะไร — ช่องรุ่นเป็นรหัสที่ยังถอดไม่ได้,รหัสที่ถอดไม่ได้,DN1A0760
SKYDIO,SDR35V1,ทั่วไป,ทั่วไป,1,ยังไม่รู้ว่าเป็นรุ่นอะไร — ช่องรุ่นเป็นรหัสที่ยังถอดไม่ได้,รหัสที่ถอดไม่ได้,SDR35V1
SKYDIO,SDRC2V1,ทั่วไป,ทั่วไป,1,รู้รุ่นแล้ว แต่ยังไม่มีหลักฐานราคา,ชื่อในช่องเอง,SDRC2V1
SKYDIO,X10D,ทั่วไป,ทั่วไป,1,รู้รุ่นแล้ว แต่ยังไม่มีหลักฐานราคา,ชื่อในช่องเอง,X10D
SKYDIO,X2-44HZ,ทั่วไป,ทั่วไป,1,รู้รุ่นแล้ว แต่ยังไม่มีหลักฐานราคา,ชื่อในช่องเอง,X2-44HZ
SKYDIO,X2-UU62,ทั่วไป,ทั่วไป,1,รู้รุ่นแล้ว แต่ยังไม่มีหลักฐานราคา,ชื่อในช่องเอง,X2-UU62
DJI,DN1A0762,ทั่วไป,ทั่วไป,1,ยังไม่รู้ว่าเป็นรุ่นอะไร — ช่องรุ่นเป็นรหัสที่ยังถอดไม่ได้,รหัสที่ถอดไม่ได้,DN1A0762
SKYDIO 2,SDRC2V1,ทั่วไป,ทั่วไป,1,รู้รุ่นแล้ว แต่ยังไม่มีหลักฐานราคา,ชื่อในช่องเอง,SDRC2V1
DJI,DN1A0772,ทั่วไป,ทั่วไป,1,ยังไม่รู้ว่าเป็นรุ่นอะไร — ช่องรุ่นเป็นรหัสที่ยังถอดไม่ได้,รหัสที่ถอดไม่ได้,DN1A0772
SKYETON,RAYBIRD-3,ทั่วไป,ทั่วไป,1,รู้รุ่นแล้ว แต่ยังไม่มีหลักฐานราคา,ชื่อในช่องเอง,RAYBIRD-3
SKYFRONT,PERIMETER 8 UAS / BASE MODEL (TH2.4),ทั่วไป,ทั่วไป,1,รู้รุ่นแล้ว แต่ยังไม่มีหลักฐานราคา,ชื่อในช่องเอง,PERIMETER 8 UAS / BASE MODEL (TH2.4)
SKYHUNTER,(ไม่ระบุ),ทั่วไป,ทั่วไป,1,ยังไม่รู้ว่าเป็นรุ่นอะไร — ช่องรุ่นว่าง,ว่าง,-
SKYHUNTER,LH-X25,ทั่วไป,ทั่วไป,1,รู้รุ่นแล้ว แต่ยังไม่มีหลักฐานราคา,ชื่อในช่องเอง,LH-X25
SKYHUNTER,SKYHUNTER,ทั่วไป,ทั่วไป,1,รู้รุ่นแล้ว แต่ยังไม่มีหลักฐานราคา,ชื่อในช่องเอง,SKYHUNTER
DJI,DN1A0773,ทั่วไป,ทั่วไป,1,ยังไม่รู้ว่าเป็นรุ่นอะไร — ช่องรุ่นเป็นรหัสที่ยังถอดไม่ได้,รหัสที่ถอดไม่ได้,DN1A0773
DJI,DN1A0776,ทั่วไป,ทั่วไป,1,ยังไม่รู้ว่าเป็นรุ่นอะไร — ช่องรุ่นเป็นรหัสที่ยังถอดไม่ได้,รหัสที่ถอดไม่ได้,DN1A0776
SKYROVER,X1,ทั่วไป,ทั่วไป,1,รู้รุ่นแล้ว แต่ยังไม่มีหลักฐานราคา,ชื่อในช่องเอง,X1
SKYTECH,FREEX SKYVIEW,ทั่วไป,ทั่วไป,1,รู้รุ่นแล้ว แต่ยังไม่มีหลักฐานราคา,ชื่อในช่องเอง,FREEX SKYVIEW
SKYXON,V168,ทั่วไป,ทั่วไป,1,รู้รุ่นแล้ว แต่ยังไม่มีหลักฐานราคา,ชื่อในช่องเอง,V168
SMART DRONE,(ไม่ระบุ),ทั่วไป,ทั่วไป,1,ยังไม่รู้ว่าเป็นรุ่นอะไร — ช่องรุ่นว่าง,ว่าง,-
SMART DRONE,L28,ทั่วไป,ทั่วไป,1,รู้รุ่นแล้ว แต่ยังไม่มีหลักฐานราคา,ชื่อในช่องเอง,L28
SMRC,JY018,ทั่วไป,ทั่วไป,1,ยังไม่รู้ว่าเป็นรุ่นอะไร — ช่องรุ่นเป็นรหัสที่ยังถอดไม่ได้,รหัสที่ถอดไม่ได้,JY018
SNAPTAIN,SP500,ทั่วไป,ทั่วไป,1,ยังไม่รู้ว่าเป็นรุ่นอะไร — ช่องรุ่นเป็นรหัสที่ยังถอดไม่ได้,รหัสที่ถอดไม่ได้,SP500
SOCR DRONE,SG 907,ทั่วไป,ทั่วไป,1,รู้รุ่นแล้ว แต่ยังไม่มีหลักฐานราคา,ชื่อในช่องเอง,SG 907
SONY,AIRPEAK S1,ทั่วไป,ทั่วไป,1,รู้รุ่นแล้ว แต่ยังไม่มีหลักฐานราคา,ชื่อในช่องเอง,AIRPEAK S1
SPEEDEBEE,MASTER,ทั่วไป,ทั่วไป,1,รู้รุ่นแล้ว แต่ยังไม่มีหลักฐานราคา,ชื่อในช่องเอง,MASTER
SPEEDY BEE,BEE 25,ทั่วไป,ทั่วไป,1,รู้รุ่นแล้ว แต่ยังไม่มีหลักฐานราคา,ชื่อในช่องเอง,BEE 25
DJI,DN1A0777,ทั่วไป,ทั่วไป,1,ยังไม่รู้ว่าเป็นรุ่นอะไร — ช่องรุ่นเป็นรหัสที่ยังถอดไม่ได้,รหัสที่ถอดไม่ได้,DN1A0777
SPEEDYBEE,BEE35-03-ELRS,ทั่วไป,ทั่วไป,1,รู้รุ่นแล้ว แต่ยังไม่มีหลักฐานราคา,ชื่อในช่องเอง,BEE35-03-ELRS
DJI,DN1A0778,ทั่วไป,ทั่วไป,1,ยังไม่รู้ว่าเป็นรุ่นอะไร — ช่องรุ่นเป็นรหัสที่ยังถอดไม่ได้,รหัสที่ถอดไม่ได้,DN1A0778
SPEEDYBEE,MARIO 5,ทั่วไป,ทั่วไป,1,รู้รุ่นแล้ว แต่ยังไม่มีหลักฐานราคา,ชื่อในช่องเอง,MARIO 5
DJI,DN1A0779,ทั่วไป,ทั่วไป,1,ยังไม่รู้ว่าเป็นรุ่นอะไร — ช่องรุ่นเป็นรหัสที่ยังถอดไม่ได้,รหัสที่ถอดไม่ได้,DN1A0779
SPEEDYBEE,MASTER 5 HD,ทั่วไป,ทั่วไป,1,รู้รุ่นแล้ว แต่ยังไม่มีหลักฐานราคา,ชื่อในช่องเอง,MASTER 5 HD
SPEEDYBEE F4,MANTA 5SE,ทั่วไป,ทั่วไป,1,รู้รุ่นแล้ว แต่ยังไม่มีหลักฐานราคา,ชื่อในช่องเอง,MANTA 5SE
SRJC,F11S 4K PRO,ทั่วไป,ทั่วไป,1,รู้รุ่นแล้ว แต่ยังไม่มีหลักฐานราคา,ชื่อในช่องเอง,F11S 4K PRO
DJI,DN1A0780,ทั่วไป,ทั่วไป,1,ยังไม่รู้ว่าเป็นรุ่นอะไร — ช่องรุ่นเป็นรหัสที่ยังถอดไม่ได้,รหัสที่ถอดไม่ได้,DN1A0780
ST ENGINEERING AEROSPACE,DRN-25,ทั่วไป,ทั่วไป,1,รู้รุ่นแล้ว แต่ยังไม่มีหลักฐานราคา,ชื่อในช่องเอง,DRN-25
DJI,DN1A0785,ทั่วไป,ทั่วไป,1,ยังไม่รู้ว่าเป็นรุ่นอะไร — ช่องรุ่นเป็นรหัสที่ยังถอดไม่ได้,รหัสที่ถอดไม่ได้,DN1A0785
DJI,DN1A0789,ทั่วไป,ทั่วไป,1,ยังไม่รู้ว่าเป็นรุ่นอะไร — ช่องรุ่นเป็นรหัสที่ยังถอดไม่ได้,รหัสที่ถอดไม่ได้,DN1A0789
DJI,DN1A0791,ทั่วไป,ทั่วไป,1,ยังไม่รู้ว่าเป็นรุ่นอะไร — ช่องรุ่นเป็นรหัสที่ยังถอดไม่ได้,รหัสที่ถอดไม่ได้,DN1A0791
STD DRONE,STD4117S,เกษตร,เกษตร-ไม่ใช่ DJI,1,ยังไม่รู้ว่าเป็นรุ่นอะไร — ช่องรุ่นเป็นรหัสที่ยังถอดไม่ได้,รหัสที่ถอดไม่ได้,STD4117S
STRAW HAT AERIAL,VULTURE,ทั่วไป,ทั่วไป,1,รู้รุ่นแล้ว แต่ยังไม่มีหลักฐานราคา,ชื่อในช่องเอง,VULTURE
SUB250,CINEQUAD,ทั่วไป,ทั่วไป,1,รู้รุ่นแล้ว แต่ยังไม่มีหลักฐานราคา,ชื่อในช่องเอง,CINEQUAD
DJI,DN1A0794,ทั่วไป,ทั่วไป,1,ยังไม่รู้ว่าเป็นรุ่นอะไร — ช่องรุ่นเป็นรหัสที่ยังถอดไม่ได้,รหัสที่ถอดไม่ได้,DN1A0794
SWELLPRO,FD1 PLUS,ทั่วไป,ทั่วไป,1,รู้รุ่นแล้ว แต่ยังไม่มีหลักฐานราคา,ชื่อในช่องเอง,FD1 PLUS
DJI,DN1A0795,ทั่วไป,ทั่วไป,1,ยังไม่รู้ว่าเป็นรุ่นอะไร — ช่องรุ่นเป็นรหัสที่ยังถอดไม่ได้,รหัสที่ถอดไม่ได้,DN1A0795
SWELLPRO,SPLASH DRONE 3,ทั่วไป,ทั่วไป,1,รู้รุ่นแล้ว แต่ยังไม่มีหลักฐานราคา,ชื่อในช่องเอง,SPLASH DRONE 3
SWELLPRO,SPLASHDRONE 3+,ทั่วไป,ทั่วไป,1,รู้รุ่นแล้ว แต่ยังไม่มีหลักฐานราคา,ชื่อในช่องเอง,SPLASHDRONE 3+
DJI,DN1A0796,ทั่วไป,ทั่วไป,1,ยังไม่รู้ว่าเป็นรุ่นอะไร — ช่องรุ่นเป็นรหัสที่ยังถอดไม่ได้,รหัสที่ถอดไม่ได้,DN1A0796
SYMA,W3,ทั่วไป,ทั่วไป,1,รู้รุ่นแล้ว แต่ยังไม่มีหลักฐานราคา,ชื่อในช่องเอง,W3
SYMA,X500,ทั่วไป,ทั่วไป,1,รู้รุ่นแล้ว แต่ยังไม่มีหลักฐานราคา,ชื่อในช่องเอง,X500
DJI,DN1A0797,ทั่วไป,ทั่วไป,1,ยังไม่รู้ว่าเป็นรุ่นอะไร — ช่องรุ่นเป็นรหัสที่ยังถอดไม่ได้,รหัสที่ถอดไม่ได้,DN1A0797
DJI,DN1A0798,ทั่วไป,ทั่วไป,1,ยังไม่รู้ว่าเป็นรุ่นอะไร — ช่องรุ่นเป็นรหัสที่ยังถอดไม่ได้,รหัสที่ถอดไม่ได้,DN1A0798
DJI,DN1A0799,ทั่วไป,ทั่วไป,1,ยังไม่รู้ว่าเป็นรุ่นอะไร — ช่องรุ่นเป็นรหัสที่ยังถอดไม่ได้,รหัสที่ถอดไม่ได้,DN1A0799
DJI,DN1A0800,ทั่วไป,ทั่วไป,1,ยังไม่รู้ว่าเป็นรุ่นอะไร — ช่องรุ่นเป็นรหัสที่ยังถอดไม่ได้,รหัสที่ถอดไม่ได้,DN1A0800
SYMA,X8C,ทั่วไป,ทั่วไป,1,รู้รุ่นแล้ว แต่ยังไม่มีหลักฐานราคา,ชื่อในช่องเอง,X8C
SZ DJI,SPARK,ทั่วไป,ทั่วไป,1,รู้รุ่นแล้ว แต่ยังไม่มีหลักฐานราคา,ชื่อในช่องเอง,SPARK
SZ DJI TECHNOLOGY CO LTD,AIR 2S,ทั่วไป,ทั่วไป,1,รู้รุ่นแล้ว แต่ยังไม่มีหลักฐานราคา,ชื่อในช่องเอง,DJI AIR 2S
DJI,DN1A0801,ทั่วไป,ทั่วไป,1,ยังไม่รู้ว่าเป็นรุ่นอะไร — ช่องรุ่นเป็นรหัสที่ยังถอดไม่ได้,รหัสที่ถอดไม่ได้,DN1A0801
TAROT,270,ทั่วไป,ทั่วไป,1,รู้รุ่นแล้ว แต่ยังไม่มีหลักฐานราคา,ชื่อในช่องเอง,270
TAROT,650,ทั่วไป,ทั่วไป,1,รู้รุ่นแล้ว แต่ยังไม่มีหลักฐานราคา,ชื่อในช่องเอง,650
TAROT,650 SPORT,ทั่วไป,ทั่วไป,1,รู้รุ่นแล้ว แต่ยังไม่มีหลักฐานราคา,ชื่อในช่องเอง,650 SPORT
DJI,DN1A0802,ทั่วไป,ทั่วไป,1,ยังไม่รู้ว่าเป็นรุ่นอะไร — ช่องรุ่นเป็นรหัสที่ยังถอดไม่ได้,รหัสที่ถอดไม่ได้,DN1A0802
TAROT,S1100,ทั่วไป,ทั่วไป,1,รู้รุ่นแล้ว แต่ยังไม่มีหลักฐานราคา,ชื่อในช่องเอง,S1100
TAROT,S500,ทั่วไป,ทั่วไป,1,รู้รุ่นแล้ว แต่ยังไม่มีหลักฐานราคา,ชื่อในช่องเอง,S500
DJI,DN1A0804,ทั่วไป,ทั่วไป,1,ยังไม่รู้ว่าเป็นรุ่นอะไร — ช่องรุ่นเป็นรหัสที่ยังถอดไม่ได้,รหัสที่ถอดไม่ได้,DN1A0804
DJI,DN1A0807,ทั่วไป,ทั่วไป,1,ยังไม่รู้ว่าเป็นรุ่นอะไร — ช่องรุ่นเป็นรหัสที่ยังถอดไม่ได้,รหัสที่ถอดไม่ได้,DN1A0807
TAROT,TAROT,ทั่วไป,ทั่วไป,1,รู้รุ่นแล้ว แต่ยังไม่มีหลักฐานราคา,ชื่อในช่องเอง,TAROT
TAROT,TAROT 330,ทั่วไป,ทั่วไป,1,รู้รุ่นแล้ว แต่ยังไม่มีหลักฐานราคา,ชื่อในช่องเอง,TAROT 330
TAROT,TL250A,ทั่วไป,ทั่วไป,1,ยังไม่รู้ว่าเป็นรุ่นอะไร — ช่องรุ่นเป็นรหัสที่ยังถอดไม่ได้,รหัสที่ถอดไม่ได้,TL250A
DJI,DN1A0808,ทั่วไป,ทั่วไป,1,ยังไม่รู้ว่าเป็นรุ่นอะไร — ช่องรุ่นเป็นรหัสที่ยังถอดไม่ได้,รหัสที่ถอดไม่ได้,DN1A0808
TAROT,TL280H,ทั่วไป,ทั่วไป,1,ยังไม่รู้ว่าเป็นรุ่นอะไร — ช่องรุ่นเป็นรหัสที่ยังถอดไม่ได้,รหัสที่ถอดไม่ได้,TL280H
TAROT,TL6X001,ทั่วไป,ทั่วไป,1,ยังไม่รู้ว่าเป็นรุ่นอะไร — ช่องรุ่นเป็นรหัสที่ยังถอดไม่ได้,รหัสที่ถอดไม่ได้,TL6X001
TAROT,X-700,ทั่วไป,ทั่วไป,1,รู้รุ่นแล้ว แต่ยังไม่มีหลักฐานราคา,ชื่อในช่องเอง,X-700
TBS,TANGO 2 PRO,ทั่วไป,ทั่วไป,1,รู้รุ่นแล้ว แต่ยังไม่มีหลักฐานราคา,ชื่อในช่องเอง,TANGO 2 PRO
TBS TANGO II,TBS TANGO II,ทั่วไป,ทั่วไป,1,รู้รุ่นแล้ว แต่ยังไม่มีหลักฐานราคา,ชื่อในช่องเอง,TBS TANGO II
TEEROK,T12,ทั่วไป,ทั่วไป,1,รู้รุ่นแล้ว แต่ยังไม่มีหลักฐานราคา,ชื่อในช่องเอง,T12
TELLO,(ไม่ระบุ),ทั่วไป,ทั่วไป,1,ยังไม่รู้ว่าเป็นรุ่นอะไร — ช่องรุ่นว่าง,ว่าง,-
TELLO,TELLO,ทั่วไป,ทั่วไป,1,รู้รุ่นแล้ว แต่ยังไม่มีหลักฐานราคา,ชื่อในช่องเอง,TELLO
DJI,DN1A0810,ทั่วไป,ทั่วไป,1,ยังไม่รู้ว่าเป็นรุ่นอะไร — ช่องรุ่นเป็นรหัสที่ยังถอดไม่ได้,รหัสที่ถอดไม่ได้,DN1A0810
DJI,DN1A0812,ทั่วไป,ทั่วไป,1,ยังไม่รู้ว่าเป็นรุ่นอะไร — ช่องรุ่นเป็นรหัสที่ยังถอดไม่ได้,รหัสที่ถอดไม่ได้,DN1A0812
THE HELICOPTER GIRLS,FLO HYBRID X8,ทั่วไป,ทั่วไป,1,รู้รุ่นแล้ว แต่ยังไม่มีหลักฐานราคา,ชื่อในช่องเอง,FLO HYBRID X8
DJI,DN1A0813,ทั่วไป,ทั่วไป,1,ยังไม่รู้ว่าเป็นรุ่นอะไร — ช่องรุ่นเป็นรหัสที่ยังถอดไม่ได้,รหัสที่ถอดไม่ได้,DN1A0813
DJI,DN1A0814,ทั่วไป,ทั่วไป,1,ยังไม่รู้ว่าเป็นรุ่นอะไร — ช่องรุ่นเป็นรหัสที่ยังถอดไม่ได้,รหัสที่ถอดไม่ได้,DN1A0814
THE X FOLD,THE X6 (SN: F24-1-04C-01-001),ทั่วไป,ทั่วไป,1,รู้รุ่นแล้ว แต่ยังไม่มีหลักฐานราคา,ชื่อในช่องเอง,THE X6 (SN: F24-1-04C-01-001)
THE X FOLD,THE X8 (SN: F311-01A-01-001),ทั่วไป,ทั่วไป,1,รู้รุ่นแล้ว แต่ยังไม่มีหลักฐานราคา,ชื่อในช่องเอง,THE X8 (SN: F311-01A-01-001)
DJI,DN1A0817,ทั่วไป,ทั่วไป,1,ยังไม่รู้ว่าเป็นรุ่นอะไร — ช่องรุ่นเป็นรหัสที่ยังถอดไม่ได้,รหัสที่ถอดไม่ได้,DN1A0817
DJI,DN1A0818,ทั่วไป,ทั่วไป,1,ยังไม่รู้ว่าเป็นรุ่นอะไร — ช่องรุ่นเป็นรหัสที่ยังถอดไม่ได้,รหัสที่ถอดไม่ได้,DN1A0818
DJI,DN1A0820,ทั่วไป,ทั่วไป,1,ยังไม่รู้ว่าเป็นรุ่นอะไร — ช่องรุ่นเป็นรหัสที่ยังถอดไม่ได้,รหัสที่ถอดไม่ได้,DN1A0820
TLS,TL-111,ทั่วไป,ทั่วไป,1,รู้รุ่นแล้ว แต่ยังไม่มีหลักฐานราคา,ชื่อในช่องเอง,TL-111
TOLADRONE,TD 12 PRO,ทั่วไป,ทั่วไป,1,รู้รุ่นแล้ว แต่ยังไม่มีหลักฐานราคา,ชื่อในช่องเอง,TD 12 PRO
TOP ENGINEERING,PIGEON-C 200E,ทั่วไป,ทั่วไป,1,รู้รุ่นแล้ว แต่ยังไม่มีหลักฐานราคา,ชื่อในช่องเอง,PIGEON-C 200E
DJI,DN1A0823,ทั่วไป,ทั่วไป,1,ยังไม่รู้ว่าเป็นรุ่นอะไร — ช่องรุ่นเป็นรหัสที่ยังถอดไม่ได้,รหัสที่ถอดไม่ได้,DN1A0823
TOYS-SKY,CSJ-X7,ทั่วไป,ทั่วไป,1,รู้รุ่นแล้ว แต่ยังไม่มีหลักฐานราคา,ชื่อในช่องเอง,CSJ-X7
TOYSKY,GM193E,ทั่วไป,ทั่วไป,1,ยังไม่รู้ว่าเป็นรุ่นอะไร — ช่องรุ่นเป็นรหัสที่ยังถอดไม่ได้,รหัสที่ถอดไม่ได้,GM193E
TRACKER,JXD 523,ทั่วไป,ทั่วไป,1,รู้รุ่นแล้ว แต่ยังไม่มีหลักฐานราคา,ชื่อในช่องเอง,JXD 523
DJI,DN1A0825,ทั่วไป,ทั่วไป,1,ยังไม่รู้ว่าเป็นรุ่นอะไร — ช่องรุ่นเป็นรหัสที่ยังถอดไม่ได้,รหัสที่ถอดไม่ได้,DN1A0825
TRIMBLE,UX5 WING,ทั่วไป,ทั่วไป,1,รู้รุ่นแล้ว แต่ยังไม่มีหลักฐานราคา,ชื่อในช่องเอง,UX5 WING
TSRC,Q8,ทั่วไป,ทั่วไป,1,รู้รุ่นแล้ว แต่ยังไม่มีหลักฐานราคา,ชื่อในช่องเอง,Q8
DJI,DN1A0826,ทั่วไป,ทั่วไป,1,ยังไม่รู้ว่าเป็นรุ่นอะไร — ช่องรุ่นเป็นรหัสที่ยังถอดไม่ได้,รหัสที่ถอดไม่ได้,DN1A0826
TYH HEXACOPTER DRONE,BR 6810,ทั่วไป,ทั่วไป,1,รู้รุ่นแล้ว แต่ยังไม่มีหลักฐานราคา,ชื่อในช่องเอง,BR 6810
DJI,DN1A0827,ทั่วไป,ทั่วไป,1,ยังไม่รู้ว่าเป็นรุ่นอะไร — ช่องรุ่นเป็นรหัสที่ยังถอดไม่ได้,รหัสที่ถอดไม่ได้,DN1A0827
TYI,TYI8-10L,เกษตร,เกษตร-ไม่ใช่ DJI,1,รู้รุ่นแล้ว แต่ยังไม่มีหลักฐานราคา,ชื่อในช่องเอง,TYI8-10L
DJI,DN1A0836,ทั่วไป,ทั่วไป,1,ยังไม่รู้ว่าเป็นรุ่นอะไร — ช่องรุ่นเป็นรหัสที่ยังถอดไม่ได้,รหัสที่ถอดไม่ได้,DN1A0836
TYPHOON,H,ทั่วไป,ทั่วไป,1,รู้รุ่นแล้ว แต่ยังไม่มีหลักฐานราคา,ชื่อในช่องเอง,H
UDI R/C,U842,ทั่วไป,ทั่วไป,1,รู้รุ่นแล้ว แต่ยังไม่มีหลักฐานราคา,ชื่อในช่องเอง,U842
UPAIR,UPAIRONE,ทั่วไป,ทั่วไป,1,รู้รุ่นแล้ว แต่ยังไม่มีหลักฐานราคา,ชื่อในช่องเอง,UPAIRONE
VCI,DOVE,ทั่วไป,ทั่วไป,1,รู้รุ่นแล้ว แต่ยังไม่มีหลักฐานราคา,ชื่อในช่องเอง,DOVE
DJI,DN1A0838,ทั่วไป,ทั่วไป,1,ยังไม่รู้ว่าเป็นรุ่นอะไร — ช่องรุ่นเป็นรหัสที่ยังถอดไม่ได้,รหัสที่ถอดไม่ได้,DN1A0838
DJI,DN1A0843,ทั่วไป,ทั่วไป,1,ยังไม่รู้ว่าเป็นรุ่นอะไร — ช่องรุ่นเป็นรหัสที่ยังถอดไม่ได้,รหัสที่ถอดไม่ได้,DN1A0843
VELOX,FPV,ทั่วไป,ทั่วไป,1,รู้รุ่นแล้ว แต่ยังไม่มีหลักฐานราคา,ชื่อในช่องเอง,FPV
DJI,DN1A0847,ทั่วไป,ทั่วไป,1,ยังไม่รู้ว่าเป็นรุ่นอะไร — ช่องรุ่นเป็นรหัสที่ยังถอดไม่ได้,รหัสที่ถอดไม่ได้,DN1A0847
DJI,DN1A0853,ทั่วไป,ทั่วไป,1,ยังไม่รู้ว่าเป็นรุ่นอะไร — ช่องรุ่นเป็นรหัสที่ยังถอดไม่ได้,รหัสที่ถอดไม่ได้,DN1A0853
DJI,DN1A0863,ทั่วไป,ทั่วไป,1,ยังไม่รู้ว่าเป็นรุ่นอะไร — ช่องรุ่นเป็นรหัสที่ยังถอดไม่ได้,รหัสที่ถอดไม่ได้,DN1A0863
VISUO,SG-700,ทั่วไป,ทั่วไป,1,รู้รุ่นแล้ว แต่ยังไม่มีหลักฐานราคา,ชื่อในช่องเอง,SG-700
VISUO,XS809HW,ทั่วไป,ทั่วไป,1,ยังไม่รู้ว่าเป็นรุ่นอะไร — ช่องรุ่นเป็นรหัสที่ยังถอดไม่ได้,รหัสที่ถอดไม่ได้,XS809HW
VOLIRO,VOLIRO T,ทั่วไป,ทั่วไป,1,รู้รุ่นแล้ว แต่ยังไม่มีหลักฐานราคา,ชื่อในช่องเอง,VOLIRO T
VTI,FVP DUO,ทั่วไป,ทั่วไป,1,รู้รุ่นแล้ว แต่ยังไม่มีหลักฐานราคา,ชื่อในช่องเอง,FVP DUO
VTI,PHOENIX 2.0,ทั่วไป,ทั่วไป,1,รู้รุ่นแล้ว แต่ยังไม่มีหลักฐานราคา,ชื่อในช่องเอง,PHOENIX 2.0
WAKERA,SCOUT X4,ทั่วไป,ทั่วไป,1,รู้รุ่นแล้ว แต่ยังไม่มีหลักฐานราคา,ชื่อในช่องเอง,SCOUT X4
WALKERA,FURIOUS-320,ทั่วไป,ทั่วไป,1,รู้รุ่นแล้ว แต่ยังไม่มีหลักฐานราคา,ชื่อในช่องเอง,FURIOUS-320
DJI,DN1A0866,ทั่วไป,ทั่วไป,1,ยังไม่รู้ว่าเป็นรุ่นอะไร — ช่องรุ่นเป็นรหัสที่ยังถอดไม่ได้,รหัสที่ถอดไม่ได้,DN1A0866
DJI,DN1A0873,ทั่วไป,ทั่วไป,1,ยังไม่รู้ว่าเป็นรุ่นอะไร — ช่องรุ่นเป็นรหัสที่ยังถอดไม่ได้,รหัสที่ถอดไม่ได้,DN1A0873
DJI,DN1A0877,ทั่วไป,ทั่วไป,1,ยังไม่รู้ว่าเป็นรุ่นอะไร — ช่องรุ่นเป็นรหัสที่ยังถอดไม่ได้,รหัสที่ถอดไม่ได้,DN1A0877
WALKERA,VITUS 320,ทั่วไป,ทั่วไป,1,รู้รุ่นแล้ว แต่ยังไม่มีหลักฐานราคา,ชื่อในช่องเอง,VITUS 320
WINGS WORLD WIDE,TAPEE 02,ทั่วไป,ทั่วไป,1,รู้รุ่นแล้ว แต่ยังไม่มีหลักฐานราคา,ชื่อในช่องเอง,TAPEE 02
WINGS WORLD WIDE,U-WING1,ทั่วไป,ทั่วไป,1,รู้รุ่นแล้ว แต่ยังไม่มีหลักฐานราคา,ชื่อในช่องเอง,U-WING1
WINGSLAND,M5,ทั่วไป,ทั่วไป,1,รู้รุ่นแล้ว แต่ยังไม่มีหลักฐานราคา,ชื่อในช่องเอง,M5
WINGSLAND,WINGSLAND S6,ทั่วไป,ทั่วไป,1,รู้รุ่นแล้ว แต่ยังไม่มีหลักฐานราคา,ชื่อในช่องเอง,WINGSLAND S6
WINGSLAND S6,S6,ทั่วไป,ทั่วไป,1,รู้รุ่นแล้ว แต่ยังไม่มีหลักฐานราคา,ชื่อในช่องเอง,S6
DJI,DN1A0880,ทั่วไป,ทั่วไป,1,ยังไม่รู้ว่าเป็นรุ่นอะไร — ช่องรุ่นเป็นรหัสที่ยังถอดไม่ได้,รหัสที่ถอดไม่ได้,DN1A0880
DJI,DN1A0882,ทั่วไป,ทั่วไป,1,ยังไม่รู้ว่าเป็นรุ่นอะไร — ช่องรุ่นเป็นรหัสที่ยังถอดไม่ได้,รหัสที่ถอดไม่ได้,DN1A0882
WINGTRA,WINGTRAONE GEN II /TARANIS X9D PLUS(REMOTE),ทั่วไป,ทั่วไป,1,รู้รุ่นแล้ว แต่ยังไม่มีหลักฐานราคา,ชื่อในช่องเอง,WINGTRAONE GEN II(DRONE)/TARANIS X9D PLUS(REMOTE)
WINGTRA,WINGTRAONE GEN LL,ทั่วไป,ทั่วไป,1,รู้รุ่นแล้ว แต่ยังไม่มีหลักฐานราคา,ชื่อในช่องเอง,WINGTRAONE GEN LL (DRONE)
DJI,DN1A0887,ทั่วไป,ทั่วไป,1,ยังไม่รู้ว่าเป็นรุ่นอะไร — ช่องรุ่นเป็นรหัสที่ยังถอดไม่ได้,รหัสที่ถอดไม่ได้,DN1A0887
WINGTRAONE,WINGTRAONE,ทั่วไป,ทั่วไป,1,รู้รุ่นแล้ว แต่ยังไม่มีหลักฐานราคา,ชื่อในช่องเอง,WINGTRAONE
DJI,DN1A0888,ทั่วไป,ทั่วไป,1,ยังไม่รู้ว่าเป็นรุ่นอะไร — ช่องรุ่นเป็นรหัสที่ยังถอดไม่ได้,รหัสที่ถอดไม่ได้,DN1A0888
WL TOY,(ไม่ระบุ),ทั่วไป,ทั่วไป,1,ยังไม่รู้ว่าเป็นรุ่นอะไร — ช่องรุ่นว่าง,ว่าง,-
DJI,DN1A0890,ทั่วไป,ทั่วไป,1,ยังไม่รู้ว่าเป็นรุ่นอะไร — ช่องรุ่นเป็นรหัสที่ยังถอดไม่ได้,รหัสที่ถอดไม่ได้,DN1A0890
WL TOY,Q323,ทั่วไป,ทั่วไป,1,รู้รุ่นแล้ว แต่ยังไม่มีหลักฐานราคา,ชื่อในช่องเอง,Q323
WL TOY,Q333-A,ทั่วไป,ทั่วไป,1,รู้รุ่นแล้ว แต่ยังไม่มีหลักฐานราคา,ชื่อในช่องเอง,Q333-A
WL TOY,Q696E,ทั่วไป,ทั่วไป,1,รู้รุ่นแล้ว แต่ยังไม่มีหลักฐานราคา,ชื่อในช่องเอง,Q696E
WL TOY,X380,ทั่วไป,ทั่วไป,1,รู้รุ่นแล้ว แต่ยังไม่มีหลักฐานราคา,ชื่อในช่องเอง,X380
DJI,DN1A0906,ทั่วไป,ทั่วไป,1,ยังไม่รู้ว่าเป็นรุ่นอะไร — ช่องรุ่นเป็นรหัสที่ยังถอดไม่ได้,รหัสที่ถอดไม่ได้,DN1A0906
DJI,DN1A0907,ทั่วไป,ทั่วไป,1,ยังไม่รู้ว่าเป็นรุ่นอะไร — ช่องรุ่นเป็นรหัสที่ยังถอดไม่ได้,รหัสที่ถอดไม่ได้,DN1A0907
WL TOYS,Q323E,ทั่วไป,ทั่วไป,1,รู้รุ่นแล้ว แต่ยังไม่มีหลักฐานราคา,ชื่อในช่องเอง,Q323E
DJI,DN1A0910,ทั่วไป,ทั่วไป,1,ยังไม่รู้ว่าเป็นรุ่นอะไร — ช่องรุ่นเป็นรหัสที่ยังถอดไม่ได้,รหัสที่ถอดไม่ได้,DN1A0910
DJI,DN1A0916,ทั่วไป,ทั่วไป,1,ยังไม่รู้ว่าเป็นรุ่นอะไร — ช่องรุ่นเป็นรหัสที่ยังถอดไม่ได้,รหัสที่ถอดไม่ได้,DN1A0916
WLQ 696 E,696 E,ทั่วไป,ทั่วไป,1,รู้รุ่นแล้ว แต่ยังไม่มีหลักฐานราคา,ชื่อในช่องเอง,696 E
DJI,DN1A0927,ทั่วไป,ทั่วไป,1,ยังไม่รู้ว่าเป็นรุ่นอะไร — ช่องรุ่นเป็นรหัสที่ยังถอดไม่ได้,รหัสที่ถอดไม่ได้,DN1A0927
DJI,DN1A0933,ทั่วไป,ทั่วไป,1,ยังไม่รู้ว่าเป็นรุ่นอะไร — ช่องรุ่นเป็นรหัสที่ยังถอดไม่ได้,รหัสที่ถอดไม่ได้,DN1A0933
DJI,DN1A0944,ทั่วไป,ทั่วไป,1,ยังไม่รู้ว่าเป็นรุ่นอะไร — ช่องรุ่นเป็นรหัสที่ยังถอดไม่ได้,รหัสที่ถอดไม่ได้,DN1A0944
DJI,DN1A0949,ทั่วไป,ทั่วไป,1,ยังไม่รู้ว่าเป็นรุ่นอะไร — ช่องรุ่นเป็นรหัสที่ยังถอดไม่ได้,รหัสที่ถอดไม่ได้,DN1A0949
DJI,DN1A0956,ทั่วไป,ทั่วไป,1,ยังไม่รู้ว่าเป็นรุ่นอะไร — ช่องรุ่นเป็นรหัสที่ยังถอดไม่ได้,รหัสที่ถอดไม่ได้,DN1A0956
XAG,3WWDZ-60AT,เกษตร,เกษตร-ไม่ใช่ DJI,1,ยังไม่รู้ว่าเป็นรุ่นอะไร — ช่องรุ่นเป็นรหัสที่ยังถอดไม่ได้,รหัสที่ถอดไม่ได้,3WWDZ-60AT
DJI,DN1A0958,ทั่วไป,ทั่วไป,1,ยังไม่รู้ว่าเป็นรุ่นอะไร — ช่องรุ่นเป็นรหัสที่ยังถอดไม่ได้,รหัสที่ถอดไม่ได้,DN1A0958
DJI,DN1A0961,ทั่วไป,ทั่วไป,1,ยังไม่รู้ว่าเป็นรุ่นอะไร — ช่องรุ่นเป็นรหัสที่ยังถอดไม่ได้,รหัสที่ถอดไม่ได้,DN1A0961
DJI,DN1A0968,ทั่วไป,ทั่วไป,1,ยังไม่รู้ว่าเป็นรุ่นอะไร — ช่องรุ่นเป็นรหัสที่ยังถอดไม่ได้,รหัสที่ถอดไม่ได้,DN1A0968
XAG,P30,เกษตร,เกษตร-ไม่ใช่ DJI,1,รู้รุ่นแล้ว แต่ยังไม่มีหลักฐานราคา,ชื่อในช่องเอง,P30
DJI,DN1A0974,ทั่วไป,ทั่วไป,1,ยังไม่รู้ว่าเป็นรุ่นอะไร — ช่องรุ่นเป็นรหัสที่ยังถอดไม่ได้,รหัสที่ถอดไม่ได้,DN1A0974
XER,X8,ทั่วไป,ทั่วไป,1,รู้รุ่นแล้ว แต่ยังไม่มีหลักฐานราคา,ชื่อในช่องเอง,X8 (TH)
XIAOMI,(ไม่ระบุ),ทั่วไป,ทั่วไป,1,ยังไม่รู้ว่าเป็นรุ่นอะไร — ช่องรุ่นว่าง,ว่าง,-
XIAOMI,FIMI A3,ทั่วไป,ทั่วไป,1,รู้รุ่นแล้ว แต่ยังไม่มีหลักฐานราคา,ชื่อในช่องเอง,FIMI A3
XIAOMI,FIMI MINI 3,ทั่วไป,ทั่วไป,1,รู้รุ่นแล้ว แต่ยังไม่มีหลักฐานราคา,ชื่อในช่องเอง,FIMI MINI 3
XIAOMI,FIMI X8 MINI,ทั่วไป,ทั่วไป,1,รู้รุ่นแล้ว แต่ยังไม่มีหลักฐานราคา,ชื่อในช่องเอง,FIMI X8 MINI
DJI,DN1A0975,ทั่วไป,ทั่วไป,1,ยังไม่รู้ว่าเป็นรุ่นอะไร — ช่องรุ่นเป็นรหัสที่ยังถอดไม่ได้,รหัสที่ถอดไม่ได้,DN1A0975
DJI,DN1A0976,ทั่วไป,ทั่วไป,1,ยังไม่รู้ว่าเป็นรุ่นอะไร — ช่องรุ่นเป็นรหัสที่ยังถอดไม่ได้,รหัสที่ถอดไม่ได้,DN1A0976
DJI,DN1A0979,ทั่วไป,ทั่วไป,1,ยังไม่รู้ว่าเป็นรุ่นอะไร — ช่องรุ่นเป็นรหัสที่ยังถอดไม่ได้,รหัสที่ถอดไม่ได้,DN1A0979
XIAOMI,MI DRONE 1080P,ทั่วไป,ทั่วไป,1,รู้รุ่นแล้ว แต่ยังไม่มีหลักฐานราคา,ชื่อในช่องเอง,MI DRONE 1080P
DJI,DN1A0983,ทั่วไป,ทั่วไป,1,ยังไม่รู้ว่าเป็นรุ่นอะไร — ช่องรุ่นเป็นรหัสที่ยังถอดไม่ได้,รหัสที่ถอดไม่ได้,DN1A0983
XIAOMI FIMI,X8 SE / FMWRJ02A5,ทั่วไป,ทั่วไป,1,รู้รุ่นแล้ว แต่ยังไม่มีหลักฐานราคา,ชื่อในช่องเอง,X8 SE / FMWRJ02A5
XIN KAI YANG,KY901,ทั่วไป,ทั่วไป,1,ยังไม่รู้ว่าเป็นรุ่นอะไร — ช่องรุ่นเป็นรหัสที่ยังถอดไม่ได้,รหัสที่ถอดไม่ได้,KY901
XIRO,EXPLORER MINI,ทั่วไป,ทั่วไป,1,รู้รุ่นแล้ว แต่ยังไม่มีหลักฐานราคา,ชื่อในช่องเอง,EXPLORER MINI
XIRO,EXPLORER V,ทั่วไป,ทั่วไป,1,รู้รุ่นแล้ว แต่ยังไม่มีหลักฐานราคา,ชื่อในช่องเอง,EXPLORER V
XIRO,EXPLOVER V,ทั่วไป,ทั่วไป,1,รู้รุ่นแล้ว แต่ยังไม่มีหลักฐานราคา,ชื่อในช่องเอง,EXPLOVER V
XIRO,XPIOVER V,ทั่วไป,ทั่วไป,1,รู้รุ่นแล้ว แต่ยังไม่มีหลักฐานราคา,ชื่อในช่องเอง,XPIOVER V
XIRO,XPLOER MINI,ทั่วไป,ทั่วไป,1,รู้รุ่นแล้ว แต่ยังไม่มีหลักฐานราคา,ชื่อในช่องเอง,XPLOER MINI
DJI,DN1A0984,ทั่วไป,ทั่วไป,1,ยังไม่รู้ว่าเป็นรุ่นอะไร — ช่องรุ่นเป็นรหัสที่ยังถอดไม่ได้,รหัสที่ถอดไม่ได้,DN1A0984
XIRO,XPLORER 4 K,ทั่วไป,ทั่วไป,1,รู้รุ่นแล้ว แต่ยังไม่มีหลักฐานราคา,ชื่อในช่องเอง,XPLORER 4 K
DJI,DN1A0990,ทั่วไป,ทั่วไป,1,ยังไม่รู้ว่าเป็นรุ่นอะไร — ช่องรุ่นเป็นรหัสที่ยังถอดไม่ได้,รหัสที่ถอดไม่ได้,DN1A0990
XIRO,XPLORER G,ทั่วไป,ทั่วไป,1,รู้รุ่นแล้ว แต่ยังไม่มีหลักฐานราคา,ชื่อในช่องเอง,XPLORER G
XIRO,XPLORER UA3500,ทั่วไป,ทั่วไป,1,รู้รุ่นแล้ว แต่ยังไม่มีหลักฐานราคา,ชื่อในช่องเอง,XPLORER UA3500
DJI,DN1A0997,ทั่วไป,ทั่วไป,1,ยังไม่รู้ว่าเป็นรุ่นอะไร — ช่องรุ่นเป็นรหัสที่ยังถอดไม่ได้,รหัสที่ถอดไม่ได้,DN1A0997
DJI,DN1A1003,ทั่วไป,ทั่วไป,1,ยังไม่รู้ว่าเป็นรุ่นอะไร — ช่องรุ่นเป็นรหัสที่ยังถอดไม่ได้,รหัสที่ถอดไม่ได้,DN1A1003
XK DETECT,X380,ทั่วไป,ทั่วไป,1,รู้รุ่นแล้ว แต่ยังไม่มีหลักฐานราคา,ชื่อในช่องเอง,X380
XK-INNOVATION,X300,ทั่วไป,ทั่วไป,1,รู้รุ่นแล้ว แต่ยังไม่มีหลักฐานราคา,ชื่อในช่องเอง,X300
DJI,DN1A1020,ทั่วไป,ทั่วไป,1,ยังไม่รู้ว่าเป็นรุ่นอะไร — ช่องรุ่นเป็นรหัสที่ยังถอดไม่ได้,รหัสที่ถอดไม่ได้,DN1A1020
DJI,DN1A1024,ทั่วไป,ทั่วไป,1,ยังไม่รู้ว่าเป็นรุ่นอะไร — ช่องรุ่นเป็นรหัสที่ยังถอดไม่ได้,รหัสที่ถอดไม่ได้,DN1A1024
DJI,DN1A1025,ทั่วไป,ทั่วไป,1,ยังไม่รู้ว่าเป็นรุ่นอะไร — ช่องรุ่นเป็นรหัสที่ยังถอดไม่ได้,รหัสที่ถอดไม่ได้,DN1A1025
YAMAHA UNMANNED HELICOPTER,FAZER R AP,เกษตร,เกษตร-ไม่ใช่ DJI,1,รู้รุ่นแล้ว แต่ยังไม่มีหลักฐานราคา,ชื่อในช่องเอง,FAZER R AP
YLR/C,MX MODEL MIRAGE,ทั่วไป,ทั่วไป,1,รู้รุ่นแล้ว แต่ยังไม่มีหลักฐานราคา,ชื่อในช่องเอง,MX MODEL MIRAGE
YUNEEC,(ไม่ระบุ),ทั่วไป,ทั่วไป,1,ยังไม่รู้ว่าเป็นรุ่นอะไร — ช่องรุ่นว่าง,ว่าง,-
DJI,DN1A1027,ทั่วไป,ทั่วไป,1,ยังไม่รู้ว่าเป็นรุ่นอะไร — ช่องรุ่นเป็นรหัสที่ยังถอดไม่ได้,รหัสที่ถอดไม่ได้,DN1A1027
YUNEEC,H520,ทั่วไป,ทั่วไป,1,รู้รุ่นแล้ว แต่ยังไม่มีหลักฐานราคา,ชื่อในช่องเอง,H520
YUNEEC,H850,ทั่วไป,ทั่วไป,1,รู้รุ่นแล้ว แต่ยังไม่มีหลักฐานราคา,ชื่อในช่องเอง,H850
DJI,DN1A1028,ทั่วไป,ทั่วไป,1,ยังไม่รู้ว่าเป็นรุ่นอะไร — ช่องรุ่นเป็นรหัสที่ยังถอดไม่ได้,รหัสที่ถอดไม่ได้,DN1A1028
YUNEEC,TYPHOON,ทั่วไป,ทั่วไป,1,รู้รุ่นแล้ว แต่ยังไม่มีหลักฐานราคา,ชื่อในช่องเอง,TYPHOON
YUNEEC,TYPHOON BREEZE 4K,ทั่วไป,ทั่วไป,1,รู้รุ่นแล้ว แต่ยังไม่มีหลักฐานราคา,ชื่อในช่องเอง,TYPHOON BREEZE 4K
YUNEEC,TYPHOON G,ทั่วไป,ทั่วไป,1,รู้รุ่นแล้ว แต่ยังไม่มีหลักฐานราคา,ชื่อในช่องเอง,TYPHOON G
DJI,DN1A1037,ทั่วไป,ทั่วไป,1,ยังไม่รู้ว่าเป็นรุ่นอะไร — ช่องรุ่นเป็นรหัสที่ยังถอดไม่ได้,รหัสที่ถอดไม่ได้,DN1A1037
DJI,DN1A1038,ทั่วไป,ทั่วไป,1,ยังไม่รู้ว่าเป็นรุ่นอะไร — ช่องรุ่นเป็นรหัสที่ยังถอดไม่ได้,รหัสที่ถอดไม่ได้,DN1A1038
DJI,DN1A1040,ทั่วไป,ทั่วไป,1,ยังไม่รู้ว่าเป็นรุ่นอะไร — ช่องรุ่นเป็นรหัสที่ยังถอดไม่ได้,รหัสที่ถอดไม่ได้,DN1A1040
DJI,DN1A1051,ทั่วไป,ทั่วไป,1,ยังไม่รู้ว่าเป็นรุ่นอะไร — ช่องรุ่นเป็นรหัสที่ยังถอดไม่ได้,รหัสที่ถอดไม่ได้,DN1A1051
YUNEEC,TYPHOON Q500,ทั่วไป,ทั่วไป,1,รู้รุ่นแล้ว แต่ยังไม่มีหลักฐานราคา,ชื่อในช่องเอง,TYPHOON Q500
DJI,DN1A1052,ทั่วไป,ทั่วไป,1,ยังไม่รู้ว่าเป็นรุ่นอะไร — ช่องรุ่นเป็นรหัสที่ยังถอดไม่ได้,รหัสที่ถอดไม่ได้,DN1A1052
YUNEEC,YUNMQEU,ทั่วไป,ทั่วไป,1,รู้รุ่นแล้ว แต่ยังไม่มีหลักฐานราคา,ชื่อในช่องเอง,YUNMQEU
YUREN,3WDM8-20,เกษตร,เกษตร-ไม่ใช่ DJI,1,รู้รุ่นแล้ว แต่ยังไม่มีหลักฐานราคา,ชื่อในช่องเอง,3WDM8-20
DJI,DN1A1062,ทั่วไป,ทั่วไป,1,ยังไม่รู้ว่าเป็นรุ่นอะไร — ช่องรุ่นเป็นรหัสที่ยังถอดไม่ได้,รหัสที่ถอดไม่ได้,DN1A1062
DJI,DN1A1071,ทั่วไป,ทั่วไป,1,ยังไม่รู้ว่าเป็นรุ่นอะไร — ช่องรุ่นเป็นรหัสที่ยังถอดไม่ได้,รหัสที่ถอดไม่ได้,DN1A1071
DJI,DN1A1075,ทั่วไป,ทั่วไป,1,ยังไม่รู้ว่าเป็นรุ่นอะไร — ช่องรุ่นเป็นรหัสที่ยังถอดไม่ได้,รหัสที่ถอดไม่ได้,DN1A1075
ZERO ZERO ROBOTICS,HOVERAIR X1 PROMAX,ทั่วไป,ทั่วไป,1,รู้รุ่นแล้ว แต่ยังไม่มีหลักฐานราคา,ชื่อในช่องเอง,HOVERAIR X1 PROMAX
ZERO ZERO ROBOTICS,ZZ-H-1-001,ทั่วไป,ทั่วไป,1,รู้รุ่นแล้ว แต่ยังไม่มีหลักฐานราคา,ชื่อในช่องเอง,ZZ-H-1-001
DJI,DN1A1081,ทั่วไป,ทั่วไป,1,ยังไม่รู้ว่าเป็นรุ่นอะไร — ช่องรุ่นเป็นรหัสที่ยังถอดไม่ได้,รหัสที่ถอดไม่ได้,DN1A1081
DJI,DN1A1085,ทั่วไป,ทั่วไป,1,ยังไม่รู้ว่าเป็นรุ่นอะไร — ช่องรุ่นเป็นรหัสที่ยังถอดไม่ได้,รหัสที่ถอดไม่ได้,DN1A1085
DJI,DN1A1091,ทั่วไป,ทั่วไป,1,ยังไม่รู้ว่าเป็นรุ่นอะไร — ช่องรุ่นเป็นรหัสที่ยังถอดไม่ได้,รหัสที่ถอดไม่ได้,DN1A1091
DJI,DN1A1093,ทั่วไป,ทั่วไป,1,ยังไม่รู้ว่าเป็นรุ่นอะไร — ช่องรุ่นเป็นรหัสที่ยังถอดไม่ได้,รหัสที่ถอดไม่ได้,DN1A1093
ZIRC,SG906PRO 3 MAX,ทั่วไป,ทั่วไป,1,รู้รุ่นแล้ว แต่ยังไม่มีหลักฐานราคา,ชื่อในช่องเอง,SG906PRO 3 MAX
ZLL,KUN SG908 MAX,ทั่วไป,ทั่วไป,1,รู้รุ่นแล้ว แต่ยังไม่มีหลักฐานราคา,ชื่อในช่องเอง,KUN SG908 MAX
ZLL,SG 907 MAX,ทั่วไป,ทั่วไป,1,รู้รุ่นแล้ว แต่ยังไม่มีหลักฐานราคา,ชื่อในช่องเอง,SG 907 MAX
ZLL,SG 909,ทั่วไป,ทั่วไป,1,รู้รุ่นแล้ว แต่ยังไม่มีหลักฐานราคา,ชื่อในช่องเอง,SG 909
ZLL,SG-909,ทั่วไป,ทั่วไป,1,รู้รุ่นแล้ว แต่ยังไม่มีหลักฐานราคา,ชื่อในช่องเอง,SG-909
ZLL,SG906 MAX2,ทั่วไป,ทั่วไป,1,รู้รุ่นแล้ว แต่ยังไม่มีหลักฐานราคา,ชื่อในช่องเอง,SG906 MAX2
DJI,DN1A1097,ทั่วไป,ทั่วไป,1,ยังไม่รู้ว่าเป็นรุ่นอะไร — ช่องรุ่นเป็นรหัสที่ยังถอดไม่ได้,รหัสที่ถอดไม่ได้,DN1A1097
ZLL,SG906MAXPRO,ทั่วไป,ทั่วไป,1,รู้รุ่นแล้ว แต่ยังไม่มีหลักฐานราคา,ชื่อในช่องเอง,SG906MAXPRO
DJI,DN1A1115,ทั่วไป,ทั่วไป,1,ยังไม่รู้ว่าเป็นรุ่นอะไร — ช่องรุ่นเป็นรหัสที่ยังถอดไม่ได้,รหัสที่ถอดไม่ได้,DN1A1115
ZLL FIRST QUDCOPTER,SG 906 MAX,ทั่วไป,ทั่วไป,1,รู้รุ่นแล้ว แต่ยังไม่มีหลักฐานราคา,ชื่อในช่องเอง,SG 906 MAX
ZLRC BEAST,SG906 PRO,ทั่วไป,ทั่วไป,1,รู้รุ่นแล้ว แต่ยังไม่มีหลักฐานราคา,ชื่อในช่องเอง,SG906 PRO
DJI,DN1A1117,ทั่วไป,ทั่วไป,1,ยังไม่รู้ว่าเป็นรุ่นอะไร — ช่องรุ่นเป็นรหัสที่ยังถอดไม่ได้,รหัสที่ถอดไม่ได้,DN1A1117
ประกอบเอง,220,ทั่วไป,ทั่วไป,1,รู้รุ่นแล้ว แต่ยังไม่มีหลักฐานราคา,ชื่อในช่องเอง,220
ประกอบเอง,5800 EVO,ทั่วไป,ทั่วไป,1,รู้รุ่นแล้ว แต่ยังไม่มีหลักฐานราคา,ชื่อในช่องเอง,5800 EVO
ประกอบเอง,650 SPORT,ทั่วไป,ทั่วไป,1,รู้รุ่นแล้ว แต่ยังไม่มีหลักฐานราคา,ชื่อในช่องเอง,650 SPORT
ประกอบเอง,ALOGN,ทั่วไป,ทั่วไป,1,รู้รุ่นแล้ว แต่ยังไม่มีหลักฐานราคา,ชื่อในช่องเอง,ALOGN
ประกอบเอง,BA5L,เกษตร,เกษตร-ไม่ใช่ DJI,1,ยังไม่รู้ว่าเป็นรุ่นอะไร — ช่องรุ่นเป็นรหัสที่ยังถอดไม่ได้,รหัสที่ถอดไม่ได้,BA5L
ประกอบเอง,CG 035,ทั่วไป,ทั่วไป,1,รู้รุ่นแล้ว แต่ยังไม่มีหลักฐานราคา,ชื่อในช่องเอง,CG 035
DJI,DN1A1119,ทั่วไป,ทั่วไป,1,ยังไม่รู้ว่าเป็นรุ่นอะไร — ช่องรุ่นเป็นรหัสที่ยังถอดไม่ได้,รหัสที่ถอดไม่ได้,DN1A1119
ประกอบเอง,DF01,ทั่วไป,ทั่วไป,1,ยังไม่รู้ว่าเป็นรุ่นอะไร — ช่องรุ่นเป็นรหัสที่ยังถอดไม่ได้,รหัสที่ถอดไม่ได้,DF01
ประกอบเอง,DRAGONFLY,ทั่วไป,ทั่วไป,1,รู้รุ่นแล้ว แต่ยังไม่มีหลักฐานราคา,ชื่อในช่องเอง,DRAGONFLY
ประกอบเอง,DRAGONFLY 3,ทั่วไป,ทั่วไป,1,รู้รุ่นแล้ว แต่ยังไม่มีหลักฐานราคา,ชื่อในช่องเอง,DRAGONFLY 3
ประกอบเอง,DREAM FLY,ทั่วไป,ทั่วไป,1,รู้รุ่นแล้ว แต่ยังไม่มีหลักฐานราคา,ชื่อในช่องเอง,DREAM FLY
ประกอบเอง,EAGLE BRATHER,ทั่วไป,ทั่วไป,1,รู้รุ่นแล้ว แต่ยังไม่มีหลักฐานราคา,ชื่อในช่องเอง,EAGLE BRATHER
ประกอบเอง,EMAX250 PRO,ทั่วไป,ทั่วไป,1,รู้รุ่นแล้ว แต่ยังไม่มีหลักฐานราคา,ชื่อในช่องเอง,EMAX250 PRO
ประกอบเอง,F330,ทั่วไป,ทั่วไป,1,รู้รุ่นแล้ว แต่ยังไม่มีหลักฐานราคา,ชื่อในช่องเอง,F330
DJI,DN1A1120,ทั่วไป,ทั่วไป,1,ยังไม่รู้ว่าเป็นรุ่นอะไร — ช่องรุ่นเป็นรหัสที่ยังถอดไม่ได้,รหัสที่ถอดไม่ได้,DN1A1120
ประกอบเอง,FACON 210,ทั่วไป,ทั่วไป,1,รู้รุ่นแล้ว แต่ยังไม่มีหลักฐานราคา,ชื่อในช่องเอง,FACON 210
DJI,DN1A1121,ทั่วไป,ทั่วไป,1,ยังไม่รู้ว่าเป็นรุ่นอะไร — ช่องรุ่นเป็นรหัสที่ยังถอดไม่ได้,รหัสที่ถอดไม่ได้,DN1A1121
ประกอบเอง,FY450,เกษตร,เกษตร-ไม่ใช่ DJI,1,ยังไม่รู้ว่าเป็นรุ่นอะไร — ช่องรุ่นเป็นรหัสที่ยังถอดไม่ได้,รหัสที่ถอดไม่ได้,FY450
ประกอบเอง,GER 210,ทั่วไป,ทั่วไป,1,รู้รุ่นแล้ว แต่ยังไม่มีหลักฐานราคา,ชื่อในช่องเอง,GER 210
ประกอบเอง,GERX210,ทั่วไป,ทั่วไป,1,รู้รุ่นแล้ว แต่ยังไม่มีหลักฐานราคา,ชื่อในช่องเอง,GERX210
ประกอบเอง,GRIM REAPER,ทั่วไป,ทั่วไป,1,รู้รุ่นแล้ว แต่ยังไม่มีหลักฐานราคา,ชื่อในช่องเอง,GRIM REAPER
ประกอบเอง,HC 628,ทั่วไป,ทั่วไป,1,รู้รุ่นแล้ว แต่ยังไม่มีหลักฐานราคา,ชื่อในช่องเอง,HC 628
DJI,DN1A1128,ทั่วไป,ทั่วไป,1,ยังไม่รู้ว่าเป็นรุ่นอะไร — ช่องรุ่นเป็นรหัสที่ยังถอดไม่ได้,รหัสที่ถอดไม่ได้,DN1A1128
ประกอบเอง,JY018,ทั่วไป,ทั่วไป,1,ยังไม่รู้ว่าเป็นรุ่นอะไร — ช่องรุ่นเป็นรหัสที่ยังถอดไม่ได้,รหัสที่ถอดไม่ได้,JY018
DJI,DN1A1131,ทั่วไป,ทั่วไป,1,ยังไม่รู้ว่าเป็นรุ่นอะไร — ช่องรุ่นเป็นรหัสที่ยังถอดไม่ได้,รหัสที่ถอดไม่ได้,DN1A1131
ประกอบเอง,MATRICE 600,ทั่วไป,ทั่วไป,1,รู้รุ่นแล้ว แต่ยังไม่มีหลักฐานราคา,ชื่อในช่องเอง,MATRICE 600
ประกอบเอง,MAVIC 2 PRO,ทั่วไป,ทั่วไป,1,รู้รุ่นแล้ว แต่ยังไม่มีหลักฐานราคา,ชื่อในช่องเอง,MAVIC 2 PRO
DJI,DN1A1135,ทั่วไป,ทั่วไป,1,ยังไม่รู้ว่าเป็นรุ่นอะไร — ช่องรุ่นเป็นรหัสที่ยังถอดไม่ได้,รหัสที่ถอดไม่ได้,DN1A1135
ประกอบเอง,MG-1,เกษตร,เกษตร-ไม่ใช่ DJI,1,รู้รุ่นแล้ว แต่ยังไม่มีหลักฐานราคา,ชื่อในช่องเอง,MG-1
ประกอบเอง,MICRO RACING DRONE,ทั่วไป,ทั่วไป,1,รู้รุ่นแล้ว แต่ยังไม่มีหลักฐานราคา,ชื่อในช่องเอง,MICRO RACING DRONE
ประกอบเอง,MR25,ทั่วไป,ทั่วไป,1,ยังไม่รู้ว่าเป็นรุ่นอะไร — ช่องรุ่นเป็นรหัสที่ยังถอดไม่ได้,รหัสที่ถอดไม่ได้,MR25
DJI,DN1A1138,ทั่วไป,ทั่วไป,1,ยังไม่รู้ว่าเป็นรุ่นอะไร — ช่องรุ่นเป็นรหัสที่ยังถอดไม่ได้,รหัสที่ถอดไม่ได้,DN1A1138
ประกอบเอง,NAZA 450,ทั่วไป,ทั่วไป,1,รู้รุ่นแล้ว แต่ยังไม่มีหลักฐานราคา,ชื่อในช่องเอง,NAZA 450
DJI,DN1A1147,ทั่วไป,ทั่วไป,1,ยังไม่รู้ว่าเป็นรุ่นอะไร — ช่องรุ่นเป็นรหัสที่ยังถอดไม่ได้,รหัสที่ถอดไม่ได้,DN1A1147
ประกอบเอง,QAVX210,ทั่วไป,ทั่วไป,1,รู้รุ่นแล้ว แต่ยังไม่มีหลักฐานราคา,ชื่อในช่องเอง,QAVX210
ประกอบเอง,RC136,ทั่วไป,ทั่วไป,1,รู้รุ่นแล้ว แต่ยังไม่มีหลักฐานราคา,ชื่อในช่องเอง,RC136
DJI,DN1A1151,ทั่วไป,ทั่วไป,1,ยังไม่รู้ว่าเป็นรุ่นอะไร — ช่องรุ่นเป็นรหัสที่ยังถอดไม่ได้,รหัสที่ถอดไม่ได้,DN1A1151
3DR,SOLO,ทั่วไป,ทั่วไป,1,รู้รุ่นแล้ว แต่ยังไม่มีหลักฐานราคา,ชื่อในช่องเอง,SOLO
4TRC,MARK300,ทั่วไป,ทั่วไป,1,รู้รุ่นแล้ว แต่ยังไม่มีหลักฐานราคา,ชื่อในช่องเอง,MARK300
DJI,DN1A1154,ทั่วไป,ทั่วไป,1,ยังไม่รู้ว่าเป็นรุ่นอะไร — ช่องรุ่นเป็นรหัสที่ยังถอดไม่ได้,รหัสที่ถอดไม่ได้,DN1A1154
DJI,DN1A1158,ทั่วไป,ทั่วไป,1,ยังไม่รู้ว่าเป็นรุ่นอะไร — ช่องรุ่นเป็นรหัสที่ยังถอดไม่ได้,รหัสที่ถอดไม่ได้,DN1A1158
AA,AAA,เกษตร,เกษตร-ไม่ใช่ DJI,1,รู้รุ่นแล้ว แต่ยังไม่มีหลักฐานราคา,ชื่อในช่องเอง,AAA
ACE CORE,NEO,ทั่วไป,ทั่วไป,1,รู้รุ่นแล้ว แต่ยังไม่มีหลักฐานราคา,ชื่อในช่องเอง,NEO
ACE CORE,ZOE,ทั่วไป,ทั่วไป,1,รู้รุ่นแล้ว แต่ยังไม่มีหลักฐานราคา,ชื่อในช่องเอง,ZOE
ACECORE,NEO,ทั่วไป,ทั่วไป,1,รู้รุ่นแล้ว แต่ยังไม่มีหลักฐานราคา,ชื่อในช่องเอง,NEO
DJI,DN1A1161,ทั่วไป,ทั่วไป,1,ยังไม่รู้ว่าเป็นรุ่นอะไร — ช่องรุ่นเป็นรหัสที่ยังถอดไม่ได้,รหัสที่ถอดไม่ได้,DN1A1161
AE,AE 30,ทั่วไป,ทั่วไป,1,รู้รุ่นแล้ว แต่ยังไม่มีหลักฐานราคา,ชื่อในช่องเอง,AE 30
AERIAL TRONICS,ALTURA ZENITH ATX8,ทั่วไป,ทั่วไป,1,รู้รุ่นแล้ว แต่ยังไม่มีหลักฐานราคา,ชื่อในช่องเอง,ALTURA ZENITH ATX8
DJI,DN1A1171,ทั่วไป,ทั่วไป,1,ยังไม่รู้ว่าเป็นรุ่นอะไร — ช่องรุ่นเป็นรหัสที่ยังถอดไม่ได้,รหัสที่ถอดไม่ได้,DN1A1171
DJI,DN1A1174,ทั่วไป,ทั่วไป,1,ยังไม่รู้ว่าเป็นรุ่นอะไร — ช่องรุ่นเป็นรหัสที่ยังถอดไม่ได้,รหัสที่ถอดไม่ได้,DN1A1174
AERO DRONE,JYI-10L,เกษตร,เกษตร-ไม่ใช่ DJI,1,รู้รุ่นแล้ว แต่ยังไม่มีหลักฐานราคา,ชื่อในช่องเอง,JYI-10L
AEROO,PRO,ทั่วไป,ทั่วไป,1,รู้รุ่นแล้ว แต่ยังไม่มีหลักฐานราคา,ชื่อในช่องเอง,PRO
1581F6Z9C24CK0039HSK,MINI 4 PRO,ทั่วไป,ทั่วไป,1,รู้รุ่นแล้ว แต่ยังไม่มีหลักฐานราคา,ชื่อในช่องเอง,MINI 4 PRO
DJI,DN1A1175,ทั่วไป,ทั่วไป,1,ยังไม่รู้ว่าเป็นรุ่นอะไร — ช่องรุ่นเป็นรหัสที่ยังถอดไม่ได้,รหัสที่ถอดไม่ได้,DN1A1175
ประกอบเอง,S500,ทั่วไป,ทั่วไป,1,รู้รุ่นแล้ว แต่ยังไม่มีหลักฐานราคา,ชื่อในช่องเอง,S500
ประกอบเอง,S70W,ทั่วไป,ทั่วไป,1,รู้รุ่นแล้ว แต่ยังไม่มีหลักฐานราคา,ชื่อในช่องเอง,S70W
ประกอบเอง,SPREADING WINGS S1000,ทั่วไป,ทั่วไป,1,รู้รุ่นแล้ว แต่ยังไม่มีหลักฐานราคา,ชื่อในช่องเอง,SPREADING WINGS S1000
ประกอบเอง,TBS DISCOVERY,ทั่วไป,ทั่วไป,1,รู้รุ่นแล้ว แต่ยังไม่มีหลักฐานราคา,ชื่อในช่องเอง,TBS DISCOVERY
ประกอบเอง,THOR 210,ทั่วไป,ทั่วไป,1,รู้รุ่นแล้ว แต่ยังไม่มีหลักฐานราคา,ชื่อในช่องเอง,THOR 210
ประกอบเอง,TRP 230,ทั่วไป,ทั่วไป,1,รู้รุ่นแล้ว แต่ยังไม่มีหลักฐานราคา,ชื่อในช่องเอง,TRP 230
ประกอบเอง,TRP230,ทั่วไป,ทั่วไป,1,ยังไม่รู้ว่าเป็นรุ่นอะไร — ช่องรุ่นเป็นรหัสที่ยังถอดไม่ได้,รหัสที่ถอดไม่ได้,TRP230
ประกอบเอง,TYPHOON 14,ทั่วไป,ทั่วไป,1,รู้รุ่นแล้ว แต่ยังไม่มีหลักฐานราคา,ชื่อในช่องเอง,TYPHOON 14
ประกอบเอง,V666,ทั่วไป,ทั่วไป,1,รู้รุ่นแล้ว แต่ยังไม่มีหลักฐานราคา,ชื่อในช่องเอง,V666
ประกอบเอง,VX210,ทั่วไป,ทั่วไป,1,ยังไม่รู้ว่าเป็นรุ่นอะไร — ช่องรุ่นเป็นรหัสที่ยังถอดไม่ได้,รหัสที่ถอดไม่ได้,VX210
ประกอบเอง,WALKERA RODEO150,ทั่วไป,ทั่วไป,1,รู้รุ่นแล้ว แต่ยังไม่มีหลักฐานราคา,ชื่อในช่องเอง,WALKERA RODEO150
ประกอบเอง,X4,ทั่วไป,ทั่วไป,1,รู้รุ่นแล้ว แต่ยังไม่มีหลักฐานราคา,ชื่อในช่องเอง,X4
ประกอบเอง,X6,ทั่วไป,ทั่วไป,1,รู้รุ่นแล้ว แต่ยังไม่มีหลักฐานราคา,ชื่อในช่องเอง,X6
ประกอบเอง,X8 PRO,ทั่วไป,ทั่วไป,1,รู้รุ่นแล้ว แต่ยังไม่มีหลักฐานราคา,ชื่อในช่องเอง,X8 PRO
1581F9DEC259L0293KPP,MINI PRO 5,ทั่วไป,ทั่วไป,1,รู้รุ่นแล้ว แต่ยังไม่มีหลักฐานราคา,ชื่อในช่องเอง,DJI MINI PRO 5
